CLIENTNUM,churn_flag,Months_Inactive_12_mon,Total_Trans_Amt,Total_Trans_Ct,Avg_Utilization_Ratio,Total_Relationship_Count,Contacts_Count_12_mon,Credit_Limit,Months_on_book,churn_probability,risk_decile,cluster_label
768805383,0,1,1144,42,0.061,5,3,12691.0,39,0.0015602807,3,Lower-risk active
818770008,0,1,1291,33,0.105,6,2,8256.0,44,0.0002989068,1,Lower-risk active
713982108,0,1,1887,20,0.0,4,0,3418.0,36,0.0010147324,2,Lower-risk active
769911858,0,4,1171,20,0.76,3,1,3313.0,34,0.002961619,4,Lower-risk active
709106358,0,1,816,28,0.0,5,0,4716.0,21,0.2918378,9,Lower-risk active
713061558,0,1,1088,24,0.311,3,2,4010.0,36,0.004610084,5,Lower-risk active
810347208,0,1,1330,31,0.066,6,3,34516.0,46,0.0015805908,3,Lower-risk active
818906208,0,2,1538,36,0.048,2,2,29081.0,27,0.0079903,6,Mono-product exposed
710930508,0,2,1350,24,0.113,5,0,22352.0,36,0.00039762817,1,Lower-risk active
719661558,0,3,1441,32,0.144,6,3,11656.0,36,0.0010169201,2,Lower-risk active
708790833,0,3,1201,42,0.217,5,2,6748.0,31,0.006422404,6,Lower-risk active
710821833,0,2,1314,26,0.174,6,3,9095.0,54,0.0002598929,1,Lower-risk active
710599683,0,6,1539,17,0.0,3,0,11751.0,36,0.0020742707,3,Lower-risk active
816082233,0,1,1311,33,0.195,5,3,8547.0,30,0.0002998181,1,Lower-risk active
712396908,0,2,1570,29,0.279,5,2,2436.0,48,0.00312688,4,Lower-risk active
714885258,0,1,1348,27,0.23,5,2,4234.0,37,0.0002635565,1,Lower-risk active
709967358,0,2,1671,27,0.078,6,3,30367.0,36,0.0025992424,4,Lower-risk active
753327333,0,4,1028,21,0.095,4,1,13535.0,34,0.009630796,6,Lower-risk active
806160108,0,2,1336,30,0.788,2,3,3193.0,56,0.006541505,6,Mono-product exposed
709327383,0,1,1207,21,0.08,6,2,14470.0,37,0.0004181921,1,Lower-risk active
806165208,0,2,1178,27,0.086,5,0,20979.0,42,0.0005063933,1,Lower-risk active
708508758,1,3,692,16,0.0,2,3,1438.3,49,0.99890697,10,Dormant high-risk
784725333,0,2,931,18,0.152,4,1,4470.0,33,0.03394722,7,Lower-risk active
811604133,0,3,1126,23,0.626,3,2,2492.0,36,0.07547876,8,Lower-risk active
789124683,0,2,1110,21,0.0,4,3,12217.0,42,0.02390938,7,Lower-risk active
771071958,0,1,1051,22,0.215,6,2,7768.0,28,0.009016265,6,Lower-risk active
720466383,0,1,1197,23,0.093,4,2,14784.0,46,0.00037938313,1,Lower-risk active
804424383,0,3,1904,40,0.099,3,2,10215.0,56,0.024665572,7,Lower-risk active
718813833,0,2,1052,18,0.0,5,2,10100.0,34,0.10206902,8,Lower-risk active
806624208,0,0,1045,38,0.285,6,0,4785.0,42,0.008374214,6,Lower-risk active
778348233,0,2,1038,25,0.658,3,3,2753.0,33,0.07070503,8,Lower-risk active
712991808,0,5,1596,26,0.69,2,1,2451.0,48,0.0025135668,4,Mono-product exposed
709029408,0,1,1589,24,0.282,4,2,8923.0,36,0.0004633927,1,Lower-risk active
788658483,0,2,1411,28,0.562,5,3,2650.0,38,0.0006812094,1,Lower-risk active
787937058,0,2,1291,24,0.135,6,2,12555.0,49,0.001109168,2,Lower-risk active
715318008,0,2,1407,43,0.544,4,1,3520.0,36,0.018454153,7,Lower-risk active
713962233,0,2,1877,37,0.757,6,3,3035.0,36,0.00094628154,2,Lower-risk active
785432733,0,3,966,22,0.0,2,3,15433.0,36,0.9883066,10,Dormant high-risk
715190283,0,3,1464,28,0.241,3,2,3672.0,49,0.01731282,7,Lower-risk active
708300483,1,4,704,16,0.077,5,3,7882.0,56,0.9941202,10,Dormant high-risk
827111283,0,2,1109,28,0.018,2,2,32426.0,41,0.9708412,9,Mono-product exposed
758551608,0,1,1347,28,0.355,4,0,6205.0,44,0.0011704721,2,Lower-risk active
773146383,0,2,1756,33,0.145,3,3,17304.0,43,0.018227221,7,Lower-risk active
778493808,0,2,1756,32,0.0,5,1,3906.0,37,0.0038103252,5,Lower-risk active
720572508,0,3,1042,23,0.209,2,3,9830.0,28,0.48807913,9,Mono-product exposed
712661433,0,2,1444,28,0.0,3,3,34516.0,30,0.013606754,7,Lower-risk active
789172683,0,2,1741,27,0.626,6,0,2283.0,45,0.0008761127,2,Lower-risk active
738406533,0,2,1719,27,0.793,3,2,2548.0,52,0.00089882495,2,Lower-risk active
799723908,0,3,1217,27,0.074,4,3,19458.0,40,0.005906291,6,Lower-risk active
771490833,0,1,1140,40,0.259,5,1,4745.0,40,0.0034233236,4,Lower-risk active
720756708,0,3,1878,30,0.591,6,2,2622.0,41,0.0008263745,1,Lower-risk active
779471883,1,3,705,19,0.562,2,1,1438.3,40,0.9966163,10,Dormant high-risk
711525033,0,4,1946,38,0.687,3,2,3171.0,54,0.0024103308,4,Lower-risk active
712813458,0,2,1414,35,0.127,4,0,19763.0,36,0.03755826,7,Lower-risk active
714374133,1,3,602,15,0.0,1,3,15769.0,36,0.999703,10,Dormant high-risk
717891558,0,4,1052,32,0.667,6,2,3298.0,36,0.07464626,8,Lower-risk active
716632758,0,2,1295,40,0.843,2,0,2802.0,36,0.068762004,8,Mono-product exposed
768563658,0,2,1424,29,0.422,4,3,4458.0,50,0.0003811549,1,Lower-risk active
711427458,0,1,1359,25,0.156,4,2,6273.0,35,0.00029393108,1,Lower-risk active
714091983,0,4,1168,27,0.525,4,3,3336.0,34,0.0052700005,5,Lower-risk active
787584108,0,2,1097,33,0.587,4,3,3436.0,47,0.053640183,8,Lower-risk active
712030833,1,4,691,15,0.0,2,4,34516.0,35,0.99911326,10,Dormant high-risk
711481533,0,3,1316,28,0.211,5,3,5926.0,33,0.0014101268,3,Lower-risk active
710082708,0,4,1276,26,0.088,2,2,23957.0,32,0.25155425,8,Mono-product exposed
708155733,0,2,1289,23,0.111,4,2,14734.0,44,0.0008004183,1,Lower-risk active
788979258,0,1,1293,32,0.044,4,4,34516.0,38,0.011687132,6,Lower-risk active
807986133,0,3,1353,35,0.276,5,3,6584.0,52,0.007908754,6,Lower-risk active
788730933,0,3,1132,28,0.704,6,3,2084.0,20,0.13766564,8,Lower-risk active
711314058,0,2,1670,17,0.656,2,2,1687.0,32,0.0065692673,6,Mono-product exposed
717975333,0,2,837,15,0.053,6,2,25300.0,38,0.08874507,8,Lower-risk active
715971108,0,2,1550,41,0.051,3,3,34516.0,42,0.0019319741,3,Lower-risk active
720096558,0,3,1540,36,0.467,5,3,2216.0,42,0.05648996,8,Lower-risk active
719580033,0,2,1256,21,0.698,4,3,2910.0,43,0.020447599,7,Lower-risk active
820582308,0,2,1394,35,0.067,6,2,22913.0,37,0.09685445,8,Lower-risk active
789973308,0,3,1341,24,0.079,3,3,24312.0,35,0.00097186735,2,Lower-risk active
712876233,0,3,1289,33,0.287,5,2,5272.0,36,0.024417218,7,Lower-risk active
804595158,0,4,1112,23,0.36,6,2,7000.0,36,0.017686682,7,Lower-risk active
714826758,0,4,2339,57,0.256,4,2,7038.0,29,0.025913859,7,Lower-risk active
779058108,0,1,1468,23,0.719,6,2,2536.0,30,0.0049309074,5,Lower-risk active
710790258,0,3,1334,35,0.066,6,2,28904.0,38,0.017229902,7,Lower-risk active
715623483,0,4,1457,41,0.198,4,0,8567.0,37,9.5506584e-05,1,Lower-risk active
715156383,0,2,1603,29,0.044,6,2,34516.0,36,0.013364827,7,Lower-risk active
711013983,1,4,615,12,0.0,2,3,2158.0,45,0.99748707,10,Dormant high-risk
755420433,0,3,1068,20,0.14,2,3,10133.0,52,0.3141451,9,Mono-product exposed
794543958,0,4,1590,27,0.035,5,2,34516.0,35,0.0004804488,1,Lower-risk active
716396358,0,3,1531,35,0.619,5,0,3085.0,47,0.0018215196,3,Lower-risk active
715398033,0,2,1212,31,0.108,4,1,19040.0,35,0.004355007,5,Lower-risk active
711743883,0,2,1237,32,0.0,5,3,4026.0,35,0.5976313,9,Contacted but fragile
719720058,0,3,1413,14,0.066,4,1,12756.0,31,0.00046030787,1,Lower-risk active
778992108,0,3,1516,29,0.0,5,3,5266.0,45,0.0012918771,2,Lower-risk active
717539808,0,2,1276,21,0.0,3,2,9930.0,36,0.030922623,7,Lower-risk active
714070758,0,3,1564,35,0.062,4,0,31302.0,38,0.00041189085,1,Lower-risk active
714107958,0,4,1465,34,0.0,4,3,6576.0,36,0.4224271,9,Lower-risk active
789140283,0,4,1286,29,0.765,5,1,2664.0,42,0.002893908,4,Lower-risk active
715550508,0,1,1312,20,0.963,5,2,2535.0,28,0.00025085508,1,Lower-risk active
719712633,0,4,1673,32,0.524,6,3,1709.0,52,0.002537239,4,Lower-risk active
772629333,0,4,1313,30,0.347,5,2,3454.0,35,0.037428018,7,Lower-risk active
720336708,0,3,1609,42,0.45,5,2,3789.0,35,0.00465437,5,Lower-risk active
802013583,0,2,1158,19,0.232,3,0,9689.0,50,0.0024273759,4,Lower-risk active
711887583,1,3,836,18,0.299,2,3,5449.0,37,0.9941825,10,Dormant high-risk
714778833,0,4,1289,22,0.085,4,0,23032.0,43,0.0012590716,2,Lower-risk active
713843283,0,3,1487,26,0.059,5,3,34516.0,34,0.01334567,7,Lower-risk active
779155158,0,2,1259,33,0.43,6,2,2940.0,34,0.008651033,6,Lower-risk active
721091583,0,3,1298,15,0.62,3,3,3031.0,32,0.0097284345,6,Lower-risk active
713572683,0,3,1226,34,0.0,3,0,1862.0,25,0.11264599,8,Lower-risk active
716657058,0,3,1566,37,0.111,2,3,8358.0,33,0.79089206,9,Dormant high-risk
779509983,0,1,1022,21,0.027,6,2,34516.0,36,0.028830234,7,Lower-risk active
717929133,0,2,1235,30,0.169,5,3,14450.0,36,0.0050727734,5,Lower-risk active
808284783,0,0,1951,44,0.0,6,0,1438.3,56,0.10289598,8,Lower-risk active
708476808,0,3,1047,31,0.058,6,2,33791.0,36,0.013705074,7,Lower-risk active
710916408,0,3,1342,32,0.223,4,0,8466.0,39,0.004423483,5,Lower-risk active
708492558,0,3,1107,21,0.057,5,3,15088.0,36,0.0147791505,7,Lower-risk active
799825758,0,1,1251,35,0.513,5,2,3263.0,36,0.0055083307,5,Lower-risk active
718619883,0,2,1305,24,0.473,2,2,1494.0,36,0.0026171259,4,Mono-product exposed
711844758,0,1,1388,37,0.095,6,0,13551.0,35,0.00017782142,1,Lower-risk active
714798783,0,2,1235,18,0.047,6,2,18886.0,36,0.00038895555,1,Lower-risk active
826762908,0,2,2089,36,0.106,3,0,11976.0,48,0.020143146,7,Lower-risk active
771894558,0,1,1626,25,0.156,4,4,9964.0,39,0.0006628007,1,Lower-risk active
721074183,0,6,1111,24,0.05,4,3,24159.0,36,0.013424496,7,Lower-risk active
715259583,0,2,1553,38,0.355,3,3,5362.0,44,0.012126526,6,Lower-risk active
718414008,0,2,1064,13,0.03,3,2,34516.0,36,0.1967096,8,Lower-risk active
719666283,0,1,1243,29,0.615,4,0,3174.0,36,0.00075396546,1,Lower-risk active
714877233,0,2,1659,38,0.15,3,2,12262.0,47,0.00032735607,1,Lower-risk active
785387883,0,3,1594,47,0.407,4,3,3788.0,41,0.141905,8,Lower-risk active
771075258,0,3,1268,42,0.044,2,2,34516.0,42,0.38600457,9,Mono-product exposed
711318033,0,2,1304,24,0.0,4,2,2926.0,36,0.023402201,7,Lower-risk active
783554958,0,1,1368,30,0.0,6,0,32090.0,52,0.03610292,7,Lower-risk active
720201033,1,3,720,23,0.191,3,2,11669.0,41,0.9431497,9,Dormant high-risk
718039683,0,1,1521,29,0.096,3,2,13532.0,45,0.0012248666,2,Lower-risk active
710806083,0,2,1137,30,0.176,4,2,11888.0,36,0.012320697,6,Lower-risk active
714752208,0,1,978,16,0.83,5,2,2393.0,36,0.20571862,8,Lower-risk active
822063408,0,1,1221,16,0.412,5,2,6111.0,39,0.0038253267,5,Lower-risk active
714490308,0,2,1565,28,0.086,3,3,19270.0,46,0.00089776993,2,Lower-risk active
713356833,0,1,1578,34,0.678,3,4,3710.0,43,0.006795739,6,Lower-risk active
711402333,0,1,1493,32,0.246,2,3,3235.0,37,0.46003976,9,Mono-product exposed
708296883,0,1,1178,27,0.067,3,0,11749.0,38,0.0016783862,3,Lower-risk active
719154483,0,3,991,26,0.271,5,2,7753.0,36,0.23854566,8,Lower-risk active
717721458,0,1,2560,42,0.114,5,0,10408.0,40,0.001136281,2,Lower-risk active
711112683,0,2,1657,29,0.395,6,3,3967.0,36,0.0005375963,1,Lower-risk active
715674483,0,2,1204,19,0.406,4,2,6205.0,27,0.025225097,7,Lower-risk active
789322833,1,3,673,18,0.0,1,3,8025.0,38,0.99813384,10,Dormant high-risk
789968058,0,2,1131,18,0.258,6,3,9036.0,42,0.017729381,7,Lower-risk active
709919283,0,3,1576,25,0.169,2,2,14926.0,34,0.007004661,6,Mono-product exposed
718744008,0,2,1217,20,0.178,3,3,6335.0,36,0.038073048,7,Lower-risk active
767712558,1,3,530,10,0.0,2,3,14979.0,53,0.9970829,10,Dormant high-risk
712950783,1,2,739,16,0.0,3,3,2732.0,38,0.9982193,10,Contacted but fragile
716104983,0,3,1617,31,0.941,6,2,2250.0,32,0.0007849812,1,Lower-risk active
818839983,0,2,1592,34,0.141,3,0,10916.0,50,0.00022126781,1,Lower-risk active
772288758,0,1,1343,30,0.23,4,3,5349.0,36,0.0013223675,2,Lower-risk active
712350858,0,1,1303,39,0.118,4,3,9366.0,24,0.005581857,5,Lower-risk active
711009708,0,1,1351,22,0.0,5,0,21617.0,28,0.019484468,7,Lower-risk active
712720158,0,2,1910,32,0.119,5,3,13860.0,56,0.0011877517,2,Lower-risk active
712215258,0,2,1298,22,0.0,2,3,18386.0,31,0.82465166,9,Contacted but fragile
773827008,0,2,1087,29,0.64,6,2,2405.0,41,0.0024718484,4,Lower-risk active
795232683,0,2,1439,26,0.432,4,3,2154.0,47,0.00093077443,2,Lower-risk active
713786508,0,3,1238,28,0.0,3,3,2038.0,36,0.45105416,9,Lower-risk active
713539833,0,1,1716,29,0.0,6,3,8135.0,38,0.009045834,6,Lower-risk active
712454058,0,1,1099,27,0.066,6,3,9364.0,38,0.13269433,8,Lower-risk active
718759833,0,3,1058,24,0.0,4,2,32643.0,35,0.019799314,7,Lower-risk active
718803333,0,3,1285,29,0.612,2,1,3195.0,34,0.25725743,8,Mono-product exposed
720253908,0,2,1651,28,0.359,5,1,2852.0,43,0.0015992649,3,Lower-risk active
714133158,0,3,1152,31,0.309,2,3,4224.0,36,0.6816797,9,Dormant high-risk
713187033,0,2,1767,38,0.101,3,2,20459.0,36,0.00086572074,2,Lower-risk active
714791208,0,5,1039,24,0.607,6,3,3482.0,41,0.16837,8,Lower-risk active
772426383,0,2,1130,28,0.512,5,3,3065.0,40,0.002490136,4,Lower-risk active
710975883,0,1,1645,30,0.806,3,2,2185.0,43,0.05113156,8,Lower-risk active
714264408,0,1,1413,29,0.463,4,0,1611.0,36,0.0018835767,3,Lower-risk active
715827858,0,3,1218,23,0.77,3,3,2822.0,47,0.0013297247,2,Lower-risk active
713741358,1,3,597,17,0.076,6,3,32975.0,33,0.949319,9,Dormant high-risk
709531908,0,2,2184,53,0.0,5,2,1438.3,47,0.542538,9,Lower-risk active
716493408,0,3,1592,37,0.108,4,3,15875.0,36,0.0034210146,4,Lower-risk active
714141108,0,3,1388,28,0.133,6,3,6703.0,45,0.021186858,7,Lower-risk active
708953883,1,2,757,20,0.0,2,1,3212.0,36,0.9987042,10,Mono-product exposed
712608783,0,1,1504,34,0.037,3,3,34516.0,45,0.008704848,6,Lower-risk active
820353558,0,1,1503,34,0.146,4,2,9797.0,36,0.0042675617,5,Lower-risk active
714964758,0,2,1105,28,0.171,5,2,10400.0,36,0.014837767,7,Lower-risk active
716264358,0,1,2398,47,0.069,2,2,26792.0,42,0.020937428,7,Mono-product exposed
717296808,0,3,1661,32,0.837,4,2,3006.0,56,0.0014988789,3,Lower-risk active
712977183,0,3,1421,22,0.055,6,0,19482.0,36,0.00055352045,1,Lower-risk active
710829108,0,2,999,28,0.294,4,3,3356.0,36,0.056344252,8,Lower-risk active
779562633,0,2,1387,18,0.39,3,1,5771.0,34,0.0006825579,1,Lower-risk active
715315833,0,2,1243,24,0.19,6,3,11106.0,36,0.002557082,4,Lower-risk active
815500983,0,3,1860,36,0.692,5,0,2890.0,54,0.0005341753,1,Lower-risk active
719360583,0,2,1502,25,0.503,6,2,3380.0,45,0.0008350891,2,Lower-risk active
709701558,0,1,1460,50,0.059,2,2,21331.0,36,0.02022723,7,Mono-product exposed
721148358,0,2,1348,27,0.0,6,1,12860.0,38,0.27266425,9,Lower-risk active
779862408,0,1,1087,33,0.074,3,0,6278.0,33,0.034244135,7,Lower-risk active
812627208,0,1,1226,33,0.513,5,3,1438.3,55,0.050971236,8,Lower-risk active
711033408,0,1,1230,28,0.174,5,2,9355.0,36,0.0009492687,2,Lower-risk active
779956608,0,1,1555,32,0.0,6,3,20758.0,31,0.06934956,8,Lower-risk active
780376683,0,3,1827,24,0.135,5,1,14612.0,47,0.0006717812,1,Lower-risk active
717912483,0,2,1376,35,0.0,5,0,27259.0,27,0.08484701,8,Lower-risk active
714454758,0,2,1771,37,0.251,4,3,6347.0,47,0.0116731115,6,Lower-risk active
780466533,0,3,1873,52,0.078,3,0,21592.0,41,0.0037413803,5,Lower-risk active
715735233,0,1,1679,42,0.463,5,1,3449.0,44,0.0037869376,5,Lower-risk active
720476733,0,1,1002,22,0.133,2,2,6028.0,34,0.8366948,9,Mono-product exposed
715872333,0,2,1344,21,0.11,3,3,18214.0,36,0.0041993116,5,Lower-risk active
712375758,0,3,1461,42,0.087,3,1,16393.0,43,0.0016695275,3,Lower-risk active
708868233,1,3,760,21,0.626,1,2,1438.3,52,0.9950282,10,Dormant high-risk
718030083,0,1,1428,22,0.214,4,2,7871.0,36,7.641846e-05,1,Lower-risk active
720707283,0,3,1777,42,0.164,5,0,5288.0,36,0.016558712,7,Lower-risk active
771698658,0,5,1302,27,0.176,4,3,11376.0,32,0.0055180904,5,Lower-risk active
748326258,0,5,1483,41,0.133,4,3,12302.0,41,0.0148077905,7,Lower-risk active
770817783,0,2,1060,27,0.049,3,1,34516.0,33,0.124355234,8,Lower-risk active
779353083,0,2,1330,32,0.043,4,2,34516.0,32,0.005864393,6,Lower-risk active
711441333,0,2,1229,27,0.15,3,2,10514.0,35,0.007905253,6,Lower-risk active
719808558,1,4,886,27,0.0,2,3,1438.3,43,0.9992599,10,Dormant high-risk
711551958,1,3,844,24,0.0,3,3,1438.3,46,0.9963366,10,Dormant high-risk
809164083,0,1,1450,37,0.679,2,2,2619.0,56,0.0041601136,5,Mono-product exposed
820596183,0,3,2311,48,0.098,2,0,24407.0,53,0.04860593,8,Mono-product exposed
715999608,0,1,1378,26,0.694,4,2,2377.0,36,0.0004420427,1,Lower-risk active
710565408,0,2,1033,26,0.039,3,3,34516.0,40,0.025303865,7,Lower-risk active
805543158,0,3,1523,40,0.199,5,3,11086.0,47,0.004068018,5,Lower-risk active
709752183,0,2,1374,37,0.22,4,2,11432.0,36,0.018724803,7,Lower-risk active
716479233,0,3,1080,21,0.13,5,2,13258.0,36,0.013234112,7,Lower-risk active
713837058,0,2,1234,24,0.76,3,3,2571.0,36,0.018591804,7,Lower-risk active
718876683,0,2,1600,32,0.202,5,0,5781.0,31,0.018521389,7,Lower-risk active
770746908,0,1,1155,32,0.319,5,2,7872.0,30,0.01349109,7,Lower-risk active
794843883,0,1,1353,33,0.035,6,2,34516.0,35,0.0014162065,3,Lower-risk active
803043933,0,1,1546,25,0.165,4,3,11127.0,38,0.0004946777,1,Lower-risk active
758076408,0,1,1590,43,0.863,2,3,1857.0,43,0.32800537,9,Mono-product exposed
714606558,0,1,1448,22,0.665,5,0,1913.0,36,0.00019925913,1,Lower-risk active
778425408,0,3,1271,24,0.598,5,0,3839.0,24,0.0033208332,4,Lower-risk active
714171108,0,2,1223,20,0.539,6,3,2115.0,39,0.021802364,7,Lower-risk active
719662458,0,2,1117,29,0.472,5,2,1438.3,27,0.020995611,7,Lower-risk active
713137233,0,3,994,24,0.064,4,0,27756.0,28,0.055962674,8,Lower-risk active
769425858,0,1,1468,26,0.0,4,2,1438.3,32,0.05218769,8,Lower-risk active
711297483,0,4,1658,38,0.16,6,2,13878.0,34,0.0624235,8,Lower-risk active
788900883,0,1,1368,38,0.42,3,3,3106.0,36,0.03074112,7,Lower-risk active
758348808,0,3,1218,18,0.048,4,3,34516.0,44,0.004610176,5,Lower-risk active
772336458,1,4,702,12,0.713,4,3,1438.3,50,0.9558177,9,Dormant high-risk
708711483,0,3,1516,21,0.092,2,0,18871.0,46,0.0004221401,1,Mono-product exposed
717906783,0,2,1310,26,0.336,5,2,5207.0,29,0.00067346264,1,Lower-risk active
719437908,0,2,1767,50,0.092,6,2,17965.0,36,0.0021012512,3,Lower-risk active
769433508,0,3,933,25,0.666,6,3,2733.0,37,0.088349976,8,Lower-risk active
790096533,0,3,1512,27,0.147,4,2,8863.0,48,0.00011557399,1,Lower-risk active
720997383,1,3,829,17,0.987,2,3,1857.0,36,0.9973749,10,Dormant high-risk
787541883,0,3,1120,27,0.0,3,3,34516.0,33,0.839981,9,Dormant high-risk
709930758,0,3,1506,33,0.11,5,3,11107.0,30,0.008515058,6,Lower-risk active
789830058,0,1,1384,36,0.073,4,2,21573.0,34,0.0005634092,1,Lower-risk active
710299608,1,3,817,30,0.88,2,3,2859.0,33,0.99792707,10,Dormant high-risk
710741208,0,2,2094,25,0.28,4,2,5269.0,36,0.016068997,7,Lower-risk active
821797008,1,2,815,21,0.0,2,3,1438.3,45,0.9990376,10,Contacted but fragile
708874533,1,3,510,24,0.0,1,2,3387.0,36,0.998744,10,Dormant high-risk
715341858,0,2,1377,49,0.65,6,3,1982.0,46,0.0053424733,5,Lower-risk active
793636308,0,2,1193,33,0.355,2,2,4645.0,43,0.23107205,8,Mono-product exposed
713779908,0,3,1287,36,0.761,6,2,2189.0,36,0.11971978,8,Lower-risk active
712125258,1,3,701,19,0.0,3,3,2442.0,30,0.99583733,10,Dormant high-risk
709703433,0,1,1770,25,0.072,4,2,21304.0,38,0.001447679,3,Lower-risk active
721022433,0,1,1409,35,0.327,5,2,7577.0,36,0.06122815,8,Lower-risk active
710103558,0,1,1354,28,0.459,4,2,3234.0,31,0.0018038532,3,Lower-risk active
715952883,0,3,1765,34,0.252,5,2,4469.0,36,0.00022192045,1,Lower-risk active
719731458,0,3,1192,27,0.244,6,4,2910.0,46,0.07602758,8,Lower-risk active
772390908,1,4,687,17,0.291,2,3,3616.0,48,0.996572,10,Dormant high-risk
787348608,0,2,1227,15,0.46,3,3,3252.0,56,0.0063817864,6,Lower-risk active
709485033,0,3,1737,26,0.489,4,3,2358.0,36,0.0040467856,5,Lower-risk active
715432608,0,1,1348,34,0.043,4,0,22322.0,36,0.00054977543,1,Lower-risk active
799471833,0,2,1435,38,0.482,4,2,3133.0,39,0.018021403,7,Lower-risk active
714187533,0,3,1321,28,0.24,2,0,3540.0,35,0.17228013,8,Mono-product exposed
779656908,0,3,1479,29,0.197,6,2,6990.0,23,0.00682272,6,Lower-risk active
788950158,0,2,1283,39,0.048,2,3,34516.0,22,0.08171949,8,Mono-product exposed
778867533,1,4,689,23,0.0,1,1,1438.3,40,0.9991309,10,Dormant high-risk
710620383,0,3,965,17,0.048,6,2,24396.0,35,0.035944175,7,Lower-risk active
778661358,0,3,1541,40,0.866,2,2,2474.0,36,0.022924628,7,Mono-product exposed
789483333,0,1,1258,23,0.152,5,3,5214.0,32,0.002544218,4,Lower-risk active
809855808,0,2,1339,20,0.317,5,2,5207.0,46,0.009625777,6,Lower-risk active
718464258,0,2,1007,22,0.114,2,2,9512.0,25,0.45792145,9,Mono-product exposed
708528483,0,3,1387,33,0.762,6,2,3187.0,23,0.008369951,6,Lower-risk active
771809733,1,3,960,18,0.0,1,3,3353.0,53,0.99851924,10,Dormant high-risk
719942883,0,3,1119,18,0.626,3,3,2290.0,38,0.008712769,6,Lower-risk active
807226683,0,1,1642,41,0.211,6,3,5279.0,43,0.03605997,7,Lower-risk active
717806133,0,3,1382,31,0.0,5,0,23603.0,29,0.008921391,6,Lower-risk active
720615708,0,2,1232,32,0.0,6,2,2601.0,45,0.029491512,7,Lower-risk active
714511758,0,3,1542,16,0.162,4,0,6363.0,40,0.00067343464,1,Lower-risk active
715050408,0,3,1094,32,0.196,4,3,8029.0,36,0.4688684,9,Lower-risk active
721132233,0,2,1217,30,0.734,2,2,2410.0,31,0.045153588,8,Mono-product exposed
719211558,1,1,744,18,0.0,1,2,3401.0,36,0.9968809,10,Mono-product exposed
712069008,0,2,1614,33,0.446,4,0,2260.0,23,0.003950869,5,Lower-risk active
715996983,0,2,1747,31,0.14,5,2,17682.0,30,0.0020601086,3,Lower-risk active
773466258,0,1,1144,22,0.262,3,3,4206.0,42,0.006068496,6,Lower-risk active
798983508,0,3,1575,34,0.042,4,2,34516.0,37,0.00035897747,1,Lower-risk active
719117433,0,3,1463,24,0.094,4,0,23018.0,36,0.0004404408,1,Lower-risk active
716451183,0,2,1706,21,0.308,5,3,5556.0,44,0.0007979126,1,Lower-risk active
718621608,1,3,909,14,0.0,3,1,6094.0,44,0.99653244,10,Dormant high-risk
715085733,0,1,2434,33,0.68,3,2,2939.0,52,0.003900436,5,Lower-risk active
788977833,0,1,1876,41,0.238,2,0,5362.0,48,0.019278683,7,Mono-product exposed
720272958,1,3,1000,25,0.0,3,3,27126.0,36,0.9627146,9,Dormant high-risk
708421833,0,3,1139,30,0.753,6,2,3342.0,36,0.06000965,8,Lower-risk active
709173108,1,2,799,21,0.877,6,2,2532.0,40,0.92771167,9,Lower-risk active
709879458,0,2,1881,45,0.724,2,3,1900.0,46,0.66615313,9,Contacted but fragile
715120608,0,3,1273,27,0.117,2,2,14546.0,37,0.2423505,8,Mono-product exposed
770632758,0,3,1328,33,0.638,2,2,2521.0,36,0.33668804,9,Mono-product exposed
779078733,0,4,1579,36,0.102,3,3,16427.0,36,0.00834208,6,Lower-risk active
771742533,0,1,937,28,0.131,5,2,13068.0,36,0.22765945,8,Lower-risk active
720250158,0,3,1749,37,0.078,6,0,23218.0,33,0.00015358729,1,Lower-risk active
716458983,0,1,1424,29,0.255,5,3,3281.0,36,0.00031180054,1,Lower-risk active
713747733,0,3,2011,41,0.716,5,2,3096.0,47,0.06668095,8,Lower-risk active
712270158,0,2,1208,31,0.609,5,3,2052.0,52,0.0072879912,6,Lower-risk active
789562383,0,3,1259,24,0.405,2,0,1438.3,30,0.13705564,8,Mono-product exposed
754897008,0,3,1319,26,0.15,2,2,9432.0,39,0.5314904,9,Mono-product exposed
819700533,0,2,949,27,0.154,5,3,14938.0,45,0.19936076,8,Lower-risk active
712890408,0,3,1338,30,0.605,5,2,2221.0,36,0.00082542974,1,Lower-risk active
720248208,0,3,1554,26,0.275,6,0,5731.0,37,0.012771013,6,Lower-risk active
779749908,0,2,1350,32,0.06,2,3,34516.0,33,0.43523955,9,Mono-product exposed
717401883,0,2,1694,44,0.162,5,2,6985.0,22,0.0019861762,3,Lower-risk active
721509558,0,3,1678,40,0.07,3,0,24221.0,42,0.010244381,6,Lower-risk active
710572458,0,1,2069,43,0.0,4,1,15439.0,24,0.53806114,9,Lower-risk active
714576183,0,3,1222,23,0.094,6,2,21637.0,36,0.014034724,7,Lower-risk active
721425558,0,3,1536,37,0.0,2,2,14543.0,37,0.8806353,9,Dormant high-risk
711109908,0,1,1400,31,0.256,2,1,9684.0,36,0.059302907,8,Mono-product exposed
715203108,0,2,1050,28,0.186,2,2,5007.0,36,0.44775987,9,Mono-product exposed
710027508,0,2,1389,33,0.648,3,0,1616.0,54,0.0006741327,1,Lower-risk active
787464408,0,2,1184,29,0.0,5,2,19116.0,40,0.111597024,8,Lower-risk active
783542133,0,6,2093,42,0.806,5,2,2759.0,47,0.010790119,6,Lower-risk active
708330858,1,3,678,11,0.167,2,3,8249.0,38,0.9949496,10,Dormant high-risk
714426783,0,3,1467,29,0.153,2,2,14041.0,31,0.018149853,7,Mono-product exposed
712701333,0,3,1219,27,0.412,5,2,5264.0,43,0.022125166,7,Lower-risk active
709494483,0,2,1730,36,0.79,4,1,2420.0,54,0.0017902282,3,Lower-risk active
773373108,0,2,1025,28,0.732,4,0,2826.0,43,0.009793055,6,Lower-risk active
715812258,0,5,1165,33,0.123,5,2,12518.0,34,0.006192597,6,Lower-risk active
778286433,0,2,2133,55,0.221,4,1,5876.0,56,0.013946441,7,Lower-risk active
789270033,0,2,1122,13,0.0,3,3,34516.0,37,0.87824285,9,Contacted but fragile
711569433,0,1,1083,22,0.2,4,2,9648.0,38,0.0063643637,6,Lower-risk active
720214833,0,3,1234,23,0.063,3,3,34516.0,40,0.0016244203,3,Lower-risk active
709346133,0,3,1277,23,0.785,3,0,3025.0,35,0.00020318138,1,Lower-risk active
788194458,0,3,1843,35,0.771,4,3,3265.0,26,0.013443038,7,Lower-risk active
720779733,0,2,1747,49,0.224,3,2,6041.0,36,0.01233882,6,Lower-risk active
717424458,0,3,1166,22,0.795,3,2,2293.0,36,0.003748687,5,Lower-risk active
708820308,0,2,1326,31,0.187,6,2,13399.0,36,0.015475855,7,Lower-risk active
710558058,0,3,1619,36,0.583,4,3,4317.0,38,0.04715412,8,Lower-risk active
770590758,0,2,1285,16,0.316,5,0,3378.0,29,0.014086734,7,Lower-risk active
718490658,0,1,1142,28,0.447,4,3,5012.0,36,0.015688423,7,Lower-risk active
711985833,0,1,1190,46,0.625,4,0,2569.0,30,0.001108578,2,Lower-risk active
708967608,0,1,1052,24,0.514,3,2,3471.0,45,0.07802917,8,Lower-risk active
718505958,0,3,1628,38,0.049,5,3,34516.0,31,0.02313022,7,Lower-risk active
715024233,0,3,1740,32,0.557,6,2,3312.0,36,0.0037029458,5,Lower-risk active
779249583,0,3,1378,29,0.955,4,3,2578.0,38,0.0022164825,4,Lower-risk active
709278258,1,3,996,26,0.867,4,2,2902.0,44,0.92015564,9,Dormant high-risk
778928283,0,2,1389,32,0.846,3,1,2742.0,39,0.0045061377,5,Lower-risk active
712299858,0,3,1365,38,0.756,5,3,2077.0,53,0.005047191,5,Lower-risk active
799224108,0,1,1715,43,0.31,5,2,6265.0,40,0.0016860458,3,Lower-risk active
809976033,0,3,1582,25,0.2,6,0,7819.0,44,0.0013118328,2,Lower-risk active
716203308,0,3,1220,22,0.62,6,3,2731.0,42,0.008455376,6,Lower-risk active
714871683,1,4,715,13,0.373,2,3,1438.3,36,0.99929345,10,Dormant high-risk
716139933,0,1,2552,49,0.105,3,2,16286.0,36,0.0017068271,3,Lower-risk active
716984658,0,2,1106,31,0.0,3,3,34516.0,39,0.24028035,8,Lower-risk active
713086008,0,1,1731,34,0.935,6,0,2609.0,47,0.00017817359,1,Lower-risk active
713773458,0,3,1435,32,0.155,5,2,7567.0,45,0.012975961,7,Lower-risk active
719242533,0,3,1882,38,0.111,5,3,22770.0,33,0.22177385,8,Lower-risk active
772712658,0,1,2058,34,0.435,5,2,3791.0,50,0.0020347433,3,Lower-risk active
788868858,0,4,1658,32,0.932,4,2,2702.0,39,0.006210865,6,Lower-risk active
811898133,0,1,1334,32,0.829,3,3,2555.0,35,0.041351993,7,Lower-risk active
788808633,0,3,1441,29,0.463,5,2,2355.0,26,0.0042092334,5,Lower-risk active
779804208,0,2,1371,39,0.0,6,0,5332.0,42,0.0047931992,5,Lower-risk active
781391058,0,3,1991,38,0.953,6,2,1443.0,49,0.4852682,9,Lower-risk active
790134408,0,2,1278,22,0.07,6,3,10741.0,39,0.000522243,1,Lower-risk active
788853258,0,2,1734,39,0.188,3,0,7984.0,25,0.0018385821,3,Lower-risk active
711857733,0,2,1330,34,0.135,3,2,18584.0,32,0.011551794,6,Lower-risk active
822969858,0,1,1787,31,0.262,4,3,5585.0,56,0.0017006875,3,Lower-risk active
719554758,0,3,1672,32,0.063,6,2,34516.0,38,0.038959846,7,Lower-risk active
711643458,0,3,1439,41,0.0,6,4,1438.3,43,0.0057195714,5,Lower-risk active
788830683,0,1,1558,31,0.82,5,0,2478.0,24,0.00016656017,1,Lower-risk active
807030858,0,3,1795,47,0.066,6,3,34516.0,46,0.029988885,7,Lower-risk active
793059108,0,2,893,22,0.616,6,3,2339.0,44,0.494961,9,Lower-risk active
716568708,0,3,1099,27,0.0,6,2,2726.0,36,0.7816118,9,Dormant high-risk
828281733,0,3,1408,23,0.057,3,3,14881.0,39,0.011150194,6,Lower-risk active
717229158,0,3,1893,15,0.595,6,3,1628.0,36,0.020499093,7,Lower-risk active
715915458,0,2,1151,31,0.521,5,2,3156.0,34,0.004821222,5,Lower-risk active
819129858,0,3,1519,31,0.268,5,0,4745.0,41,0.0016347918,3,Lower-risk active
713441958,0,3,1245,25,0.09,5,2,19727.0,36,0.0044063004,5,Lower-risk active
719091333,0,3,1102,27,0.035,3,2,22720.0,36,0.14054191,8,Lower-risk active
708666258,0,3,1402,33,0.221,5,0,8129.0,36,0.0029627064,4,Lower-risk active
714914583,0,2,1060,30,0.405,6,3,3751.0,27,0.027065756,7,Lower-risk active
714363858,0,5,1459,35,0.885,3,3,1594.0,36,0.023627246,7,Lower-risk active
721347408,0,2,1456,39,0.546,4,0,2569.0,43,0.0064652204,6,Lower-risk active
809608533,0,3,1439,48,0.087,6,2,18206.0,44,0.0027634297,4,Lower-risk active
772047183,0,3,1353,24,0.569,6,3,3104.0,34,0.0011947823,2,Lower-risk active
714217908,0,3,1173,32,0.648,5,2,2406.0,41,0.01756953,7,Lower-risk active
714819183,0,2,1746,28,0.08,5,3,24571.0,36,0.0015395773,3,Lower-risk active
716455683,0,2,1279,28,0.047,3,3,15534.0,36,0.05265284,8,Lower-risk active
710865633,0,2,1307,29,0.183,4,0,12301.0,33,0.022883948,7,Lower-risk active
752952108,0,2,1473,37,0.639,6,3,2846.0,26,0.001719739,3,Lower-risk active
712595433,0,2,1805,37,0.183,6,3,9788.0,49,0.017371856,7,Lower-risk active
714982383,0,3,1421,23,0.329,4,3,7231.0,36,0.0034749017,4,Lower-risk active
813814008,0,3,1272,37,0.678,6,2,2324.0,48,0.0009965232,2,Lower-risk active
794545983,0,2,1409,34,0.162,3,3,12208.0,40,0.017262893,7,Lower-risk active
708288108,1,5,647,15,0.274,2,3,5639.0,30,0.986979,10,Dormant high-risk
715585158,0,3,1275,25,0.161,3,2,10021.0,46,0.005714611,5,Lower-risk active
810449883,0,1,1270,27,0.865,6,0,2215.0,56,0.0009703859,2,Lower-risk active
789863208,0,2,1702,37,0.73,3,3,2027.0,44,0.02704492,7,Lower-risk active
715022133,0,2,1256,26,0.183,6,2,6363.0,47,0.0008769145,2,Lower-risk active
712506708,0,1,3178,53,0.512,6,2,3920.0,25,0.073249064,8,Lower-risk active
715699983,0,1,1626,29,0.134,5,3,9226.0,36,0.00017577993,1,Lower-risk active
818942433,0,1,1562,33,0.137,6,1,9376.0,49,0.013153115,7,Lower-risk active
712459233,0,3,1960,57,0.692,5,3,1944.0,46,0.024474246,7,Lower-risk active
716545383,0,1,1154,38,0.162,3,0,9599.0,36,0.00036951774,1,Lower-risk active
721144383,0,1,1629,38,0.03,5,2,28202.0,28,0.011352307,6,Lower-risk active
821837958,0,3,1226,25,0.067,3,1,24850.0,39,0.0052380343,5,Lower-risk active
804359133,0,3,1743,27,0.587,5,3,3805.0,49,0.0023572913,4,Lower-risk active
713308683,0,2,1139,39,0.478,5,2,2733.0,37,0.043467443,8,Lower-risk active
788780958,0,3,1073,21,0.098,6,3,12781.0,27,0.15166341,8,Lower-risk active
717354558,1,3,683,17,0.361,3,3,3106.0,40,0.9653037,9,Dormant high-risk
798473808,0,3,1159,32,0.0,3,0,7477.0,42,0.11094823,8,Lower-risk active
712372158,0,1,1859,47,0.06,6,3,34516.0,33,0.0021359762,3,Lower-risk active
715192308,0,5,1205,28,0.07,6,2,29963.0,36,0.0023284834,4,Lower-risk active
708813033,0,3,1409,37,0.312,5,0,6509.0,36,0.0072526424,6,Lower-risk active
714639783,1,3,1000,18,0.0,3,3,13450.0,34,0.9932372,10,Dormant high-risk
709311633,0,2,1209,39,0.0,6,0,27000.0,36,0.059877776,8,Lower-risk active
709470858,0,2,1366,25,0.036,5,1,34516.0,31,0.0022538356,4,Lower-risk active
717292758,0,3,1161,44,0.0,5,2,6347.0,47,0.3521661,9,Lower-risk active
779241783,0,3,1512,38,0.539,4,2,3106.0,49,0.008556215,6,Lower-risk active
715205358,0,1,1750,35,0.36,4,1,2536.0,31,0.00160554,3,Lower-risk active
778871508,0,3,1170,24,0.15,6,0,13048.0,35,0.0005885241,1,Lower-risk active
779462433,0,3,2218,50,0.395,3,1,2453.0,37,0.06856499,8,Lower-risk active
710147958,0,2,1198,33,0.077,3,2,16138.0,36,0.0055561047,5,Lower-risk active
709864833,0,2,1329,26,0.243,3,0,8077.0,38,0.012127902,6,Lower-risk active
778868958,1,3,857,36,0.867,3,3,1929.0,23,0.9518139,9,Dormant high-risk
717276708,0,3,1470,30,0.805,3,2,3127.0,36,0.01573677,7,Lower-risk active
710004933,0,3,1435,25,0.168,3,2,8645.0,36,0.0025568218,4,Lower-risk active
753606108,0,1,1093,22,0.0,3,3,1438.3,49,0.41189,9,Lower-risk active
710940183,1,3,715,20,0.0,6,2,2185.0,38,0.9727352,9,Dormant high-risk
718927533,0,2,1512,42,0.103,5,2,24487.0,32,0.012730551,6,Lower-risk active
719337408,0,2,2399,43,0.0,6,3,2567.0,36,0.034745466,7,Lower-risk active
772308408,0,3,906,22,0.19,6,3,4131.0,33,0.40966168,9,Lower-risk active
712981383,0,2,1052,16,0.179,3,2,10790.0,37,0.0269009,7,Lower-risk active
790099758,0,3,975,11,0.145,4,3,6884.0,33,0.42382324,9,Lower-risk active
709547658,1,3,783,20,0.093,5,3,13961.0,36,0.89035183,9,Dormant high-risk
778770783,0,1,990,21,0.064,6,0,29801.0,30,0.027896868,7,Lower-risk active
713134458,0,1,1097,24,0.0,4,1,13219.0,43,0.42968038,9,Lower-risk active
712159083,1,3,901,35,0.0,2,3,2536.0,46,0.99935895,10,Dormant high-risk
713639958,0,3,1327,41,0.087,5,1,9478.0,36,0.012315388,6,Lower-risk active
771180033,0,1,1814,31,0.529,6,2,3502.0,34,0.0018694415,3,Lower-risk active
717916758,0,3,1365,34,0.227,4,3,10509.0,56,0.006984531,6,Lower-risk active
711089733,0,3,1058,34,0.0,3,0,1491.0,36,0.6039742,9,Dormant high-risk
716988633,0,1,1476,38,0.0,6,2,9734.0,46,0.0072946073,6,Lower-risk active
779031033,0,1,1230,36,0.706,6,3,2305.0,22,0.008325599,6,Lower-risk active
716302383,0,1,1581,44,0.146,3,3,14241.0,36,0.0057797804,5,Lower-risk active
718281408,0,1,1534,29,0.262,3,2,4789.0,25,0.00055095786,1,Lower-risk active
721333233,0,2,1612,39,0.075,4,3,23138.0,34,0.0017171189,3,Lower-risk active
794496033,0,1,1302,36,0.099,6,3,23008.0,38,0.0039836904,5,Lower-risk active
710519433,0,1,1439,40,0.804,3,0,3131.0,36,0.025145162,7,Lower-risk active
814995933,0,3,1724,45,0.309,5,2,5798.0,53,0.07855541,8,Lower-risk active
721469433,0,2,1784,35,0.202,5,3,6880.0,36,0.0022177864,4,Lower-risk active
788386908,0,2,1156,29,0.044,3,2,34516.0,41,0.008061492,6,Lower-risk active
717198633,0,2,2556,49,0.708,6,1,2075.0,34,0.005770707,5,Lower-risk active
767695083,0,3,1590,37,0.0,3,0,4589.0,44,0.20141868,8,Lower-risk active
711791583,1,2,884,19,0.0,1,2,2317.0,40,0.99850345,10,Mono-product exposed
712315683,1,1,973,25,0.766,1,1,1981.0,45,0.95345956,9,Mono-product exposed
710038008,0,2,1447,30,0.0,3,1,6038.0,47,0.10165309,8,Lower-risk active
789129033,0,3,1150,26,0.059,5,2,14910.0,32,0.12113696,8,Lower-risk active
718349058,0,3,1193,21,0.039,3,2,29659.0,39,0.010164044,6,Lower-risk active
789842283,1,3,706,21,0.0,3,2,4320.0,42,0.9963981,10,Dormant high-risk
714513033,0,1,1257,23,0.0,6,3,11213.0,36,0.06527555,8,Lower-risk active
714717483,0,1,1303,35,0.0,5,2,26181.0,29,0.021664867,7,Lower-risk active
714900408,0,1,1306,39,0.0,3,0,5773.0,31,0.057914305,8,Lower-risk active
719418933,1,3,748,20,0.0,1,3,4503.0,36,0.9992471,10,Dormant high-risk
720115683,0,2,1774,42,0.053,6,2,29770.0,36,0.0030694897,4,Lower-risk active
779504058,0,1,1209,25,0.381,5,1,5014.0,28,0.0008413586,2,Lower-risk active
795979833,0,1,1074,31,0.312,6,2,3445.0,47,0.018962778,7,Lower-risk active
717392358,0,2,1786,50,0.046,6,2,23412.0,50,0.002726306,4,Lower-risk active
718640508,0,1,1456,36,0.529,4,2,3044.0,46,0.0028165006,4,Lower-risk active
803366358,0,2,1300,25,0.15,5,1,14596.0,29,0.0012177362,2,Lower-risk active
709230708,0,2,1470,42,0.428,3,2,3864.0,36,0.08827805,8,Lower-risk active
781794708,1,1,715,25,0.112,2,3,17030.0,29,0.99092406,10,Contacted but fragile
801383808,0,2,1198,24,0.036,4,3,23090.0,44,0.00094427174,2,Lower-risk active
710677608,0,2,1556,43,0.041,4,0,29205.0,36,0.00035015156,1,Lower-risk active
708217758,0,2,1606,30,0.147,5,3,14035.0,49,0.00032725217,1,Lower-risk active
714272658,1,3,929,31,0.85,2,2,2962.0,24,0.9982058,10,Dormant high-risk
717469158,0,3,1606,54,0.075,6,0,18578.0,30,0.008004607,6,Lower-risk active
711864783,0,3,1199,32,0.517,5,2,2201.0,46,0.009096111,6,Lower-risk active
719407983,0,3,2400,60,0.72,4,2,2061.0,25,0.004612908,5,Lower-risk active
710665533,0,2,1337,44,0.067,4,2,24602.0,23,0.004838756,5,Lower-risk active
716804283,0,2,1270,33,0.056,3,2,15911.0,29,0.01282844,7,Lower-risk active
767294658,1,2,654,14,0.0,2,3,16867.0,50,0.99946433,10,Contacted but fragile
709122483,0,3,1909,54,0.548,3,0,2783.0,37,0.006619333,6,Lower-risk active
708241233,1,3,922,25,0.0,3,2,2972.0,47,0.99655664,10,Dormant high-risk
717860358,0,3,1158,42,0.436,5,2,5124.0,36,0.07355626,8,Lower-risk active
789337233,0,6,1323,26,0.82,6,2,2880.0,53,0.017726656,7,Lower-risk active
720902133,0,1,1025,35,0.0,4,0,5579.0,46,0.06821287,8,Lower-risk active
721043058,0,1,1700,35,0.179,5,3,12010.0,44,0.0016879555,3,Lower-risk active
711870333,0,3,1628,51,0.046,6,3,34516.0,36,0.002241719,4,Lower-risk active
708398283,0,2,1377,32,0.201,5,2,4394.0,29,0.011337893,6,Lower-risk active
715878183,0,3,1517,33,0.039,4,3,18325.0,35,0.076358534,8,Lower-risk active
719451483,0,3,1528,25,0.523,5,2,3773.0,37,0.0019653225,3,Lower-risk active
709110633,0,1,1329,24,0.081,5,3,21684.0,29,0.0042783385,5,Lower-risk active
721059033,0,1,1505,33,0.403,4,2,1919.0,40,0.008308154,6,Lower-risk active
779912283,0,3,1172,38,0.171,5,2,9995.0,33,0.027470442,7,Lower-risk active
717701733,0,2,1646,39,0.176,3,2,11910.0,35,0.00044646751,1,Lower-risk active
709913733,0,2,1693,32,0.671,4,0,2279.0,36,0.00011894688,1,Lower-risk active
718768158,0,1,1336,23,0.0,3,2,3539.0,48,0.23570487,8,Lower-risk active
721375308,0,1,1289,19,0.044,5,3,30579.0,36,0.0018229922,3,Lower-risk active
711374283,0,1,1416,32,0.079,4,0,24480.0,42,0.00059053645,1,Lower-risk active
822893133,0,1,1608,33,0.0,6,2,17561.0,52,0.009764958,6,Lower-risk active
778465533,0,1,1885,51,0.0,3,2,1638.0,40,0.20852241,8,Lower-risk active
712138983,0,3,1744,53,0.752,3,2,2947.0,36,0.011255403,6,Lower-risk active
716920908,0,1,1922,48,0.194,6,0,5738.0,42,0.00023225637,1,Lower-risk active
708095133,0,2,1448,29,0.055,5,2,33304.0,34,0.10283462,8,Lower-risk active
711195558,0,3,1300,36,0.221,6,3,7251.0,48,0.0050697178,5,Lower-risk active
772735758,0,2,1366,31,0.657,6,0,2885.0,34,0.022909328,7,Lower-risk active
712024908,0,2,1439,39,0.476,6,3,2641.0,36,0.0018850673,3,Lower-risk active
778239933,0,3,1241,46,0.729,6,0,2801.0,35,0.0025701602,4,Lower-risk active
714893733,0,3,1917,33,0.048,3,3,16794.0,45,0.009652742,6,Lower-risk active
754886958,0,1,1391,39,0.179,4,3,9336.0,41,0.0054187216,5,Lower-risk active
710104908,0,1,1246,31,0.911,4,0,2763.0,43,0.003289202,4,Lower-risk active
710558883,0,3,1248,27,0.06,5,2,17391.0,36,0.0021228509,3,Lower-risk active
713827383,0,2,1936,44,0.78,3,0,3198.0,36,0.021373281,7,Lower-risk active
720267033,0,3,2375,63,0.35,3,2,5100.0,26,0.0140123125,7,Lower-risk active
712049208,0,1,1238,25,0.636,3,2,3955.0,39,0.006201166,6,Lower-risk active
708688608,0,3,1626,41,0.632,5,1,3140.0,48,0.00048940815,1,Lower-risk active
716223708,1,3,791,22,0.176,3,3,4028.0,36,0.9716726,9,Dormant high-risk
713217858,0,3,1204,28,0.0,5,3,2264.0,32,0.6818742,9,Dormant high-risk
819352983,0,2,1300,33,0.093,5,2,21620.0,44,0.011852634,6,Lower-risk active
711019308,0,2,1612,47,0.24,3,0,6385.0,45,0.0003147061,1,Lower-risk active
768600558,0,2,1071,28,0.698,4,3,2375.0,31,0.033463698,7,Lower-risk active
710202783,0,3,1378,37,0.877,3,3,1963.0,13,0.06707618,8,Lower-risk active
712899333,0,2,1100,29,0.255,6,2,4256.0,37,0.095696434,8,Lower-risk active
767036433,0,1,2052,45,0.226,5,0,5097.0,49,0.016505111,7,Lower-risk active
793473033,0,2,1349,33,0.78,3,3,3228.0,45,0.029557604,7,Lower-risk active
721232058,0,1,1215,36,0.048,6,3,20231.0,41,0.0108023565,6,Lower-risk active
719443683,1,2,1149,25,0.078,3,3,27512.0,39,0.68100536,9,Contacted but fragile
715449333,0,2,2354,50,0.798,5,0,1929.0,47,0.009417966,6,Lower-risk active
717998058,0,3,2644,40,0.781,6,2,2585.0,13,0.10107734,8,Lower-risk active
779610033,1,3,918,14,0.148,3,3,12151.0,47,0.8335367,9,Dormant high-risk
827332983,0,2,1362,31,0.061,3,2,34516.0,42,0.002643739,4,Lower-risk active
721183983,0,3,1222,37,0.029,6,1,34516.0,31,0.006799763,6,Lower-risk active
718426533,0,1,1364,32,0.0,4,2,5504.0,32,0.02850348,7,Lower-risk active
710698233,0,1,1463,40,0.12,4,2,10021.0,28,0.0005097283,1,Lower-risk active
780253533,0,3,1631,31,0.651,5,0,3558.0,49,0.000314542,1,Lower-risk active
793581933,0,3,1878,55,0.076,4,4,19853.0,44,0.049034454,8,Lower-risk active
719229708,0,3,1489,32,0.169,6,2,4969.0,31,0.10752462,8,Lower-risk active
715158483,0,2,1437,37,0.514,3,3,3117.0,40,0.013572162,7,Lower-risk active
809296308,0,2,1313,37,0.108,4,0,21526.0,41,0.0036677383,5,Lower-risk active
778176108,0,2,1290,38,0.257,4,2,5504.0,51,0.008237041,6,Lower-risk active
796532958,0,3,1975,49,0.204,4,2,5512.0,53,0.0004625174,1,Lower-risk active
709345008,1,2,807,22,0.0,1,3,1438.3,39,0.9987118,10,Contacted but fragile
717049533,0,3,1438,28,0.202,5,0,7262.0,28,0.012525013,6,Lower-risk active
719366358,0,3,1233,29,0.231,6,2,7319.0,40,0.008982469,6,Lower-risk active
721417233,1,5,709,27,0.0,3,3,1438.3,25,0.9969253,10,Dormant high-risk
711622683,0,3,1597,39,0.18,4,3,7712.0,30,0.03599181,7,Lower-risk active
714578283,0,3,1283,28,0.0,6,0,2053.0,37,0.003687564,5,Lower-risk active
769574883,0,1,1101,37,0.197,3,3,12804.0,32,0.9273981,9,Contacted but fragile
717643608,0,3,1593,36,0.061,3,2,26443.0,36,0.2813428,9,Lower-risk active
709198158,0,2,1631,46,0.617,6,0,3125.0,36,0.2035116,8,Lower-risk active
712419708,0,1,2194,53,0.458,6,2,4930.0,48,0.004010617,5,Lower-risk active
709103358,0,3,1128,27,0.0,6,3,9476.0,36,0.13415304,8,Lower-risk active
716966808,0,3,1497,35,0.142,6,3,11722.0,37,0.061611313,8,Lower-risk active
772264383,0,1,1385,50,0.0,4,3,13301.0,33,0.13571243,8,Lower-risk active
721057758,0,2,1449,27,0.0,4,3,1438.3,47,0.003307101,4,Lower-risk active
769137108,1,3,974,28,0.0,3,1,1438.3,37,0.99471706,10,Dormant high-risk
717640083,1,2,731,18,0.0,3,3,6705.0,36,0.9966774,10,Contacted but fragile
716445783,0,2,1191,37,0.0,4,0,22718.0,31,0.005046484,5,Lower-risk active
708579633,0,2,1421,34,0.075,4,2,23981.0,28,0.023223653,7,Lower-risk active
718715583,0,2,1256,35,0.436,4,4,2318.0,56,0.020705715,7,Lower-risk active
778686408,0,3,1744,50,0.054,4,2,19324.0,29,0.003526046,5,Lower-risk active
715015683,0,3,1766,39,0.374,5,1,5331.0,34,0.027805733,7,Lower-risk active
805254708,0,2,2229,48,0.081,5,0,15700.0,31,0.003549531,5,Lower-risk active
710462433,0,2,1773,39,0.051,6,2,17625.0,30,0.00065546733,1,Lower-risk active
721342383,0,3,1860,37,0.0,6,2,17438.0,34,0.006646982,6,Lower-risk active
720179883,0,3,1179,27,0.0,3,1,1962.0,25,0.1869224,8,Lower-risk active
794977533,1,3,906,16,0.0,3,2,8077.0,56,0.99521023,10,Dormant high-risk
779445108,0,1,2781,54,0.491,6,2,3290.0,13,0.028542308,7,Lower-risk active
718193958,0,3,1650,53,0.719,5,2,2402.0,53,0.007486032,6,Lower-risk active
710955633,0,1,1446,37,0.216,6,0,9256.0,42,0.00061449833,1,Lower-risk active
716149383,0,3,1703,48,0.244,6,3,3674.0,36,0.032959133,7,Lower-risk active
752604633,1,5,761,17,0.0,2,3,6462.0,50,0.9996897,10,Dormant high-risk
713889933,0,2,1536,44,0.0,4,2,1638.0,48,0.18345629,8,Lower-risk active
709446783,0,3,1373,36,0.572,3,2,4335.0,38,0.021383222,7,Lower-risk active
789115833,0,3,1256,29,0.32,5,2,3233.0,32,0.00799512,6,Lower-risk active
711242058,1,3,643,16,0.212,1,1,11862.0,36,0.99919623,10,Dormant high-risk
787623858,0,2,1215,45,0.056,4,0,34516.0,24,0.024222855,7,Lower-risk active
709040508,0,6,2244,58,0.099,6,2,19802.0,38,0.0050979,5,Lower-risk active
708864708,0,2,1409,36,0.07,4,2,24869.0,36,0.11421797,8,Lower-risk active
717758583,0,2,1469,23,0.545,4,1,3624.0,36,0.0009969021,2,Lower-risk active
715416633,0,1,1847,59,0.155,4,2,6175.0,36,0.00374923,5,Lower-risk active
717956283,0,1,1277,29,0.178,5,0,10953.0,48,0.0022687477,4,Lower-risk active
721379433,0,2,1227,24,0.0,6,3,11338.0,28,0.29461455,9,Lower-risk active
712027683,0,2,1336,38,0.214,3,2,5544.0,35,0.014372645,7,Lower-risk active
716027208,0,1,1110,58,0.036,4,1,19665.0,36,0.006694113,6,Lower-risk active
720475233,0,2,1474,26,0.482,6,3,2927.0,43,0.0052338713,5,Lower-risk active
712275108,0,3,1955,44,0.314,4,3,5146.0,33,0.007648349,6,Lower-risk active
718121658,1,3,660,17,0.0,5,3,1704.0,44,0.9943341,10,Dormant high-risk
711593808,1,2,888,18,0.0,2,3,1438.3,46,0.996384,10,Contacted but fragile
716222808,0,1,1785,45,0.393,6,3,2974.0,36,0.00031964484,1,Lower-risk active
718731183,1,2,705,14,0.144,1,2,5472.0,49,0.99472046,10,Mono-product exposed
788779008,0,1,1211,25,0.666,3,2,2736.0,38,0.0012010982,2,Lower-risk active
710404533,0,2,1391,40,0.599,6,1,1438.3,37,0.04781188,8,Lower-risk active
711173058,0,3,1407,29,0.33,4,0,5406.0,45,0.00089809555,2,Lower-risk active
715383108,0,1,1616,50,0.063,5,1,34516.0,44,0.027362214,7,Lower-risk active
711697158,0,2,1498,43,0.663,6,2,1976.0,36,0.0041813045,5,Lower-risk active
709186983,0,1,1536,38,0.258,3,1,8714.0,40,0.0035238888,5,Lower-risk active
808964433,0,1,1594,45,0.159,4,1,8693.0,41,0.0049174493,5,Lower-risk active
711948333,0,1,1190,30,0.077,6,2,9247.0,36,0.011027453,6,Lower-risk active
710541858,0,5,1248,37,0.185,6,0,7717.0,33,0.0009877519,2,Lower-risk active
713865333,1,4,827,21,0.0,3,3,4908.0,38,0.99531144,10,Dormant high-risk
797707008,1,1,920,18,0.0,6,3,7222.0,38,0.9815267,10,Contacted but fragile
713490483,0,2,1755,54,0.0,6,2,21740.0,48,0.10811028,8,Lower-risk active
720370533,1,2,804,15,0.0,3,2,2323.0,44,0.995301,10,Lower-risk active
779743908,0,2,1196,30,0.0,4,2,7788.0,29,0.5488455,9,Lower-risk active
718675158,1,1,850,22,0.251,4,3,1438.3,36,0.9882117,10,Contacted but fragile
710784333,0,2,1644,28,0.055,3,2,23700.0,36,0.0026623975,4,Lower-risk active
816596583,0,3,1749,50,0.059,6,1,11710.0,40,0.045847133,8,Lower-risk active
717517758,0,2,2307,45,0.371,3,2,2278.0,45,0.017135326,7,Lower-risk active
712880283,0,3,1757,45,0.275,3,0,4048.0,22,0.0045535625,5,Lower-risk active
753226158,0,2,1826,35,0.506,6,2,3663.0,24,0.0021557556,3,Lower-risk active
720605808,1,2,799,17,0.0,2,3,1438.3,36,0.99949753,10,Contacted but fragile
758317233,0,5,2121,60,0.448,4,2,3518.0,28,0.025291327,7,Lower-risk active
711028308,0,1,1468,29,0.0,4,0,1717.0,36,0.06118497,8,Lower-risk active
814852533,0,2,1482,46,0.07,3,2,16813.0,45,0.009237389,6,Lower-risk active
711526533,0,2,1726,37,0.128,4,3,16434.0,25,0.0035752435,5,Lower-risk active
804403908,0,2,1806,31,0.051,4,3,21872.0,45,0.257565,9,Lower-risk active
716999883,0,2,1405,43,0.09,5,0,15897.0,41,0.0051098345,5,Lower-risk active
716452083,0,3,2052,50,0.269,5,2,4271.0,46,0.010512924,6,Lower-risk active
787599258,0,1,1175,34,0.178,6,2,7361.0,29,0.003653945,5,Lower-risk active
714495258,0,1,1786,37,0.333,4,3,1438.3,36,0.08326617,8,Lower-risk active
717713283,0,3,1675,58,0.125,6,3,8628.0,33,0.014271713,7,Lower-risk active
789317883,0,3,1200,36,0.091,4,3,18750.0,44,0.0059979158,6,Lower-risk active
714500883,0,2,1283,37,0.039,4,3,21242.0,36,0.17241101,8,Lower-risk active
789467508,0,3,1937,57,0.53,5,0,2961.0,56,0.0021328705,3,Lower-risk active
710317758,0,2,2033,38,0.135,4,2,11327.0,29,0.0046693916,5,Lower-risk active
711231558,0,1,1915,37,0.303,6,3,8308.0,40,0.00094156223,2,Lower-risk active
716829483,0,2,1988,36,0.682,4,2,3249.0,28,0.020236256,7,Lower-risk active
779713608,0,1,1648,30,0.456,5,2,2981.0,36,0.00021892106,1,Lower-risk active
711628458,0,1,1902,45,0.102,4,0,8829.0,31,0.006441602,6,Lower-risk active
718943508,0,3,1454,35,0.584,3,2,3714.0,33,0.08092458,8,Lower-risk active
770724558,1,1,838,24,0.0,6,3,7340.0,28,0.98870635,10,Contacted but fragile
783561558,0,2,1918,61,0.0,4,3,16952.0,51,0.036880404,7,Lower-risk active
719309958,1,1,837,25,0.0,4,3,20865.0,35,0.9906695,10,Contacted but fragile
788785083,0,3,4311,78,0.337,6,2,3083.0,25,0.0010086952,2,Lower-risk active
780481308,0,2,1567,33,0.146,3,2,10584.0,24,0.060269874,8,Lower-risk active
711757383,0,1,1905,39,0.0,4,2,2240.0,42,0.55164236,9,Lower-risk active
787550808,0,1,1422,26,0.128,5,2,12240.0,40,0.0047759274,5,Lower-risk active
779863533,0,2,1680,32,0.0,6,0,5120.0,21,0.041017413,7,Lower-risk active
714529233,0,1,1652,41,0.51,3,3,3124.0,24,0.014336579,7,Lower-risk active
708177333,0,3,1158,26,0.221,5,0,11261.0,36,0.01884356,7,Lower-risk active
812019933,0,3,1797,46,0.819,3,2,2468.0,56,0.018918011,7,Lower-risk active
708557358,0,2,1911,55,0.061,4,3,22157.0,28,0.02039777,7,Lower-risk active
713580633,0,2,1260,27,0.0,6,3,11477.0,32,0.15124628,8,Lower-risk active
711466533,0,2,1489,45,0.217,5,2,3933.0,33,0.108195506,8,Lower-risk active
802276683,0,3,1794,31,0.171,3,3,8022.0,50,0.013517319,7,Lower-risk active
780913308,0,2,1510,42,0.183,6,0,13771.0,34,0.012383948,6,Lower-risk active
808897683,1,3,3231,47,0.046,3,3,30271.0,48,0.9267938,9,Dormant high-risk
719428308,0,2,1274,32,0.543,6,2,3244.0,41,0.0014791285,3,Lower-risk active
713010483,0,1,1572,57,0.81,6,3,2936.0,36,0.01085331,6,Lower-risk active
717006333,0,1,1935,41,0.788,6,2,1438.3,36,0.032200135,7,Lower-risk active
787621158,0,3,2187,59,0.079,6,3,6242.0,25,0.038859196,7,Lower-risk active
716924058,0,1,1417,25,0.189,3,3,6175.0,49,0.029203609,7,Lower-risk active
720916683,0,3,1465,31,0.153,4,2,11806.0,26,0.03236584,7,Lower-risk active
720923658,0,2,1570,45,0.202,5,2,4734.0,39,0.05508472,8,Lower-risk active
712710708,0,2,1445,40,0.403,5,0,6244.0,36,0.056423735,8,Lower-risk active
718939083,1,1,694,15,0.213,3,3,1438.3,45,0.99872214,10,Contacted but fragile
779519058,0,1,1929,40,0.046,3,2,34516.0,34,0.11409349,8,Lower-risk active
719085933,0,1,2447,64,0.037,4,2,23561.0,24,0.0012477422,2,Lower-risk active
715124958,0,2,1306,31,0.068,5,3,24742.0,36,0.032685697,7,Lower-risk active
712979133,1,2,646,10,0.033,2,2,27560.0,41,0.99767464,10,Mono-product exposed
712006308,0,1,1236,35,0.285,6,3,5923.0,35,0.008010888,6,Lower-risk active
710801133,0,1,2513,63,0.271,6,2,8581.0,36,0.0007537072,1,Lower-risk active
712490283,0,3,2091,48,0.798,4,3,3156.0,41,0.01934889,7,Lower-risk active
720071583,1,1,854,22,0.112,5,3,7151.0,36,0.9785179,10,Contacted but fragile
717958833,0,1,1848,25,0.456,5,2,1535.0,35,0.0010554298,2,Lower-risk active
812420358,1,3,949,17,0.261,3,3,2122.0,56,0.9937822,10,Dormant high-risk
712370208,0,2,1371,37,0.071,3,2,17131.0,35,0.029654453,7,Lower-risk active
715940358,0,2,1804,49,0.41,6,2,5822.0,42,0.024763301,7,Lower-risk active
715041333,0,1,1605,43,0.712,3,3,3537.0,29,0.060768012,8,Lower-risk active
712797258,0,1,1463,38,0.062,3,3,34516.0,33,0.015206934,7,Lower-risk active
769170558,0,4,1279,41,0.0,6,3,16320.0,47,0.17584176,8,Lower-risk active
715884858,0,3,1470,28,0.35,5,3,2407.0,36,0.116404794,8,Lower-risk active
796343058,0,1,1265,38,0.0,4,2,3538.0,43,0.10154069,8,Lower-risk active
783910008,0,2,2002,60,0.515,5,2,2684.0,31,0.0065031233,6,Lower-risk active
718888308,0,3,1475,33,0.073,4,2,34516.0,36,0.023553377,7,Lower-risk active
785114808,0,2,1419,30,0.0,4,2,15459.0,40,0.07988796,8,Lower-risk active
709852908,0,3,1628,37,0.0,5,3,4307.0,36,0.6693743,9,Dormant high-risk
823528833,0,2,1337,29,0.593,4,3,2081.0,46,0.0011490948,2,Lower-risk active
719679858,0,2,1135,27,0.515,3,2,2848.0,47,0.021892153,7,Lower-risk active
827108583,0,1,1161,26,0.037,3,3,34516.0,51,0.14125429,8,Lower-risk active
787833333,0,1,1571,38,0.203,6,2,6361.0,35,0.0025519668,4,Lower-risk active
719781183,0,1,1916,40,0.101,4,3,15428.0,38,0.0226012,7,Lower-risk active
710429358,0,1,1346,30,0.757,5,3,2544.0,48,0.006578291,6,Lower-risk active
798792408,1,1,805,24,0.0,1,3,9959.0,42,0.99945766,10,Contacted but fragile
710280558,0,3,1195,18,0.286,3,2,8796.0,39,0.027223818,7,Lower-risk active
809825358,0,1,1155,34,0.457,6,3,3428.0,48,0.0122202085,6,Lower-risk active
714451833,0,2,1431,34,0.0,6,2,1438.3,36,0.36760652,9,Lower-risk active
713943783,0,3,1194,25,0.05,5,2,18001.0,32,0.059980515,8,Lower-risk active
710706558,0,1,1154,33,0.654,3,3,2680.0,42,0.06892353,8,Lower-risk active
713620308,0,4,1232,34,0.371,6,3,4675.0,35,0.18921842,8,Lower-risk active
813453408,0,1,1269,30,0.692,3,3,2448.0,35,0.008662749,6,Lower-risk active
818248383,0,3,1742,35,0.0,3,3,4049.0,28,0.14442596,8,Lower-risk active
780106908,0,2,1379,26,0.122,6,2,8154.0,38,0.0023498524,4,Lower-risk active
708938508,0,3,1870,35,0.345,5,2,4559.0,36,0.00130937,2,Lower-risk active
709671708,0,2,1207,32,0.051,4,1,19354.0,36,0.0043266024,5,Lower-risk active
711204483,1,3,781,15,0.825,3,3,2340.0,46,0.9688061,9,Dormant high-risk
801728658,0,3,1773,38,0.1,6,0,13848.0,47,0.008533035,6,Lower-risk active
713945883,1,2,864,20,0.206,4,2,2490.0,52,0.98455274,10,Lower-risk active
779558733,0,1,1559,39,0.056,6,2,32156.0,36,0.00045080562,1,Lower-risk active
788370258,0,3,1830,64,0.976,5,2,2578.0,30,0.018379232,7,Lower-risk active
714927333,0,3,1542,43,0.17,6,2,9050.0,52,0.0034595614,4,Lower-risk active
710383158,0,1,1506,47,0.0,4,2,34516.0,41,0.1441781,8,Lower-risk active
798007308,0,1,1175,41,0.0,6,0,8362.0,51,0.014343447,7,Lower-risk active
711768858,0,2,1383,20,0.347,3,3,6514.0,36,0.004102884,5,Lower-risk active
714888633,0,3,1837,57,0.292,3,4,4051.0,42,0.031559203,7,Lower-risk active
712650333,0,3,1191,40,0.139,3,2,11959.0,37,0.025905259,7,Lower-risk active
719945433,0,2,1793,53,0.0,3,2,2070.0,48,0.26190555,9,Lower-risk active
720310458,0,2,1560,49,0.109,5,1,11840.0,32,0.00947073,6,Lower-risk active
718344033,0,3,1564,59,0.278,4,2,3636.0,35,0.010272359,6,Lower-risk active
715442958,0,3,1843,38,0.227,3,3,11067.0,36,0.045407373,8,Lower-risk active
780326883,0,3,2165,61,0.127,3,3,11262.0,40,0.037476096,7,Lower-risk active
711157833,0,1,1631,41,0.324,4,0,5108.0,36,0.004360995,5,Lower-risk active
719704308,0,1,1265,32,0.745,5,1,2072.0,36,0.004247819,5,Lower-risk active
708772308,0,3,1455,35,0.402,4,3,4119.0,24,0.017575104,7,Lower-risk active
817663908,0,3,1137,27,0.226,5,3,5903.0,42,0.010199788,6,Lower-risk active
780054258,0,2,1367,35,0.069,6,3,7860.0,25,0.15926297,8,Lower-risk active
709990983,0,2,1292,26,0.142,6,2,5918.0,36,0.014737688,7,Lower-risk active
818045958,0,3,1682,46,0.259,5,2,6741.0,41,0.10066158,8,Lower-risk active
716380683,0,1,1598,39,0.397,6,2,3880.0,36,0.0015767757,3,Lower-risk active
787480158,0,2,1555,39,0.657,4,0,2494.0,45,0.0017487328,3,Lower-risk active
778461408,0,3,2409,36,0.045,4,2,22149.0,23,0.020894691,7,Lower-risk active
713861733,0,3,1770,65,0.045,4,1,34516.0,36,0.003579389,5,Lower-risk active
789291633,0,2,1526,45,0.177,3,0,5450.0,51,0.0010384776,2,Lower-risk active
789513858,1,2,891,28,0.0,2,3,1438.3,35,0.99912256,10,Contacted but fragile
778357458,0,3,1756,42,0.611,4,3,2003.0,24,0.18586658,8,Lower-risk active
718325883,0,3,1241,22,0.246,6,2,7723.0,32,0.0002382033,1,Lower-risk active
720344658,0,1,1681,43,0.101,4,1,18226.0,23,0.000569616,1,Lower-risk active
809292483,0,2,1224,32,0.227,4,2,8128.0,39,0.0041147433,5,Lower-risk active
779791008,0,2,1572,38,0.284,6,3,5851.0,32,0.031672154,7,Lower-risk active
779557533,0,3,1566,50,0.092,6,3,10260.0,40,0.032212157,7,Lower-risk active
795904233,0,1,1579,40,0.027,5,0,26945.0,32,0.0056518335,5,Lower-risk active
710573808,0,3,1334,31,0.632,6,3,2243.0,36,0.062181007,8,Lower-risk active
717418158,0,1,1230,34,0.053,4,2,34516.0,36,0.0008272286,1,Lower-risk active
771963708,1,3,767,25,0.0,5,2,12248.0,45,0.993363,10,Dormant high-risk
712433508,1,2,724,16,0.0,3,3,1438.3,50,0.9957377,10,Contacted but fragile
779320983,0,3,1638,49,0.059,4,2,19843.0,28,0.007823273,6,Lower-risk active
718093233,0,3,1349,47,0.0,3,3,2163.0,45,0.19885375,8,Lower-risk active
719459358,0,2,1751,48,0.029,4,2,33864.0,41,0.0009652675,2,Lower-risk active
717728808,0,1,1414,40,0.268,3,2,4531.0,26,0.006529579,6,Lower-risk active
788701608,0,2,1260,32,0.578,5,3,2950.0,26,0.04042081,7,Lower-risk active
778506633,1,2,965,27,0.051,6,3,7706.0,23,0.98736656,10,Contacted but fragile
719989008,0,1,1121,25,0.086,5,0,25657.0,36,0.0043386007,5,Lower-risk active
791839233,0,3,1411,28,0.087,5,2,17536.0,36,0.032436833,7,Lower-risk active
716918508,0,3,1602,49,0.318,4,3,3770.0,24,0.02594261,7,Lower-risk active
717321783,0,2,1617,47,0.123,5,2,10344.0,45,0.067141294,8,Lower-risk active
799000008,0,1,1244,36,0.056,4,1,26437.0,51,0.0040659187,5,Lower-risk active
721517208,0,6,1263,29,0.803,4,1,2450.0,30,0.01340738,7,Lower-risk active
719068683,0,1,1036,25,0.594,5,2,3136.0,36,0.12269362,8,Lower-risk active
709120008,0,3,1217,39,0.0,4,2,6976.0,36,0.012104513,6,Lower-risk active
709117533,0,3,1556,35,0.071,4,1,21134.0,36,0.010713531,6,Lower-risk active
816594183,0,2,2005,62,0.684,6,3,2019.0,53,0.0028413692,4,Lower-risk active
789485433,0,2,1698,67,0.019,3,3,34516.0,34,0.01034053,6,Lower-risk active
712881483,0,3,2041,45,0.19,5,3,9959.0,45,0.065479025,8,Lower-risk active
712689333,0,3,1102,31,0.059,4,2,20241.0,28,0.0143878115,7,Lower-risk active
771492408,0,1,1346,30,0.722,3,2,2421.0,28,0.0015077393,3,Lower-risk active
711668283,0,6,1511,35,0.078,5,3,30948.0,37,0.3570434,9,Lower-risk active
772684833,0,3,1761,42,0.77,3,2,2642.0,22,0.0016912008,3,Lower-risk active
712960308,0,1,2117,61,0.291,4,1,8070.0,36,0.004179391,5,Lower-risk active
713530833,1,3,596,15,0.548,2,3,4085.0,48,0.99310124,10,Dormant high-risk
756065433,0,2,2560,46,0.73,5,2,2187.0,19,0.079218306,8,Lower-risk active
710997183,0,3,1409,39,0.032,3,2,34516.0,36,0.054334916,8,Lower-risk active
711146358,0,3,1759,33,0.524,4,2,3358.0,29,0.01676394,7,Lower-risk active
716144058,0,3,1886,66,0.0,6,3,1888.0,25,0.016612252,7,Lower-risk active
778699908,1,3,915,29,0.0,2,3,14447.0,24,0.99301803,10,Dormant high-risk
713571258,0,3,1343,41,0.05,6,2,32349.0,26,0.01356608,7,Lower-risk active
711676908,0,2,1870,56,0.115,3,3,12605.0,36,0.029772019,7,Lower-risk active
719315508,0,2,1557,25,0.81,4,2,2964.0,36,0.0003508494,1,Lower-risk active
778623858,0,3,1824,49,0.511,6,3,3785.0,38,0.00026601664,1,Lower-risk active
714665733,0,1,1294,26,0.306,5,0,2727.0,36,0.00533133,5,Lower-risk active
816089433,0,1,1545,31,0.473,3,1,3343.0,44,0.0005405881,1,Lower-risk active
716991933,1,3,820,25,0.0,6,1,9786.0,35,0.9891656,10,Dormant high-risk
714534108,0,1,1675,47,0.294,4,3,6407.0,36,0.010401121,6,Lower-risk active
787456608,0,2,1678,37,0.393,6,2,4158.0,15,0.006501685,6,Lower-risk active
717090183,0,1,2117,48,0.099,6,2,21697.0,50,0.08769613,8,Lower-risk active
772782708,0,2,1721,56,0.054,5,2,31383.0,40,0.0032404452,4,Lower-risk active
710722908,0,1,1267,23,0.055,3,0,30883.0,36,0.0014319603,3,Lower-risk active
795155433,0,3,1562,33,0.104,6,1,12918.0,38,0.00021263742,1,Lower-risk active
715271733,0,3,1193,35,0.096,3,0,8520.0,37,0.0966044,8,Lower-risk active
771706308,0,3,1254,34,0.048,4,2,14310.0,34,0.07878279,8,Lower-risk active
713989233,0,2,1731,32,0.134,6,3,14434.0,53,0.0005285454,1,Lower-risk active
780198258,0,2,1099,39,0.219,5,1,7793.0,36,0.025152557,7,Lower-risk active
802002858,1,1,747,19,0.0,2,2,8990.0,56,0.998579,10,Mono-product exposed
716290233,0,2,1352,35,0.0,6,3,4343.0,33,0.090326615,8,Lower-risk active
828298908,0,2,1770,47,0.709,4,0,2872.0,50,0.0047092796,5,Lower-risk active
788946783,0,1,1812,50,0.0,5,3,9697.0,36,0.03471395,7,Lower-risk active
720697908,0,3,1673,58,0.621,3,1,2967.0,21,0.005918462,6,Lower-risk active
780598383,0,3,2167,65,0.719,4,2,2148.0,23,0.010790882,6,Lower-risk active
715345833,0,3,2369,56,0.412,6,1,6116.0,36,0.42260355,9,Lower-risk active
710831133,0,2,1582,47,0.082,5,2,18085.0,36,0.0008661077,2,Lower-risk active
766706358,0,3,1800,33,0.553,6,0,2524.0,32,0.017957782,7,Lower-risk active
816533733,0,2,1567,44,0.0,5,2,33951.0,45,0.26513442,9,Lower-risk active
712373208,1,3,647,19,0.0,3,2,3312.0,35,0.9952349,10,Dormant high-risk
721433283,0,2,1447,39,0.112,3,2,9956.0,20,0.015155397,7,Lower-risk active
720680058,0,1,1145,37,0.428,6,3,3888.0,36,0.013673867,7,Lower-risk active
716909283,0,1,3280,78,0.0,3,3,30655.0,48,0.005387091,5,Lower-risk active
754654383,0,2,1577,35,0.465,4,0,2997.0,23,0.0014261656,3,Lower-risk active
719226333,0,3,1140,25,0.2,5,2,11042.0,24,0.011405321,6,Lower-risk active
779759058,0,3,1736,40,0.53,6,2,3386.0,41,0.0036709306,5,Lower-risk active
718206783,0,1,1436,36,0.103,6,3,15987.0,36,0.0014022385,3,Lower-risk active
715783758,0,3,1513,38,0.051,5,3,25188.0,30,0.05190979,8,Lower-risk active
771190083,0,2,2505,69,0.707,6,1,2410.0,23,0.008938149,6,Lower-risk active
713135883,0,3,1723,51,0.166,4,0,4315.0,53,0.0062834914,6,Lower-risk active
778799583,0,1,1695,48,0.859,6,1,2592.0,24,0.005102088,5,Lower-risk active
808796208,0,3,1532,44,0.46,5,2,5476.0,49,0.0737112,8,Lower-risk active
708313608,0,3,2110,43,0.859,5,0,2464.0,43,0.15936553,8,Lower-risk active
779330208,0,2,1807,45,0.677,3,3,2378.0,44,0.20360236,8,Lower-risk active
794498733,0,4,1687,46,0.08,6,3,20056.0,21,0.12333449,8,Lower-risk active
807964908,0,2,1481,45,0.253,4,2,8013.0,36,0.0074449717,6,Lower-risk active
823845783,0,2,1318,37,0.586,6,3,3386.0,49,0.030379573,7,Lower-risk active
711748983,0,3,1946,45,0.206,3,2,7906.0,17,0.02419889,7,Lower-risk active
718064283,0,3,1481,41,0.062,4,0,11501.0,34,0.020088414,7,Lower-risk active
710492733,0,1,2168,42,0.109,4,2,13632.0,19,0.025288787,7,Lower-risk active
779016408,0,1,1583,32,0.803,6,3,2229.0,27,0.0023514659,4,Lower-risk active
717787533,0,1,1229,34,0.425,4,1,5158.0,40,0.011952659,6,Lower-risk active
714851058,0,3,1718,42,0.801,3,0,2158.0,21,0.0044123144,5,Lower-risk active
823535133,0,2,1402,34,0.054,6,2,23271.0,41,0.001987324,3,Lower-risk active
708455883,1,3,1127,29,0.084,2,2,10244.0,36,0.95156384,9,Dormant high-risk
780095808,0,2,1053,31,0.645,3,1,2588.0,30,0.15285996,8,Lower-risk active
709207458,0,2,1340,25,0.149,4,3,10747.0,27,0.006524885,6,Lower-risk active
763895958,1,3,732,21,0.0,4,1,7474.0,46,0.9926139,10,Dormant high-risk
715942683,0,1,2346,71,0.0,3,3,3555.0,36,0.020730691,7,Lower-risk active
721301733,0,3,1580,45,0.033,6,2,22140.0,38,0.006461962,6,Lower-risk active
711927108,1,3,1196,28,0.037,2,4,9457.0,36,0.9498085,9,Dormant high-risk
718083483,0,5,2086,50,0.343,4,0,6218.0,35,0.0024560825,4,Lower-risk active
717548358,0,3,1665,57,0.878,3,1,2580.0,25,0.0057275468,5,Lower-risk active
816829608,0,2,1495,39,0.0,6,2,1438.3,39,0.21864448,8,Lower-risk active
713936583,0,3,2187,58,0.304,6,1,6224.0,43,0.015088423,7,Lower-risk active
709682658,0,3,1371,23,0.814,5,1,3093.0,36,0.012631739,6,Lower-risk active
793889508,0,3,1235,37,0.0,4,3,4076.0,42,0.25181684,8,Lower-risk active
714648933,0,2,1556,40,0.231,3,0,4861.0,36,0.0048451982,5,Lower-risk active
711556533,0,3,1212,24,0.0,6,3,9851.0,36,0.25999352,9,Lower-risk active
717420333,0,3,2701,60,0.342,4,2,7349.0,26,0.0932078,8,Lower-risk active
768921933,0,3,1750,47,0.848,3,3,2853.0,28,0.015515807,7,Lower-risk active
714311583,0,3,1610,43,0.064,4,2,17023.0,36,0.039998095,7,Lower-risk active
717707133,0,2,2184,63,0.231,6,3,10060.0,24,0.007254823,6,Lower-risk active
716043258,0,1,1745,41,0.545,6,2,1595.0,41,0.012211048,6,Lower-risk active
716343408,0,2,1381,40,0.163,3,1,8475.0,38,0.0373198,7,Lower-risk active
718909158,0,3,1793,37,0.118,6,3,5559.0,25,0.020299342,7,Lower-risk active
719471433,0,3,1831,36,0.729,3,2,2917.0,22,0.0017940755,3,Lower-risk active
712763808,0,3,1468,36,0.304,3,3,6692.0,36,0.3730995,9,Lower-risk active
711147483,1,2,1097,32,0.125,2,3,8551.0,28,0.9683262,9,Contacted but fragile
719788833,0,2,1682,44,0.0,6,3,10569.0,36,0.046420295,8,Lower-risk active
715168983,0,2,1451,37,0.0,5,2,7051.0,36,0.34587368,9,Lower-risk active
714306258,0,2,1509,44,0.222,3,1,10117.0,46,0.015495141,7,Lower-risk active
713828208,0,2,1895,57,0.0,6,1,8311.0,36,0.374928,9,Lower-risk active
710574558,0,3,1403,40,0.062,5,2,26442.0,41,0.023395963,7,Lower-risk active
710947683,0,3,1420,31,0.232,6,1,4920.0,51,0.014486618,7,Lower-risk active
711113958,0,2,1717,31,0.469,6,1,1438.3,25,0.0034183443,4,Lower-risk active
718923858,0,2,1131,29,0.045,5,2,26750.0,29,0.07072603,8,Lower-risk active
752666508,0,3,1005,22,0.039,4,3,34516.0,34,0.055205964,8,Lower-risk active
712672083,0,3,948,24,0.519,3,2,1438.3,36,0.37656057,9,Lower-risk active
719863758,0,2,1549,34,0.406,6,2,1869.0,41,0.05814371,8,Lower-risk active
720990183,1,2,965,26,0.0,5,3,14539.0,36,0.9890055,10,Contacted but fragile
720718908,0,1,1958,41,0.073,5,3,26977.0,36,0.017071303,7,Lower-risk active
721250358,0,1,1266,22,0.272,3,3,5426.0,36,0.007972887,6,Lower-risk active
779773533,0,1,1367,29,0.33,6,3,7623.0,34,0.008130298,6,Lower-risk active
708249708,0,3,1489,48,0.325,3,3,4844.0,39,0.06158462,8,Lower-risk active
713967783,0,1,1582,33,0.636,6,1,2683.0,52,0.00014243729,1,Lower-risk active
779506158,0,1,2516,42,0.702,3,2,3214.0,22,0.010857309,6,Lower-risk active
759823158,0,3,1557,49,0.432,4,3,5374.0,39,0.2163968,8,Lower-risk active
716608608,1,3,1084,32,0.181,5,3,8004.0,33,0.7487661,9,Dormant high-risk
789528183,0,2,2583,47,0.693,4,3,1438.3,31,0.07436956,8,Lower-risk active
708895158,0,3,1371,30,0.809,3,3,2925.0,34,0.070174105,8,Lower-risk active
824805858,0,3,1537,49,0.16,5,3,9235.0,35,0.023243163,7,Lower-risk active
720840108,0,3,3753,60,0.238,5,0,8837.0,24,0.001363241,2,Lower-risk active
787595658,0,1,1104,31,0.161,6,1,8801.0,29,0.013911363,7,Lower-risk active
720244983,0,1,1482,42,0.479,4,1,3563.0,28,0.010913677,6,Lower-risk active
713220258,0,3,1299,29,0.259,4,2,8138.0,36,0.0014216609,3,Lower-risk active
813469458,0,3,2167,48,0.468,6,3,1438.3,20,0.07219656,8,Lower-risk active
788939358,0,2,1563,40,0.569,4,2,2458.0,33,0.0011509215,2,Lower-risk active
718870158,0,2,1772,52,0.356,5,3,4592.0,34,0.024796661,7,Lower-risk active
788673708,1,1,1254,35,0.0,2,3,1438.3,45,0.78342927,9,Contacted but fragile
711809283,0,3,2229,35,0.811,3,3,1868.0,36,0.06616899,8,Lower-risk active
816513108,0,1,2195,63,0.209,3,2,5269.0,49,0.0014904566,3,Lower-risk active
718594608,0,3,1362,28,0.087,3,3,20156.0,36,0.1457623,8,Lower-risk active
823606983,0,3,2398,37,0.34,4,2,7410.0,35,0.009948064,6,Lower-risk active
717028158,0,2,2649,56,0.171,3,3,12163.0,44,0.028608687,7,Lower-risk active
788485908,0,2,1463,34,0.0,3,3,6224.0,37,0.18953678,8,Lower-risk active
714472608,0,3,1174,27,0.258,3,3,4250.0,49,0.010085625,6,Lower-risk active
710793783,0,3,1836,36,0.164,6,1,12059.0,40,0.011674915,6,Lower-risk active
794340033,0,1,1817,39,0.63,5,3,2799.0,28,0.006151872,6,Lower-risk active
716462658,0,1,1387,36,0.0,3,1,18037.0,36,0.14375408,8,Lower-risk active
718050033,0,2,2028,55,0.304,3,3,5657.0,43,0.076671444,8,Lower-risk active
714023808,0,1,1582,36,0.183,6,1,13770.0,33,0.020294823,7,Lower-risk active
716341833,0,2,1774,37,0.372,6,3,4646.0,44,0.014332274,7,Lower-risk active
719648358,0,3,1636,36,0.605,3,1,2514.0,35,0.106637,8,Lower-risk active
816600933,1,2,1031,25,0.0,3,3,14501.0,51,0.9869321,10,Contacted but fragile
714208533,1,3,916,33,0.033,1,3,8663.0,36,0.9976587,10,Dormant high-risk
713095533,0,3,1198,31,0.637,5,3,2333.0,36,0.016863687,7,Lower-risk active
809967783,0,5,2189,54,0.507,5,3,3038.0,26,0.12220069,8,Lower-risk active
715848408,0,6,1257,36,0.0,6,1,8851.0,52,0.25823948,9,Lower-risk active
714414483,0,3,1503,35,0.749,6,1,2945.0,44,0.0017335882,3,Lower-risk active
708655983,0,3,1353,24,0.0,3,2,5267.0,40,0.5997995,9,Dormant high-risk
720426708,1,1,811,27,0.0,2,3,8512.0,45,0.9975103,10,Contacted but fragile
713743158,0,3,1270,21,0.09,4,2,19063.0,36,0.0061357245,6,Lower-risk active
721279083,0,3,1840,53,0.219,5,3,5376.0,33,0.03460003,7,Lower-risk active
779149683,0,1,2585,75,0.243,5,2,7772.0,13,0.0038014683,5,Lower-risk active
714970458,0,1,1807,33,0.223,6,1,9173.0,29,0.00047240572,1,Lower-risk active
719070108,0,1,1729,52,0.05,4,3,34516.0,35,0.0030683181,4,Lower-risk active
715490733,0,1,1211,35,0.129,5,2,11975.0,36,0.0061165197,6,Lower-risk active
714989583,0,2,1763,44,0.11,3,3,15405.0,36,0.11636777,8,Lower-risk active
820355433,0,1,1395,34,0.0,6,1,2615.0,38,0.07337166,8,Lower-risk active
715901508,0,1,1843,43,0.096,6,2,23991.0,25,0.0014756079,3,Lower-risk active
710370483,0,3,1517,33,0.684,4,3,1888.0,31,0.0031796817,4,Lower-risk active
778573233,0,2,1977,50,0.674,3,2,3102.0,54,0.030839853,7,Lower-risk active
708833133,0,2,2027,49,0.794,5,2,3170.0,29,0.0049261693,5,Lower-risk active
719885883,0,2,1497,43,0.055,6,0,34516.0,36,0.0003483491,1,Lower-risk active
712523283,0,3,1134,31,0.0,4,2,14938.0,41,0.15607661,8,Lower-risk active
711309033,0,2,3663,65,0.134,6,2,17298.0,24,0.0021692582,4,Lower-risk active
708134283,0,3,1483,31,0.201,4,3,3131.0,36,0.08469038,8,Lower-risk active
720147633,0,2,1956,63,0.137,3,2,11915.0,47,0.0052477657,5,Lower-risk active
708983658,1,3,940,25,0.0,3,1,16868.0,39,0.9950321,10,Dormant high-risk
766285608,0,3,2183,56,0.582,4,3,3266.0,35,0.015936986,7,Lower-risk active
779715108,0,3,2920,74,0.464,3,3,2770.0,30,0.007365902,6,Lower-risk active
798035358,0,2,1221,41,0.611,3,2,3556.0,40,0.13157313,8,Lower-risk active
719391783,0,2,1790,60,0.171,3,2,9149.0,35,0.0037788532,5,Lower-risk active
809342208,0,1,2005,47,0.0,4,2,1438.3,19,0.081169516,8,Lower-risk active
780713058,0,3,3490,69,0.111,4,3,14701.0,35,0.0038393072,5,Lower-risk active
779338683,0,2,1904,49,0.065,5,2,14825.0,44,0.027785283,7,Lower-risk active
783387783,0,5,1647,53,0.185,4,3,10127.0,49,0.075951315,8,Lower-risk active
787800108,0,1,1903,39,0.83,5,2,2929.0,45,0.0018837397,3,Lower-risk active
721397808,0,2,1564,41,0.315,5,0,3735.0,24,0.00034603415,1,Lower-risk active
778698408,0,1,1686,34,0.691,5,2,2930.0,18,0.003353871,4,Lower-risk active
709545333,0,2,2412,64,0.118,6,3,12716.0,29,0.006900377,6,Lower-risk active
716032233,0,2,3981,65,0.082,5,2,22120.0,32,0.0021280928,3,Lower-risk active
717835908,0,3,2730,48,0.473,3,3,1438.3,22,0.07392807,8,Lower-risk active
719466558,0,2,1361,34,0.0,3,2,4546.0,36,0.34054482,9,Lower-risk active
778663458,1,2,821,18,0.0,3,1,1759.0,47,0.99540675,10,Lower-risk active
716024808,1,3,938,21,0.501,3,3,4829.0,36,0.96855664,9,Dormant high-risk
713008308,0,3,1861,42,0.218,5,2,7692.0,47,0.0075733266,6,Lower-risk active
794831733,0,3,1345,28,0.56,4,2,2156.0,39,0.010237711,6,Lower-risk active
713854608,0,3,2444,63,0.175,6,3,9521.0,36,0.011990329,6,Lower-risk active
715993608,0,3,1686,50,0.094,6,2,26714.0,41,0.05296809,8,Lower-risk active
789368658,0,2,1468,30,0.663,6,3,2092.0,47,0.03177838,7,Lower-risk active
802817358,0,2,2320,51,0.179,4,1,11594.0,32,0.1565274,8,Lower-risk active
708098133,0,1,1598,39,0.5,6,0,2834.0,19,0.000114322356,1,Lower-risk active
801499908,0,3,1232,31,0.435,4,2,4724.0,37,0.094410636,8,Lower-risk active
824770683,0,4,4027,76,0.378,6,3,3049.0,47,0.0023008764,4,Lower-risk active
718310733,0,3,1922,48,0.0,4,1,20614.0,36,0.46787658,9,Lower-risk active
708162558,0,1,1355,36,0.613,6,2,3250.0,54,0.0012622115,2,Lower-risk active
721129383,0,1,2361,42,0.805,3,2,3128.0,36,0.63085586,9,Lower-risk active
721249158,1,2,708,14,0.0,2,3,6414.0,30,0.9993668,10,Contacted but fragile
721049658,0,3,1687,62,0.0,6,0,2506.0,34,0.018889207,7,Lower-risk active
806392908,0,2,1212,33,0.313,6,3,7469.0,47,0.1521984,8,Lower-risk active
714886533,0,3,1752,34,0.727,4,2,3460.0,36,0.0014262281,3,Lower-risk active
772375533,0,3,1560,39,0.239,5,2,9959.0,19,0.0008478044,2,Lower-risk active
826775058,0,1,1520,36,0.603,4,2,4175.0,39,0.042833064,8,Lower-risk active
711878733,0,1,1685,45,0.202,3,3,10264.0,48,0.023557402,7,Lower-risk active
714550383,0,3,1678,40,0.0,4,3,4129.0,36,0.10271269,8,Lower-risk active
712636308,0,2,1627,26,0.57,6,2,2658.0,45,0.00034627243,1,Lower-risk active
772139433,0,2,1637,61,0.27,4,3,4589.0,33,0.005065128,5,Lower-risk active
709058808,0,1,1707,42,0.372,6,2,2781.0,36,0.0009478286,2,Lower-risk active
813240408,0,3,1208,25,0.034,4,2,24880.0,39,0.0030536954,4,Lower-risk active
767753958,0,1,1881,51,0.23,6,2,8504.0,31,0.004055012,5,Lower-risk active
710111733,0,1,1360,28,0.247,5,3,8091.0,39,0.0035583084,5,Lower-risk active
761544333,0,4,1641,32,0.737,4,3,3417.0,30,0.032989044,7,Lower-risk active
788814783,0,3,1820,58,0.092,4,3,9204.0,22,0.0088043315,6,Lower-risk active
715034358,0,2,1505,35,0.147,5,3,14302.0,32,0.1788959,8,Lower-risk active
709624533,0,2,1627,38,0.79,5,0,3187.0,45,0.0007385848,1,Lower-risk active
709942383,0,3,1703,34,0.124,5,2,6313.0,36,0.0063318405,6,Lower-risk active
803957508,0,1,1433,33,0.064,6,3,15904.0,47,0.06343492,8,Lower-risk active
713378133,0,2,2445,60,0.196,6,3,11696.0,39,0.0321705,7,Lower-risk active
709217358,0,3,1665,45,0.09,5,2,20371.0,36,0.002377565,4,Lower-risk active
720998358,0,3,1489,38,0.03,3,1,34516.0,41,0.06095462,8,Lower-risk active
721051908,0,1,1393,32,0.0,3,3,7552.0,33,0.55457664,9,Contacted but fragile
715232058,0,1,1820,42,0.258,5,2,5561.0,53,0.0003321923,1,Lower-risk active
806250783,0,3,2742,58,0.0,6,2,1441.0,52,0.14469263,8,Lower-risk active
817245183,0,2,1979,40,0.051,6,2,19715.0,33,0.008487739,6,Lower-risk active
713670333,0,3,1378,27,0.589,5,2,2486.0,52,0.01829922,7,Lower-risk active
826477083,0,1,1520,34,0.534,5,3,4570.0,44,0.026357435,7,Lower-risk active
788728608,0,3,1588,36,0.36,3,2,3870.0,13,0.003913035,5,Lower-risk active
717190533,0,3,1282,32,0.051,6,2,12938.0,36,0.0085937325,6,Lower-risk active
716580033,0,1,1872,59,0.085,3,3,21178.0,36,0.00046876713,1,Lower-risk active
711644508,0,2,2295,63,0.093,3,0,12182.0,36,0.006429376,6,Lower-risk active
714334383,0,2,1065,28,0.0,6,0,3583.0,42,0.006401158,6,Lower-risk active
720611058,0,2,1550,47,0.0,4,3,17018.0,27,0.17798409,8,Lower-risk active
712420833,0,3,1527,57,0.14,6,2,16031.0,41,0.024237579,7,Lower-risk active
713845083,1,2,1489,43,0.599,6,3,4203.0,36,0.5693126,9,Contacted but fragile
713756508,0,1,1264,30,0.237,5,3,4213.0,36,0.007973939,6,Lower-risk active
735565158,0,2,1582,38,0.055,6,2,21548.0,33,0.012012347,6,Lower-risk active
714131058,0,5,1567,33,0.136,3,3,18513.0,36,0.1030618,8,Lower-risk active
717180633,0,2,1704,35,0.553,4,2,2483.0,36,0.004191218,5,Lower-risk active
717295683,0,2,1546,35,0.544,5,2,3460.0,38,0.002333639,4,Lower-risk active
713128833,0,3,1478,38,0.275,5,2,6511.0,36,0.20035161,8,Lower-risk active
813499458,1,3,2132,31,0.0,3,1,1438.3,40,0.98494935,10,Dormant high-risk
710070183,0,2,1419,38,0.678,3,2,2615.0,36,0.044769045,8,Lower-risk active
789605658,0,3,1065,27,0.789,4,2,2985.0,35,0.07915859,8,Lower-risk active
710045058,0,1,1364,40,0.115,5,3,18797.0,28,0.016914675,7,Lower-risk active
710164683,0,1,2247,36,0.88,3,3,2859.0,22,0.008950478,6,Lower-risk active
710802258,0,3,1111,26,0.777,4,0,2888.0,38,0.04589841,8,Lower-risk active
721036233,0,3,1836,42,0.171,4,3,9172.0,36,0.0015231117,3,Lower-risk active
710036508,0,3,1164,35,0.106,5,2,14281.0,34,0.29333782,9,Lower-risk active
717776808,0,2,2005,54,0.197,3,3,7353.0,39,0.21182233,8,Lower-risk active
714906033,0,2,1588,35,0.0,6,2,5145.0,36,0.044337206,8,Lower-risk active
714273708,0,2,2242,49,0.52,3,3,4753.0,36,0.04323665,8,Lower-risk active
721117533,0,3,1415,45,0.653,3,3,2171.0,26,0.18629375,8,Lower-risk active
715374558,0,2,2483,74,0.11,5,3,4150.0,36,0.0014232316,3,Lower-risk active
824807658,0,3,1239,33,0.272,6,3,9106.0,41,0.07985272,8,Lower-risk active
714940608,0,3,2057,53,0.645,3,2,2686.0,36,0.1126319,8,Lower-risk active
824782008,0,1,1228,26,0.05,5,2,10239.0,38,0.19151844,8,Lower-risk active
717561108,0,3,1629,32,0.016,4,2,34516.0,36,0.20100783,8,Lower-risk active
717127083,0,3,2076,58,0.115,3,0,15017.0,25,0.028294211,7,Lower-risk active
772460508,0,1,1231,34,0.346,3,2,4426.0,43,0.007067003,6,Lower-risk active
720484908,0,3,1655,27,0.0,5,3,2155.0,52,0.0022093672,4,Lower-risk active
771237933,0,1,1477,23,0.053,4,3,20620.0,34,0.002487127,4,Lower-risk active
794664183,0,1,1501,45,0.663,3,3,3238.0,19,0.00855002,6,Lower-risk active
797488158,0,3,1313,36,0.076,5,0,14316.0,46,0.0026238742,4,Lower-risk active
708543258,0,3,2045,39,0.721,5,2,2607.0,36,0.0024440505,4,Lower-risk active
778706508,0,5,1448,30,0.0,3,4,6231.0,24,0.20637065,8,Lower-risk active
712240083,1,2,858,22,0.675,6,2,3730.0,30,0.95783806,9,Lower-risk active
713650683,0,1,1591,37,0.732,4,4,3094.0,56,0.012010406,6,Lower-risk active
772532208,1,2,842,24,0.138,2,3,6630.0,41,0.9988544,10,Contacted but fragile
778929783,1,2,781,28,0.0,2,3,1925.0,22,0.9990213,10,Contacted but fragile
714244383,0,2,1529,30,0.051,4,3,33406.0,36,0.0010131602,2,Lower-risk active
718797558,0,2,2422,46,0.465,3,3,2917.0,30,0.1345616,8,Lower-risk active
712821333,0,3,1825,50,0.266,3,3,9452.0,47,0.12005364,8,Lower-risk active
721120008,0,3,1555,29,0.637,6,2,2162.0,29,0.016327066,7,Lower-risk active
709633533,0,2,2789,50,0.0,3,4,1438.3,18,0.068942346,8,Lower-risk active
710789058,0,2,1308,41,0.043,4,3,34516.0,42,0.040025808,7,Lower-risk active
716174433,0,3,2489,54,0.393,3,3,2888.0,54,0.03270574,7,Lower-risk active
789886533,0,3,1110,21,0.442,3,3,3947.0,44,0.09126262,8,Lower-risk active
715210308,0,3,1260,32,0.076,3,4,15970.0,31,0.10901876,8,Lower-risk active
721038408,0,1,1741,43,0.0,4,2,1830.0,27,0.06142937,8,Lower-risk active
713325108,0,3,1845,40,0.326,5,3,7712.0,29,0.07070483,8,Lower-risk active
720352533,0,3,1483,38,0.068,5,3,20811.0,36,0.23239258,8,Lower-risk active
708431433,0,3,1463,32,0.12,3,2,11789.0,31,0.011369284,6,Lower-risk active
716996583,0,1,1734,35,0.583,3,2,3073.0,37,0.0007749943,1,Lower-risk active
718699683,0,2,1733,54,0.0,6,2,34516.0,36,0.21118377,8,Lower-risk active
771359958,0,2,1689,42,0.073,6,2,34516.0,26,0.005583792,5,Lower-risk active
716604633,0,2,1865,53,0.301,6,2,6725.0,46,0.013532193,7,Lower-risk active
813952233,0,2,1413,46,0.717,5,4,2978.0,39,0.043369133,8,Lower-risk active
713053383,1,1,853,12,0.023,1,3,34516.0,36,0.998295,10,Contacted but fragile
709979583,0,1,1999,54,0.025,3,3,34516.0,46,0.051163197,8,Lower-risk active
709380333,0,2,1671,45,0.071,6,3,24545.0,36,0.016351858,7,Lower-risk active
778574283,0,2,2118,64,0.0,5,3,1438.3,46,0.27843872,9,Lower-risk active
789875883,0,1,1391,45,0.252,5,2,2490.0,31,0.14458485,8,Lower-risk active
714661233,0,2,1729,52,0.25,6,4,10074.0,24,0.019550117,7,Lower-risk active
813915933,0,3,1393,35,0.422,3,2,2259.0,40,0.020043273,7,Lower-risk active
708358683,0,3,1665,40,0.036,6,2,34516.0,35,0.029380275,7,Lower-risk active
824761458,0,2,2489,62,0.203,4,3,9519.0,50,0.017474229,7,Lower-risk active
715362183,0,1,1688,38,0.281,3,2,3706.0,36,0.26005566,9,Lower-risk active
721194858,0,2,1725,60,0.557,6,2,4438.0,40,0.030900462,7,Lower-risk active
803595858,1,2,594,14,0.0,5,1,1438.3,51,0.98453355,10,Lower-risk active
716198358,0,2,1852,55,0.796,4,3,2372.0,36,0.012474271,6,Lower-risk active
714173808,0,1,1389,34,0.296,5,2,4214.0,34,0.006481634,6,Lower-risk active
709465758,0,1,902,31,0.0,3,3,1438.3,53,0.9957496,10,Contacted but fragile
714081558,0,2,1387,31,0.612,4,4,2613.0,36,0.0067122034,6,Lower-risk active
717364458,0,1,2053,33,0.334,6,4,4331.0,26,0.0011666807,2,Lower-risk active
778755858,0,1,1881,55,0.471,5,3,3665.0,27,0.11347724,8,Lower-risk active
710754933,1,2,840,20,0.0,6,3,1438.3,49,0.97325665,9,Contacted but fragile
720007383,1,1,803,15,0.571,2,3,4411.0,28,0.9976955,10,Contacted but fragile
810220833,0,6,1562,43,0.131,3,2,15871.0,37,0.0058330516,6,Lower-risk active
718362783,1,2,787,21,0.0,3,3,12643.0,27,0.9986072,10,Contacted but fragile
708267858,0,2,2098,52,0.352,5,3,6088.0,36,0.0043737465,5,Lower-risk active
708856983,1,1,694,18,0.0,2,2,13873.0,27,0.9985689,10,Mono-product exposed
715588908,0,2,3132,66,0.0,3,3,6158.0,32,0.011530785,6,Lower-risk active
772674933,0,3,2036,50,0.143,5,3,5638.0,41,0.33592448,9,Lower-risk active
720148983,0,2,1724,47,0.525,5,4,2178.0,40,0.00075793406,1,Lower-risk active
720650208,0,3,1561,26,0.159,3,3,12588.0,22,0.017871296,7,Lower-risk active
769732233,0,2,1085,29,0.138,6,4,11942.0,34,0.21372896,8,Lower-risk active
713030958,0,3,1964,54,0.0,6,2,3914.0,44,0.7106824,9,Dormant high-risk
711320508,0,2,1762,34,0.464,4,4,3038.0,49,0.023970585,7,Lower-risk active
795795408,0,1,1514,47,0.255,3,3,5579.0,47,0.0074518532,6,Lower-risk active
717904383,0,1,1516,44,0.11,5,2,18693.0,31,0.0031347775,4,Lower-risk active
714115533,0,1,2591,55,0.608,5,3,2943.0,18,0.0029328957,4,Lower-risk active
712475733,0,2,1847,39,0.775,4,3,2435.0,28,0.016742498,7,Lower-risk active
718996758,0,2,1629,36,0.67,5,2,2077.0,30,0.00024682048,1,Lower-risk active
713049933,0,2,2144,44,0.0,5,2,5756.0,36,0.690876,9,Lower-risk active
709961958,1,1,1060,32,0.119,4,1,21065.0,45,0.9045796,9,Lower-risk active
718301508,0,3,1457,43,0.187,6,2,9428.0,30,0.01344539,7,Lower-risk active
714831033,0,1,1114,27,0.285,4,3,6065.0,47,0.007047756,6,Lower-risk active
710653158,0,1,1925,40,0.321,6,4,5024.0,21,0.015836455,7,Lower-risk active
721265883,0,3,2510,44,0.696,3,2,2174.0,13,0.23989686,8,Lower-risk active
715049583,0,3,1169,31,0.689,5,3,3398.0,54,0.10579504,8,Lower-risk active
715394883,0,2,1852,47,0.266,3,4,4319.0,36,0.12772252,8,Lower-risk active
773448558,0,3,1257,34,0.624,6,3,3673.0,40,0.060736652,8,Lower-risk active
717249783,0,2,1931,67,0.408,5,2,1815.0,39,0.0058074915,5,Lower-risk active
708344358,0,1,1311,31,0.543,5,3,2495.0,45,0.008336098,6,Lower-risk active
712003083,0,2,1612,33,0.061,3,4,34516.0,36,0.014637345,7,Lower-risk active
754282908,0,1,2022,59,0.251,3,3,3368.0,43,0.034341916,7,Lower-risk active
717412608,1,2,738,16,0.0,3,2,7225.0,28,0.99788135,10,Lower-risk active
719412258,0,3,1558,48,0.157,5,4,5202.0,30,0.0028369413,4,Lower-risk active
788675658,0,2,1670,37,0.439,6,4,1923.0,29,0.10580363,8,Lower-risk active
717683583,0,2,1388,27,0.244,4,3,6929.0,36,0.0029616796,4,Lower-risk active
820584408,0,3,1392,38,0.345,3,2,4364.0,44,0.0052039665,5,Lower-risk active
719392833,0,3,1311,34,0.672,3,2,2400.0,38,0.047616333,8,Lower-risk active
718595583,0,2,1777,54,0.067,3,3,25878.0,36,0.057334915,8,Lower-risk active
778508883,0,1,1367,33,0.162,4,4,11876.0,24,0.0056992453,5,Lower-risk active
715511658,0,1,1431,27,0.0,3,4,4568.0,39,0.21918477,8,Lower-risk active
711999783,0,2,1406,23,0.284,4,2,4740.0,31,0.015208092,7,Lower-risk active
753856008,0,1,3597,64,0.302,6,4,4949.0,42,0.00089159474,2,Lower-risk active
789920883,0,3,2959,58,0.225,3,4,11189.0,36,0.022736244,7,Lower-risk active
788677533,0,3,1594,43,0.035,4,4,34516.0,31,0.0031506873,4,Lower-risk active
716284308,0,2,1319,34,0.357,3,2,6099.0,55,0.011231521,6,Lower-risk active
712120608,1,2,861,15,0.527,3,3,3575.0,27,0.945762,9,Contacted but fragile
715482483,0,2,2253,59,0.446,5,3,3184.0,36,0.010072865,6,Lower-risk active
720848733,0,3,1815,33,0.092,4,2,13363.0,24,0.078573585,8,Lower-risk active
708480333,0,2,2229,57,0.431,5,3,2163.0,36,0.013258039,7,Lower-risk active
826723308,0,1,1008,21,0.605,5,4,3452.0,54,0.14794892,8,Lower-risk active
801369258,0,2,1757,59,0.174,6,2,4466.0,41,0.008533625,6,Lower-risk active
709584483,0,1,1805,44,0.831,4,4,3030.0,25,0.03982148,7,Lower-risk active
715708308,0,1,1338,29,0.755,3,3,2112.0,39,0.00069813355,1,Lower-risk active
779707308,0,1,2229,53,0.214,5,2,7583.0,18,0.0009459097,2,Lower-risk active
711688158,0,3,1498,49,0.196,5,4,11760.0,27,0.010079291,6,Lower-risk active
711848658,0,3,1790,31,0.786,3,2,2259.0,17,0.0023591097,4,Lower-risk active
715855083,0,2,2793,67,0.026,6,4,19762.0,36,0.078640744,8,Lower-risk active
778971408,0,2,1968,64,0.659,5,4,2803.0,17,0.00676273,6,Lower-risk active
711648708,0,3,4088,84,0.029,3,2,25666.0,36,0.0016897371,3,Lower-risk active
713149683,0,1,1264,31,0.179,5,4,9297.0,24,0.008929722,6,Lower-risk active
771903033,0,1,2017,40,0.416,5,2,2999.0,25,0.0134195965,7,Lower-risk active
737925558,0,2,1439,42,0.447,3,2,4234.0,56,0.010448379,6,Lower-risk active
803347908,0,3,2327,65,0.0,4,2,15987.0,28,0.004147429,5,Lower-risk active
817285758,0,5,1721,56,0.0,5,3,16435.0,33,0.27658513,9,Lower-risk active
711480108,0,1,1888,43,0.402,3,4,5335.0,24,0.029813243,7,Lower-risk active
709662708,0,3,1953,61,0.458,3,3,3506.0,53,0.03444355,7,Lower-risk active
709224858,0,1,1652,40,0.451,5,2,3610.0,36,0.0027847663,4,Lower-risk active
821771508,0,1,1939,36,0.648,5,2,3172.0,28,0.012115814,6,Lower-risk active
712216533,0,2,1715,43,0.093,6,3,8206.0,34,0.046110164,8,Lower-risk active
710522433,0,2,2372,53,0.62,3,2,2416.0,46,0.2387116,8,Lower-risk active
779046408,0,2,1238,30,0.765,3,4,2458.0,41,0.019443143,7,Lower-risk active
708595158,0,1,2389,43,0.953,6,2,1677.0,36,0.12150069,8,Lower-risk active
757266933,0,1,2431,46,0.079,4,4,11819.0,45,0.62989604,9,Contacted but fragile
816776283,0,1,1534,30,0.052,5,2,34516.0,37,0.00021821042,1,Lower-risk active
719904333,0,3,2229,52,0.404,3,4,1459.0,36,0.0074955784,6,Lower-risk active
718264233,0,1,2449,56,0.46,4,4,1458.0,13,0.014427131,7,Lower-risk active
784798683,0,2,1999,39,0.0,3,2,1438.3,32,0.86542404,9,Lower-risk active
710899833,1,1,569,23,0.181,3,3,7758.0,18,0.96712506,9,Contacted but fragile
780025908,0,2,1293,31,0.178,4,2,10836.0,30,0.0028689764,4,Lower-risk active
713610033,0,3,1314,40,0.394,5,3,5062.0,36,0.048012223,8,Lower-risk active
709364433,0,2,1571,34,0.639,6,2,3399.0,30,0.0019763215,3,Lower-risk active
713086908,0,2,2520,51,0.755,5,2,2212.0,36,0.04107185,7,Lower-risk active
709793133,0,1,1531,37,0.775,6,4,3186.0,36,0.12469088,8,Lower-risk active
710032608,0,1,1558,46,0.391,3,3,5927.0,32,0.03888675,7,Lower-risk active
779351208,0,1,1902,56,0.0,4,4,5176.0,34,0.040922433,7,Lower-risk active
719776608,0,1,1388,41,0.0,3,3,3126.0,37,0.46763116,9,Lower-risk active
709220583,0,4,2256,56,0.0,6,2,4670.0,21,0.2195014,8,Lower-risk active
719555733,0,3,1736,42,0.736,4,3,2162.0,36,0.11386644,8,Lower-risk active
740852733,0,1,1685,49,0.178,4,2,10155.0,42,0.0011833344,2,Lower-risk active
709528308,0,2,1876,57,0.077,4,3,15242.0,46,0.18176076,8,Lower-risk active
715127208,0,3,1699,48,0.073,4,2,34516.0,36,0.039491445,7,Lower-risk active
817144458,0,1,2580,67,0.854,5,2,1438.3,17,0.012203154,6,Lower-risk active
710628783,0,1,1445,45,0.033,6,3,34516.0,36,0.0014297379,3,Lower-risk active
772145658,0,1,1394,28,0.127,4,3,16043.0,32,0.002446349,4,Lower-risk active
739594758,1,3,818,16,0.791,6,2,3181.0,44,0.9699092,9,Dormant high-risk
789198708,0,1,1135,24,0.0,3,2,27088.0,47,0.021682767,7,Lower-risk active
720953658,0,3,1824,53,0.161,5,4,5688.0,36,0.00095069193,2,Lower-risk active
771330558,0,2,1267,31,0.174,5,3,10462.0,38,0.019723963,7,Lower-risk active
714078558,1,1,1315,31,0.0,2,1,5249.0,53,0.30986091,9,Mono-product exposed
712207683,0,3,1555,37,0.133,3,2,5155.0,36,0.129648,8,Lower-risk active
788826408,0,1,2434,58,0.126,6,3,10705.0,16,0.0019618883,3,Lower-risk active
790128033,0,1,1302,36,0.082,3,2,16494.0,47,0.008946868,6,Lower-risk active
718082208,0,3,1717,50,0.363,5,4,6469.0,30,0.009628494,6,Lower-risk active
712037358,0,3,1509,45,0.345,3,2,5146.0,23,0.0028179607,4,Lower-risk active
711711483,0,1,1433,40,0.874,4,3,2800.0,50,0.029216683,7,Lower-risk active
718861458,0,1,1826,37,0.297,6,2,5159.0,36,0.007943715,6,Lower-risk active
709426608,0,2,2305,45,0.346,5,4,5248.0,46,0.44879565,9,Lower-risk active
811457058,0,3,1931,56,0.341,5,2,5881.0,46,0.023631932,7,Lower-risk active
773073558,0,3,1731,54,0.611,6,3,1467.0,36,0.10464745,8,Lower-risk active
715937133,0,2,1601,48,0.46,6,2,4999.0,52,0.009249625,6,Lower-risk active
713480583,0,2,1612,47,0.0,5,2,4668.0,36,0.014201155,7,Lower-risk active
716383683,0,3,1338,28,0.0,4,4,1438.3,36,0.2042479,8,Lower-risk active
713693958,0,3,1295,29,0.0,6,4,8638.0,27,0.64449334,9,Dormant high-risk
715443708,0,1,1385,31,0.138,5,3,9343.0,45,0.0026029488,4,Lower-risk active
770769483,0,1,1749,33,0.344,3,3,2256.0,21,0.095996514,8,Lower-risk active
789326808,0,1,1917,37,0.208,5,2,8267.0,15,0.012127811,6,Lower-risk active
712105533,0,3,2905,56,0.733,6,4,2235.0,20,0.037857,7,Lower-risk active
720674133,0,3,1672,48,0.543,5,2,3735.0,16,0.0020413238,3,Lower-risk active
779216358,1,2,773,17,0.0,2,3,2111.0,38,0.999035,10,Contacted but fragile
717322833,0,2,1578,30,0.187,5,2,10604.0,36,0.015027186,7,Lower-risk active
710279508,0,3,1537,35,0.046,5,2,21782.0,42,0.017025428,7,Lower-risk active
712168833,0,3,1426,37,0.689,6,3,2133.0,36,0.011966037,6,Lower-risk active
780581508,0,2,1410,37,0.095,5,4,16677.0,47,0.024762627,7,Lower-risk active
711957708,0,3,2064,33,0.586,6,4,2717.0,36,0.003375839,4,Lower-risk active
778782858,0,3,4449,82,0.234,5,3,3980.0,48,0.0016372676,3,Lower-risk active
712924383,1,2,990,22,0.116,3,2,8411.0,36,0.91610223,9,Lower-risk active
709366458,0,2,1972,41,0.626,3,4,2227.0,36,0.009477666,6,Lower-risk active
796990908,0,3,2227,61,0.054,5,2,34516.0,29,0.00075248966,1,Lower-risk active
715702758,0,3,1731,29,0.0,4,3,1860.0,36,0.5144926,9,Contacted but fragile
788974608,0,1,1561,41,0.828,5,3,2829.0,35,0.0018385699,3,Lower-risk active
714790008,0,2,1572,57,0.0,3,3,3764.0,36,0.4410472,9,Lower-risk active
787438983,0,2,1652,37,0.365,6,2,4559.0,23,0.012192273,6,Lower-risk active
713834358,0,3,1679,32,0.317,5,4,4701.0,25,0.046269655,8,Lower-risk active
710084883,0,2,2962,57,0.0,4,4,1631.0,22,0.020893876,7,Lower-risk active
710736558,0,3,1794,41,0.182,4,4,8096.0,36,0.010843932,6,Lower-risk active
788915283,0,1,1273,36,0.69,5,2,2304.0,29,0.0013230545,2,Lower-risk active
714916758,0,3,1309,45,0.0,3,2,5210.0,36,0.2703946,9,Lower-risk active
789611283,0,2,1347,30,0.384,5,3,5452.0,38,0.038897514,7,Lower-risk active
773288958,0,3,1592,30,0.197,6,3,7475.0,31,0.028674336,7,Lower-risk active
811721133,0,3,2021,50,0.526,5,3,2359.0,56,0.05480139,8,Lower-risk active
813961233,0,2,2465,88,0.396,5,2,4237.0,25,0.0016863949,3,Lower-risk active
783020958,0,6,1836,46,0.043,6,4,18582.0,33,0.06495289,8,Lower-risk active
715764483,0,2,1397,33,0.135,3,4,7202.0,37,0.29270944,9,Lower-risk active
798110358,0,2,1417,35,0.0,4,4,1438.3,56,0.2998591,9,Lower-risk active
715745508,0,1,1564,45,0.114,3,2,11221.0,34,0.00038151006,1,Lower-risk active
714350658,0,3,2979,55,0.1,6,4,18889.0,26,0.021737551,7,Lower-risk active
826478958,0,3,1578,41,0.775,4,3,2066.0,48,0.051329926,8,Lower-risk active
719127558,0,2,3015,65,0.031,6,4,34516.0,31,0.027035754,7,Lower-risk active
712454958,0,1,1539,38,0.516,6,2,2742.0,27,0.00041717416,1,Lower-risk active
718561458,0,1,1306,26,0.061,4,4,20050.0,36,0.014520198,7,Lower-risk active
822984108,0,1,2330,69,0.748,4,3,3046.0,30,0.0088990405,6,Lower-risk active
719469333,0,3,2456,69,0.112,6,4,6193.0,25,0.01918596,7,Lower-risk active
720871383,0,3,2366,49,0.354,5,3,5634.0,28,0.007171825,6,Lower-risk active
788827308,0,2,1793,38,0.349,6,4,4507.0,50,0.018112814,7,Lower-risk active
710180958,0,2,1598,31,0.828,5,3,3040.0,33,0.7462935,9,Contacted but fragile
778346283,0,3,1856,57,0.091,4,3,21006.0,33,0.0076987497,6,Lower-risk active
787547208,0,3,1852,62,0.233,3,4,7326.0,38,0.0018430988,3,Lower-risk active
714983283,1,1,862,19,0.0,6,3,3651.0,36,0.9595684,9,Contacted but fragile
789344358,0,1,1536,42,0.722,4,3,3416.0,47,0.049589787,8,Lower-risk active
710406633,1,3,1168,31,0.0,3,2,3664.0,36,0.89238685,9,Dormant high-risk
767653233,0,1,3154,59,0.153,6,3,6085.0,42,0.0013214351,2,Lower-risk active
719461008,0,3,1318,28,0.078,5,2,22332.0,38,0.005587026,5,Lower-risk active
789731433,0,2,2602,42,0.674,4,4,2063.0,13,0.27594277,9,Lower-risk active
775198608,0,3,1970,40,0.0,5,3,4429.0,32,0.0398023,7,Lower-risk active
717567333,0,3,1661,35,0.497,6,2,3991.0,26,0.0026642594,4,Lower-risk active
772794108,0,1,3165,65,0.296,5,4,2201.0,36,0.00616335,6,Lower-risk active
712072908,0,3,1382,40,0.258,4,2,2852.0,36,0.5176399,9,Lower-risk active
709328733,0,3,1258,24,0.253,6,3,9723.0,37,0.030770328,7,Lower-risk active
788107683,0,2,1814,43,0.248,6,3,5325.0,27,0.011189532,6,Lower-risk active
713757633,0,2,1596,42,0.175,3,4,7427.0,56,0.011088719,6,Lower-risk active
713279808,0,3,1816,30,0.233,6,3,5619.0,36,0.0005526156,1,Lower-risk active
712440483,0,1,1164,43,0.339,3,3,5413.0,44,0.031924993,7,Lower-risk active
715078383,0,1,1667,47,0.132,3,3,7646.0,36,0.068909235,8,Lower-risk active
709214358,0,3,1362,24,0.588,3,2,2420.0,30,0.0068769804,6,Lower-risk active
778399008,0,4,1598,45,0.0,3,2,4252.0,30,0.76176023,9,Dormant high-risk
811534983,0,2,1943,47,0.526,5,4,2031.0,49,0.12950994,8,Lower-risk active
719728383,0,1,2228,39,0.233,4,2,6861.0,28,0.0015807902,3,Lower-risk active
718726833,0,2,1665,36,0.0,4,4,3327.0,28,0.030429889,7,Lower-risk active
780605508,0,1,1170,23,0.497,5,3,2885.0,41,0.0038888983,5,Lower-risk active
719450508,0,3,2333,56,0.28,4,3,7272.0,41,0.13025105,8,Lower-risk active
711213108,0,3,2305,60,0.0,5,4,34516.0,36,0.14311315,8,Lower-risk active
708488208,0,3,2231,58,0.764,5,3,2515.0,47,0.014399007,7,Lower-risk active
717206508,0,2,1543,35,0.645,3,2,2798.0,36,0.0063619125,6,Lower-risk active
821836008,0,2,1233,26,0.061,5,4,34516.0,53,0.005473766,5,Lower-risk active
807244983,0,1,2283,55,0.473,6,2,1438.3,56,0.18848245,8,Lower-risk active
821872758,0,2,2121,49,0.2,4,4,12609.0,56,0.6991363,9,Contacted but fragile
809959683,0,2,1813,52,0.11,4,4,19159.0,50,0.01903298,7,Lower-risk active
715079208,0,1,1401,35,0.261,4,4,9642.0,42,0.0640811,8,Lower-risk active
767049258,0,3,1475,35,0.199,5,3,8396.0,37,0.014571955,7,Lower-risk active
709579383,0,3,1362,26,0.165,5,2,6978.0,50,0.00028049859,1,Lower-risk active
781923483,0,3,2309,62,0.705,3,4,2459.0,47,0.007675297,6,Lower-risk active
718654533,0,2,2492,56,0.0,5,2,12956.0,24,0.14436226,8,Lower-risk active
716169258,0,3,1468,44,0.219,3,4,7128.0,39,0.04261757,8,Lower-risk active
713908683,0,2,1381,33,0.07,6,2,18749.0,41,0.010210553,6,Lower-risk active
708212658,0,3,1799,47,0.575,6,2,2193.0,18,0.004830024,5,Lower-risk active
756013833,0,2,1806,38,0.412,3,3,4522.0,50,0.040471565,7,Lower-risk active
719358333,0,1,1663,33,0.266,3,4,2157.0,28,0.53081095,9,Contacted but fragile
713735508,0,1,1986,36,0.057,3,2,11927.0,25,0.24625897,8,Lower-risk active
805259733,0,1,1731,46,0.0,6,4,11341.0,50,0.69334054,9,Contacted but fragile
738749733,0,3,1390,30,0.247,4,3,7345.0,47,0.069495216,8,Lower-risk active
814833408,0,3,1741,45,0.233,3,4,6036.0,51,0.18037328,8,Lower-risk active
719182308,0,1,1559,49,0.748,6,3,2096.0,27,0.0019064812,3,Lower-risk active
818497758,0,1,1343,37,0.667,4,3,1906.0,49,0.0074584153,6,Lower-risk active
719518308,0,2,1390,23,0.0,5,4,5039.0,35,0.14195232,8,Lower-risk active
709991883,1,1,938,35,0.185,2,2,6214.0,42,0.96355003,9,Mono-product exposed
770901258,0,1,2558,44,0.536,3,3,1512.0,17,0.089233965,8,Lower-risk active
711499158,0,3,3018,60,0.021,4,4,34516.0,38,0.023879034,7,Lower-risk active
720445533,0,3,1276,21,0.276,4,3,3346.0,53,0.007554166,6,Lower-risk active
809951133,1,2,2115,24,0.0,3,3,34516.0,49,0.9775174,10,Contacted but fragile
714657108,0,2,2660,51,0.205,5,4,6660.0,28,0.011199339,6,Lower-risk active
789048858,0,2,2115,59,0.835,5,3,2234.0,20,0.04223914,8,Lower-risk active
771816408,0,4,2955,66,0.073,5,2,9671.0,33,0.01104473,6,Lower-risk active
798158808,0,3,2017,47,0.224,5,2,6605.0,47,0.148483,8,Lower-risk active
787685658,0,3,1448,30,0.616,4,2,3083.0,33,0.0011052096,2,Lower-risk active
720141408,1,1,1096,27,0.174,5,2,5456.0,31,0.6776034,9,Lower-risk active
788699808,0,1,1538,43,0.0,4,2,4394.0,14,0.13681725,8,Lower-risk active
708216108,0,1,2250,39,0.381,5,4,4088.0,44,0.0040520183,5,Lower-risk active
715074258,0,3,2067,42,0.0,5,3,3930.0,36,0.110137805,8,Lower-risk active
771653583,0,2,1276,25,0.274,3,4,4188.0,46,0.0046910904,5,Lower-risk active
717374358,0,3,2161,56,0.549,3,0,3637.0,22,0.001697404,3,Lower-risk active
720836808,0,2,2260,68,0.1,4,2,11521.0,28,0.0020509271,3,Lower-risk active
818701383,0,2,1641,45,0.74,6,2,2253.0,32,0.0019143241,3,Lower-risk active
717277833,0,2,2294,45,0.889,6,4,2339.0,13,0.024808345,7,Lower-risk active
778137108,0,1,1860,47,0.083,6,2,30503.0,37,0.36915776,9,Lower-risk active
720973833,0,3,2872,62,0.0,5,2,4596.0,36,0.20344394,8,Lower-risk active
768490458,1,3,961,32,0.442,1,3,5701.0,43,0.9981912,10,Dormant high-risk
751487358,0,6,1765,40,0.0,5,3,3221.0,32,0.4968834,9,Lower-risk active
712742808,0,3,1184,21,0.378,5,3,3022.0,29,0.08720456,8,Lower-risk active
712820208,0,2,2141,56,0.596,5,4,2699.0,36,0.02275416,7,Lower-risk active
794649858,0,3,1287,37,0.735,3,3,2210.0,39,0.06291792,8,Lower-risk active
755262933,0,3,1446,38,0.0,5,4,1438.3,49,0.14065492,8,Lower-risk active
709541433,0,3,1555,45,0.827,3,4,2041.0,36,0.090558276,8,Lower-risk active
820622433,0,2,2006,58,0.522,4,2,3250.0,34,0.010845333,6,Lower-risk active
712586583,0,3,2152,50,0.67,6,4,1643.0,13,0.030784182,7,Lower-risk active
709816158,0,3,2183,60,0.0,4,2,34516.0,36,0.040552497,7,Lower-risk active
712196508,1,3,1015,27,0.039,4,3,29543.0,34,0.8042429,9,Dormant high-risk
767269908,0,3,2973,63,0.0,6,2,3158.0,29,0.0047796275,5,Lower-risk active
710927733,0,2,1687,35,0.69,6,3,2899.0,36,0.011739732,6,Lower-risk active
711310908,0,1,2552,62,0.727,4,3,2972.0,36,0.01654277,7,Lower-risk active
788862333,0,2,1527,32,0.0,6,2,5645.0,23,0.14985028,8,Lower-risk active
713194608,0,3,2171,58,0.711,6,2,2463.0,36,0.0140081495,7,Lower-risk active
793550958,0,3,1501,40,0.0,5,4,1438.3,41,0.39458746,9,Lower-risk active
712607583,0,3,2395,50,0.043,3,3,34516.0,36,0.06805883,8,Lower-risk active
713921058,0,2,1337,25,0.553,6,2,2897.0,48,0.0074738823,6,Lower-risk active
709183683,0,2,1971,56,0.0,4,0,5391.0,36,0.011590625,6,Lower-risk active
713407458,0,2,3946,74,0.796,5,4,2870.0,36,0.0013697305,2,Lower-risk active
715241583,0,2,1870,45,0.105,3,4,23959.0,25,0.089191556,8,Lower-risk active
710475408,0,2,2171,35,0.136,5,2,14918.0,25,0.001778758,3,Lower-risk active
708971583,0,3,1472,37,0.536,3,2,3590.0,29,0.02151957,7,Lower-risk active
714547458,0,3,1941,51,0.0,3,2,2297.0,56,0.7977786,9,Dormant high-risk
827631483,0,2,2053,55,0.068,3,4,25058.0,53,0.10071744,8,Lower-risk active
711159108,1,2,911,26,0.053,3,2,7418.0,36,0.9424505,9,Lower-risk active
789262683,0,3,1315,23,0.0,4,2,3012.0,49,0.22330308,8,Lower-risk active
712940508,0,1,1896,50,0.377,3,4,4562.0,24,0.005502973,5,Lower-risk active
789733008,0,2,2938,63,0.143,6,2,10723.0,27,0.0024392656,4,Lower-risk active
714703158,0,2,2017,43,0.482,6,3,1578.0,36,0.13751838,8,Lower-risk active
710255208,0,2,1969,41,0.745,4,4,2094.0,49,0.33034,9,Lower-risk active
779236083,0,1,2420,50,0.0,5,3,4138.0,19,0.11534741,8,Lower-risk active
713438358,0,1,1768,56,0.351,3,2,5417.0,30,0.07525913,8,Lower-risk active
715973583,0,3,1378,30,0.03,6,3,34516.0,36,0.15206514,8,Lower-risk active
794113758,0,1,1821,55,0.205,6,2,9592.0,54,0.0062731863,6,Lower-risk active
709452633,0,1,2027,49,0.242,3,3,8881.0,36,0.061576985,8,Lower-risk active
788210583,0,3,1843,49,0.0,3,4,1438.3,54,0.47335842,9,Lower-risk active
717784983,0,3,1536,39,0.297,3,3,3893.0,33,0.0051181098,5,Lower-risk active
786557358,0,2,1424,37,0.246,5,4,3242.0,38,0.29219395,9,Lower-risk active
768460908,0,3,1551,32,0.231,3,3,6035.0,53,0.28213114,9,Lower-risk active
718899708,0,3,2148,54,0.105,6,2,17642.0,36,0.09419505,8,Lower-risk active
714697533,0,3,2344,48,0.0,6,3,4327.0,15,0.059462853,8,Lower-risk active
713206683,1,1,1028,26,0.0,3,3,34516.0,22,0.9817977,10,Contacted but fragile
708679383,0,1,1775,55,0.366,5,3,4852.0,32,0.002757595,4,Lower-risk active
713067033,0,3,2539,50,0.199,5,3,7147.0,28,0.08196936,8,Lower-risk active
789314133,0,3,1754,45,0.174,6,3,10320.0,27,0.008661078,6,Lower-risk active
713956308,0,2,1894,56,0.697,4,2,3297.0,49,0.008219899,6,Lower-risk active
711595833,0,2,1456,30,0.081,5,2,9981.0,36,0.009736854,6,Lower-risk active
779521533,0,3,1978,33,0.328,5,3,3329.0,36,0.007914451,6,Lower-risk active
715225458,0,3,1867,53,0.333,6,4,5991.0,36,0.013573202,7,Lower-risk active
716487408,0,1,1637,43,0.778,3,3,3235.0,30,0.0025799505,4,Lower-risk active
719338383,0,3,1836,50,0.17,3,3,6259.0,21,0.039974127,7,Lower-risk active
710523333,0,3,1416,27,0.636,6,2,2541.0,56,0.003571442,5,Lower-risk active
787489083,0,2,1887,32,0.118,6,4,21351.0,43,0.07403325,8,Lower-risk active
720747633,0,2,1931,48,0.163,3,4,8998.0,36,0.07177342,8,Lower-risk active
779480658,0,3,1754,44,0.156,3,4,10247.0,42,0.0808016,8,Lower-risk active
711498258,0,3,1266,34,0.081,6,2,20311.0,42,0.03047392,7,Lower-risk active
709316433,0,1,1630,43,0.06,6,4,33182.0,33,0.0016298271,3,Lower-risk active
778734108,0,5,1758,42,0.743,4,4,1686.0,16,0.02585946,7,Lower-risk active
778388358,1,2,870,24,0.18,2,3,4742.0,36,0.9969632,10,Contacted but fragile
716773533,0,1,1712,48,0.704,5,3,1726.0,36,0.0011334962,2,Lower-risk active
822130683,0,2,1114,34,0.165,4,4,8420.0,56,0.016381359,7,Lower-risk active
717268458,0,3,1952,50,0.511,4,4,3352.0,49,0.03246624,7,Lower-risk active
827888433,0,2,2089,60,0.337,5,2,6648.0,39,0.025386544,7,Lower-risk active
716522583,0,3,1362,33,0.79,4,3,2335.0,36,0.1068195,8,Lower-risk active
789415983,0,3,1888,42,0.081,4,2,12397.0,27,0.059403617,8,Lower-risk active
719819958,0,1,2243,43,0.492,5,4,1438.3,26,0.028455103,7,Lower-risk active
769579608,0,6,3795,70,0.715,3,4,2240.0,46,0.004359794,5,Lower-risk active
772353408,0,3,1441,43,0.218,4,4,5330.0,33,0.1015572,8,Lower-risk active
716615583,0,3,1834,59,0.442,3,3,1795.0,51,0.015409822,7,Lower-risk active
781131483,0,1,2170,51,0.33,3,4,5741.0,47,0.003848718,5,Lower-risk active
719101908,0,3,1585,40,0.623,4,3,2002.0,39,0.045605585,8,Lower-risk active
720521808,0,3,1484,36,0.059,6,2,25662.0,19,0.0063880486,6,Lower-risk active
718136283,0,1,1541,29,0.069,3,4,22103.0,36,0.14018852,8,Lower-risk active
778855383,0,1,1975,40,0.0,3,3,1438.3,17,0.7086485,9,Contacted but fragile
779722308,1,2,1044,28,0.0,5,2,12355.0,30,0.95961577,9,Lower-risk active
818926833,0,1,1944,42,0.0,4,2,2000.0,29,0.18125221,8,Lower-risk active
721217283,0,2,2094,36,0.155,6,2,8713.0,17,0.09348343,8,Lower-risk active
717167283,0,1,1846,56,0.0,4,4,9165.0,36,0.1491536,8,Lower-risk active
713371233,0,1,3320,55,0.054,5,2,11583.0,31,0.010789605,6,Lower-risk active
778426608,0,3,1805,53,0.488,4,3,1438.3,32,0.08059717,8,Lower-risk active
713823033,1,1,808,30,0.0,3,2,8149.0,20,0.99499387,10,Lower-risk active
787515333,1,2,820,21,0.318,3,3,3616.0,29,0.9387893,9,Contacted but fragile
710944608,0,2,1414,27,0.263,6,4,8434.0,31,0.0056749266,5,Lower-risk active
718444233,0,3,1649,59,0.134,3,2,9791.0,25,0.0080406,6,Lower-risk active
771099183,0,2,2497,74,0.23,5,3,8444.0,24,0.00968736,6,Lower-risk active
770241333,0,1,2104,44,0.45,3,4,2228.0,43,0.09341697,8,Lower-risk active
710819733,1,1,903,29,0.0,5,1,12211.0,36,0.97399604,9,Lower-risk active
772155108,0,3,1445,38,0.0,6,4,1438.3,51,0.23874307,8,Lower-risk active
798796233,0,3,1724,24,0.654,5,3,1586.0,31,0.027070351,7,Lower-risk active
815472108,0,3,1300,31,0.465,3,3,2247.0,37,0.12062208,8,Lower-risk active
769145733,0,4,2688,60,0.568,3,3,2789.0,30,0.047347542,8,Lower-risk active
783364233,0,2,1798,45,0.0,3,3,4241.0,53,0.4815608,9,Lower-risk active
772236108,0,1,1489,29,0.225,5,3,8398.0,29,0.014179396,7,Lower-risk active
715640358,0,3,1334,40,0.187,6,3,4112.0,36,0.33836383,9,Lower-risk active
713529858,0,2,2492,71,0.089,6,3,15578.0,22,0.0046545444,5,Lower-risk active
715684308,0,2,1395,43,0.408,6,2,4008.0,36,0.002903195,4,Lower-risk active
709451508,0,1,1191,28,0.0,6,3,12766.0,50,0.057194784,8,Lower-risk active
709204158,0,2,2331,56,0.328,5,4,3438.0,24,0.19715819,8,Lower-risk active
713182458,0,1,1288,29,0.147,3,2,16692.0,43,0.02301075,7,Lower-risk active
710624658,0,2,3040,56,0.403,4,2,4066.0,36,0.00518957,5,Lower-risk active
716355783,0,2,1999,44,0.0,5,3,13080.0,30,0.7261809,9,Contacted but fragile
716793108,0,1,2334,61,0.553,4,2,1934.0,36,0.013640883,7,Lower-risk active
716162583,0,2,1931,57,0.779,6,3,3230.0,36,0.3772826,9,Lower-risk active
714051033,0,2,1967,40,0.47,6,4,3615.0,36,0.21900775,8,Lower-risk active
715007583,0,2,3193,62,0.0,4,2,1801.0,36,0.0027332962,4,Lower-risk active
719139558,0,3,2514,64,0.588,4,4,2665.0,36,0.006021455,6,Lower-risk active
794632308,0,3,1504,35,0.087,5,2,28822.0,25,0.22757289,8,Lower-risk active
770662383,0,3,1399,36,0.079,6,2,14632.0,24,0.019102415,7,Lower-risk active
714787383,0,3,1731,41,0.196,5,3,6715.0,36,0.019970732,7,Lower-risk active
714700158,0,2,1309,40,0.264,3,3,6658.0,46,0.027084898,7,Lower-risk active
710581758,0,2,1309,30,0.363,6,3,3360.0,44,0.018836865,7,Lower-risk active
720497958,0,3,1800,41,0.0,5,2,14853.0,14,0.11279596,8,Lower-risk active
720920058,0,3,2935,62,0.252,3,4,4800.0,25,0.0035159292,5,Lower-risk active
710872233,0,1,2280,49,0.0,5,2,4610.0,17,0.029192222,7,Lower-risk active
709855608,0,3,1114,33,0.682,3,4,1438.3,36,0.13877384,8,Lower-risk active
815484783,0,4,1797,44,0.145,6,3,8377.0,42,0.005386458,5,Lower-risk active
771602883,0,5,1776,44,0.415,4,4,4147.0,30,0.05723375,8,Lower-risk active
755953308,0,1,1194,30,0.835,6,4,2644.0,55,0.0044341777,5,Lower-risk active
758408883,0,3,1921,37,0.122,5,4,13355.0,30,0.003097501,4,Lower-risk active
717940008,0,2,3228,67,0.58,5,2,3251.0,36,0.006785226,6,Lower-risk active
720917808,0,3,2623,74,0.452,5,4,2100.0,36,0.028700437,7,Lower-risk active
812801958,0,3,2425,54,0.393,5,4,3566.0,50,0.24894792,8,Lower-risk active
714997683,0,1,1388,35,0.074,5,3,14915.0,49,0.005236884,5,Lower-risk active
709379283,0,1,1697,40,0.0,3,4,13003.0,27,0.04199106,8,Lower-risk active
711840408,0,3,1375,30,0.571,5,4,2492.0,55,0.024607701,7,Lower-risk active
785328408,0,2,2013,41,0.671,5,3,1758.0,31,0.35744226,9,Lower-risk active
719873808,0,2,1995,53,0.291,3,2,5510.0,23,0.116819225,8,Lower-risk active
715528983,0,1,1466,41,0.096,3,2,17196.0,36,0.0014941478,3,Lower-risk active
720254883,0,1,2494,58,0.289,6,3,5877.0,46,0.013319356,7,Lower-risk active
811980858,0,1,1501,35,0.0,5,2,7667.0,31,0.023591714,7,Lower-risk active
711330408,0,1,2077,47,0.635,4,3,2939.0,24,0.023465268,7,Lower-risk active
718465458,0,1,1002,21,0.229,6,4,5898.0,31,0.010688306,6,Lower-risk active
710616183,0,3,1879,34,0.0,5,4,19995.0,33,0.79016966,9,Dormant high-risk
714580158,0,1,3567,73,0.75,6,4,2773.0,36,0.00024016519,1,Lower-risk active
710798883,0,2,1599,47,0.695,4,4,3323.0,44,0.00543821,5,Lower-risk active
720511608,0,3,1989,33,0.05,5,3,16049.0,28,0.37875855,9,Lower-risk active
708913233,0,4,1802,34,0.343,3,2,3601.0,28,0.12882335,8,Lower-risk active
788038383,0,2,2440,48,0.6,3,2,2307.0,25,0.013104055,7,Lower-risk active
719905908,0,3,1505,31,0.314,4,3,3742.0,36,0.0036719474,5,Lower-risk active
807044958,0,3,2171,45,0.296,6,3,2937.0,29,0.0052813212,5,Lower-risk active
719514783,0,1,1292,37,0.784,6,4,3209.0,26,0.038265076,7,Lower-risk active
787643658,0,1,1422,30,0.173,6,4,12554.0,53,0.006475504,6,Lower-risk active
779138883,0,3,1673,44,0.0,6,4,4702.0,34,0.5823706,9,Dormant high-risk
708173433,0,2,2482,57,0.412,4,4,5645.0,14,0.049171194,8,Lower-risk active
778401033,0,3,1659,39,0.132,3,4,14308.0,13,0.0031754544,4,Lower-risk active
818375733,1,1,1544,44,0.142,3,3,4882.0,46,0.5583653,9,Contacted but fragile
711048783,0,3,1345,34,0.0,3,3,33405.0,29,0.5305121,9,Contacted but fragile
721415658,0,1,2901,59,0.822,3,2,2700.0,27,0.00545597,5,Lower-risk active
717961458,0,1,3396,64,0.812,5,4,2934.0,37,0.0035507134,5,Lower-risk active
718563483,0,2,2611,64,0.0,3,3,1548.0,14,0.39319324,9,Lower-risk active
717128283,0,2,2305,33,0.436,5,2,5525.0,36,0.5505386,9,Lower-risk active
718068933,0,2,2155,61,0.265,5,4,5750.0,36,0.020220885,7,Lower-risk active
718623783,0,3,1535,38,0.057,6,2,27157.0,36,0.02304898,7,Lower-risk active
716565258,0,2,2526,54,0.0,5,4,12830.0,36,0.8360598,9,Contacted but fragile
712505658,0,1,1766,45,0.361,3,3,5530.0,41,0.014178356,7,Lower-risk active
792565908,0,2,2346,51,0.549,6,3,2684.0,30,0.055699065,8,Lower-risk active
709267308,0,1,1651,32,0.574,3,2,2437.0,49,0.0029902006,4,Lower-risk active
710035008,0,2,2491,64,0.365,3,4,3827.0,24,0.019139826,7,Lower-risk active
790082508,0,2,2935,65,0.048,5,2,34516.0,35,0.0045015775,5,Lower-risk active
716866308,0,3,1872,34,0.185,6,4,5940.0,33,0.0039814417,5,Lower-risk active
709707033,1,3,1424,38,0.0,2,2,13162.0,32,0.87824434,9,Dormant high-risk
718346658,0,2,1861,51,0.691,3,4,1963.0,37,0.06915601,8,Lower-risk active
824157858,0,3,1524,42,0.055,4,3,18713.0,54,0.022974426,7,Lower-risk active
709735008,0,1,1920,34,0.475,3,4,3023.0,22,0.04012948,7,Lower-risk active
814593858,0,1,1468,34,0.295,4,2,6103.0,53,0.0024328367,4,Lower-risk active
718416858,0,3,1903,40,0.237,3,3,10607.0,34,0.088184446,8,Lower-risk active
710307933,0,3,2471,60,0.863,3,4,2917.0,24,0.116853915,8,Lower-risk active
715870758,0,3,2350,55,0.029,4,4,34516.0,30,0.019648448,7,Lower-risk active
713819283,0,2,3002,58,0.1,6,2,25197.0,42,0.06000415,8,Lower-risk active
710424408,0,2,1210,25,0.662,5,4,2743.0,36,0.001626134,3,Lower-risk active
709493283,0,2,1289,36,0.3,5,4,4111.0,32,0.07588782,8,Lower-risk active
712489158,0,3,2781,59,0.259,5,2,3667.0,18,0.04722304,8,Lower-risk active
719013108,0,2,4605,86,0.566,4,4,3178.0,33,0.0030761417,4,Lower-risk active
721178583,1,3,1096,29,0.0,2,2,5674.0,22,0.9934135,10,Dormant high-risk
717769008,0,3,2493,44,0.112,5,4,11444.0,36,0.014575777,7,Lower-risk active
709986633,0,1,2144,41,0.0,3,3,1438.3,36,0.62194616,9,Contacted but fragile
721062408,0,3,1294,26,0.25,4,4,6387.0,34,0.050832547,8,Lower-risk active
771349458,0,3,1914,46,0.317,4,3,5657.0,20,0.008914585,6,Lower-risk active
780557658,0,3,1395,37,0.0,5,2,11827.0,54,0.0856618,8,Lower-risk active
771441558,0,3,2073,47,0.609,5,3,2608.0,37,0.32701117,9,Lower-risk active
756409758,0,5,1433,38,0.648,4,4,3203.0,37,0.01023987,6,Lower-risk active
720009558,0,1,2574,72,0.045,3,3,34516.0,36,0.0037629856,5,Lower-risk active
778885158,0,3,1392,33,0.994,5,3,2472.0,38,0.030947424,7,Lower-risk active
715543908,0,3,1352,37,0.546,4,3,2147.0,43,0.040576838,7,Lower-risk active
717591483,0,1,1924,48,0.598,4,3,3416.0,44,0.009259012,6,Lower-risk active
715042608,0,2,2742,42,0.098,5,4,8058.0,36,0.016246231,7,Lower-risk active
755959683,0,1,1296,31,0.669,5,2,3410.0,43,0.010332515,6,Lower-risk active
715367058,0,2,1780,44,0.0,5,3,19044.0,37,0.282478,9,Lower-risk active
714573258,0,2,2229,45,0.497,4,4,1606.0,30,0.48281342,9,Lower-risk active
712281183,0,2,1425,33,0.035,4,2,24336.0,36,0.013328816,7,Lower-risk active
717670758,0,2,2523,71,0.264,5,3,5030.0,20,0.009541069,6,Lower-risk active
720666333,0,3,1897,39,0.0,6,2,24577.0,24,0.5329363,9,Lower-risk active
771556308,0,3,2255,48,0.34,6,4,3517.0,13,0.043012474,8,Lower-risk active
708931908,0,2,1568,51,0.086,3,3,7400.0,36,0.22042401,8,Lower-risk active
718894233,0,2,2116,63,0.471,6,4,2956.0,36,0.033328358,7,Lower-risk active
771544533,1,1,1015,36,0.0,3,4,3578.0,30,0.987513,10,Contacted but fragile
708927108,1,3,1133,28,0.04,1,2,12778.0,36,0.97916806,10,Dormant high-risk
717831783,0,3,1371,38,0.791,3,4,1942.0,45,0.19252475,8,Lower-risk active
709288383,0,1,2337,69,0.026,5,3,29961.0,26,0.0064934446,6,Lower-risk active
710813733,0,3,1546,41,0.0,5,4,33791.0,35,0.64836925,9,Dormant high-risk
721084833,0,0,1682,39,0.114,5,2,17657.0,34,0.01075772,6,Lower-risk active
711258108,0,3,1419,36,0.856,4,2,2821.0,44,0.013495082,7,Lower-risk active
710149008,0,3,2139,70,0.532,6,4,1479.0,47,0.023866259,7,Lower-risk active
711902058,0,3,2492,55,0.0,3,2,1438.3,36,0.10752425,8,Lower-risk active
716757033,0,1,3045,56,0.257,5,4,6859.0,27,0.0040017925,5,Lower-risk active
712688433,0,2,2406,65,0.461,3,3,3404.0,36,0.014634795,7,Lower-risk active
713203908,0,1,1833,27,0.785,4,3,2158.0,15,0.018450586,7,Lower-risk active
711772008,1,2,1483,36,0.352,1,1,1890.0,22,0.8324884,9,Mono-product exposed
708799983,1,3,1698,43,0.048,6,4,18386.0,36,0.85671526,9,Dormant high-risk
778882758,0,5,1935,47,0.559,5,4,3602.0,36,0.011441831,6,Lower-risk active
709157133,0,1,1514,51,0.279,6,3,3766.0,34,0.0028335722,4,Lower-risk active
741344808,0,2,2905,63,0.365,4,4,5634.0,32,0.0041965866,5,Lower-risk active
739692933,0,2,1638,41,0.805,4,4,3126.0,29,0.06934579,8,Lower-risk active
766429908,0,1,1640,37,0.261,6,2,3017.0,42,0.00052965106,1,Lower-risk active
802087683,0,2,2456,55,0.272,6,3,5478.0,26,0.0063056853,6,Lower-risk active
712491108,0,3,2601,52,0.09,6,4,13046.0,20,0.0077001746,6,Lower-risk active
714767508,0,3,2279,33,0.132,5,2,8687.0,31,0.0021179859,3,Lower-risk active
720376008,0,2,2043,52,0.23,6,4,6174.0,40,0.08740329,8,Lower-risk active
779126658,0,1,2312,61,0.0,5,2,5655.0,13,0.015084044,7,Lower-risk active
793222008,0,2,2056,49,0.331,5,3,5397.0,26,0.031302575,7,Lower-risk active
720812433,0,1,1693,37,0.0,6,2,28465.0,46,0.014058828,7,Lower-risk active
717623583,0,2,2668,51,0.709,4,4,3444.0,27,0.07751696,8,Lower-risk active
708878508,0,1,1732,35,0.602,4,3,2104.0,37,0.0050639105,5,Lower-risk active
710043408,0,1,1916,58,0.131,4,4,15610.0,37,0.007312488,6,Lower-risk active
789079758,0,2,1531,48,0.039,3,3,34516.0,32,0.007025913,6,Lower-risk active
721311333,0,1,2413,41,0.094,3,4,16912.0,22,0.0077818832,6,Lower-risk active
710749458,0,1,1523,35,0.341,4,3,5462.0,53,0.003410449,4,Lower-risk active
778275783,0,1,2909,64,0.5,5,2,2868.0,27,0.00773193,6,Lower-risk active
799498158,0,1,1642,36,0.588,5,3,2685.0,22,0.003194218,4,Lower-risk active
716334258,0,1,1834,43,0.261,5,2,5238.0,36,0.0013217536,2,Lower-risk active
716075208,0,2,1874,38,0.445,4,4,4561.0,22,0.08168031,8,Lower-risk active
780276258,0,2,1452,37,0.075,3,3,13091.0,39,0.29944053,9,Lower-risk active
789282333,0,3,1355,34,0.118,3,3,10826.0,51,0.022658864,7,Lower-risk active
811571733,0,2,2625,45,0.722,4,2,2600.0,13,0.16293097,8,Lower-risk active
709429533,0,3,2047,41,0.0,6,4,2561.0,35,0.6917893,9,Dormant high-risk
715247508,0,2,1712,37,0.15,3,2,7087.0,36,0.03131533,7,Lower-risk active
718784358,0,3,1969,46,0.073,6,2,34516.0,36,0.020272942,7,Lower-risk active
751450008,0,2,1720,42,0.135,3,4,10266.0,32,0.1478062,8,Lower-risk active
719227233,0,3,1954,43,0.466,3,3,1553.0,36,0.19391148,8,Lower-risk active
711050058,0,2,1644,45,0.0,4,4,6732.0,23,0.14932515,8,Lower-risk active
779040408,0,1,1478,33,0.14,3,2,12181.0,37,0.0041653067,5,Lower-risk active
714024858,0,1,1739,35,0.0,3,2,7056.0,27,0.04570894,8,Lower-risk active
789849108,0,1,2290,62,0.0,6,2,14365.0,25,0.026744416,7,Lower-risk active
710391258,0,2,2147,41,0.072,3,4,11473.0,36,0.18534724,8,Lower-risk active
718830183,0,2,1339,29,0.105,5,4,23996.0,38,0.3791632,9,Lower-risk active
779696883,0,2,1825,31,0.597,4,4,2998.0,33,0.2036694,8,Lower-risk active
719249733,0,2,1676,41,0.041,6,2,30011.0,36,0.0026603257,4,Lower-risk active
737971833,0,3,2503,40,0.646,6,3,2405.0,31,0.03286453,7,Lower-risk active
772468983,0,4,1946,37,0.059,3,2,21927.0,26,0.098456055,8,Lower-risk active
710990283,0,1,1839,33,0.474,4,2,3906.0,36,0.003529538,5,Lower-risk active
808750458,0,3,2192,58,0.06,5,3,10029.0,27,0.042530045,8,Lower-risk active
719692983,0,3,2747,42,0.305,3,4,4934.0,30,0.14361583,8,Lower-risk active
719125158,0,2,2685,71,0.105,5,2,13882.0,15,0.004259088,5,Lower-risk active
787509408,0,3,2595,56,0.0,6,2,2347.0,13,0.023669688,7,Lower-risk active
719206308,0,2,1657,38,0.297,4,2,4116.0,24,0.010517468,6,Lower-risk active
717141858,0,1,3151,67,0.045,4,2,13904.0,36,0.003029478,4,Lower-risk active
713172408,0,2,1440,37,0.062,4,4,32558.0,43,0.027933482,7,Lower-risk active
720314583,0,1,1273,33,0.144,4,2,12902.0,44,0.0034356017,4,Lower-risk active
708347583,0,1,1804,38,0.456,4,4,2509.0,36,0.010392766,6,Lower-risk active
711006783,0,3,1200,28,0.865,3,3,2484.0,22,0.09689367,8,Lower-risk active
718274283,0,1,2469,67,0.0,5,3,2780.0,36,0.07011646,8,Lower-risk active
803977008,0,2,1715,35,0.35,6,4,5219.0,34,0.0014939877,3,Lower-risk active
715216908,0,3,1486,32,0.076,6,4,18102.0,36,0.21855833,8,Lower-risk active
779611008,0,3,1885,55,0.0,4,4,4532.0,18,0.05532722,8,Lower-risk active
811467708,0,2,2390,62,0.064,4,2,22399.0,28,0.0070526465,6,Lower-risk active
812597508,0,5,2153,58,0.556,6,3,4489.0,34,0.17958558,8,Lower-risk active
718651083,0,1,2461,68,0.05,4,4,10329.0,25,0.02552038,7,Lower-risk active
708577308,0,2,1569,39,0.482,4,3,2637.0,36,0.004438493,5,Lower-risk active
813990483,0,1,1662,32,0.742,4,2,1864.0,22,0.00405874,5,Lower-risk active
816319008,0,3,1901,33,0.144,6,3,13276.0,47,0.00587885,6,Lower-risk active
789627258,0,3,2498,60,0.534,5,3,1935.0,25,0.036484245,7,Lower-risk active
713346558,0,2,1900,28,0.131,5,4,6784.0,37,0.25781158,9,Lower-risk active
708744933,0,2,1859,33,0.098,4,4,19127.0,36,0.022831554,7,Lower-risk active
708828258,0,2,1327,30,0.048,5,3,32641.0,37,0.03720632,7,Lower-risk active
713511108,0,3,1397,43,0.589,5,4,1438.3,47,0.06904924,8,Lower-risk active
710208633,0,2,1773,42,0.798,5,2,2417.0,31,0.011270865,6,Lower-risk active
824165658,0,1,1388,27,0.118,4,3,19259.0,34,0.0017023408,3,Lower-risk active
826513233,0,2,2069,54,0.631,6,2,3796.0,50,0.64867675,9,Lower-risk active
788789658,0,1,1471,37,0.431,6,4,4042.0,22,0.010311214,6,Lower-risk active
717837858,0,1,2902,64,0.06,3,2,17603.0,34,0.0028406424,4,Lower-risk active
709382958,0,1,1017,25,0.718,6,4,2894.0,46,0.028187105,7,Lower-risk active
716253858,0,1,1740,43,0.117,2,2,16730.0,26,0.11644029,8,Mono-product exposed
713725683,0,3,2614,79,0.562,6,2,3282.0,27,0.0031971207,4,Lower-risk active
710364258,0,2,2135,48,0.077,4,2,15815.0,41,0.0044960785,5,Lower-risk active
816033783,0,2,2099,34,0.572,6,3,1672.0,21,0.0771197,8,Lower-risk active
715065483,0,3,1914,45,0.196,4,3,8121.0,36,0.3063734,9,Lower-risk active
718751133,0,1,1670,30,0.765,4,4,3182.0,26,0.008104245,6,Lower-risk active
713983308,0,1,1233,35,0.606,5,4,3182.0,49,0.007726375,6,Lower-risk active
718418958,1,2,1309,38,0.0,6,4,5061.0,36,0.68311936,9,Contacted but fragile
779367858,0,3,3014,58,0.305,5,3,6224.0,28,0.004661099,5,Lower-risk active
711285633,0,1,3306,71,0.647,6,3,2735.0,36,0.00027122805,1,Lower-risk active
714974658,0,1,1219,35,0.758,6,4,2464.0,36,0.0017489734,3,Lower-risk active
716374308,0,3,1897,50,0.539,4,2,3477.0,33,0.0023893123,4,Lower-risk active
713416233,0,2,1841,46,0.64,5,2,3242.0,24,0.024788579,7,Lower-risk active
797643708,0,1,1772,53,0.047,3,4,27858.0,41,0.010242611,6,Lower-risk active
808292958,0,2,2546,40,0.344,6,3,1438.3,20,0.11491677,8,Lower-risk active
719831958,0,2,1793,44,0.0,5,4,34516.0,36,0.3683802,9,Lower-risk active
708860358,0,2,1499,31,0.109,4,3,6361.0,22,0.011486407,6,Lower-risk active
717385983,0,6,1645,30,0.0,6,2,2490.0,21,0.061098024,8,Lower-risk active
719049033,0,6,2073,60,0.118,5,4,14057.0,44,0.05286632,8,Lower-risk active
717581658,0,1,1729,35,0.644,4,2,2461.0,38,0.00052677246,1,Lower-risk active
714347508,0,3,2423,74,0.165,4,3,7766.0,21,0.00423086,5,Lower-risk active
803833608,0,1,1322,38,0.026,4,3,21308.0,33,0.14937589,8,Lower-risk active
712576908,0,2,1819,24,0.499,5,4,4516.0,36,0.004614745,5,Lower-risk active
778511733,0,3,1634,44,0.334,6,2,5424.0,30,0.037276536,7,Lower-risk active
721464783,0,2,2094,47,0.873,3,2,1764.0,36,0.19884002,8,Lower-risk active
821179233,1,3,1554,43,0.624,1,3,1493.0,46,0.9882648,10,Dormant high-risk
713126733,0,2,1220,30,0.144,6,2,17539.0,43,0.010575092,6,Lower-risk active
719688408,0,2,3530,68,0.0,6,3,34516.0,36,0.009301506,6,Lower-risk active
779811183,0,1,1581,30,0.52,4,2,2149.0,25,0.0009843708,2,Lower-risk active
771086208,0,4,1629,43,0.245,3,4,6256.0,44,0.13334584,8,Lower-risk active
715217733,0,1,2154,61,0.066,5,4,11922.0,25,0.015077648,7,Lower-risk active
813752433,1,2,2449,27,0.487,5,4,4075.0,38,0.951362,9,Contacted but fragile
711876333,0,1,1312,29,0.295,5,4,7290.0,36,0.012747864,6,Lower-risk active
715256658,0,3,3382,58,0.115,5,2,5965.0,36,0.0043680314,5,Lower-risk active
711329658,0,1,1925,42,0.218,3,4,9007.0,13,0.05415767,8,Lower-risk active
710227908,0,2,2837,74,0.23,3,3,6077.0,36,0.008398388,6,Lower-risk active
716362008,0,3,1744,35,0.558,3,2,1808.0,29,0.014473792,7,Lower-risk active
714939708,0,1,3174,74,0.0,6,3,12810.0,36,0.00048237477,1,Lower-risk active
708083283,1,1,992,21,0.736,3,3,3421.0,45,0.9717541,9,Contacted but fragile
719431608,0,1,1291,24,0.49,6,4,3118.0,53,0.004349587,5,Lower-risk active
769411758,0,3,1518,39,0.046,4,4,20013.0,37,0.05185953,8,Lower-risk active
714248733,0,1,2272,46,0.282,4,2,4395.0,13,0.042449478,8,Lower-risk active
804481608,0,3,2825,60,0.0,6,3,9661.0,32,0.11852461,8,Lower-risk active
714631833,0,2,1587,38,0.671,3,4,1973.0,44,0.04760471,8,Lower-risk active
769751958,0,2,2235,57,0.203,3,4,9926.0,49,0.18857834,8,Lower-risk active
717999183,0,3,2275,58,0.404,6,3,4108.0,36,0.0015695542,3,Lower-risk active
713075283,0,1,1818,51,0.121,5,4,20741.0,36,0.008513247,6,Lower-risk active
711561108,0,1,2733,71,0.055,6,2,16335.0,24,0.003352459,4,Lower-risk active
709854483,0,3,2442,62,0.549,5,3,4588.0,17,0.010503289,6,Lower-risk active
713630733,0,3,2617,54,0.342,5,3,5712.0,24,0.11973699,8,Lower-risk active
717599283,0,1,1844,49,0.226,3,2,5335.0,36,0.0024765027,4,Lower-risk active
806407308,1,2,2047,33,0.0,6,3,13184.0,49,0.9805849,10,Contacted but fragile
712730583,0,2,1842,50,0.14,5,3,8592.0,20,0.0024360188,4,Lower-risk active
712142733,0,3,2028,39,0.609,5,2,1910.0,26,0.03372819,7,Lower-risk active
720153258,0,3,3095,62,0.174,6,3,6210.0,45,0.026757339,7,Lower-risk active
814086333,0,2,1685,44,0.602,6,4,2220.0,31,0.014881786,7,Lower-risk active
715524708,0,2,1502,31,0.082,4,2,20756.0,41,0.002373166,4,Lower-risk active
713307708,0,3,1541,37,0.869,6,2,2895.0,55,0.056661617,8,Lower-risk active
714069858,0,3,1677,45,0.711,4,2,3539.0,36,0.20429412,8,Lower-risk active
712789383,0,1,2048,59,0.226,6,4,9274.0,44,0.008950601,6,Lower-risk active
787983633,0,1,2072,33,0.79,6,3,3187.0,26,0.0030359481,4,Lower-risk active
758583708,1,1,1406,28,0.878,2,4,2802.0,24,0.93765736,9,Contacted but fragile
717130383,0,3,1386,30,0.303,4,3,2334.0,36,0.088371426,8,Lower-risk active
720770883,0,3,2249,61,0.0,5,3,1438.3,56,0.6156544,9,Dormant high-risk
716797758,0,2,1670,33,0.0,3,4,3519.0,44,0.8068367,9,Contacted but fragile
713835258,0,2,1561,40,0.675,3,3,3088.0,48,0.0393809,7,Lower-risk active
720677733,0,3,2579,68,0.029,6,0,34516.0,36,0.0022444734,4,Lower-risk active
718587858,0,1,1642,39,0.171,3,4,11906.0,31,0.047180854,8,Lower-risk active
710263608,0,2,2156,46,0.074,4,4,11098.0,36,0.72593194,9,Contacted but fragile
715055433,0,3,2004,44,0.797,6,4,2224.0,22,0.04206288,8,Lower-risk active
715498308,0,3,1575,41,0.464,4,4,3454.0,36,0.0066958377,6,Lower-risk active
708099183,0,2,2732,63,0.327,4,2,5723.0,36,0.020429237,7,Lower-risk active
716452908,0,2,2246,44,0.154,4,3,9239.0,36,0.21256594,8,Lower-risk active
789959283,0,3,1602,40,0.437,4,2,4061.0,24,0.006445955,6,Lower-risk active
713536158,0,3,1597,31,0.0,5,2,4189.0,56,0.08079319,8,Lower-risk active
716750358,0,1,3483,82,0.245,4,3,6373.0,32,0.0005893964,1,Lower-risk active
815299833,0,2,2334,61,0.771,5,3,2228.0,33,0.0037104082,5,Lower-risk active
721003008,1,2,856,18,0.772,3,2,3261.0,24,0.9951644,10,Lower-risk active
779883933,0,3,1596,34,0.175,3,2,8014.0,24,0.0069694035,6,Lower-risk active
716612958,0,1,1830,36,0.157,6,3,10980.0,29,0.0055271415,5,Lower-risk active
715859058,0,3,1369,37,0.7,6,4,3092.0,42,0.023011865,7,Lower-risk active
772031733,0,1,2603,56,0.048,5,2,14315.0,29,0.0043562395,5,Lower-risk active
720668358,0,3,1776,36,0.605,3,3,1648.0,46,0.18373682,8,Lower-risk active
778708533,1,2,869,27,0.934,2,4,1730.0,13,0.9991553,10,Contacted but fragile
719649408,0,3,1390,44,0.055,6,3,13768.0,35,0.013353088,7,Lower-risk active
715457658,0,3,1757,48,0.857,3,4,1709.0,19,0.13843453,8,Lower-risk active
711934308,0,2,3342,62,0.0,5,3,1705.0,19,0.017743802,7,Lower-risk active
781326483,0,1,2457,58,0.0,6,2,8673.0,25,0.020333936,7,Lower-risk active
712557708,0,2,2274,61,0.363,5,2,6391.0,21,0.00423964,5,Lower-risk active
789187908,0,2,1448,36,0.175,4,2,11102.0,45,0.001452703,3,Lower-risk active
773297508,0,1,1544,36,0.081,3,3,24765.0,28,0.0039685024,5,Lower-risk active
716529258,0,3,1591,35,0.0,5,4,31864.0,27,0.15276593,8,Lower-risk active
708242283,0,3,3253,80,0.0,5,2,5346.0,36,0.0022314738,4,Lower-risk active
789247458,0,2,2467,54,0.526,6,3,2801.0,21,0.048416216,8,Lower-risk active
717100833,0,6,1401,31,0.0,6,2,3148.0,27,0.12529004,8,Lower-risk active
716870583,0,5,2853,55,0.584,6,3,2786.0,36,0.018729517,7,Lower-risk active
719999508,0,1,2438,45,0.069,3,2,11894.0,24,0.012370134,6,Lower-risk active
721236408,0,3,1655,41,0.334,5,3,7535.0,29,0.091625884,8,Lower-risk active
720122808,1,4,797,14,0.015,4,3,33180.0,35,0.9941433,10,Dormant high-risk
716882658,0,2,2141,55,0.547,6,4,2986.0,51,0.06652494,8,Lower-risk active
713734758,0,2,2080,50,0.353,4,2,6729.0,23,0.38039416,9,Lower-risk active
709085358,0,3,2542,67,0.699,3,4,2601.0,36,0.018885253,7,Lower-risk active
715785933,0,3,1636,58,0.49,4,0,3380.0,45,0.0025128543,4,Lower-risk active
717159858,0,2,2319,61,0.495,5,2,2730.0,18,0.008316966,6,Lower-risk active
713259858,1,1,982,22,0.0,3,3,3324.0,15,0.9852599,10,Contacted but fragile
787516908,0,3,1880,58,0.692,4,3,2665.0,45,0.040437464,7,Lower-risk active
711145008,0,3,1325,29,0.409,4,2,5015.0,47,0.014062688,7,Lower-risk active
715013733,0,3,1370,25,0.334,4,3,6905.0,36,0.005828364,5,Lower-risk active
717098208,0,2,1961,51,0.162,5,2,5848.0,41,0.1666598,8,Lower-risk active
737982408,0,3,2501,55,0.084,4,4,19136.0,26,0.08120125,8,Lower-risk active
713216883,0,3,2003,41,0.544,4,4,3500.0,55,0.0036374815,5,Lower-risk active
709361058,0,1,1691,47,0.0,5,3,7453.0,24,0.106523804,8,Lower-risk active
710312658,0,3,1456,27,0.29,4,3,6266.0,43,0.0024471881,4,Lower-risk active
773383158,0,3,2743,69,0.0,4,4,4945.0,23,0.027176235,7,Lower-risk active
716053083,1,2,837,18,0.0,2,4,27992.0,21,0.9953596,10,Contacted but fragile
717667833,0,2,1877,33,0.344,6,3,3735.0,36,0.003298929,4,Lower-risk active
716998608,0,3,1843,44,0.187,3,2,6703.0,36,0.120806165,8,Lower-risk active
772086408,0,1,1527,35,0.153,4,4,6162.0,27,0.12693512,8,Lower-risk active
708597558,0,4,3951,68,0.238,4,3,3337.0,36,0.006512036,6,Lower-risk active
718011783,0,3,1591,38,0.606,3,3,2205.0,36,0.018075047,7,Lower-risk active
714360033,0,1,1326,44,0.324,5,3,4450.0,43,0.005480709,5,Lower-risk active
811005858,0,2,2914,70,0.0,4,4,1438.3,28,0.1495143,8,Lower-risk active
794485158,0,1,2447,46,0.679,6,2,2172.0,18,0.0025821368,4,Lower-risk active
708513183,0,2,3078,58,0.293,4,2,4323.0,29,0.008085821,6,Lower-risk active
719353158,0,1,1238,36,0.354,5,3,4145.0,45,0.007415382,6,Lower-risk active
711436083,0,3,2454,46,0.494,6,3,2032.0,18,0.524487,9,Contacted but fragile
780374133,0,3,2413,48,0.3,5,3,7010.0,19,0.06949801,8,Lower-risk active
739117233,0,3,2126,58,0.477,3,2,3205.0,50,0.07352715,8,Lower-risk active
708486033,0,2,1782,48,0.092,3,3,16547.0,36,0.22162947,8,Lower-risk active
795237183,0,2,2041,32,0.0,3,4,5930.0,45,0.25223678,8,Lower-risk active
788788758,0,1,2050,46,0.235,4,2,7469.0,39,0.022228474,7,Lower-risk active
709635858,0,2,1229,27,0.0,6,3,2235.0,45,0.35075,9,Lower-risk active
789701658,0,2,2180,33,0.584,5,2,2047.0,13,0.028118579,7,Lower-risk active
713484483,0,1,2298,55,0.026,3,2,34516.0,21,0.16702661,8,Lower-risk active
711954558,0,3,1333,34,0.894,3,4,2636.0,44,0.11153173,8,Lower-risk active
712655583,0,3,2036,44,0.142,3,2,6425.0,32,0.3384865,9,Lower-risk active
779686683,0,3,2088,34,0.575,5,2,2902.0,13,0.051286485,8,Lower-risk active
711226758,0,2,2024,53,0.417,3,3,4002.0,42,0.07026098,8,Lower-risk active
713241033,0,3,2405,49,0.189,4,3,5175.0,26,0.0046878816,5,Lower-risk active
788754108,0,2,2608,78,0.139,4,4,4599.0,48,0.01917554,7,Lower-risk active
717013383,0,3,2866,53,0.049,4,4,31258.0,43,0.23574,8,Lower-risk active
712634133,0,2,1406,37,0.623,5,4,2683.0,45,0.03191512,7,Lower-risk active
709537683,1,4,563,15,0.08,3,3,11638.0,30,0.99324906,10,Dormant high-risk
778627983,0,1,1610,49,0.623,3,3,1829.0,20,0.29337364,9,Lower-risk active
720241758,0,1,1409,25,0.202,3,3,8276.0,36,0.032048147,7,Lower-risk active
720814233,0,3,1485,38,0.054,4,3,23539.0,34,0.10888702,8,Lower-risk active
785080308,0,3,2344,48,0.0,5,3,2352.0,31,0.04747963,8,Lower-risk active
713358633,0,1,2768,68,0.089,6,2,11371.0,36,0.0005008011,1,Lower-risk active
720392433,0,6,1869,47,0.881,6,2,2857.0,36,0.07823484,8,Lower-risk active
720282558,0,2,2873,73,0.045,5,4,34516.0,27,0.007785566,6,Lower-risk active
821370858,0,3,1734,39,0.282,5,4,6690.0,35,0.01606828,7,Lower-risk active
799249833,0,1,2858,71,0.19,5,4,4439.0,28,0.011418162,6,Lower-risk active
713016633,0,3,1984,36,0.296,4,2,5344.0,36,0.16886534,8,Lower-risk active
814471983,0,3,1537,41,0.0,6,3,27310.0,37,0.034021836,7,Lower-risk active
779612808,0,2,1263,35,0.932,6,4,2531.0,50,0.026788449,7,Lower-risk active
716692683,0,1,2318,54,0.0,4,3,9096.0,22,0.29263616,9,Lower-risk active
790145733,1,3,1112,26,0.0,1,4,34516.0,33,0.99212545,10,Dormant high-risk
716038533,0,1,1438,35,0.126,3,2,7169.0,32,0.028628604,7,Lower-risk active
714421233,0,3,1292,34,0.319,5,4,5399.0,36,0.0058322116,5,Lower-risk active
709783908,0,3,1924,50,0.513,6,2,2280.0,47,0.12136794,8,Lower-risk active
812788233,0,1,2205,43,0.207,4,4,6315.0,21,0.25201243,8,Lower-risk active
772452783,0,1,1774,46,0.373,6,2,4402.0,33,0.0015970569,3,Lower-risk active
714002658,0,4,1413,31,0.059,5,2,27732.0,34,0.0131605435,7,Lower-risk active
713464983,0,3,3479,76,0.213,4,4,4947.0,36,0.0007018931,1,Lower-risk active
713910108,0,2,1646,43,0.602,3,3,3946.0,28,0.057074133,8,Lower-risk active
808169358,0,3,1683,50,0.186,5,4,12291.0,52,0.07709891,8,Lower-risk active
714013083,0,2,1420,32,0.611,4,4,3067.0,53,0.02941808,7,Lower-risk active
715381533,0,2,2451,55,0.469,6,3,1438.3,36,0.024938075,7,Lower-risk active
717678408,0,2,2066,51,0.292,4,4,8633.0,47,0.6881085,9,Contacted but fragile
719143308,0,4,2805,85,0.0,4,3,2394.0,28,0.02357564,7,Lower-risk active
711509658,1,0,1088,26,0.221,3,4,11374.0,49,0.8205394,9,Contacted but fragile
757481283,0,3,1931,35,0.312,4,4,6921.0,28,0.03192566,7,Lower-risk active
808681158,0,6,1343,35,0.928,4,4,2564.0,52,0.23794861,8,Lower-risk active
718867683,0,3,1613,43,0.7,4,4,2720.0,55,0.025139997,7,Lower-risk active
714618333,0,2,1402,35,0.219,3,4,9843.0,36,0.02973332,7,Lower-risk active
794562783,0,3,2534,51,0.03,5,2,21691.0,13,0.037620943,7,Lower-risk active
708208758,0,3,2199,48,0.484,6,2,1826.0,45,0.2638715,9,Lower-risk active
794504658,0,3,1562,44,0.318,6,0,5746.0,24,0.0006281392,1,Lower-risk active
714772758,0,2,1851,48,0.46,6,4,2926.0,27,0.018358145,7,Lower-risk active
713830233,0,3,1831,60,0.257,5,2,7061.0,36,0.014521093,7,Lower-risk active
713577483,0,3,1570,31,0.256,3,4,5589.0,35,0.05409998,8,Lower-risk active
814513008,0,3,1735,43,0.211,5,3,9620.0,33,0.052301943,8,Lower-risk active
712765158,0,3,2386,47,0.852,5,3,2539.0,15,0.34080985,9,Lower-risk active
714411108,0,2,2790,68,0.167,4,3,3642.0,28,0.0815549,8,Lower-risk active
720231108,0,4,3031,57,0.0,3,3,3451.0,39,0.50378805,9,Contacted but fragile
709035708,0,2,1819,35,0.677,4,3,1841.0,36,0.123372056,8,Lower-risk active
720662508,0,3,1972,38,0.265,6,2,5764.0,25,0.009934027,6,Lower-risk active
708623283,0,3,2084,61,0.0,6,2,18278.0,16,0.0127389375,6,Lower-risk active
813247083,0,3,1357,26,0.038,4,2,16059.0,33,0.010538767,6,Lower-risk active
780078333,0,2,1193,26,0.112,3,2,5887.0,41,0.047424387,8,Lower-risk active
811915383,0,2,2530,50,0.63,6,2,3152.0,31,0.009674474,6,Lower-risk active
719818983,1,3,1195,35,0.0,1,4,12464.0,28,0.9722858,9,Dormant high-risk
716349183,0,2,2160,54,0.0,5,3,4784.0,36,0.41398913,9,Lower-risk active
710067183,0,2,2074,81,0.0,5,3,1950.0,36,0.009582461,6,Lower-risk active
771234558,0,3,2213,62,0.0,6,2,7478.0,56,0.049550775,8,Lower-risk active
820288233,0,3,2731,39,0.0,4,4,1438.3,20,0.2886452,9,Lower-risk active
717511533,0,2,2950,87,0.698,4,4,1707.0,36,0.0008312826,2,Lower-risk active
711642108,0,2,2572,35,0.228,5,2,4016.0,13,0.099927686,8,Lower-risk active
712495233,0,3,2411,53,0.717,5,2,2370.0,19,0.11632695,8,Lower-risk active
718484283,0,1,1409,49,0.724,6,4,3478.0,36,0.0052114613,5,Lower-risk active
717413658,0,2,1987,47,0.643,6,2,1539.0,32,0.057840407,8,Lower-risk active
804668658,1,2,947,20,0.0,3,4,1438.3,20,0.99201244,10,Contacted but fragile
715934283,0,3,3046,56,0.522,6,2,3142.0,26,0.014163129,7,Lower-risk active
717499083,0,1,3013,78,0.0,3,2,17236.0,36,0.0017165565,3,Lower-risk active
715279683,0,1,1679,39,0.0,5,4,1438.3,36,0.65613216,9,Contacted but fragile
718971333,0,3,2342,51,0.07,5,2,13206.0,20,0.052843213,8,Lower-risk active
709219533,0,1,1359,36,0.545,3,0,2480.0,41,0.0009964288,2,Lower-risk active
709150608,0,1,2632,64,0.0,5,4,2898.0,19,0.013665587,7,Lower-risk active
788259558,0,3,1430,28,0.655,5,4,1570.0,51,0.0023910291,4,Lower-risk active
802464033,0,3,1877,41,0.283,6,3,4460.0,56,0.012963978,7,Lower-risk active
712757808,0,2,1731,40,0.0,4,4,1544.0,22,0.37879652,9,Lower-risk active
714457083,0,3,1332,24,0.642,6,2,3456.0,44,0.019045584,7,Lower-risk active
713413758,0,3,2270,44,0.581,4,3,2751.0,16,0.1052982,8,Lower-risk active
708741633,0,3,1771,41,0.0,6,4,4153.0,44,0.91487664,9,Dormant high-risk
714043833,0,2,3016,85,0.379,5,4,3685.0,36,0.001983875,3,Lower-risk active
789577833,0,1,969,29,0.217,4,4,8902.0,49,0.129377,8,Lower-risk active
787570758,0,3,2070,44,0.542,3,4,2944.0,26,0.3901379,9,Lower-risk active
720371733,0,3,1395,39,0.352,5,2,2232.0,47,0.026491163,7,Lower-risk active
819117183,0,2,2169,48,0.579,3,4,1569.0,29,0.016368495,7,Lower-risk active
711776433,0,2,2574,65,0.049,4,2,23622.0,26,0.00865433,6,Lower-risk active
709583133,0,3,1627,54,0.434,6,3,3326.0,40,0.0014823681,3,Lower-risk active
719521983,0,3,1592,32,0.278,4,3,6116.0,31,0.003968325,5,Lower-risk active
718415133,0,1,1601,34,0.0,6,3,11352.0,25,0.00092523015,2,Lower-risk active
710594358,0,3,2560,72,0.059,4,4,14910.0,36,0.004485539,5,Lower-risk active
709730508,0,3,4563,61,0.0,6,3,17531.0,27,0.0983601,8,Lower-risk active
720462633,0,2,1827,49,0.155,3,3,4138.0,29,0.32471475,9,Lower-risk active
715005558,0,2,2472,65,0.256,6,2,8374.0,36,0.00087338383,2,Lower-risk active
779993208,0,3,1475,27,0.0,3,3,7049.0,28,0.14120217,8,Lower-risk active
787543008,0,3,2349,61,0.44,5,4,3851.0,27,0.014632182,7,Lower-risk active
743265108,0,1,2477,49,0.052,5,4,15936.0,30,0.005860836,6,Lower-risk active
713770383,0,4,2775,74,0.0,5,4,2926.0,19,0.02104348,7,Lower-risk active
712392108,0,2,1451,25,0.067,3,4,10305.0,36,0.09809109,8,Lower-risk active
720145683,0,2,1617,35,0.843,3,2,2987.0,42,0.0758168,8,Lower-risk active
714832383,0,2,2949,70,0.057,6,3,34516.0,29,0.0028524338,4,Lower-risk active
772706283,0,3,1585,43,0.252,3,4,6275.0,28,0.019876905,7,Lower-risk active
795920358,0,2,2679,45,0.0,3,3,7185.0,27,0.15461145,8,Lower-risk active
716277558,0,3,1779,47,0.598,4,4,3281.0,36,0.023678798,7,Lower-risk active
764776833,0,3,1523,30,0.535,3,2,3077.0,54,0.016562557,7,Lower-risk active
710795883,0,1,2758,50,0.913,6,4,2042.0,16,0.022417152,7,Lower-risk active
710428308,0,1,1910,51,0.776,4,4,2001.0,51,0.14031316,8,Lower-risk active
721096983,0,3,2616,46,0.694,4,4,3625.0,36,0.021806503,7,Lower-risk active
715760733,0,3,1199,25,0.242,6,4,7803.0,47,0.0344496,7,Lower-risk active
718227033,0,1,2565,53,0.286,3,2,5951.0,30,0.0065509225,6,Lower-risk active
720610008,1,5,1339,23,0.051,1,4,15796.0,50,0.94288963,9,Dormant high-risk
719517258,0,3,3676,67,0.18,5,4,7558.0,36,0.0058730366,6,Lower-risk active
714111333,0,1,1910,38,0.0,6,3,5381.0,46,0.09163857,8,Lower-risk active
717551358,0,1,2279,56,0.708,4,4,3556.0,55,0.15138216,8,Lower-risk active
813573333,0,1,1354,25,0.551,5,4,2661.0,55,0.010235164,6,Lower-risk active
711709683,0,1,1999,48,0.401,6,4,3506.0,36,0.01894995,7,Lower-risk active
712902483,0,2,1895,43,0.822,3,2,2066.0,24,0.16812666,8,Lower-risk active
710893533,0,1,1570,56,0.105,4,4,8329.0,42,0.031295262,7,Lower-risk active
719883858,0,1,1258,33,0.0,4,0,2774.0,48,0.022433711,7,Lower-risk active
719628033,0,3,2475,52,0.273,5,3,4134.0,36,0.0071760733,6,Lower-risk active
712043433,0,2,1213,33,0.104,5,2,11329.0,36,0.0044203885,5,Lower-risk active
769095558,0,2,1755,45,0.172,3,2,9055.0,53,0.012429198,6,Lower-risk active
816094233,0,2,1692,38,0.081,6,2,17393.0,32,0.0069702286,6,Lower-risk active
758417508,0,3,3313,72,0.0,6,4,5908.0,43,0.006487166,6,Lower-risk active
721234308,0,2,2820,62,0.312,6,3,5825.0,21,0.004551298,5,Lower-risk active
717138558,0,1,1813,31,0.0,5,3,3665.0,16,0.15430072,8,Lower-risk active
798120858,0,2,2555,44,0.375,4,2,3797.0,31,0.011862356,6,Lower-risk active
709997958,0,3,2133,54,0.0,4,4,3478.0,28,0.7647215,9,Dormant high-risk
712617408,0,3,2566,74,0.0,5,3,13734.0,20,0.02351023,7,Lower-risk active
720158208,0,3,2058,49,0.714,4,2,3034.0,23,0.12631086,8,Lower-risk active
716548083,0,1,2593,57,0.794,4,4,2973.0,32,0.005965399,6,Lower-risk active
717631008,0,1,1886,48,0.0,4,2,24296.0,31,0.107903235,8,Lower-risk active
813964383,0,1,2568,59,0.137,3,3,8969.0,30,0.019534074,7,Lower-risk active
719952408,0,3,1870,51,0.636,3,2,2550.0,36,0.03268429,7,Lower-risk active
771028533,1,1,911,25,0.0,5,3,10357.0,35,0.98258,10,Contacted but fragile
771823308,0,1,1896,33,0.668,5,4,1475.0,21,0.020986758,7,Lower-risk active
719854008,0,6,1694,32,0.273,3,2,5154.0,36,0.03591513,7,Lower-risk active
713998233,0,2,2780,57,0.394,6,4,3586.0,36,0.16641372,8,Lower-risk active
714746358,0,1,2234,35,0.362,3,2,4646.0,28,0.0047645336,5,Lower-risk active
713574708,0,2,3124,66,0.718,6,2,1640.0,28,0.0045875665,5,Lower-risk active
714753258,0,2,2966,50,0.833,5,4,2379.0,36,0.008141261,6,Lower-risk active
712004208,0,3,1973,59,0.0,3,2,3422.0,56,0.11726483,8,Lower-risk active
719621958,0,2,1720,40,0.0,3,3,4365.0,28,0.9846736,10,Contacted but fragile
819610908,1,4,1137,26,0.063,1,4,32938.0,33,0.9793585,10,Dormant high-risk
823948308,0,2,1727,37,0.289,6,4,6710.0,44,0.009815827,6,Lower-risk active
712064358,0,3,1999,34,0.616,6,4,2507.0,36,0.02416141,7,Lower-risk active
816013383,1,6,1712,27,0.0,3,3,6184.0,56,0.9595461,9,Dormant high-risk
758765808,0,3,1802,40,0.586,6,4,2029.0,29,0.07079435,8,Lower-risk active
780881358,0,3,2551,74,0.0,6,2,16659.0,17,0.012305798,6,Lower-risk active
709422183,0,2,1788,45,0.633,4,2,2203.0,46,0.07830794,8,Lower-risk active
779951058,0,2,1908,39,0.321,4,4,5122.0,38,0.039974052,7,Lower-risk active
809941233,0,1,1377,38,0.777,4,3,3074.0,48,0.039943997,7,Lower-risk active
710844408,0,3,1843,28,0.0,4,2,2584.0,36,0.60775995,9,Dormant high-risk
819002508,0,1,2563,64,0.0,4,2,2037.0,26,0.0514337,8,Lower-risk active
807141183,0,3,1930,36,0.095,4,2,14938.0,29,0.0754964,8,Lower-risk active
711119358,0,1,2460,52,0.445,6,2,2014.0,31,0.065541856,8,Lower-risk active
808273533,1,4,2054,55,0.0,3,3,1818.0,34,0.82692385,9,Dormant high-risk
716297658,0,1,2405,55,0.0,4,4,14926.0,36,0.26484168,9,Lower-risk active
716532258,0,3,3291,55,0.463,4,2,2827.0,43,0.117870905,8,Lower-risk active
720540708,0,2,1197,25,0.543,3,4,2773.0,42,0.009150273,6,Lower-risk active
720904233,0,3,1158,31,0.035,3,2,16033.0,41,0.1890241,8,Lower-risk active
720863133,0,3,1855,39,0.783,5,4,3213.0,54,0.17316113,8,Lower-risk active
714957108,0,1,3133,72,0.0,5,3,3616.0,26,0.006677503,6,Lower-risk active
790102008,0,1,3305,80,0.173,6,3,5924.0,30,0.00060042454,1,Lower-risk active
781933983,0,3,2970,76,0.0,5,4,14535.0,41,0.01618615,7,Lower-risk active
712643358,0,2,1335,23,0.568,6,4,2833.0,49,0.0015129909,3,Lower-risk active
716686158,0,2,1621,32,0.406,5,3,1479.0,49,0.26920536,9,Lower-risk active
806894133,0,1,2546,55,0.833,3,4,1617.0,29,0.1798398,8,Lower-risk active
721344858,0,4,2192,36,0.202,4,4,2237.0,13,0.08323547,8,Lower-risk active
813230208,0,3,4686,64,0.614,3,3,2900.0,40,0.038150366,7,Lower-risk active
716835033,0,3,1836,37,0.159,4,2,13126.0,45,0.025371041,7,Lower-risk active
787500333,0,1,2030,58,0.162,6,3,8695.0,40,0.011001165,6,Lower-risk active
768582033,0,3,3902,76,0.283,6,4,6692.0,41,0.0025705367,4,Lower-risk active
713992158,0,1,1353,30,0.465,3,2,2159.0,36,0.012252616,6,Lower-risk active
719916408,0,2,1850,34,0.763,5,2,2501.0,27,0.0021394864,3,Lower-risk active
789433758,0,3,1715,39,0.375,3,2,6338.0,27,0.15589347,8,Lower-risk active
785011383,1,3,1412,38,0.0,1,4,2190.0,30,0.9657736,9,Dormant high-risk
719283633,0,2,1325,29,0.215,4,3,7578.0,49,0.0019443256,3,Lower-risk active
710816358,0,3,2523,48,0.495,4,2,2963.0,18,0.0037671349,5,Lower-risk active
779653458,0,3,2323,47,0.251,3,3,8260.0,20,0.017235702,7,Lower-risk active
716382708,1,4,1165,35,0.103,3,3,8309.0,36,0.88369423,9,Dormant high-risk
710387583,0,1,1018,32,0.492,5,4,3864.0,35,0.06155791,8,Lower-risk active
718772133,0,3,1484,34,0.106,6,3,10230.0,47,0.031782053,7,Lower-risk active
711224733,1,3,695,10,0.0,3,4,22382.0,27,0.9988668,10,Dormant high-risk
718360083,0,3,2443,70,0.07,6,2,25790.0,36,0.009269612,6,Lower-risk active
716102583,0,1,1959,56,0.941,6,3,2675.0,53,0.021057291,7,Lower-risk active
720673008,0,3,1771,47,0.492,3,4,1652.0,38,0.7143628,9,Dormant high-risk
708459633,0,1,1604,42,0.292,4,3,5815.0,26,0.0045786602,5,Lower-risk active
712868733,0,1,1562,27,0.844,5,2,2595.0,52,0.03370244,7,Lower-risk active
713790708,0,2,2269,39,0.675,5,3,3421.0,36,0.0038675095,5,Lower-risk active
717648783,0,2,1449,28,0.246,4,3,6922.0,51,0.0698101,8,Lower-risk active
714709983,0,2,1665,44,0.129,6,4,6979.0,36,0.28443646,9,Lower-risk active
819409608,0,3,1457,43,0.0,4,4,2594.0,34,0.5351063,9,Contacted but fragile
717585858,0,2,2795,55,0.099,5,4,16915.0,24,0.08031537,8,Lower-risk active
791856033,1,4,1041,27,0.0,3,4,34516.0,39,0.9938241,10,Dormant high-risk
714474483,0,2,2005,50,0.744,4,2,2523.0,29,0.0005011848,1,Lower-risk active
716448783,1,4,1225,34,0.0,2,3,6235.0,39,0.9646922,9,Dormant high-risk
711065133,0,2,2099,39,0.0,6,4,1473.0,13,0.14795816,8,Lower-risk active
713769258,0,2,2547,45,0.055,3,3,17116.0,26,0.06527874,8,Lower-risk active
712288158,0,3,2864,37,0.43,5,2,4631.0,17,0.0167594,7,Lower-risk active
714130233,0,3,1602,37,0.706,3,2,3047.0,19,0.0025921254,4,Lower-risk active
789127533,0,2,3013,83,0.051,5,2,32338.0,37,0.0019019301,3,Lower-risk active
717038733,0,3,1324,38,0.61,5,3,2253.0,36,0.037071504,7,Lower-risk active
804840033,0,6,1960,48,0.0,4,4,16611.0,38,0.570923,9,Dormant high-risk
709363383,0,4,2652,61,0.037,3,2,22886.0,36,0.044651385,8,Lower-risk active
789760233,0,3,2435,63,0.0,6,3,3544.0,14,0.0452121,8,Lower-risk active
712058958,0,3,2744,75,0.0,3,4,3480.0,19,0.012064778,6,Lower-risk active
708295533,0,3,1215,22,0.53,5,2,3549.0,56,0.0054095346,5,Lower-risk active
817686633,0,2,2856,39,0.512,5,4,1438.3,15,0.4007219,9,Lower-risk active
713738883,0,2,1260,34,0.453,6,3,3136.0,36,0.004459484,5,Lower-risk active
721310283,0,2,1804,32,0.027,6,4,34516.0,36,0.23685692,8,Lower-risk active
803132733,0,3,1339,30,0.23,4,2,6814.0,48,0.0139307715,7,Lower-risk active
779852133,0,2,3093,66,0.061,3,4,34516.0,32,0.0051760236,5,Lower-risk active
716210283,0,3,1618,37,0.296,6,4,8500.0,36,0.06576573,8,Lower-risk active
711615933,0,3,1013,28,0.066,3,2,28170.0,33,0.068490766,8,Lower-risk active
785311158,0,1,3328,69,0.14,6,4,6610.0,48,0.002504833,4,Lower-risk active
717267108,0,3,2061,61,0.089,6,2,15755.0,26,0.00386256,5,Lower-risk active
711636558,0,3,1567,42,0.765,5,4,2711.0,36,0.0064973957,6,Lower-risk active
717504258,0,1,1573,35,0.321,4,4,3735.0,25,0.0025291436,4,Lower-risk active
718242333,0,3,2568,69,0.178,5,2,10216.0,36,0.009890716,6,Lower-risk active
771844458,0,1,1804,41,0.081,6,2,20420.0,28,0.0007816476,1,Lower-risk active
708892833,1,4,725,22,0.0,2,4,13662.0,30,0.99960667,10,Dormant high-risk
779465358,0,3,2243,38,0.481,4,3,3038.0,13,0.060177427,8,Lower-risk active
720191883,0,3,1236,36,0.093,5,3,7050.0,35,0.01560741,7,Lower-risk active
710934033,0,1,2169,43,0.655,6,4,1775.0,13,0.035005353,7,Lower-risk active
714473658,0,2,1488,26,0.118,6,2,8960.0,30,0.28358924,9,Lower-risk active
716569983,0,1,1765,27,0.753,3,2,2355.0,36,0.004415225,5,Lower-risk active
789833583,0,2,1476,30,0.196,5,4,6803.0,47,0.020700166,7,Lower-risk active
818923158,0,2,1275,31,0.563,5,4,2145.0,50,0.01499434,7,Lower-risk active
716596308,0,2,1872,51,0.418,5,3,3919.0,36,0.06943681,8,Lower-risk active
716620458,0,2,2439,63,0.0,3,3,4500.0,23,0.25565562,8,Lower-risk active
710251608,0,3,1453,27,0.399,3,4,2941.0,54,0.11518111,8,Lower-risk active
710633808,0,3,2411,41,0.0,3,3,7102.0,13,0.2040321,8,Lower-risk active
719318583,1,3,862,13,0.348,3,4,6866.0,26,0.99732,10,Dormant high-risk
819202533,0,2,1306,32,0.148,3,3,10378.0,52,0.04698795,8,Lower-risk active
827360883,0,3,1593,46,0.099,4,2,13473.0,43,0.017331293,7,Lower-risk active
771196083,0,3,1837,37,0.0,6,3,18178.0,34,0.3906171,9,Lower-risk active
809962908,0,3,1909,52,0.104,5,4,8171.0,43,0.24384762,8,Lower-risk active
788965683,0,3,2170,41,0.0,6,3,1438.3,36,0.9823926,10,Dormant high-risk
817142433,0,3,1725,29,0.285,5,4,8082.0,20,0.007949403,6,Lower-risk active
716993058,0,2,4291,78,0.067,5,3,24589.0,48,0.0021087956,3,Lower-risk active
771040758,0,1,3703,91,0.0,5,2,30310.0,49,0.00050854875,1,Lower-risk active
713309583,0,3,2177,59,0.718,6,4,2967.0,36,0.007815412,6,Lower-risk active
710273658,0,2,2883,61,0.59,5,3,3092.0,17,0.010044229,6,Lower-risk active
771429408,0,3,1515,31,0.413,5,2,1618.0,42,0.08129828,8,Lower-risk active
719452308,0,2,2048,35,0.653,5,3,2498.0,23,0.039969623,7,Lower-risk active
818908833,0,2,2038,45,0.0,5,2,2564.0,41,0.82206947,9,Lower-risk active
780998133,0,4,1980,45,0.141,3,4,10540.0,34,0.18637261,8,Lower-risk active
801726933,0,3,1899,33,0.138,4,3,13384.0,28,0.016233921,7,Lower-risk active
788474658,0,2,1842,56,0.079,5,4,16208.0,48,0.058291737,8,Lower-risk active
708438033,0,3,2617,48,0.721,3,4,3049.0,27,0.01791278,7,Lower-risk active
710562258,0,4,3407,47,0.0,5,3,19214.0,33,0.21845716,8,Lower-risk active
770764908,0,2,1765,36,0.82,5,3,3071.0,25,0.19289468,8,Lower-risk active
814776033,0,1,2650,69,0.125,3,3,13395.0,29,0.0035547393,5,Lower-risk active
715057383,0,3,3891,79,0.07,6,4,17126.0,31,0.00082521664,1,Lower-risk active
717970158,0,3,3942,84,0.0,5,2,8083.0,36,0.0014665261,3,Lower-risk active
715168008,0,2,2398,61,0.172,4,3,8995.0,28,0.014504132,7,Lower-risk active
720802833,0,2,2692,63,0.498,3,3,2404.0,13,0.04817043,8,Lower-risk active
789370383,0,2,1346,26,0.657,4,2,2807.0,32,0.0012349956,2,Lower-risk active
711782733,0,3,1390,24,0.267,3,2,3097.0,36,0.046790432,8,Lower-risk active
709000008,0,2,2073,54,0.063,6,2,10651.0,37,0.17015177,8,Lower-risk active
719381733,0,2,3994,64,0.646,5,3,2175.0,47,0.0021113046,3,Lower-risk active
771169458,0,3,1723,36,0.052,5,0,28020.0,28,0.00020807286,1,Lower-risk active
709974108,0,3,3116,80,0.398,4,3,2640.0,23,0.0015218991,3,Lower-risk active
757024233,0,1,2555,62,0.069,3,4,31313.0,27,0.007935948,6,Lower-risk active
768928833,0,2,2717,63,0.0,3,4,7304.0,31,0.038298327,7,Lower-risk active
720504633,1,2,967,24,0.0,6,3,3254.0,32,0.8939061,9,Contacted but fragile
812441358,0,3,2660,89,0.0,3,2,1438.3,21,0.0075197536,6,Lower-risk active
713287608,0,4,2412,62,0.386,5,4,3161.0,41,0.07308342,8,Lower-risk active
711357858,1,3,777,13,0.0,5,4,7246.0,36,0.9883487,10,Dormant high-risk
715478733,0,4,2292,54,0.815,5,4,3088.0,36,0.50804144,9,Contacted but fragile
780382008,0,3,3774,63,0.101,6,2,13719.0,32,0.0063423226,6,Lower-risk active
715749858,0,1,1723,31,0.292,5,3,4726.0,18,0.026873814,7,Lower-risk active
710951808,0,3,1668,32,0.249,5,3,6100.0,36,0.004112864,5,Lower-risk active
713469333,0,2,1777,56,0.074,6,4,19279.0,28,0.0069764066,6,Lower-risk active
719243808,0,2,1888,39,0.429,3,4,3792.0,20,0.14173013,8,Lower-risk active
772202058,0,3,1597,37,0.79,3,4,2084.0,53,0.04593198,8,Lower-risk active
711346383,0,3,2804,70,0.0,4,3,34516.0,28,0.02586533,7,Lower-risk active
711405333,0,2,1651,43,0.31,5,2,6849.0,43,0.048721272,8,Lower-risk active
778407033,0,3,2367,50,0.799,6,4,2417.0,39,0.20022452,8,Lower-risk active
714862083,0,4,3386,53,0.429,6,3,5802.0,33,0.20307049,8,Lower-risk active
711199008,0,2,2399,57,0.751,3,2,2919.0,31,0.007965552,6,Lower-risk active
709858533,0,1,2320,57,0.821,4,2,2462.0,20,0.0101631945,6,Lower-risk active
718627458,0,4,2119,52,0.0,3,2,1947.0,38,0.7920793,9,Dormant high-risk
711816108,1,2,2395,45,0.0,2,4,18563.0,29,0.9965508,10,Contacted but fragile
717105258,0,3,2181,32,0.323,3,3,3992.0,36,0.602101,9,Dormant high-risk
715822008,0,2,1913,35,0.61,4,2,3568.0,14,0.0021086722,3,Lower-risk active
714971583,0,3,3063,87,0.107,3,2,7776.0,27,0.0023528289,4,Lower-risk active
713663508,1,2,1088,22,0.0,3,3,1438.3,42,0.86776483,9,Contacted but fragile
709025583,0,3,1138,38,0.076,3,3,9355.0,36,0.12126167,8,Lower-risk active
812809083,0,4,2595,58,0.08,3,4,19636.0,32,0.13157769,8,Lower-risk active
714073983,0,3,1788,46,0.0,6,3,7327.0,36,0.4950722,9,Lower-risk active
789297558,0,3,2602,51,0.274,6,2,7049.0,25,0.27475098,9,Lower-risk active
710375283,0,3,2236,55,0.724,4,2,2033.0,18,0.015666347,7,Lower-risk active
712189233,0,1,3095,63,0.488,5,3,5153.0,20,0.003522742,5,Lower-risk active
713767383,0,2,2397,41,0.807,4,2,2062.0,22,0.07883632,8,Lower-risk active
797414733,0,3,2439,61,0.757,3,4,2005.0,31,0.11166665,8,Lower-risk active
712452033,0,2,2225,44,0.334,6,3,2479.0,13,0.20043847,8,Lower-risk active
714151533,0,4,1569,33,0.353,5,4,4589.0,46,0.22388114,8,Lower-risk active
720440583,0,2,1927,47,0.525,6,2,2263.0,36,0.02583141,7,Lower-risk active
787494783,0,3,2140,49,0.147,5,2,8184.0,46,0.1303239,8,Lower-risk active
819966033,0,3,2522,68,0.0,6,3,9238.0,27,0.015872026,7,Lower-risk active
710297133,0,3,3503,65,0.04,6,3,30210.0,36,0.004367996,5,Lower-risk active
793355508,0,3,2657,71,0.0,6,3,6942.0,26,0.018049676,7,Lower-risk active
708580908,0,3,1373,35,0.173,3,3,14551.0,37,0.16629447,8,Lower-risk active
719826333,0,1,2557,67,0.0,5,2,1438.3,13,0.14312807,8,Lower-risk active
780689733,0,2,2758,56,0.056,3,2,11332.0,56,0.0068180626,6,Lower-risk active
744764433,0,2,1473,35,0.026,5,3,30967.0,48,0.20548822,8,Lower-risk active
714902283,0,3,2843,53,0.0,5,3,7866.0,36,0.73292106,9,Dormant high-risk
789309558,0,2,2570,49,0.706,6,4,2718.0,21,0.00254232,4,Lower-risk active
713188383,0,2,1446,22,0.816,4,4,3084.0,36,0.010627729,6,Lower-risk active
719506983,0,2,1181,30,0.077,5,4,17302.0,42,0.004606672,5,Lower-risk active
714804483,0,3,1426,34,0.137,3,3,12159.0,36,0.09162667,8,Lower-risk active
748503708,0,4,1566,36,0.582,6,3,2797.0,47,0.14063378,8,Lower-risk active
803587533,0,3,3319,86,0.692,6,4,2618.0,28,0.000420111,1,Lower-risk active
789777408,1,2,1134,26,0.99,3,3,1442.0,15,0.89048326,9,Contacted but fragile
716811483,0,2,1859,43,0.0,4,1,2063.0,24,0.6872384,9,Lower-risk active
714118383,0,2,2223,72,0.0,4,3,8154.0,43,0.025674064,7,Lower-risk active
720532908,0,3,2967,80,0.128,4,2,9735.0,20,0.00060116634,1,Lower-risk active
765055833,0,4,1645,33,0.517,3,2,4310.0,49,0.017158855,7,Lower-risk active
715310208,0,3,2197,45,0.186,3,1,11450.0,36,0.28690076,9,Lower-risk active
718577958,1,3,809,15,0.0,2,4,8906.0,26,0.99970514,10,Dormant high-risk
789167658,0,3,1534,34,0.428,5,2,4245.0,23,0.0062855408,6,Lower-risk active
789987183,0,4,1413,37,0.06,4,4,21953.0,45,0.06340431,8,Lower-risk active
717730533,0,1,2659,63,0.573,6,3,1614.0,21,0.045462683,8,Lower-risk active
708668283,0,4,1842,36,0.49,5,2,5140.0,22,0.087548375,8,Lower-risk active
772360683,0,3,1515,36,0.079,3,4,31762.0,46,0.10076247,8,Lower-risk active
712500933,0,4,2997,56,0.055,4,4,11692.0,40,0.025541509,7,Lower-risk active
804867183,0,2,2599,47,0.0,6,4,16043.0,30,0.013023592,7,Lower-risk active
826068183,0,4,2916,50,0.094,4,3,15488.0,32,0.022195045,7,Lower-risk active
820044333,0,3,4157,58,0.873,3,2,2503.0,34,0.0523077,8,Lower-risk active
714211533,0,3,2670,50,0.752,4,2,3312.0,36,0.5520438,9,Dormant high-risk
710287533,0,2,2221,57,0.186,3,4,6269.0,36,0.061545867,8,Lower-risk active
720603558,0,2,2460,74,0.079,3,1,20337.0,36,0.0018935971,3,Lower-risk active
819258408,0,2,1698,41,0.497,4,4,2224.0,42,0.4511965,9,Lower-risk active
717664008,1,3,694,12,0.812,2,4,3100.0,19,0.99945086,10,Dormant high-risk
717437058,0,2,2167,57,0.026,4,0,26437.0,26,0.024624756,7,Lower-risk active
717327783,0,2,2760,44,0.148,4,2,9959.0,27,0.25213635,8,Lower-risk active
712887633,0,3,1753,43,0.035,5,3,25008.0,36,0.008488385,6,Lower-risk active
716129208,0,3,1678,36,0.0,3,3,2031.0,36,0.39872614,9,Lower-risk active
718037433,0,4,1887,60,0.758,6,2,1654.0,49,0.09961388,8,Lower-risk active
709839858,0,4,1535,31,0.234,3,3,4608.0,39,0.06848805,8,Lower-risk active
719686458,0,4,1903,30,0.417,6,1,3908.0,36,0.14008792,8,Lower-risk active
721434483,0,3,2631,55,0.449,4,2,2798.0,46,0.022198182,7,Lower-risk active
716096358,0,4,3753,63,0.883,5,1,2551.0,39,0.0058633396,6,Lower-risk active
718244958,0,2,1989,37,0.145,5,2,8621.0,26,0.18423294,8,Lower-risk active
711315783,0,4,2165,49,0.092,6,2,7451.0,43,0.108506285,8,Lower-risk active
821296083,0,3,2003,47,0.386,3,3,2617.0,30,0.15643534,8,Lower-risk active
711562833,1,3,717,18,0.0,6,4,12634.0,24,0.9958477,10,Dormant high-risk
716447733,0,3,1921,43,0.15,5,3,6407.0,18,0.032073066,7,Lower-risk active
719591283,0,2,2412,58,0.0,6,4,1438.3,27,0.61735016,9,Contacted but fragile
789911808,0,2,2487,52,0.471,6,2,2672.0,28,0.0100436555,6,Lower-risk active
713195808,0,3,2792,51,0.107,6,4,11948.0,36,0.007353108,6,Lower-risk active
717866133,0,3,2170,63,0.519,3,3,2677.0,36,0.11304569,8,Lower-risk active
716670783,0,2,4776,63,0.044,3,1,24703.0,36,0.22663358,8,Lower-risk active
789197508,0,3,1518,36,0.705,6,4,2240.0,43,0.0031923526,4,Lower-risk active
713108433,0,4,1476,37,0.284,4,4,6052.0,40,0.046172045,8,Lower-risk active
711403383,0,4,2256,70,0.768,6,1,2562.0,23,0.011968009,6,Lower-risk active
768212583,0,4,1848,49,0.099,4,4,15377.0,43,0.012825748,7,Lower-risk active
720181758,1,3,850,18,0.0,3,4,8654.0,22,0.99659914,10,Dormant high-risk
710632683,0,2,2308,49,0.0,5,3,1438.3,24,0.8975294,9,Contacted but fragile
711836733,0,3,1867,45,0.0,3,3,1438.3,31,0.6853476,9,Dormant high-risk
771183933,0,2,1923,49,0.076,6,3,16040.0,26,0.03490834,7,Lower-risk active
711327558,0,3,1600,45,0.707,3,1,2801.0,36,0.015648136,7,Lower-risk active
788971308,0,4,1809,41,0.436,5,2,2658.0,49,0.3341272,9,Lower-risk active
718950483,0,3,1208,38,0.154,3,2,12423.0,48,0.046457965,8,Lower-risk active
714278958,0,1,2201,46,0.213,6,3,9347.0,27,0.0013220034,2,Lower-risk active
711817158,0,3,2510,57,0.342,3,4,3143.0,22,0.18675347,8,Lower-risk active
765824058,0,3,3784,74,0.301,3,1,5106.0,39,0.0048675076,5,Lower-risk active
710109633,0,3,1683,34,0.107,6,2,9871.0,31,0.09950541,8,Lower-risk active
713643858,0,4,1911,47,0.925,4,2,1525.0,43,0.072888,8,Lower-risk active
716399583,0,2,2286,39,0.064,6,1,19630.0,36,0.012058788,6,Lower-risk active
714516783,0,3,3360,56,0.11,4,1,12547.0,36,0.0106157875,6,Lower-risk active
710490708,0,1,2047,46,0.0,4,3,17686.0,36,0.68065584,9,Contacted but fragile
780662133,0,3,1534,35,0.773,6,5,3257.0,28,0.061671942,8,Lower-risk active
715389708,0,3,1516,32,0.522,4,2,4824.0,28,0.14395864,8,Lower-risk active
789607983,0,6,1758,40,0.122,6,2,8603.0,32,0.0072738808,6,Lower-risk active
720171033,0,1,4014,70,0.137,6,1,11498.0,36,0.0010513484,2,Lower-risk active
815104608,0,1,2947,87,0.153,5,3,3818.0,23,0.004170694,5,Lower-risk active
719660658,0,2,2134,47,0.116,6,2,16594.0,36,0.11631415,8,Lower-risk active
714159858,0,2,1546,36,0.38,4,2,5387.0,48,0.009731756,6,Lower-risk active
714225333,0,1,1545,21,0.264,5,1,2930.0,36,0.0026103798,4,Lower-risk active
712204308,0,1,2878,65,0.05,6,1,10023.0,36,0.005360552,5,Lower-risk active
718468158,0,2,2261,37,0.172,6,3,9303.0,25,0.02587909,7,Lower-risk active
711575058,0,2,1896,31,0.816,4,2,2956.0,36,0.016845673,7,Lower-risk active
735417408,0,1,1941,58,0.571,4,2,2218.0,30,0.0035649708,5,Lower-risk active
717171408,0,2,2021,41,0.0,6,1,9959.0,26,0.7206349,9,Lower-risk active
814312308,0,3,1435,29,0.257,5,2,5335.0,49,0.014375565,7,Lower-risk active
711786108,0,3,1159,26,0.28,3,2,7187.0,43,0.009056013,6,Lower-risk active
712905708,0,2,1188,40,0.604,5,4,2590.0,39,0.030391315,7,Lower-risk active
720050208,0,1,2236,57,0.411,4,3,4255.0,19,0.08805869,8,Lower-risk active
793952133,0,2,1680,33,0.832,6,3,2778.0,26,0.004002973,5,Lower-risk active
798140283,0,3,1180,29,0.184,4,1,10711.0,51,0.0008132507,1,Lower-risk active
720427683,1,3,2171,48,0.0,2,4,16163.0,46,0.9967033,10,Dormant high-risk
789970233,0,1,1454,30,0.448,6,1,2513.0,45,0.014598353,7,Lower-risk active
713893308,0,1,1984,38,0.488,4,1,3291.0,37,0.0027289274,4,Lower-risk active
718843608,0,2,3327,80,0.122,5,4,8917.0,25,0.0004136955,1,Lower-risk active
752085108,0,5,1824,38,0.234,3,2,4955.0,29,0.03113012,7,Lower-risk active
789435783,0,1,1532,26,0.438,6,2,2909.0,30,0.009271477,6,Lower-risk active
711032058,0,4,2901,75,0.073,6,3,34516.0,21,0.008981626,6,Lower-risk active
784719708,0,1,1707,41,0.0,5,1,1438.3,43,0.21535593,8,Lower-risk active
804663258,0,1,1903,49,0.147,3,4,14015.0,49,0.019970136,7,Lower-risk active
716900433,0,2,2384,61,0.552,6,2,2540.0,28,0.0022134865,4,Lower-risk active
720909408,0,2,2337,61,0.476,4,2,3497.0,24,0.03045447,7,Lower-risk active
712187808,0,3,1826,35,0.0,4,4,3682.0,15,0.07115457,8,Lower-risk active
718428033,0,2,3395,70,0.348,6,1,4430.0,41,0.0015136848,3,Lower-risk active
714892533,0,3,2473,33,0.0,5,2,3877.0,16,0.16690923,8,Lower-risk active
714985458,0,2,1850,44,0.131,3,3,15124.0,36,0.03263645,7,Lower-risk active
716647983,0,3,1574,34,0.125,5,1,7712.0,53,0.14198071,8,Lower-risk active
712340733,0,2,1792,48,0.059,5,2,19373.0,34,0.051259127,8,Lower-risk active
719293533,0,3,2567,70,0.117,3,3,21590.0,13,0.027781228,7,Lower-risk active
715257708,0,2,2758,55,0.461,4,1,3657.0,32,0.0075910157,6,Lower-risk active
708331758,0,1,3725,60,0.057,3,4,32444.0,35,0.0019624766,3,Lower-risk active
709501683,0,1,2263,60,0.286,5,2,5830.0,24,0.0073055094,6,Lower-risk active
711692508,1,4,1154,22,0.0,3,3,1438.3,47,0.9707652,9,Dormant high-risk
715612983,0,2,2336,49,0.257,5,4,6463.0,55,0.09958244,8,Lower-risk active
709674333,0,2,2677,70,0.0,4,1,2400.0,23,0.0064183977,6,Lower-risk active
805522758,0,2,1701,33,0.792,5,4,2311.0,39,0.001760024,3,Lower-risk active
781013958,0,2,1344,37,0.347,4,2,3585.0,48,0.0029649015,4,Lower-risk active
717495258,0,3,1893,36,0.1,6,2,9131.0,25,0.08624765,8,Lower-risk active
795052083,0,6,3630,71,0.0,3,4,1438.3,56,0.017194144,7,Lower-risk active
773389908,0,1,2075,66,0.0,5,3,1438.3,31,0.068541266,8,Lower-risk active
719320833,0,3,1992,46,0.376,6,2,5471.0,36,0.23455709,8,Lower-risk active
816843933,0,3,1961,32,0.175,6,3,8823.0,34,0.016667368,7,Lower-risk active
789196158,0,2,1485,26,0.699,6,4,2173.0,44,0.01479396,7,Lower-risk active
717930483,1,3,1564,31,0.0,3,0,5616.0,25,0.67354065,9,Dormant high-risk
773442258,0,2,1397,28,0.189,5,2,8571.0,51,0.0038041905,5,Lower-risk active
719872833,0,6,3347,71,0.0,6,3,2803.0,36,0.0054978924,5,Lower-risk active
721491258,0,2,1417,30,0.641,3,2,3924.0,36,0.049371563,8,Lower-risk active
770575233,0,1,2553,61,0.203,6,2,5663.0,23,0.0037930175,5,Lower-risk active
715800708,0,1,1560,43,0.506,3,2,3955.0,49,0.017733235,7,Lower-risk active
719996958,0,3,2208,56,0.0,5,4,7997.0,23,0.09860217,8,Lower-risk active
719889408,0,1,1561,39,0.37,4,5,3652.0,36,0.0050346805,5,Lower-risk active
708811233,0,2,1992,40,0.158,4,1,12702.0,27,0.14894362,8,Lower-risk active
794627208,0,3,1935,52,0.216,4,2,7189.0,23,0.16537975,8,Lower-risk active
719020983,0,3,1913,49,0.203,4,1,12421.0,42,0.09317208,8,Lower-risk active
719131533,0,2,3519,73,0.777,3,4,2585.0,17,0.00087790185,2,Lower-risk active
710449983,0,1,2916,45,0.588,4,2,2818.0,29,0.0036810753,5,Lower-risk active
715651833,1,4,1593,35,0.0,3,4,2351.0,36,0.7847116,9,Dormant high-risk
720714933,0,2,1323,25,0.801,4,2,3143.0,49,0.0072952113,6,Lower-risk active
789170283,0,5,3084,63,0.15,5,4,6514.0,42,0.034027383,7,Lower-risk active
810201783,0,3,2740,62,0.426,5,3,3119.0,17,0.0059766914,6,Lower-risk active
715517733,1,0,936,25,0.15,1,4,13092.0,39,0.9957753,10,Contacted but fragile
709042908,0,2,2207,68,0.0,4,1,1438.3,44,0.12194719,8,Lower-risk active
715023333,0,2,2585,64,0.302,4,4,3702.0,34,0.019061051,7,Lower-risk active
720801033,0,2,1347,27,0.277,3,3,9095.0,36,0.84193045,9,Contacted but fragile
714345783,0,3,1469,36,0.582,6,2,2701.0,50,0.010659801,6,Lower-risk active
779209083,0,2,1468,32,0.765,6,4,1813.0,45,0.22727646,8,Lower-risk active
713972658,0,3,1454,43,0.187,3,2,5335.0,36,0.07120714,8,Lower-risk active
710782458,0,2,1615,36,0.687,6,5,2469.0,20,0.01623635,7,Lower-risk active
711142308,0,1,2572,65,0.0,3,5,3091.0,36,0.07612067,8,Lower-risk active
824789283,0,5,2373,73,0.571,3,2,2683.0,32,0.0065713148,6,Lower-risk active
715187733,0,4,2473,46,0.0,3,3,5464.0,15,0.21480212,8,Lower-risk active
721014858,0,1,1479,28,0.687,4,2,2942.0,53,0.0053347806,5,Lower-risk active
710363433,0,3,2441,58,0.493,6,3,2735.0,36,0.010418117,6,Lower-risk active
715479483,0,2,2079,57,0.098,5,4,15279.0,36,0.037757516,7,Lower-risk active
708243483,0,2,2248,51,0.077,4,5,14938.0,43,0.23639591,8,Lower-risk active
714770808,0,3,1580,54,0.155,3,5,4328.0,42,0.0965861,8,Lower-risk active
720626058,0,4,1768,52,0.027,4,4,34516.0,24,0.06553221,8,Lower-risk active
709185108,0,4,1801,44,0.265,5,2,5824.0,26,0.00867107,6,Lower-risk active
719596908,0,2,1255,30,0.188,4,2,11281.0,48,0.0146371955,7,Lower-risk active
719273733,0,3,1855,29,0.125,5,5,7959.0,36,0.25702623,8,Lower-risk active
717348258,0,1,2502,48,0.426,4,3,4459.0,21,0.003474887,4,Lower-risk active
770882508,0,1,2457,54,0.045,4,5,17162.0,24,0.00511734,5,Lower-risk active
799026633,0,3,2502,55,0.093,4,5,16254.0,50,0.038315356,7,Lower-risk active
718777008,0,1,1374,32,0.398,5,2,3278.0,47,0.002927493,4,Lower-risk active
713352183,0,1,1793,33,0.171,5,2,7173.0,17,0.009846379,6,Lower-risk active
716128083,0,2,1191,34,0.608,5,3,3295.0,36,0.014522396,7,Lower-risk active
721288158,0,2,2529,71,0.092,4,2,25033.0,15,0.0062227016,6,Lower-risk active
757881258,0,2,2565,69,0.494,6,2,4232.0,24,0.006194854,6,Lower-risk active
715843533,0,4,2111,29,0.465,3,3,2703.0,36,0.08727089,8,Lower-risk active
717234183,0,1,1718,37,0.232,4,4,2710.0,18,0.02203298,7,Lower-risk active
717260058,0,1,1573,27,0.553,6,5,2322.0,42,0.0029329543,4,Lower-risk active
709710783,0,3,2730,71,0.0,4,4,5931.0,36,0.055590846,8,Lower-risk active
787284858,0,1,1745,27,0.525,5,2,3300.0,29,0.0029490634,4,Lower-risk active
815845758,0,2,1354,24,0.0,4,3,1438.3,51,0.16924009,8,Lower-risk active
720639783,0,3,2562,62,0.0,4,2,34516.0,27,0.12163734,8,Lower-risk active
713331408,0,2,1792,36,0.19,6,5,8682.0,36,0.004852294,5,Lower-risk active
778693458,1,3,1376,29,0.0,3,3,12616.0,13,0.82042086,9,Dormant high-risk
788610258,0,2,3762,73,0.261,5,4,9652.0,43,0.021778109,7,Lower-risk active
711173883,0,2,2516,54,0.466,3,2,1651.0,29,0.72768235,9,Lower-risk active
717628608,0,1,2568,34,0.637,5,5,2576.0,29,0.0045903977,5,Lower-risk active
789261558,0,1,1387,34,0.629,3,4,2212.0,47,0.0048865164,5,Lower-risk active
770647233,0,6,2111,59,0.551,5,3,2157.0,21,0.02811983,7,Lower-risk active
712826208,0,1,1487,33,0.553,5,2,2575.0,26,0.002242962,4,Lower-risk active
718181433,0,1,2688,88,0.167,6,2,8705.0,56,0.0007294703,1,Lower-risk active
714460683,0,3,1467,29,0.452,3,5,3838.0,56,0.01492352,7,Lower-risk active
716460933,0,1,1456,44,0.138,4,4,10306.0,42,0.010619449,6,Lower-risk active
710787708,0,2,1748,38,0.237,4,5,5366.0,40,0.02606085,7,Lower-risk active
713800158,0,3,1540,32,0.785,6,2,2994.0,36,0.026714941,7,Lower-risk active
712551258,1,3,847,17,0.0,3,3,4247.0,36,0.9985904,10,Dormant high-risk
715379133,0,4,1954,42,0.659,4,2,1737.0,36,0.03399485,7,Lower-risk active
712091433,0,2,2950,61,0.049,5,3,18431.0,50,0.007010471,6,Lower-risk active
771756333,0,3,2154,37,0.793,5,3,2263.0,23,0.5294707,9,Contacted but fragile
779895108,0,1,1711,36,0.793,6,4,2718.0,23,0.022255545,7,Lower-risk active
771976683,0,3,1640,44,0.365,3,2,5839.0,43,0.056810003,8,Lower-risk active
716800908,0,0,2496,49,0.0,5,3,5137.0,13,0.3034017,9,Lower-risk active
789413958,0,2,1938,53,0.085,4,3,11909.0,43,0.03771319,7,Lower-risk active
711574008,0,3,2477,59,0.0,4,5,21390.0,21,0.21163192,8,Lower-risk active
714138408,0,1,4107,79,0.068,4,4,9264.0,39,0.0007658723,1,Lower-risk active
709334658,0,2,2025,51,0.459,4,5,5484.0,26,0.8161739,9,Contacted but fragile
709564683,1,3,886,21,0.0,3,5,4739.0,22,0.9987503,10,Dormant high-risk
772292358,1,3,1284,30,0.0,4,3,7970.0,19,0.76032126,9,Dormant high-risk
712933083,0,1,2292,49,0.76,6,2,3127.0,36,0.17654116,8,Lower-risk active
710497608,0,1,1858,51,0.215,5,2,7756.0,36,0.003191418,4,Lower-risk active
721443408,0,2,3508,58,0.02,6,3,34516.0,33,0.009396362,6,Lower-risk active
709149408,0,3,2338,41,0.236,5,4,5605.0,36,0.0056003807,5,Lower-risk active
708446808,0,3,2017,48,0.461,4,2,2946.0,36,0.05365294,8,Lower-risk active
824192658,0,2,4148,79,0.0,4,3,8886.0,54,0.004029283,5,Lower-risk active
711625683,0,2,2781,74,0.278,3,5,3104.0,36,0.048382502,8,Lower-risk active
717487983,0,3,2062,55,0.109,4,3,19435.0,36,0.1814481,8,Lower-risk active
717301908,0,3,1973,55,0.49,3,3,3312.0,46,0.20435283,8,Lower-risk active
718435158,0,1,1930,36,0.0,5,4,34516.0,40,0.7821227,9,Contacted but fragile
714797733,0,1,3189,56,0.0,6,4,5246.0,33,0.1355944,8,Lower-risk active
719213133,0,1,3670,60,0.639,4,2,2432.0,41,0.00057129824,1,Lower-risk active
798962058,0,3,1836,48,0.773,3,3,3103.0,30,0.20694315,8,Lower-risk active
718970058,0,3,1519,43,0.038,5,4,30746.0,33,0.010854294,6,Lower-risk active
713021208,1,3,1353,40,0.0,2,3,34516.0,36,0.99281293,10,Dormant high-risk
810856833,0,2,1907,52,0.086,3,2,11962.0,40,0.025656536,7,Lower-risk active
787868958,0,3,2746,68,0.067,5,3,14690.0,27,0.0128078535,6,Lower-risk active
708161133,0,1,3891,69,0.21,5,2,6629.0,32,0.0007663611,1,Lower-risk active
708174708,0,2,1764,38,0.231,6,4,5535.0,27,0.009302846,6,Lower-risk active
708735183,0,3,2289,49,0.726,4,3,2544.0,22,0.29642898,9,Lower-risk active
708445608,0,3,2027,57,0.762,4,3,3305.0,37,0.08479487,8,Lower-risk active
778943883,0,2,1959,42,0.026,5,4,34516.0,36,0.013684888,7,Lower-risk active
788810658,0,2,2503,70,0.0,3,5,9466.0,20,0.07259411,8,Lower-risk active
789050883,0,3,2655,62,0.0,4,4,5297.0,21,0.21247387,8,Lower-risk active
714531108,0,3,2109,52,0.417,4,3,4260.0,36,0.0061823903,6,Lower-risk active
711635358,0,1,2198,56,0.345,6,2,7291.0,26,0.09354789,8,Lower-risk active
803648508,0,2,1646,42,0.055,4,3,13882.0,37,0.19570826,8,Lower-risk active
813200058,0,2,1497,27,0.275,4,5,6500.0,56,0.025440043,7,Lower-risk active
805261983,0,3,2847,61,0.602,6,4,1626.0,30,0.027793864,7,Lower-risk active
715206408,0,1,3264,83,0.0,5,5,6662.0,22,0.0023147385,4,Lower-risk active
788684508,0,3,2056,41,0.296,4,3,5846.0,25,0.23824672,8,Lower-risk active
737933883,0,1,2042,49,0.267,3,2,8063.0,27,0.027996775,7,Lower-risk active
768655158,0,3,2222,39,0.175,3,2,6224.0,23,0.23135114,8,Lower-risk active
774437583,0,2,1504,38,0.531,6,4,4597.0,49,0.10854434,8,Lower-risk active
713104458,1,3,998,25,0.0,3,5,7869.0,31,0.99117684,10,Dormant high-risk
715462008,0,3,2031,49,0.117,6,2,17884.0,35,0.3627231,9,Lower-risk active
715366083,1,2,947,33,0.68,2,3,1438.3,36,0.99232787,10,Contacted but fragile
712322058,0,1,3432,49,0.828,5,3,2046.0,32,0.046681087,8,Lower-risk active
719737833,0,2,1783,40,0.0,4,2,6370.0,36,0.25086614,8,Lower-risk active
789530208,0,2,1619,37,0.92,6,2,2737.0,46,0.22815089,8,Lower-risk active
717885183,0,1,2717,79,0.949,6,2,2622.0,25,0.0059884056,6,Lower-risk active
716244033,1,3,1741,27,0.125,2,3,7266.0,33,0.9584021,9,Dormant high-risk
711614658,0,3,2511,55,0.593,6,3,2258.0,30,0.11446156,8,Lower-risk active
804598908,0,2,2238,49,0.316,3,3,6510.0,25,0.4165767,9,Lower-risk active
719161683,0,1,1607,44,0.63,4,4,2508.0,55,0.019511005,7,Lower-risk active
719327808,0,1,1157,34,0.628,5,2,4006.0,36,0.025548832,7,Lower-risk active
714038433,0,1,2953,72,0.611,4,2,3252.0,19,0.004603055,5,Lower-risk active
710129283,0,3,2944,71,0.0,4,1,16317.0,26,0.032165196,7,Lower-risk active
709367433,0,3,2261,56,0.731,3,1,2109.0,15,0.035871394,7,Lower-risk active
719729433,0,2,2535,51,0.246,4,0,7023.0,56,0.003144468,4,Lower-risk active
717192933,0,2,1576,34,0.303,3,1,8302.0,42,0.014643584,7,Lower-risk active
711734508,0,3,1584,28,0.121,3,3,9959.0,47,0.21652679,8,Lower-risk active
715153158,0,3,4254,79,0.518,4,4,3636.0,36,0.00611171,6,Lower-risk active
712149033,0,1,1834,55,0.358,5,1,5184.0,46,0.019019717,7,Lower-risk active
713901108,0,1,3444,80,0.0,6,4,14575.0,29,0.0003803072,1,Lower-risk active
719415858,0,3,2460,71,0.554,6,2,3107.0,15,0.0029541363,4,Lower-risk active
719385558,0,1,1281,32,0.0,6,2,1438.3,49,0.007377357,6,Lower-risk active
779528658,0,3,2133,41,0.361,4,3,3092.0,25,0.37532887,9,Lower-risk active
721508283,0,2,3700,62,0.0,4,1,8322.0,36,0.008988346,6,Lower-risk active
757753083,0,3,4063,74,0.122,5,2,10110.0,36,0.0030309674,4,Lower-risk active
797753283,0,3,1926,33,0.752,4,4,2707.0,28,0.026660573,7,Lower-risk active
807523008,0,1,2473,47,0.456,4,3,4397.0,32,0.07273036,8,Lower-risk active
711416958,0,3,2322,65,0.0,3,2,5795.0,21,0.0651817,8,Lower-risk active
780865308,0,3,4542,86,0.17,6,2,9760.0,23,0.0006158442,1,Lower-risk active
708423933,0,2,3203,64,0.0,3,0,6103.0,40,0.0043320283,5,Lower-risk active
714321408,0,2,1429,32,0.59,6,2,2246.0,56,0.004799766,5,Lower-risk active
771852483,0,3,3343,77,0.0,6,4,4930.0,35,0.008584937,6,Lower-risk active
708185208,0,1,2010,31,0.352,4,2,3178.0,16,0.037363544,7,Lower-risk active
714920208,0,5,3148,68,0.603,3,0,3003.0,30,0.004063774,5,Lower-risk active
789952158,0,3,2689,57,0.893,4,3,2318.0,25,0.01082801,6,Lower-risk active
713237958,0,1,1868,43,0.793,4,4,2638.0,17,0.031060003,7,Lower-risk active
715956258,0,2,1974,60,0.0,3,4,2004.0,36,0.19472389,8,Lower-risk active
769196433,0,1,2000,62,0.943,4,1,2414.0,49,0.016255736,7,Lower-risk active
778942233,0,2,1267,27,0.451,5,4,1438.3,45,0.009170117,6,Lower-risk active
708651933,0,1,2311,57,0.944,3,2,2043.0,44,0.030300943,7,Lower-risk active
720467583,0,3,3072,67,0.073,3,2,34516.0,46,0.036809385,7,Lower-risk active
716549058,0,1,1998,41,0.736,3,3,3111.0,36,0.017551474,7,Lower-risk active
713533983,0,3,1590,33,0.467,6,4,2585.0,48,0.096992604,8,Lower-risk active
787463508,1,2,1027,20,0.976,5,4,2469.0,13,0.9393554,9,Contacted but fragile
710256708,0,2,2579,68,0.196,5,0,8744.0,19,0.0045908904,5,Lower-risk active
708980283,0,1,2179,55,0.601,5,4,4185.0,23,0.06662985,8,Lower-risk active
719484408,0,2,2903,57,0.307,6,4,4759.0,36,0.0062316074,6,Lower-risk active
710023233,0,2,2739,65,0.053,6,4,24457.0,36,0.0061516743,6,Lower-risk active
789101883,0,2,2729,66,0.117,6,2,14244.0,20,0.006851139,6,Lower-risk active
778381608,1,3,1766,46,0.063,3,4,6572.0,28,0.92556655,9,Dormant high-risk
787492908,0,3,4357,73,0.039,5,2,23381.0,34,0.0050083925,5,Lower-risk active
709932558,0,3,1771,34,0.725,5,2,3471.0,26,0.027412716,7,Lower-risk active
780219483,0,2,1339,28,0.463,4,1,2250.0,51,0.0012813873,2,Lower-risk active
708590658,0,3,1619,40,0.145,5,2,15965.0,53,0.01902461,7,Lower-risk active
715143333,0,2,3910,81,0.167,6,2,9433.0,36,0.0006221395,1,Lower-risk active
801048483,0,3,2646,49,0.198,4,3,9180.0,28,0.3890078,9,Lower-risk active
711913833,0,2,1865,31,0.163,4,4,8818.0,36,0.015071426,7,Lower-risk active
715413483,0,1,3888,77,0.253,5,3,4066.0,36,0.001564476,3,Lower-risk active
715750758,0,1,1602,35,0.17,6,1,9031.0,36,0.0021406137,3,Lower-risk active
714062958,0,1,2552,64,0.101,6,2,9887.0,36,0.019853164,7,Lower-risk active
710458758,0,3,1203,30,0.599,5,5,4161.0,53,0.058676787,8,Lower-risk active
719494983,0,3,1997,44,0.755,6,3,2740.0,15,0.047669567,8,Lower-risk active
710586483,1,2,968,23,0.0,1,4,6152.0,13,0.9973826,10,Contacted but fragile
772637058,0,1,2141,51,0.213,3,4,8167.0,24,0.0015484972,3,Lower-risk active
718229133,0,2,3783,57,0.0,6,4,23742.0,41,0.087154925,8,Lower-risk active
718423533,0,3,2983,74,0.07,6,4,16791.0,50,0.0040593683,5,Lower-risk active
781089708,0,1,2495,46,0.048,6,2,26783.0,23,0.059373647,8,Lower-risk active
773082033,0,3,2317,38,0.053,3,4,25516.0,27,0.026409067,7,Lower-risk active
815288583,0,3,2501,36,0.33,3,2,4815.0,27,0.023033712,7,Lower-risk active
720431433,0,2,1402,35,0.722,5,2,3198.0,36,0.001374995,3,Lower-risk active
709164408,1,3,730,20,0.765,1,3,2218.0,23,0.9985299,10,Dormant high-risk
710567508,0,2,1387,33,0.094,4,3,23462.0,44,0.009970152,6,Lower-risk active
719427333,0,4,1291,27,0.771,5,4,2252.0,36,0.034576934,7,Lower-risk active
714765408,0,3,2266,57,0.778,4,3,2557.0,36,0.057915438,8,Lower-risk active
709785783,1,3,1485,34,0.0,5,4,2300.0,25,0.72472054,9,Dormant high-risk
809290308,0,1,1912,45,0.331,3,1,3540.0,26,0.0005653595,1,Lower-risk active
779598183,0,1,3428,54,0.074,6,2,22938.0,42,0.048943542,8,Lower-risk active
779783508,0,1,2564,56,0.069,5,3,13129.0,34,0.1522435,8,Lower-risk active
719568333,0,3,1668,36,0.055,5,2,34516.0,36,0.006706756,6,Lower-risk active
719207733,0,2,1418,36,0.236,5,0,3396.0,53,0.0069142487,6,Lower-risk active
715533108,0,3,2568,62,0.203,4,4,4712.0,20,0.031506684,7,Lower-risk active
714816258,0,2,2336,58,0.124,4,2,7638.0,36,0.053603478,8,Lower-risk active
787573683,0,2,4189,74,0.503,4,2,2624.0,34,0.00115451,2,Lower-risk active
804310758,0,2,2005,48,0.088,5,5,17934.0,52,0.07566074,8,Lower-risk active
792912708,0,1,3183,64,0.138,3,5,15198.0,39,0.0020835358,3,Lower-risk active
719078283,0,3,1501,35,0.789,5,4,3191.0,47,0.1022139,8,Lower-risk active
708620283,0,3,2208,59,0.331,6,2,6053.0,25,0.013871643,7,Lower-risk active
770985633,0,1,1980,42,0.368,6,2,5510.0,26,0.0072880876,6,Lower-risk active
780094008,0,3,1624,40,0.087,4,1,12875.0,40,0.11814658,8,Lower-risk active
716420358,0,2,3151,78,0.573,5,4,2602.0,36,0.0014520751,3,Lower-risk active
825756333,0,3,2118,48,0.924,4,1,2041.0,51,0.57747984,9,Dormant high-risk
755273658,0,3,2055,54,0.661,3,3,2548.0,45,0.28658563,9,Lower-risk active
709096908,0,3,1865,35,0.209,6,1,4698.0,49,0.38674545,9,Lower-risk active
714840858,0,2,3302,65,0.698,5,4,2222.0,31,0.006742661,6,Lower-risk active
721205508,0,3,1848,56,0.0,3,4,8217.0,36,0.49628487,9,Lower-risk active
786493908,0,3,3347,64,0.0,4,3,10091.0,36,0.003906538,5,Lower-risk active
803963808,0,3,3762,74,0.0,4,5,19074.0,34,0.003408019,4,Lower-risk active
806170158,0,3,3899,78,0.016,3,2,34516.0,34,0.003070218,4,Lower-risk active
751469808,0,2,1606,33,0.151,5,4,12852.0,29,0.0038738707,5,Lower-risk active
721055058,0,1,2599,46,0.197,4,5,12763.0,21,0.0056096422,5,Lower-risk active
709794333,0,2,1608,30,0.506,6,4,2827.0,19,0.0013113143,2,Lower-risk active
718361583,0,3,1559,44,0.0,3,5,8242.0,36,0.86461294,9,Dormant high-risk
714327183,0,3,2878,54,0.761,4,1,1825.0,28,0.035261337,7,Lower-risk active
808909008,0,3,1448,31,0.0,6,4,1438.3,56,0.34807986,9,Lower-risk active
716207508,0,2,1981,38,0.276,5,4,5497.0,36,0.18897271,8,Lower-risk active
768965208,0,2,3158,71,0.128,5,2,6778.0,45,0.004242592,5,Lower-risk active
720185058,1,3,1067,23,0.0,2,4,4267.0,36,0.97651553,10,Dormant high-risk
715220508,0,2,2726,57,0.769,4,1,3273.0,22,0.016556617,7,Lower-risk active
712112733,0,2,2518,67,0.164,5,2,9371.0,25,0.0052785464,5,Lower-risk active
712298883,0,3,2987,73,0.461,3,1,1438.3,38,0.0246143,7,Lower-risk active
717813558,1,4,1334,38,0.234,1,2,8389.0,36,0.87906444,9,Dormant high-risk
716823408,0,2,2278,77,0.057,3,2,28410.0,56,0.001546231,3,Lower-risk active
719089383,0,2,4303,80,0.384,3,1,6168.0,29,0.0015940731,3,Lower-risk active
710039208,0,3,3871,87,0.458,3,1,2111.0,40,0.0018001985,3,Lower-risk active
780237033,0,1,1539,35,0.579,3,3,3141.0,49,0.040141422,7,Lower-risk active
720986958,0,2,2293,36,0.303,6,5,8307.0,40,0.06309096,8,Lower-risk active
709473708,0,2,1780,33,0.054,4,3,30753.0,31,0.007918083,6,Lower-risk active
708593883,0,1,1813,38,0.576,3,4,2731.0,26,0.006755514,6,Lower-risk active
710241858,0,1,2040,36,0.0,6,4,2890.0,31,0.8461502,9,Contacted but fragile
715392558,0,1,2848,56,0.0,6,2,34516.0,44,0.14286062,8,Lower-risk active
717399183,0,3,2774,52,0.146,6,1,8058.0,26,0.011718677,6,Lower-risk active
817925058,0,1,1932,35,0.424,6,4,5660.0,45,0.21751983,8,Lower-risk active
716029158,0,4,1480,35,0.323,6,5,4230.0,36,0.025396751,7,Lower-risk active
715043508,0,3,4642,61,0.0,4,4,9515.0,36,0.39469904,9,Lower-risk active
716610558,0,3,2724,71,0.142,3,3,10962.0,36,0.0138743175,7,Lower-risk active
716768808,0,2,1591,43,0.082,6,4,23848.0,36,0.019758567,7,Lower-risk active
795810633,0,3,1234,24,0.128,3,2,10144.0,56,0.0012098593,2,Lower-risk active
779925033,0,3,2807,60,0.657,4,4,2997.0,22,0.0092786895,6,Lower-risk active
790225758,0,3,2262,47,0.234,6,3,2647.0,35,0.96213657,9,Dormant high-risk
713879283,0,1,1694,34,0.284,3,2,4580.0,47,0.023711693,7,Lower-risk active
715968858,0,1,1822,33,0.625,4,2,2608.0,13,0.021061052,7,Lower-risk active
767687208,0,3,2329,69,0.034,6,3,34516.0,24,0.0051487256,5,Lower-risk active
778728783,0,3,2739,56,0.664,5,1,3156.0,19,0.0136058,7,Lower-risk active
713637783,0,2,1810,38,0.082,5,0,24936.0,31,0.0069298446,6,Lower-risk active
718162908,0,2,1472,48,0.024,3,1,26101.0,42,0.36239457,9,Lower-risk active
708664008,0,3,1222,37,0.0,6,4,14270.0,45,0.363814,9,Lower-risk active
711929058,0,3,2157,49,0.047,5,5,25618.0,21,0.00050217606,1,Lower-risk active
770781558,0,1,1914,31,0.779,5,2,3230.0,21,0.15043879,8,Lower-risk active
790048158,0,3,2632,54,0.21,3,3,8881.0,38,0.013948246,7,Lower-risk active
721258158,0,3,2429,63,0.135,3,5,11037.0,51,0.065347075,8,Lower-risk active
786480183,0,2,3626,69,0.0,6,5,16763.0,44,0.0056935814,5,Lower-risk active
721378008,0,2,2718,71,0.557,6,2,2621.0,21,0.0032583894,4,Lower-risk active
786566733,0,3,3764,64,0.241,3,5,4939.0,43,0.01045153,6,Lower-risk active
794551383,0,3,4535,75,0.276,5,4,4419.0,32,0.0062582074,6,Lower-risk active
820981383,0,1,1739,42,0.194,5,4,9235.0,39,0.02170043,7,Lower-risk active
713366583,0,1,1405,40,0.552,6,3,3055.0,56,0.0073234304,6,Lower-risk active
767311008,0,2,1576,41,0.04,6,3,19412.0,35,0.009727236,6,Lower-risk active
716624133,0,1,1205,19,0.147,6,3,12786.0,36,0.0043923366,5,Lower-risk active
712727283,0,2,1281,28,0.273,4,3,4666.0,36,0.004107779,5,Lower-risk active
716059608,0,3,3277,67,0.308,4,3,4894.0,38,0.012513122,6,Lower-risk active
708292833,0,2,2754,60,0.046,4,3,27389.0,36,0.057688255,8,Lower-risk active
720013083,0,3,3265,74,0.374,6,2,2132.0,18,0.0012079006,2,Lower-risk active
710540883,0,3,2449,67,0.0,5,2,6590.0,24,0.04311742,8,Lower-risk active
709212183,0,1,1634,53,0.463,6,3,3176.0,36,0.039857354,7,Lower-risk active
713424108,0,1,2591,57,0.548,4,3,4288.0,27,0.07396951,8,Lower-risk active
718476033,0,3,2444,49,0.117,5,5,20130.0,56,0.6277204,9,Dormant high-risk
815001108,0,3,3598,67,0.283,3,2,5945.0,43,0.0073612877,6,Lower-risk active
709802208,0,1,2849,61,0.0,3,4,3350.0,17,0.0382901,7,Lower-risk active
713445183,0,3,2794,58,0.459,4,2,4008.0,26,0.0015965604,3,Lower-risk active
717310458,0,3,2960,65,0.162,3,2,5780.0,27,0.012104011,6,Lower-risk active
789158433,0,1,2922,53,0.67,4,2,2497.0,38,0.062280253,8,Lower-risk active
788761608,0,3,2564,57,0.222,3,4,10286.0,13,0.047718763,8,Lower-risk active
709916058,0,1,1631,40,0.922,3,3,2347.0,36,0.037849344,7,Lower-risk active
789804933,0,1,2536,69,0.053,4,2,23125.0,18,0.005129176,5,Lower-risk active
780070833,0,2,1617,29,0.83,6,2,3034.0,43,0.0072921077,6,Lower-risk active
772776033,0,4,2249,47,0.265,3,3,7081.0,23,0.14293918,8,Lower-risk active
719804208,0,1,1933,48,0.274,5,3,6824.0,28,0.025981873,7,Lower-risk active
715077483,0,3,2250,40,0.537,4,4,1438.3,36,0.0889386,8,Lower-risk active
717000858,0,2,2274,52,0.648,3,2,2683.0,29,0.34676296,9,Lower-risk active
792402483,0,2,4263,70,0.08,5,1,12280.0,40,0.0020721722,3,Lower-risk active
712973733,0,2,1393,38,0.101,3,2,14607.0,36,0.02678481,7,Lower-risk active
813213558,0,3,3709,64,0.648,4,3,2267.0,48,0.0038650264,5,Lower-risk active
718215033,0,2,1401,30,0.884,6,4,2556.0,36,0.07628277,8,Lower-risk active
717207408,0,1,2995,60,0.053,4,2,12512.0,34,0.006247621,6,Lower-risk active
711426033,0,2,3806,65,0.083,3,2,11332.0,39,0.0042224373,5,Lower-risk active
719233833,0,3,1944,55,0.171,3,4,3073.0,23,0.3569536,9,Lower-risk active
716864733,0,3,1805,46,0.067,6,3,34516.0,27,0.063793965,8,Lower-risk active
821168733,0,3,1783,33,0.432,6,3,5323.0,34,0.0354112,7,Lower-risk active
710135058,0,1,1543,34,0.165,3,0,9078.0,44,0.0026882566,4,Lower-risk active
720228708,0,1,1302,27,0.05,4,3,27029.0,46,0.011936952,6,Lower-risk active
718618458,0,1,4345,72,0.132,5,4,9859.0,25,0.0005961211,1,Lower-risk active
719470458,1,4,1102,27,0.06,1,3,4026.0,39,0.98432803,10,Dormant high-risk
719587158,0,2,2565,72,0.69,3,3,2608.0,25,0.008505583,6,Lower-risk active
715499808,0,1,1342,26,0.709,4,4,3552.0,36,0.009927102,6,Lower-risk active
718589133,0,2,2328,62,0.351,6,2,4613.0,56,0.018315079,7,Lower-risk active
789235383,0,2,2119,52,0.184,5,4,10386.0,27,0.001199593,2,Lower-risk active
773364483,0,1,1906,39,0.038,4,2,34516.0,39,0.008422454,6,Lower-risk active
713548158,0,2,2349,41,0.606,5,3,2657.0,36,0.12730019,8,Lower-risk active
720264783,0,2,1433,34,0.264,4,3,5031.0,44,0.005377277,5,Lower-risk active
715319958,1,2,1312,32,0.023,5,4,34516.0,36,0.34394234,9,Lower-risk active
710528583,0,2,2148,40,0.518,6,4,1612.0,16,0.14585857,8,Lower-risk active
809990883,0,2,2038,64,0.732,6,2,2423.0,43,0.041297857,7,Lower-risk active
714412308,1,3,916,18,0.0,6,5,7140.0,36,0.99533904,10,Dormant high-risk
772303458,0,3,1407,44,0.281,3,2,3377.0,51,0.034450393,7,Lower-risk active
721243083,1,3,1187,40,0.07,1,4,34516.0,41,0.91644984,9,Dormant high-risk
711990933,0,3,3292,62,0.0,4,2,2295.0,29,0.020814478,7,Lower-risk active
819977058,0,3,3432,71,0.49,3,2,3150.0,41,0.0037530526,5,Lower-risk active
721467258,0,2,1541,33,0.524,3,5,2165.0,36,0.009541606,6,Lower-risk active
719976558,0,2,1881,49,0.368,3,4,4249.0,34,0.029530726,7,Lower-risk active
718824783,0,1,1986,50,0.483,6,3,2966.0,41,0.1310881,8,Lower-risk active
713303733,0,3,1564,33,0.462,6,2,1612.0,41,0.058615148,8,Lower-risk active
711129483,0,1,3447,72,0.103,3,3,14593.0,36,0.00060412206,1,Lower-risk active
779618433,0,3,4428,82,0.186,6,2,8327.0,38,0.0014399634,3,Lower-risk active
797757333,0,1,4149,86,0.046,6,2,34516.0,37,0.00041446445,1,Lower-risk active
814497483,0,1,1618,47,0.215,6,2,6479.0,55,0.0025809521,4,Lower-risk active
709623483,0,1,1281,36,0.08,4,3,18442.0,41,0.0013349843,2,Lower-risk active
709056558,0,3,1994,41,0.899,5,2,2800.0,31,0.48846406,9,Lower-risk active
708238833,0,2,1387,30,0.731,6,3,3032.0,36,0.01764844,7,Lower-risk active
813261408,0,3,3446,58,0.622,6,3,2151.0,47,0.0091406675,6,Lower-risk active
720424608,0,3,1341,37,0.045,6,2,24073.0,36,0.0009269672,2,Lower-risk active
798022683,1,2,2508,44,0.013,4,3,25517.0,37,0.98988706,10,Contacted but fragile
769756983,0,1,2520,61,0.289,3,2,7709.0,32,0.0011748519,2,Lower-risk active
712674183,0,3,1271,36,0.536,3,1,4065.0,33,0.15156475,8,Lower-risk active
708900408,0,2,4370,83,0.114,3,4,13169.0,35,0.0011249605,2,Lower-risk active
713625483,0,2,1469,29,0.212,3,2,11811.0,44,0.023354365,7,Lower-risk active
716869458,0,6,2251,63,0.095,3,1,7440.0,36,0.0926949,8,Lower-risk active
788723133,0,1,2240,53,0.077,5,2,12714.0,20,0.099148475,8,Lower-risk active
794462133,0,1,1749,41,0.53,5,3,3735.0,35,0.019235546,7,Lower-risk active
712604133,0,1,1736,48,0.066,3,4,25882.0,43,0.12517235,8,Lower-risk active
714397983,0,3,1942,42,0.386,4,1,3877.0,36,0.03197693,7,Lower-risk active
788269158,0,3,2534,78,0.551,4,0,3280.0,27,0.0021962058,4,Lower-risk active
715898058,0,1,1656,41,0.0,5,3,11023.0,36,0.39124817,9,Lower-risk active
711906033,0,2,3546,63,0.183,4,2,6182.0,36,0.0058678556,6,Lower-risk active
711367308,0,3,2614,67,0.542,3,4,2186.0,19,0.015983643,7,Lower-risk active
790186458,0,1,1589,30,0.048,3,0,17996.0,39,0.0069332356,6,Lower-risk active
712040433,0,2,2097,57,0.954,6,3,2306.0,43,0.117978685,8,Lower-risk active
709616958,0,3,3168,73,0.06,4,4,26556.0,30,0.0019329442,3,Lower-risk active
714633858,0,3,2102,32,0.436,3,2,5779.0,18,0.008675986,6,Lower-risk active
794818833,0,1,2661,58,0.378,6,2,5494.0,30,0.008655046,6,Lower-risk active
711219333,0,1,2273,49,0.299,6,0,7571.0,14,0.0778667,8,Lower-risk active
713384508,0,3,2698,73,0.483,4,1,2897.0,14,0.0017167438,3,Lower-risk active
772514808,0,2,2315,63,0.76,3,4,3131.0,26,0.07623077,8,Lower-risk active
710808108,0,3,2257,54,0.589,3,2,4274.0,27,0.56716067,9,Dormant high-risk
778973658,0,6,2273,66,0.182,4,4,4980.0,36,0.018412016,7,Lower-risk active
712005108,0,3,1376,44,0.683,3,3,3156.0,48,0.02993514,7,Lower-risk active
804577833,0,1,3974,63,0.306,5,0,6861.0,39,0.00056826737,1,Lower-risk active
715028283,0,3,2836,61,0.161,3,2,15554.0,46,0.20693043,8,Lower-risk active
789786258,0,2,2118,33,0.072,3,4,26570.0,28,0.005082959,5,Lower-risk active
715421058,0,2,3346,69,0.044,3,4,22224.0,36,0.0007799735,1,Lower-risk active
797166633,0,2,2694,61,0.162,6,4,10606.0,41,0.018866193,7,Lower-risk active
711041508,0,3,2623,47,0.429,4,4,5865.0,25,0.014046097,7,Lower-risk active
712847208,0,2,1898,50,0.345,5,3,5369.0,36,0.023929881,7,Lower-risk active
779174133,0,1,1540,30,0.145,5,5,5188.0,43,0.05306397,8,Lower-risk active
715680933,0,2,3369,55,0.082,4,4,17742.0,36,0.016593326,7,Lower-risk active
770871708,0,1,2123,56,0.0,5,5,2591.0,48,0.30257505,9,Lower-risk active
772643058,0,2,1571,36,0.655,6,3,2800.0,48,0.010478431,6,Lower-risk active
718199133,0,2,1519,31,0.345,3,2,6543.0,36,0.015855351,7,Lower-risk active
721475133,0,3,2768,70,0.032,6,4,26053.0,36,0.047067706,8,Lower-risk active
766322883,0,3,2401,71,0.213,6,5,6316.0,26,0.0063207406,6,Lower-risk active
771197433,0,2,1351,30,0.126,3,4,4658.0,41,0.12082234,8,Lower-risk active
709516458,0,3,2723,66,0.0,3,3,6476.0,22,0.03235152,7,Lower-risk active
716456808,0,2,2429,69,0.156,6,5,8087.0,36,0.018390741,7,Lower-risk active
716819958,0,1,1661,35,0.094,3,2,9033.0,50,0.062021784,8,Lower-risk active
779449308,0,3,3253,72,0.0,6,4,3206.0,28,0.006867276,6,Lower-risk active
784891458,0,3,1502,34,0.075,4,3,28751.0,49,0.008472239,6,Lower-risk active
790004883,0,3,1352,30,0.679,3,3,2938.0,47,0.0493119,8,Lower-risk active
770262183,0,2,2324,67,0.305,5,2,5715.0,25,0.002826861,4,Lower-risk active
715277583,0,2,2803,61,0.573,3,1,2111.0,36,0.096453,8,Lower-risk active
815510883,0,2,2576,74,0.192,3,5,11862.0,31,0.007339269,6,Lower-risk active
713997183,0,3,2214,56,0.774,3,2,2791.0,36,0.1865872,8,Lower-risk active
715107033,0,2,2429,77,0.22,3,4,6551.0,36,0.006551652,6,Lower-risk active
720706008,0,3,2679,69,0.436,5,5,4533.0,16,0.01113731,6,Lower-risk active
710108133,0,3,1307,39,0.824,5,0,1854.0,36,0.040270302,7,Lower-risk active
718983333,0,1,1331,30,0.202,6,3,6704.0,43,0.012956432,7,Lower-risk active
714030183,0,3,3259,65,0.043,5,3,34516.0,36,0.00259518,4,Lower-risk active
710496708,0,3,4085,65,0.276,6,2,5489.0,32,0.006546527,6,Lower-risk active
714935883,0,1,4074,65,0.057,3,1,10619.0,36,0.005551491,5,Lower-risk active
718972758,0,3,1825,51,0.519,5,3,2481.0,40,0.1805871,8,Lower-risk active
711827958,0,4,1032,26,0.386,4,1,5100.0,47,0.08739738,8,Lower-risk active
778724058,0,4,3982,65,0.123,5,3,5905.0,49,0.00496452,5,Lower-risk active
809620833,0,3,2314,59,0.0,3,2,9293.0,30,0.13525099,8,Lower-risk active
718920708,0,3,2172,38,0.277,5,3,5240.0,25,0.0035603903,5,Lower-risk active
771051783,0,2,1297,24,0.177,6,5,4182.0,40,0.0034654797,4,Lower-risk active
715970133,0,2,3448,103,0.0,6,2,9857.0,24,0.0004508409,1,Lower-risk active
806889633,0,1,2906,58,0.061,3,4,20117.0,33,0.0041179643,5,Lower-risk active
717338733,0,2,2801,72,0.0,3,3,6012.0,22,0.032977592,7,Lower-risk active
779223858,0,2,2675,47,0.0,4,4,6369.0,27,0.017404836,7,Lower-risk active
769980333,0,2,3023,53,0.165,4,5,13005.0,30,0.01123266,6,Lower-risk active
716112933,1,2,644,15,0.376,3,3,1575.0,36,0.9987753,10,Contacted but fragile
788783133,0,3,1649,29,0.181,5,3,6679.0,39,0.09898443,8,Lower-risk active
816325533,0,3,2315,49,0.279,6,5,6458.0,34,0.33822376,9,Lower-risk active
720113433,0,2,2073,43,0.07,3,4,20803.0,48,0.3317714,9,Lower-risk active
717233058,0,2,1524,31,0.224,3,4,5540.0,26,0.01029806,6,Lower-risk active
710233683,0,3,1526,44,0.858,4,4,2801.0,36,0.024744797,7,Lower-risk active
778327908,0,3,4099,73,0.984,4,5,2419.0,40,0.007794496,6,Lower-risk active
716400633,0,3,2057,54,0.277,6,3,5156.0,24,0.29461926,9,Lower-risk active
787488108,0,4,1970,51,0.137,6,4,14228.0,36,0.09122411,8,Lower-risk active
771649083,0,3,1508,30,0.1,3,4,10257.0,51,0.115694575,8,Lower-risk active
789853533,1,1,1037,14,0.0,2,5,3032.0,44,0.97061735,9,Contacted but fragile
806256333,1,3,1786,26,0.217,2,5,1438.3,36,0.97459316,9,Dormant high-risk
796336833,0,2,2619,69,0.0,5,4,32096.0,45,0.08696952,8,Lower-risk active
713763633,0,3,1488,30,0.263,5,2,3014.0,46,0.07320991,8,Lower-risk active
710942358,0,3,3814,88,0.328,3,3,5762.0,36,0.0015631998,3,Lower-risk active
713974533,0,1,3127,45,0.666,5,3,2555.0,45,0.004909872,5,Lower-risk active
787231233,0,3,2421,63,0.05,3,2,34516.0,28,0.01947853,7,Lower-risk active
719810583,0,3,1280,34,0.636,4,2,2140.0,54,0.0013389112,2,Lower-risk active
717124983,0,1,1459,20,0.0,3,1,4760.0,43,0.0773406,8,Lower-risk active
787523283,0,2,2291,56,0.052,6,5,26372.0,27,0.003025287,4,Lower-risk active
719493858,0,2,2910,63,0.08,5,2,8203.0,43,0.06379227,8,Lower-risk active
709897983,0,2,1921,26,0.575,5,3,2655.0,24,0.16171062,8,Lower-risk active
717225258,0,2,2383,59,0.077,6,2,13655.0,27,0.13679448,8,Lower-risk active
803148033,0,1,1599,38,0.159,6,5,12169.0,48,0.017299827,7,Lower-risk active
779474958,0,1,2144,58,0.617,6,1,2956.0,17,0.007648244,6,Lower-risk active
712060158,0,2,2483,59,0.633,6,3,2598.0,18,0.016782232,7,Lower-risk active
713292933,0,2,2156,64,0.069,5,2,10566.0,36,0.0057879076,5,Lower-risk active
710982858,0,1,2849,67,0.274,6,2,8232.0,36,0.00055816065,1,Lower-risk active
714542058,0,2,3411,68,0.026,5,1,26365.0,44,0.0033612426,4,Lower-risk active
712319058,0,3,2468,58,0.414,5,0,4671.0,29,0.017809093,7,Lower-risk active
744483633,0,3,2753,48,0.0,4,2,14869.0,28,0.014681862,7,Lower-risk active
714947883,0,2,1693,27,0.854,6,2,2300.0,36,0.02890884,7,Lower-risk active
788776908,0,1,3525,63,0.644,6,4,2797.0,28,0.0010406189,2,Lower-risk active
714802458,0,2,3580,77,0.796,5,1,2657.0,30,0.0007314061,1,Lower-risk active
721485708,0,1,1220,36,0.197,6,3,9149.0,46,0.010618898,6,Lower-risk active
716378658,0,2,1725,41,0.561,5,3,2629.0,36,0.10547523,8,Lower-risk active
713375658,0,3,2298,67,0.0,6,3,3176.0,17,0.03357656,7,Lower-risk active
717828108,0,1,1327,31,0.115,6,0,21875.0,42,0.01118988,6,Lower-risk active
788784258,0,2,1475,31,0.553,5,4,3007.0,41,0.010627924,6,Lower-risk active
718875483,0,2,4491,78,0.1,4,4,17404.0,40,0.001019196,2,Lower-risk active
811111083,0,6,1458,39,0.879,5,3,2863.0,51,0.056479346,8,Lower-risk active
715749108,0,1,3205,57,0.07,5,2,34516.0,37,0.033109777,7,Lower-risk active
780197133,0,1,3699,67,0.091,4,1,13919.0,30,0.0027221073,4,Lower-risk active
719146008,1,4,1126,35,0.135,4,3,18672.0,39,0.8372239,9,Dormant high-risk
717727308,0,2,4740,67,0.119,6,2,4204.0,36,0.108780846,8,Lower-risk active
718445883,0,2,1617,26,0.363,3,4,6859.0,36,0.055297013,8,Lower-risk active
795997908,0,3,3215,56,0.092,6,3,16050.0,30,0.006019703,6,Lower-risk active
710159658,0,2,2436,71,0.03,5,2,34516.0,32,0.021848593,7,Lower-risk active
716068683,0,3,3093,77,0.092,3,3,16766.0,36,0.0010014228,2,Lower-risk active
778844433,0,2,3210,65,0.087,3,1,20895.0,30,0.004227627,5,Lower-risk active
715161633,0,3,3068,77,0.319,6,3,7881.0,38,0.009120456,6,Lower-risk active
773270058,0,2,1337,27,0.0,4,3,13427.0,50,0.26250845,9,Lower-risk active
714120258,0,3,2735,58,0.735,3,2,2281.0,36,0.030391647,7,Lower-risk active
720076458,0,2,1327,26,0.0,6,4,10974.0,52,0.042911503,8,Lower-risk active
720693033,1,3,741,10,0.019,1,4,8925.0,36,0.99899656,10,Dormant high-risk
719978583,0,1,3281,68,0.0,4,3,5265.0,40,0.007127082,6,Lower-risk active
712784058,1,4,1142,33,0.147,6,3,17156.0,36,0.92400324,9,Dormant high-risk
717261708,0,2,1548,41,0.093,4,3,13457.0,36,0.05303023,8,Lower-risk active
803665983,0,2,3829,72,0.796,3,4,2742.0,46,0.0013306646,2,Lower-risk active
815838633,0,2,1889,51,0.588,3,3,3890.0,29,0.09121917,8,Lower-risk active
826706208,0,2,4042,62,0.0,6,3,17198.0,51,0.01483873,7,Lower-risk active
721218408,0,3,1924,54,0.504,6,4,3401.0,41,0.06655491,8,Lower-risk active
779484408,0,1,2874,58,0.066,6,2,18951.0,19,0.003437689,4,Lower-risk active
710416533,0,1,3060,56,0.611,4,1,1454.0,52,0.0268714,7,Lower-risk active
719706483,0,3,2202,46,0.043,6,2,27499.0,20,0.43864343,9,Lower-risk active
712206858,0,3,3094,45,0.068,3,2,32964.0,36,0.012524263,6,Lower-risk active
709886583,0,2,2761,77,0.085,5,1,7411.0,28,0.0057554366,5,Lower-risk active
711040758,0,3,3006,83,0.0,4,3,7200.0,36,0.005502457,5,Lower-risk active
817197333,0,2,2678,50,0.08,6,3,12007.0,13,0.08023267,8,Lower-risk active
718929708,0,2,1558,23,0.509,4,2,3147.0,50,0.0059976513,6,Lower-risk active
721150833,0,2,3028,76,0.38,6,5,5110.0,18,0.0013339276,2,Lower-risk active
714514983,0,6,5029,75,0.407,3,4,5438.0,35,0.0036704734,5,Lower-risk active
779888658,0,1,1426,38,0.126,6,1,17450.0,40,0.004143384,5,Lower-risk active
715883358,0,3,1454,29,0.082,3,2,18352.0,39,0.003205767,4,Lower-risk active
713363583,0,1,3345,69,0.462,3,2,5030.0,17,0.0017016139,3,Lower-risk active
772935108,0,2,1823,27,0.023,3,3,34516.0,38,0.13134655,8,Lower-risk active
820075983,0,3,2299,49,0.968,4,2,1585.0,21,0.118484475,8,Lower-risk active
721502958,0,3,1406,31,0.59,5,3,3251.0,42,0.059381735,8,Lower-risk active
708596283,0,2,2844,73,0.438,3,2,2858.0,23,0.011938066,6,Lower-risk active
710325258,0,1,3284,65,0.054,6,0,34516.0,36,0.0008448347,2,Lower-risk active
708823908,0,1,4252,64,0.083,4,3,16443.0,28,0.0010178316,2,Lower-risk active
826401858,0,2,2448,63,0.449,3,3,3687.0,32,0.054198876,8,Lower-risk active
709554483,0,1,1637,22,0.52,5,3,4840.0,36,0.062499017,8,Lower-risk active
710545158,0,3,3738,68,0.0,6,2,15108.0,36,0.008116947,6,Lower-risk active
788621658,0,3,1457,24,0.918,6,2,1909.0,37,0.011241699,6,Lower-risk active
716713533,0,2,3393,58,0.065,5,2,19063.0,44,0.008388628,6,Lower-risk active
712338033,0,2,1687,40,0.106,4,4,15982.0,26,0.0057435627,5,Lower-risk active
711639708,0,2,1794,45,0.0,6,2,1438.3,32,0.12098974,8,Lower-risk active
720216108,0,3,2605,61,0.836,4,3,2549.0,14,0.017906306,7,Lower-risk active
718708908,0,2,1426,29,0.394,6,4,5967.0,36,0.0043773963,5,Lower-risk active
802890333,0,1,1660,34,0.714,5,3,2182.0,53,0.017396055,7,Lower-risk active
712965183,0,2,1188,35,0.781,5,3,2689.0,52,0.006380647,6,Lower-risk active
796170933,0,2,3600,66,0.0,6,4,30622.0,51,0.0016445114,3,Lower-risk active
712816833,0,1,1425,32,0.468,4,2,4203.0,48,0.0015326454,3,Lower-risk active
814829583,0,1,4822,74,0.0,6,3,6453.0,37,0.0024965913,4,Lower-risk active
798769458,0,1,3011,83,0.279,3,2,3318.0,23,0.0018666099,3,Lower-risk active
818034558,0,3,2337,40,0.068,5,3,22075.0,39,0.5291002,9,Contacted but fragile
719483358,0,2,2962,54,0.259,3,2,6746.0,14,0.115223005,8,Lower-risk active
719647383,0,2,2001,49,0.332,5,2,4408.0,36,0.055539917,8,Lower-risk active
714909108,0,3,2641,67,0.277,5,3,4838.0,36,0.028064655,7,Lower-risk active
793678608,0,1,3568,57,0.0,5,4,34516.0,40,0.042557716,8,Lower-risk active
720854358,0,1,2026,49,0.557,4,4,3823.0,14,0.0789898,8,Lower-risk active
709126833,0,2,4121,81,0.101,3,1,21670.0,36,0.002591221,4,Lower-risk active
788896983,0,3,1537,37,0.155,6,2,7928.0,38,0.005423218,5,Lower-risk active
715731033,0,1,3569,77,0.028,3,3,33996.0,42,0.0013577887,2,Lower-risk active
717636933,0,1,3542,57,0.0,3,1,4365.0,40,0.010539115,6,Lower-risk active
772658658,0,3,4439,77,0.0,6,4,2248.0,47,0.0067532943,6,Lower-risk active
755943033,0,1,2450,52,0.619,4,1,1901.0,27,0.13771345,8,Lower-risk active
772399983,0,1,1966,31,0.042,3,4,34516.0,45,0.13467313,8,Lower-risk active
826130133,0,2,1121,25,0.057,6,4,31680.0,54,0.024543297,7,Lower-risk active
719238183,0,2,2238,45,0.623,3,3,1872.0,35,0.87697583,9,Contacted but fragile
802666083,0,2,3656,63,0.0,3,2,2055.0,42,0.007273443,6,Lower-risk active
713682708,0,1,3692,60,0.121,5,2,10991.0,37,0.0029468758,4,Lower-risk active
712774008,0,1,1489,34,0.639,6,2,3939.0,46,0.015189149,7,Lower-risk active
717627333,0,1,1363,37,0.938,5,4,2127.0,40,0.052292928,8,Lower-risk active
779542608,0,3,1739,39,0.039,3,2,34010.0,32,0.16927521,8,Lower-risk active
715322958,0,2,3575,67,0.216,4,1,6971.0,36,0.0025764056,4,Lower-risk active
779100408,0,2,2629,61,0.763,6,0,1741.0,15,0.07841654,8,Lower-risk active
715352883,0,3,5176,71,0.0,3,2,24904.0,36,0.103214286,8,Lower-risk active
789963033,1,5,1603,39,0.0,3,5,1438.3,45,0.93412083,9,Dormant high-risk
710687508,0,3,2148,47,0.709,6,1,2621.0,56,0.029972166,7,Lower-risk active
789656358,0,2,3956,74,0.116,5,1,11115.0,35,0.0011217048,2,Lower-risk active
715720083,0,2,3157,76,0.0,6,3,13241.0,39,0.009350729,6,Lower-risk active
716584158,0,1,2090,47,0.174,6,2,14438.0,42,0.08431405,8,Lower-risk active
815727183,0,1,2683,62,0.276,6,1,5228.0,31,0.0025957774,4,Lower-risk active
717066408,0,1,2540,62,0.274,3,4,5550.0,36,0.0012021409,2,Lower-risk active
708104658,0,3,2928,48,0.619,4,2,1438.3,36,0.020604957,7,Lower-risk active
718016808,0,1,1475,27,0.621,3,0,2064.0,55,0.0016534784,3,Lower-risk active
814571058,0,3,2545,64,0.73,4,0,3450.0,24,0.028648812,7,Lower-risk active
714757908,0,1,2163,56,0.04,4,3,34516.0,36,0.046224844,8,Lower-risk active
710345808,0,2,1828,38,0.068,6,2,30030.0,36,0.012697755,6,Lower-risk active
814752558,0,3,2513,62,0.541,5,3,2151.0,45,0.074532546,8,Lower-risk active
721284258,0,1,1636,39,0.351,4,3,7181.0,44,0.13765803,8,Lower-risk active
719336583,0,3,1525,21,0.047,3,3,27745.0,44,0.086509936,8,Lower-risk active
797638383,0,3,3561,73,0.415,4,2,4852.0,43,0.0029281934,4,Lower-risk active
708434733,0,3,1249,28,0.34,6,3,6735.0,50,0.004535899,5,Lower-risk active
711802758,0,1,1700,42,0.309,4,2,6128.0,53,0.027099077,7,Lower-risk active
720620058,0,3,1959,50,0.076,4,2,23124.0,36,0.049231004,8,Lower-risk active
819169683,0,2,1972,37,0.48,3,2,3436.0,29,0.033306,7,Lower-risk active
709757583,0,2,2074,48,0.475,5,1,3176.0,36,0.014970547,7,Lower-risk active
789307833,0,3,1849,56,0.179,5,3,8874.0,34,0.03547549,7,Lower-risk active
823912308,0,1,1767,28,0.533,5,0,3402.0,34,0.0050156787,5,Lower-risk active
720746208,0,1,1356,33,0.772,6,1,2689.0,43,0.01046158,6,Lower-risk active
709121283,0,3,1615,35,0.821,3,2,1556.0,36,0.20179039,8,Lower-risk active
714093108,0,3,1707,56,0.164,3,3,7372.0,36,0.059049062,8,Lower-risk active
718368333,0,1,3323,61,0.138,6,2,5713.0,13,0.001225798,2,Lower-risk active
806752533,0,1,2553,59,0.551,4,3,2965.0,22,0.010369263,6,Lower-risk active
758521983,0,2,2198,40,0.122,3,2,9819.0,26,0.5299405,9,Lower-risk active
779473308,0,3,2411,67,0.0,4,3,8186.0,14,0.024418978,7,Lower-risk active
709376508,0,3,1815,47,0.334,3,2,3846.0,49,0.0671539,8,Lower-risk active
712589658,0,2,1795,37,0.15,5,2,13131.0,30,0.17010754,8,Lower-risk active
712141683,0,2,3457,61,0.256,4,1,2944.0,28,0.0041774507,5,Lower-risk active
712494108,0,3,1872,52,0.057,3,4,34516.0,36,0.55724233,9,Dormant high-risk
721350783,0,3,1569,39,0.354,6,4,5660.0,38,0.005287638,5,Lower-risk active
710133858,0,1,4150,64,0.245,5,1,7554.0,30,0.0018988296,3,Lower-risk active
719152383,0,1,2946,57,0.528,5,4,2494.0,26,0.002943837,4,Lower-risk active
715174158,0,1,2588,48,0.057,4,0,25215.0,36,0.017515406,7,Lower-risk active
780040758,0,3,1999,50,0.698,5,2,2606.0,24,0.0105603095,6,Lower-risk active
719525358,0,3,3310,76,0.239,4,3,8133.0,43,0.0015036359,3,Lower-risk active
710892408,0,2,1681,32,0.405,6,2,3101.0,36,0.06559079,8,Lower-risk active
713295183,0,2,3897,75,0.076,6,3,24446.0,29,0.0010851574,2,Lower-risk active
789871233,0,3,4316,78,0.568,5,2,2361.0,39,0.001333031,2,Lower-risk active
712663533,0,4,3903,62,0.678,6,2,2441.0,32,0.0030009926,4,Lower-risk active
820906233,0,2,3242,63,0.254,5,2,8532.0,41,0.007874069,6,Lower-risk active
821163408,0,3,3411,60,0.094,5,3,16954.0,37,0.009012086,6,Lower-risk active
708947208,0,3,2631,72,0.7,4,1,2900.0,17,0.0049272007,5,Lower-risk active
715261458,0,2,2621,49,0.0,6,4,6827.0,36,0.7584098,9,Contacted but fragile
789310833,0,2,3164,62,0.432,5,5,4513.0,34,0.016088309,7,Lower-risk active
818294958,0,3,4040,77,0.026,3,2,27347.0,47,0.0016551409,3,Lower-risk active
713902983,0,3,4381,77,0.819,4,1,1676.0,36,0.0013747783,3,Lower-risk active
771693933,0,6,1757,33,0.706,6,4,2802.0,50,0.054265805,8,Lower-risk active
827984658,1,0,1885,39,0.0,3,4,23870.0,45,0.95552605,9,Contacted but fragile
789012633,0,2,2907,69,0.224,3,1,4868.0,17,0.0091208955,6,Lower-risk active
807237783,0,3,4166,66,0.05,5,5,20437.0,45,0.0068194317,6,Lower-risk active
803408733,0,1,2466,60,0.598,6,4,2239.0,26,0.011187543,6,Lower-risk active
824667708,0,3,3007,84,0.423,6,3,2428.0,28,0.0011777017,2,Lower-risk active
807165033,0,1,3533,59,0.0,3,5,15027.0,44,0.014663945,7,Lower-risk active
809984133,0,3,2730,68,0.059,3,5,32056.0,32,0.018845404,7,Lower-risk active
718949433,0,2,3415,79,0.027,3,2,34516.0,31,0.0014203672,3,Lower-risk active
751227183,0,3,2283,51,0.288,3,5,5346.0,29,0.21660027,8,Lower-risk active
716331408,1,4,1353,36,0.0,1,5,2143.0,36,0.9771708,10,Dormant high-risk
714199983,0,2,3927,68,0.067,5,5,34516.0,40,0.0025072182,4,Lower-risk active
774172158,0,1,2650,65,0.085,3,2,23507.0,19,0.00884827,6,Lower-risk active
708171858,0,2,2607,44,0.58,5,3,1864.0,28,0.020339321,7,Lower-risk active
709074108,0,2,2787,73,0.036,5,5,23032.0,24,0.016141078,7,Lower-risk active
721304133,0,1,1855,49,0.369,4,3,4277.0,36,0.0014597804,3,Lower-risk active
787430733,0,3,1706,27,0.522,5,2,2771.0,41,0.12722835,8,Lower-risk active
711225933,0,3,2306,61,0.854,5,4,2265.0,36,0.015612165,7,Lower-risk active
717478983,0,2,2697,68,0.687,6,0,2853.0,19,0.0073447837,6,Lower-risk active
720949083,0,3,3534,53,0.819,5,5,3075.0,33,0.55718726,9,Dormant high-risk
712851108,0,1,2965,51,0.152,5,5,15340.0,31,0.2897954,9,Lower-risk active
713151258,0,1,3524,69,0.0,4,4,3065.0,35,0.0035672362,5,Lower-risk active
799731033,0,3,3044,91,0.0,3,2,1438.3,28,0.0035493658,5,Lower-risk active
822138333,0,3,3964,66,0.114,4,5,7118.0,56,0.00790203,6,Lower-risk active
708532308,0,2,3000,70,0.22,4,2,11419.0,36,0.0010222158,2,Lower-risk active
713718558,0,2,3393,64,0.0,6,5,2403.0,37,0.009016981,6,Lower-risk active
778939683,0,3,1452,38,0.337,4,2,2821.0,32,0.0053521586,5,Lower-risk active
713322633,0,3,1682,39,0.93,4,3,2706.0,43,0.3055452,9,Lower-risk active
754671558,0,1,2073,48,0.653,6,4,2999.0,43,0.095961824,8,Lower-risk active
719291283,0,1,2660,62,0.722,5,2,2226.0,28,0.010899602,6,Lower-risk active
720659283,0,3,1910,43,0.551,5,4,3351.0,31,0.057953,8,Lower-risk active
719535558,0,1,4129,72,0.334,5,1,5570.0,36,0.0006832217,1,Lower-risk active
771032658,0,3,1604,39,0.15,3,2,10448.0,41,0.13694268,8,Lower-risk active
709468683,0,2,1755,39,0.643,6,2,2174.0,56,0.027975846,7,Lower-risk active
719455908,0,3,3742,75,0.0,3,3,31501.0,38,0.005026515,5,Lower-risk active
816890883,0,3,2266,74,0.058,6,3,21695.0,30,0.0040827463,5,Lower-risk active
709826058,0,1,1805,34,0.071,3,1,34516.0,36,0.05763601,8,Lower-risk active
735008958,0,3,1703,53,0.092,6,2,13650.0,35,0.005539074,5,Lower-risk active
713766183,0,3,4160,81,0.156,5,4,16156.0,36,0.002847003,4,Lower-risk active
719148633,0,2,1398,24,0.835,6,4,2413.0,46,0.019073538,7,Lower-risk active
789266208,0,2,1408,28,0.268,3,3,5920.0,45,0.056577053,8,Lower-risk active
718373658,0,3,3817,81,0.422,6,0,5841.0,28,0.0014275754,3,Lower-risk active
712255458,0,1,2879,63,0.244,3,5,8418.0,36,0.008050815,6,Lower-risk active
789494133,0,4,2441,53,0.506,5,3,2490.0,21,0.0076322393,6,Lower-risk active
714178458,0,3,1792,53,0.078,3,2,20640.0,35,0.21124591,8,Lower-risk active
717595908,0,1,1688,45,0.231,5,1,9453.0,37,0.0114726685,6,Lower-risk active
798114033,0,2,3355,58,0.19,4,4,7949.0,40,0.01417649,7,Lower-risk active
709479558,0,2,3073,86,0.786,3,1,2758.0,36,0.0030885774,4,Lower-risk active
778148283,0,2,3921,74,0.054,5,1,20148.0,41,0.001470922,3,Lower-risk active
719363283,0,1,1904,47,0.0,3,2,1438.3,36,0.50746465,9,Lower-risk active
716225433,0,3,3103,65,0.095,6,4,26566.0,51,0.040185723,7,Lower-risk active
719882583,0,3,3866,67,0.153,3,5,13477.0,34,0.00456521,5,Lower-risk active
711076533,0,3,3435,58,0.203,5,2,9706.0,42,0.021393586,7,Lower-risk active
820651908,0,2,3162,64,0.0,5,4,7457.0,41,0.021272227,7,Lower-risk active
710884683,0,2,3937,80,0.023,6,5,34516.0,40,0.0018344747,3,Lower-risk active
797468658,0,1,1536,31,0.127,5,3,19081.0,47,0.08952485,8,Lower-risk active
716375883,0,2,1716,38,0.637,6,2,2447.0,36,0.076663904,8,Lower-risk active
711534183,0,2,3533,57,0.0,4,4,28830.0,36,0.03953291,7,Lower-risk active
721083258,0,1,2064,46,0.639,5,3,2563.0,22,0.02744409,7,Lower-risk active
717986058,0,3,2712,64,0.307,6,5,5240.0,13,0.0014337766,3,Lower-risk active
804610908,0,3,3295,66,0.578,4,0,3397.0,44,0.002716211,4,Lower-risk active
717602733,0,3,4165,67,0.0,4,2,1842.0,35,0.009116264,6,Lower-risk active
770952933,0,2,1616,37,0.813,4,4,2383.0,40,0.019429743,7,Lower-risk active
713233908,0,3,2883,93,0.0,5,3,20791.0,21,0.003856206,5,Lower-risk active
755365233,0,2,3948,96,0.079,5,4,19900.0,27,0.00028020135,1,Lower-risk active
715105908,0,3,2507,64,0.038,3,3,32024.0,15,0.0030961656,4,Lower-risk active
712658283,0,2,3222,86,0.262,3,3,3701.0,28,0.0014984502,3,Lower-risk active
708796458,0,1,3016,67,0.453,3,4,4199.0,18,0.009390949,6,Lower-risk active
713557533,0,1,2664,81,0.38,4,3,4353.0,21,0.0031317112,4,Lower-risk active
710524533,1,4,899,28,0.512,4,4,4913.0,36,0.9916732,10,Dormant high-risk
713412558,0,3,2674,67,0.203,3,1,5454.0,22,0.015663488,7,Lower-risk active
720000708,0,3,2945,69,0.636,3,2,2172.0,26,0.006556896,6,Lower-risk active
718934058,0,3,2396,51,0.885,4,2,2845.0,26,0.859847,9,Dormant high-risk
710607408,0,1,3999,96,0.082,3,4,18570.0,28,0.00015959036,1,Lower-risk active
717613233,0,2,2058,56,0.029,5,4,25907.0,33,0.11029924,8,Lower-risk active
821710308,0,3,1739,35,0.915,5,2,2206.0,33,0.068899535,8,Lower-risk active
716089983,0,1,2015,46,0.144,3,4,12050.0,24,0.014975975,7,Lower-risk active
720430083,0,3,3913,67,0.478,3,2,2107.0,36,0.011805803,6,Lower-risk active
712071708,0,3,1320,35,0.641,6,4,2107.0,36,0.017533863,7,Lower-risk active
770721858,0,2,1463,31,0.711,3,5,3539.0,56,0.11298468,8,Lower-risk active
751381458,0,3,3814,72,0.029,3,4,27175.0,36,0.0038440481,5,Lower-risk active
715629783,0,2,4399,64,0.055,6,2,17905.0,36,0.002492876,4,Lower-risk active
768886533,0,1,3246,57,0.243,3,3,4940.0,31,0.002636942,4,Lower-risk active
711023508,0,4,1547,30,0.439,5,2,3161.0,43,0.11953736,8,Lower-risk active
711291558,0,3,2636,50,0.0,4,3,2464.0,36,0.2143661,8,Lower-risk active
714929283,0,1,2625,52,0.696,5,3,3203.0,36,0.007872713,6,Lower-risk active
716285358,0,5,2801,79,0.554,3,4,1835.0,36,0.040946454,7,Lower-risk active
710958033,0,2,4075,76,0.0,3,2,1993.0,39,0.002647335,4,Lower-risk active
711368283,0,3,3448,53,0.047,3,2,34516.0,27,0.003424111,4,Lower-risk active
807275733,0,2,2498,37,0.122,5,2,7130.0,22,0.29812068,9,Lower-risk active
708231183,0,3,2643,72,0.073,5,4,12539.0,22,0.006700765,6,Lower-risk active
789690483,0,2,3135,39,0.0,6,3,8208.0,25,0.036611333,7,Lower-risk active
789338583,0,2,1988,30,0.041,4,2,26222.0,32,0.029181259,7,Lower-risk active
717411483,0,2,3731,69,0.035,4,3,34173.0,36,0.0037046014,5,Lower-risk active
720799608,0,1,1621,32,0.509,5,2,3377.0,49,0.020100579,7,Lower-risk active
714112383,0,3,1380,30,0.397,6,2,5882.0,43,0.0068597975,6,Lower-risk active
717994608,0,3,2113,60,0.0,4,2,7158.0,40,0.058640584,8,Lower-risk active
798558783,0,1,3732,75,0.3,6,4,5833.0,41,0.0011301952,2,Lower-risk active
716875083,0,3,2351,42,0.0,6,4,4152.0,36,0.15916817,8,Lower-risk active
714603558,0,2,2007,46,0.15,6,3,11699.0,24,0.013367374,7,Lower-risk active
789903708,0,3,3968,68,0.347,6,2,4505.0,35,0.0037418173,5,Lower-risk active
801989733,0,3,3915,76,0.156,6,2,7667.0,48,0.00094916875,2,Lower-risk active
789504183,0,3,2574,62,0.0,3,4,34516.0,28,0.16970794,8,Lower-risk active
714574083,0,2,2511,51,0.735,3,3,2937.0,31,0.68490535,9,Contacted but fragile
717978033,0,3,2822,73,0.299,5,4,5257.0,36,0.011630674,6,Lower-risk active
711256908,0,3,3695,81,0.093,6,3,10331.0,28,0.00045776952,1,Lower-risk active
721023708,0,3,2142,62,0.0,3,3,17557.0,36,0.27742714,9,Lower-risk active
714522258,0,3,1596,37,0.364,6,2,4366.0,48,0.037251417,7,Lower-risk active
714247458,0,2,3271,71,0.283,6,2,8037.0,46,0.010333964,6,Lower-risk active
780416433,0,1,2169,38,0.084,4,3,8740.0,25,0.011148035,6,Lower-risk active
713644758,0,2,4098,74,0.236,6,3,8514.0,36,0.0017820556,3,Lower-risk active
712700358,0,3,2411,60,0.688,4,2,2002.0,26,0.055727363,8,Lower-risk active
779873508,0,3,3607,60,0.58,5,4,3132.0,35,0.00785078,6,Lower-risk active
779342958,0,3,3625,85,0.532,2,3,2010.0,13,0.00025924598,1,Mono-product exposed
711738333,0,2,2361,45,0.235,6,3,7567.0,23,0.0049138158,5,Lower-risk active
709413933,1,6,1920,46,0.273,2,4,2381.0,40,0.98505473,10,Dormant high-risk
720323208,0,2,4976,88,0.069,6,4,34516.0,31,0.0047346856,5,Lower-risk active
708132783,0,2,3929,71,0.072,6,2,16411.0,42,0.0013138946,2,Lower-risk active
713372583,0,2,3786,67,0.0,3,0,1438.3,19,0.003461574,4,Lower-risk active
710092683,0,3,1837,47,0.38,2,2,3735.0,30,0.59874064,9,Dormant high-risk
779284833,0,3,3591,63,0.081,3,1,22127.0,37,0.004596507,5,Lower-risk active
713426358,0,2,2395,62,0.0,3,3,5685.0,36,0.0064493674,6,Lower-risk active
717132633,0,2,3066,61,0.2,3,2,7348.0,50,0.0028796443,4,Lower-risk active
714967233,1,2,2109,47,0.0,3,3,11188.0,34,0.9573828,9,Contacted but fragile
767587833,0,1,4599,75,0.688,3,5,3650.0,37,0.005540443,5,Lower-risk active
714954033,0,2,2675,57,0.241,5,3,5076.0,36,0.104131356,8,Lower-risk active
716154258,0,2,2023,37,0.045,3,2,32658.0,38,0.18518735,8,Lower-risk active
755399433,0,1,4549,68,0.032,6,2,28634.0,36,0.0015208705,3,Lower-risk active
709876008,0,1,1803,49,0.431,3,3,3414.0,36,0.0145844845,7,Lower-risk active
709918158,0,6,2028,51,0.0,5,1,12315.0,23,0.5713079,9,Dormant high-risk
713350908,0,3,3636,68,0.711,5,3,2690.0,36,0.003820177,5,Lower-risk active
715759458,0,2,4066,74,0.0,6,4,12165.0,31,0.0012901119,2,Lower-risk active
713976258,0,1,3102,63,0.552,4,3,1792.0,46,0.0037854558,5,Lower-risk active
790174608,0,3,2660,70,0.061,6,2,19300.0,30,0.004896051,5,Lower-risk active
771335358,0,3,3161,54,0.258,3,4,8120.0,24,0.13213883,8,Lower-risk active
708382083,0,2,2584,60,0.0,6,2,2292.0,36,0.28029433,9,Lower-risk active
771829758,0,3,2143,46,0.063,6,3,21434.0,25,0.34552234,9,Lower-risk active
767333808,0,3,4929,74,0.0,5,4,3424.0,43,0.0136176525,7,Lower-risk active
721385433,0,3,1662,39,0.431,3,4,2787.0,51,0.075182535,8,Lower-risk active
794293908,0,2,2847,67,0.17,3,3,8696.0,30,0.012471188,6,Lower-risk active
720409608,0,2,1717,39,0.061,6,3,32446.0,35,0.027532347,7,Lower-risk active
717830583,0,3,4101,88,0.234,6,3,9133.0,36,0.0009896868,2,Lower-risk active
715455708,0,3,2361,49,0.287,3,2,5116.0,37,0.5594216,9,Dormant high-risk
719108358,0,2,2783,56,0.133,5,1,18974.0,31,0.015638987,7,Lower-risk active
769323183,0,2,2086,44,0.208,6,3,12101.0,45,0.6421954,9,Contacted but fragile
820020258,0,3,1778,40,0.179,5,4,5379.0,46,0.3581736,9,Lower-risk active
719234883,0,3,3990,88,0.065,5,3,32676.0,49,0.000782552,1,Lower-risk active
807349158,0,3,2243,60,0.043,4,4,34516.0,31,0.012233811,6,Lower-risk active
710799783,0,3,3143,60,0.117,4,4,15202.0,36,0.0068096723,6,Lower-risk active
778456983,0,3,1823,49,0.542,5,3,2222.0,23,0.5547371,9,Dormant high-risk
708644208,0,2,3355,77,0.0,5,4,5858.0,34,0.0039223037,5,Lower-risk active
711659958,0,2,1594,36,0.694,4,1,2692.0,56,0.001048287,2,Lower-risk active
798988983,0,3,3553,78,0.284,6,2,7165.0,45,0.000979283,2,Lower-risk active
710760258,0,3,4740,81,0.0,4,4,1438.3,38,0.0025335297,4,Lower-risk active
799700208,0,1,3732,70,0.059,5,1,26988.0,32,0.0009534831,2,Lower-risk active
772401933,0,3,3569,62,0.0,3,2,2517.0,26,0.023321116,7,Lower-risk active
787460883,1,3,1234,34,0.0,3,4,11091.0,28,0.86355823,9,Dormant high-risk
770937183,0,1,3502,87,0.194,3,2,10745.0,27,0.00038480715,1,Lower-risk active
715468083,0,2,3146,66,0.049,3,4,34516.0,36,0.008981426,6,Lower-risk active
807161508,0,3,2804,52,0.675,6,2,2590.0,20,0.03180726,7,Lower-risk active
772268058,0,2,3129,69,0.541,5,3,2722.0,35,0.0073077227,6,Lower-risk active
710166783,0,3,4277,80,0.0,3,0,8228.0,36,0.0015986984,3,Lower-risk active
804820233,0,3,2763,62,0.151,6,2,11777.0,33,0.021438656,7,Lower-risk active
708758658,0,1,3951,76,0.016,5,1,34516.0,39,0.0008652403,2,Lower-risk active
714011358,0,1,2876,60,0.0,5,3,14821.0,24,0.12170324,8,Lower-risk active
712401033,0,3,2186,59,0.645,4,1,1438.3,23,0.08168473,8,Lower-risk active
771212508,0,3,2825,93,0.207,6,4,6131.0,21,0.0009168085,2,Lower-risk active
821150958,0,1,3452,66,0.325,3,1,2047.0,47,0.0023222277,4,Lower-risk active
792272658,0,3,3756,73,0.055,3,4,22380.0,34,0.0032055352,4,Lower-risk active
809818008,0,3,2300,60,0.126,3,5,12893.0,31,0.08323545,8,Lower-risk active
803231058,0,1,4294,66,0.44,5,1,3351.0,47,0.0026446017,4,Lower-risk active
715698633,0,1,2341,57,0.467,3,1,5093.0,36,0.042393018,8,Lower-risk active
720450108,0,1,1585,37,0.0,5,1,1438.3,44,0.10866212,8,Lower-risk active
719076858,0,1,2651,81,0.902,5,2,2165.0,20,0.003014617,4,Lower-risk active
720016308,0,2,4199,77,0.684,4,2,1927.0,54,0.00095537095,2,Lower-risk active
712443558,0,1,1994,57,0.0,6,1,22125.0,36,0.045156352,8,Lower-risk active
711835758,0,5,1756,35,0.061,4,3,34516.0,42,0.76569384,9,Dormant high-risk
709284333,0,3,2546,62,0.212,6,2,5260.0,28,0.0067619868,6,Lower-risk active
788122533,0,2,1336,32,0.0,6,2,1438.3,48,0.025935069,7,Lower-risk active
709206333,1,4,1558,40,0.0,3,4,4333.0,30,0.9559621,9,Dormant high-risk
713039808,0,2,1801,48,0.0,3,1,6637.0,32,0.40959895,9,Lower-risk active
801700233,0,3,3140,74,0.776,4,0,3174.0,28,0.0010283779,2,Lower-risk active
716815308,0,2,3942,69,0.339,4,5,4396.0,36,0.00096997095,2,Lower-risk active
821149008,1,2,1661,40,0.0,6,4,34516.0,48,0.76673293,9,Contacted but fragile
720580383,0,2,3637,80,0.0,3,4,1438.3,37,0.0032489006,4,Lower-risk active
780202908,0,3,2833,70,0.216,3,4,6853.0,43,0.080749676,8,Lower-risk active
787504158,0,3,1755,42,0.868,4,2,2570.0,24,0.039112255,7,Lower-risk active
716183283,0,3,3563,70,0.411,5,2,2166.0,15,0.0008553642,2,Lower-risk active
824168808,0,6,2271,60,0.406,4,3,3647.0,27,0.018916748,7,Lower-risk active
712936908,0,1,2969,88,0.153,3,1,11684.0,36,0.00024257143,1,Lower-risk active
719855958,0,1,3367,66,0.0,6,4,4475.0,28,0.0028842443,4,Lower-risk active
710112933,0,3,2580,61,0.103,6,2,16604.0,18,0.0024518124,4,Lower-risk active
768364233,0,2,1505,33,0.346,6,5,5446.0,53,0.02261943,7,Lower-risk active
771725808,0,1,3395,71,0.027,5,4,28700.0,31,0.0024790862,4,Lower-risk active
780686358,0,1,3798,58,0.58,3,1,2888.0,30,0.0032528902,4,Lower-risk active
712762758,0,2,3179,79,0.135,4,0,9451.0,34,0.00023330419,1,Lower-risk active
714392808,0,4,3504,62,0.073,3,5,13933.0,43,0.011407858,6,Lower-risk active
713089458,0,2,3411,78,0.132,5,2,6130.0,33,0.00094539206,2,Lower-risk active
826780683,0,2,3943,85,0.0,6,2,15008.0,36,0.00094184704,2,Lower-risk active
780251658,0,1,2395,57,0.346,4,4,4583.0,18,0.03692909,7,Lower-risk active
772273983,1,3,2138,40,0.416,1,4,5268.0,37,0.9944553,10,Dormant high-risk
737944908,0,2,1599,36,0.098,4,2,14976.0,51,0.006534524,6,Lower-risk active
720688158,0,2,2751,68,0.0,3,4,2282.0,25,0.18494076,8,Lower-risk active
719902908,1,3,1434,31,0.0,3,3,5130.0,36,0.977121,10,Dormant high-risk
771682533,0,3,3928,75,0.0,4,2,5702.0,31,0.0041487683,5,Lower-risk active
708193008,0,3,1616,43,0.0,3,4,14480.0,30,0.55449444,9,Dormant high-risk
772449858,0,3,3849,70,0.183,5,4,7570.0,41,0.006598983,6,Lower-risk active
715992558,0,2,1968,59,0.126,4,2,12878.0,38,0.056260828,8,Lower-risk active
708502908,0,2,3925,88,0.0,5,3,26218.0,48,0.0011174409,2,Lower-risk active
720132258,0,1,3422,78,0.038,6,5,34516.0,36,0.0014096684,3,Lower-risk active
708704433,0,3,2812,77,0.745,6,4,2804.0,23,0.0005496764,1,Lower-risk active
720906033,0,4,2987,52,0.203,5,4,5801.0,25,0.005360964,5,Lower-risk active
719961183,0,3,1550,33,0.563,5,2,2271.0,53,0.012740287,6,Lower-risk active
718838808,0,3,2720,48,0.758,6,3,3107.0,23,0.005908195,6,Lower-risk active
710268858,0,1,3162,99,0.608,5,2,2001.0,22,0.0002009279,1,Lower-risk active
788360283,0,1,2557,55,0.0,4,0,1438.3,26,0.30353254,9,Lower-risk active
717914808,0,3,4044,66,0.157,4,5,4465.0,36,0.0072920043,6,Lower-risk active
802884933,0,2,1665,32,0.413,6,3,3264.0,55,0.020248167,7,Lower-risk active
714436383,0,3,4222,75,0.0,4,2,26856.0,34,0.011904815,6,Lower-risk active
718785483,0,3,4238,85,0.042,6,3,34516.0,29,0.0005771682,1,Lower-risk active
708816408,0,6,3063,71,0.0,4,3,21756.0,32,0.02124876,7,Lower-risk active
715363908,0,1,3658,70,0.328,4,2,4726.0,26,0.0011641546,2,Lower-risk active
709163358,1,3,1727,35,0.073,2,4,34516.0,32,0.99668014,10,Dormant high-risk
827643858,0,2,3212,64,0.0,6,2,5596.0,41,0.03737751,7,Lower-risk active
711251133,0,2,2990,55,0.0,5,3,15326.0,27,0.017374892,7,Lower-risk active
716896833,0,1,1976,35,0.116,3,4,11373.0,38,0.062244236,8,Lower-risk active
789193383,0,1,3495,70,0.64,3,5,2644.0,54,0.0013787262,3,Lower-risk active
712801758,0,1,3052,63,0.942,6,2,2673.0,27,0.019356465,7,Lower-risk active
719836083,0,4,1543,34,0.234,3,2,7477.0,36,0.3376754,9,Lower-risk active
718291233,0,1,4314,67,0.057,5,3,16227.0,33,0.0025923538,4,Lower-risk active
718682883,0,3,4478,76,0.128,3,1,19110.0,34,0.014286238,7,Lower-risk active
771503958,0,1,4089,72,0.423,5,3,2993.0,37,0.0007988544,1,Lower-risk active
771960708,0,2,3591,80,0.748,3,4,3290.0,40,0.0013361578,2,Lower-risk active
717427983,0,3,2682,64,0.217,4,4,11176.0,39,0.1641154,8,Lower-risk active
712737108,0,1,4221,75,0.0,4,2,21416.0,36,0.00072977174,1,Lower-risk active
771599283,0,2,1606,32,0.669,3,5,2492.0,41,0.012633695,6,Lower-risk active
717237708,0,3,3982,58,0.132,3,5,14265.0,38,0.016303135,7,Lower-risk active
710703708,0,3,2961,56,0.057,6,2,16985.0,35,0.23316772,8,Lower-risk active
712513458,0,1,3150,70,0.254,4,4,7469.0,38,0.0046695885,5,Lower-risk active
709690158,0,1,1470,33,0.548,6,2,4592.0,36,0.020103494,7,Lower-risk active
709959858,0,3,3825,63,0.0,6,4,4341.0,32,0.062038746,8,Lower-risk active
720683958,0,2,4077,67,0.0,6,2,34516.0,36,0.0044140574,5,Lower-risk active
780704358,0,3,4014,73,0.0,4,0,27710.0,23,0.0012378526,2,Lower-risk active
717843783,0,3,2338,71,0.118,4,2,13431.0,17,0.005120014,5,Lower-risk active
718318383,0,3,4251,69,0.567,6,4,2645.0,36,0.0031934893,4,Lower-risk active
708849858,0,1,3683,73,0.102,4,5,14028.0,35,0.0009542406,2,Lower-risk active
712652283,0,1,3030,74,0.022,4,3,34516.0,28,0.0030778737,4,Lower-risk active
793461933,0,2,2835,57,0.177,4,4,5699.0,31,0.07581864,8,Lower-risk active
720084183,0,2,3018,75,0.0,5,4,16284.0,34,0.021995056,7,Lower-risk active
767114958,0,2,3250,70,0.643,4,2,3226.0,56,0.004188365,5,Lower-risk active
709216533,0,3,3142,64,0.278,6,4,2803.0,36,0.016822698,7,Lower-risk active
720897783,0,2,2776,59,0.058,6,5,34516.0,30,0.069888726,8,Lower-risk active
773503308,0,5,4010,79,0.716,5,4,2192.0,53,0.0023257213,4,Lower-risk active
719963433,0,2,3676,77,0.234,3,2,8318.0,29,0.00042865562,1,Lower-risk active
708139833,1,2,2323,44,0.0,4,3,6391.0,30,0.9811514,10,Contacted but fragile
710664558,0,2,3927,73,0.2,5,4,4736.0,31,0.0025508287,4,Lower-risk active
713687508,0,2,3159,69,0.162,5,4,9944.0,49,0.003993054,5,Lower-risk active
816312633,0,3,2349,66,0.0,6,3,4717.0,47,0.26380515,9,Lower-risk active
712019883,0,3,3337,69,0.12,5,3,12778.0,34,0.0034003349,4,Lower-risk active
718216008,0,2,3275,60,0.127,5,3,16920.0,38,0.025540091,7,Lower-risk active
718345233,0,3,1904,41,0.777,6,3,3240.0,35,0.8434245,9,Dormant high-risk
771228183,0,1,3294,87,0.0,4,3,4704.0,17,0.0010644068,2,Lower-risk active
789430083,0,1,4470,83,0.095,6,2,14987.0,32,0.0002451866,1,Lower-risk active
779524833,0,3,3640,59,0.44,4,3,3554.0,34,0.02731102,7,Lower-risk active
823621083,0,3,3948,74,0.102,3,4,9227.0,42,0.002734083,4,Lower-risk active
715563558,0,3,2533,62,0.141,3,2,7522.0,40,0.0035285181,5,Lower-risk active
715424283,0,2,3059,50,0.0,5,2,1677.0,21,0.18692026,8,Lower-risk active
807209808,0,2,3739,68,0.703,6,2,2319.0,40,0.0019743594,3,Lower-risk active
716578158,0,2,3205,49,0.585,6,5,2722.0,29,0.018494125,7,Lower-risk active
708911508,0,3,3446,71,0.0,3,2,2046.0,39,0.015898608,7,Lower-risk active
717332733,0,2,2851,80,0.0,5,4,34516.0,37,0.060557883,8,Lower-risk active
710681808,0,3,2484,52,0.084,6,3,18531.0,42,0.24991527,8,Lower-risk active
708740808,0,3,2949,54,0.0,5,4,4112.0,36,0.48563048,9,Lower-risk active
711728208,0,1,4143,68,0.0,4,2,34516.0,34,0.004628226,5,Lower-risk active
720562008,0,3,2759,65,0.037,4,3,34516.0,22,0.008421721,6,Lower-risk active
709012083,0,3,2010,45,0.537,3,4,4683.0,28,0.44837153,9,Lower-risk active
771073908,0,1,1406,27,0.0,4,2,1438.3,48,0.055265732,8,Lower-risk active
718174908,0,3,1458,29,0.572,4,2,4224.0,36,0.011372078,6,Lower-risk active
709550958,0,1,2689,62,0.0,3,4,7133.0,32,0.17121367,8,Lower-risk active
720411183,0,1,3042,66,0.181,6,0,10253.0,22,0.00027083218,1,Lower-risk active
720776508,0,3,4248,65,0.0,4,2,4210.0,25,0.0019493809,3,Lower-risk active
755615208,0,3,4084,66,0.144,5,2,12630.0,42,0.01234565,6,Lower-risk active
708147108,0,1,2309,71,0.119,6,3,21084.0,36,0.002992614,4,Lower-risk active
827476983,1,5,1865,42,0.599,3,1,3639.0,52,0.92771906,9,Dormant high-risk
716682258,0,3,3650,62,0.05,4,5,31945.0,36,0.007195879,6,Lower-risk active
708563433,1,6,1616,32,0.081,3,3,5894.0,56,0.9374142,9,Dormant high-risk
772277508,0,2,3292,52,0.0,4,2,2209.0,54,0.03156307,7,Lower-risk active
712515558,0,2,2834,77,0.065,3,3,23447.0,26,0.0031254725,4,Lower-risk active
719342808,0,2,3750,76,0.165,4,3,4180.0,30,0.0017670459,3,Lower-risk active
788957358,0,3,4224,77,0.452,3,2,4930.0,39,0.0015484574,3,Lower-risk active
778386033,0,3,2068,34,0.512,6,4,3417.0,18,0.39123684,9,Lower-risk active
820060758,0,2,3651,59,0.411,4,4,4785.0,45,0.024826152,7,Lower-risk active
713271708,0,2,4454,74,0.0,5,2,12685.0,33,0.0050323685,5,Lower-risk active
720555483,0,3,4100,79,0.0,3,3,21374.0,35,0.0029231845,4,Lower-risk active
709405758,0,3,1965,49,0.637,4,2,1911.0,28,0.42643043,9,Lower-risk active
769463433,0,3,3593,71,0.0,6,2,8666.0,35,0.0066403165,6,Lower-risk active
786087633,0,1,1650,34,0.906,4,0,2759.0,54,0.0070709623,6,Lower-risk active
738627708,1,3,1838,42,0.0,5,4,5984.0,41,0.9468942,9,Dormant high-risk
719527833,0,3,3886,70,0.048,6,3,23000.0,36,0.0019368699,3,Lower-risk active
715921758,0,3,2882,68,0.0,5,2,1438.3,25,0.18921775,8,Lower-risk active
717280158,0,3,3332,60,0.611,3,5,2976.0,36,0.01201944,6,Lower-risk active
714179658,0,1,1996,48,0.0,3,3,34516.0,36,0.6178637,9,Contacted but fragile
806637558,0,2,1539,40,0.0,5,5,1438.3,53,0.3173838,9,Lower-risk active
714828708,0,1,3656,88,0.0,3,4,16099.0,36,0.00059140084,1,Lower-risk active
711989358,0,2,3811,62,0.061,4,1,19595.0,36,0.003588472,5,Lower-risk active
720188508,0,2,4071,64,0.133,3,4,13193.0,25,0.0025218332,4,Lower-risk active
719528958,0,1,4134,71,0.184,3,3,8184.0,36,0.00069349736,1,Lower-risk active
713110908,0,6,1719,45,0.754,3,5,2607.0,13,0.01741543,7,Lower-risk active
721179708,0,2,4422,76,0.0,4,3,5758.0,37,0.020594927,7,Lower-risk active
716363658,0,2,3920,84,0.022,4,5,25873.0,36,0.0027799082,4,Lower-risk active
711443808,0,1,4068,53,0.615,6,1,2695.0,37,0.010512824,6,Lower-risk active
778952058,0,2,3435,56,0.072,4,5,20860.0,32,0.023604123,7,Lower-risk active
713642133,0,3,4558,60,0.554,6,3,1892.0,30,0.0041022096,5,Lower-risk active
778908783,0,3,1427,25,0.037,3,4,27751.0,33,0.16118826,8,Lower-risk active
778170633,0,2,3661,71,0.019,6,2,34516.0,38,0.0017605744,3,Lower-risk active
714670533,0,1,3069,62,0.102,3,5,24580.0,37,0.026553625,7,Lower-risk active
771833433,1,2,2063,48,0.0,3,4,29893.0,38,0.9581258,9,Contacted but fragile
772758783,0,1,3343,60,0.035,5,5,21165.0,33,0.0026727696,4,Lower-risk active
788959758,0,2,3451,59,0.061,3,1,9148.0,33,0.019706197,7,Lower-risk active
716878533,0,1,1425,33,0.172,4,1,10979.0,46,0.0037312098,5,Lower-risk active
713267133,0,1,3088,65,0.131,3,2,6519.0,33,0.0063696792,6,Lower-risk active
716263533,0,2,3166,72,0.583,3,2,2509.0,36,0.00093585113,2,Lower-risk active
719026383,0,1,3135,59,0.0,3,3,2664.0,36,0.026156258,7,Lower-risk active
821755233,0,5,3441,69,0.075,5,2,14999.0,28,0.0039788517,5,Lower-risk active
709683633,0,1,2914,67,0.092,4,2,10332.0,13,0.016108133,7,Lower-risk active
714318033,0,1,3321,57,0.16,5,4,10226.0,36,0.0053515695,5,Lower-risk active
828291858,1,3,2381,40,0.151,6,4,12050.0,34,0.90598387,9,Dormant high-risk
779647608,0,2,4199,92,0.0,5,2,26124.0,22,0.0007399057,1,Lower-risk active
787605558,0,2,3489,81,0.0,6,2,9816.0,31,0.0022042675,4,Lower-risk active
771534408,0,3,3897,74,0.855,4,3,2783.0,40,0.005482482,5,Lower-risk active
716219808,0,2,1742,41,0.0,5,3,15942.0,36,0.71739465,9,Contacted but fragile
715690908,0,3,3418,78,0.103,4,2,12222.0,39,0.00083654537,2,Lower-risk active
789125733,0,2,2114,53,0.35,4,4,4002.0,26,0.55515426,9,Contacted but fragile
717271983,0,3,3261,64,0.04,6,2,34516.0,53,0.0032400587,4,Lower-risk active
709695333,0,2,3577,82,0.166,3,4,10227.0,36,0.0008746414,2,Lower-risk active
712233183,0,3,3244,62,0.38,3,1,4265.0,34,0.010411433,6,Lower-risk active
716645883,0,2,4297,68,0.0,3,2,13867.0,36,0.00388451,5,Lower-risk active
711762408,0,1,4023,63,0.0,4,2,2243.0,34,0.0033893613,4,Lower-risk active
818305008,0,1,3978,89,0.122,6,3,11239.0,36,0.00033811992,1,Lower-risk active
788159433,0,1,3855,70,0.036,5,2,22558.0,45,0.0036425102,5,Lower-risk active
709104333,0,2,2687,64,0.026,5,4,34516.0,36,0.056532916,8,Lower-risk active
708112008,0,2,1661,35,0.045,4,3,23510.0,36,0.2906496,9,Lower-risk active
714731208,0,2,4050,58,0.868,6,2,1651.0,55,0.027855389,7,Lower-risk active
710006958,0,2,4755,69,0.092,6,2,8693.0,41,0.010226555,6,Lower-risk active
815062383,0,3,1914,33,0.262,3,1,4549.0,30,0.8174772,9,Dormant high-risk
778447908,0,1,4136,65,0.0,3,2,3558.0,33,0.0021327466,3,Lower-risk active
720725058,1,3,1375,33,0.0,1,4,7176.0,37,0.9610267,9,Dormant high-risk
803415183,0,3,4614,76,0.019,3,1,34516.0,38,0.0031764733,4,Lower-risk active
708582858,0,3,2958,63,0.0,3,4,18293.0,25,0.16053955,8,Lower-risk active
779833908,0,2,4095,67,0.075,6,1,18332.0,23,0.0019445664,3,Lower-risk active
818687958,0,3,4462,88,0.225,5,2,6383.0,43,0.0010235655,2,Lower-risk active
708714108,0,2,1894,49,0.187,5,3,13441.0,31,0.22434674,8,Lower-risk active
754872333,0,1,4740,88,0.0,3,3,20114.0,43,0.00096660655,2,Lower-risk active
718637208,0,2,1689,36,0.687,3,1,2019.0,43,0.09561866,8,Lower-risk active
816772908,0,1,4533,78,0.052,6,2,34516.0,33,0.00095232925,2,Lower-risk active
711935283,1,1,1427,36,0.0,3,4,1438.3,47,0.9143332,9,Contacted but fragile
716950758,1,3,1657,43,0.0,1,2,8017.0,36,0.94361436,9,Dormant high-risk
716497908,0,1,3698,65,0.0,3,2,8519.0,36,0.0030679784,4,Lower-risk active
809358708,0,2,3514,63,0.062,6,2,34516.0,33,0.006291896,6,Lower-risk active
716037708,0,3,3240,54,0.108,6,3,9474.0,39,0.16821261,8,Lower-risk active
717804783,0,3,4160,70,0.125,5,4,6587.0,27,0.00074802514,1,Lower-risk active
715338783,0,2,3018,80,0.0,4,2,2999.0,36,0.0038851923,5,Lower-risk active
779645658,0,1,3607,59,0.206,3,4,7154.0,32,0.005806142,5,Lower-risk active
787565433,0,2,1494,36,0.346,4,4,4039.0,43,0.119201876,8,Lower-risk active
717287883,0,2,1532,24,0.456,6,3,5516.0,46,0.17458905,8,Lower-risk active
715746633,0,1,4256,70,0.124,3,2,5577.0,54,0.004193171,5,Lower-risk active
720635883,0,3,2902,60,0.174,6,3,8628.0,24,0.014993197,7,Lower-risk active
710077008,0,3,3522,74,0.045,5,1,30137.0,33,0.0018071188,3,Lower-risk active
804437658,0,2,3413,66,0.22,4,1,9778.0,36,0.004395747,5,Lower-risk active
780000258,0,2,4172,84,0.0,4,5,20912.0,38,0.003063261,4,Lower-risk active
825785508,0,2,4890,64,0.071,3,2,14699.0,45,0.047702838,8,Lower-risk active
720252858,0,3,3396,63,0.0,6,2,10350.0,36,0.005046101,5,Lower-risk active
710017758,0,2,3784,67,0.0,5,3,11346.0,36,0.020004386,7,Lower-risk active
711750183,0,1,3640,56,0.084,4,3,15987.0,55,0.0079007335,6,Lower-risk active
718364283,0,2,3602,72,0.0,3,4,19711.0,30,0.005031688,5,Lower-risk active
711638658,0,1,2878,63,0.223,4,1,8650.0,25,0.0032440466,4,Lower-risk active
711046383,0,1,3542,60,0.038,5,1,34516.0,36,0.0017642338,3,Lower-risk active
720877083,0,1,3323,66,0.139,6,2,9748.0,36,0.0009711953,2,Lower-risk active
715662258,0,1,3777,75,0.839,3,2,2454.0,36,0.0005024375,1,Lower-risk active
715570533,1,2,1632,44,0.0,2,6,34516.0,35,0.9985,10,Contacted but fragile
758202858,0,2,3453,72,0.395,4,4,4255.0,40,0.0034236314,4,Lower-risk active
712872183,0,2,2464,92,0.418,4,2,3271.0,24,0.003459716,4,Lower-risk active
710014683,0,3,2807,65,0.208,3,2,3480.0,20,0.021002287,7,Lower-risk active
716934333,0,1,3556,68,0.185,3,4,13306.0,40,0.00661293,6,Lower-risk active
778523733,0,1,3625,73,0.0,6,2,13637.0,31,0.0013534249,2,Lower-risk active
716353083,0,2,4444,72,0.153,4,3,6733.0,29,0.0028388721,4,Lower-risk active
753642933,0,3,4293,83,0.5,3,0,2728.0,45,0.00038716858,1,Lower-risk active
708151008,0,1,2433,41,0.103,5,2,6250.0,41,0.16213255,8,Lower-risk active
789646158,0,1,3297,66,0.241,5,3,3653.0,33,0.0038748498,5,Lower-risk active
712423233,0,3,3752,71,0.06,4,1,22919.0,36,0.0022934254,4,Lower-risk active
719806233,0,2,2686,59,0.0,3,2,34516.0,20,0.38041443,9,Lower-risk active
786509358,0,1,2051,36,0.424,3,4,4198.0,38,0.004436098,5,Lower-risk active
711502908,0,2,3550,68,0.0,6,2,7532.0,39,0.0050303037,5,Lower-risk active
748617858,0,2,2968,65,0.371,4,3,4587.0,28,0.0051802928,5,Lower-risk active
721532583,1,3,1995,39,0.177,5,4,12250.0,36,0.3459735,9,Lower-risk active
789244308,0,1,3986,64,0.107,6,4,17753.0,41,0.0014506626,3,Lower-risk active
709330383,0,3,3283,74,0.163,4,3,12535.0,19,0.0013209091,2,Lower-risk active
719136183,0,1,3410,69,0.408,6,3,3541.0,38,0.0008819149,2,Lower-risk active
716939358,0,3,4632,67,0.0,6,4,14622.0,33,0.067961104,8,Lower-risk active
778155558,0,1,3560,71,0.0,3,2,23973.0,38,0.0019058515,3,Lower-risk active
713461533,0,2,3042,73,0.045,4,1,29200.0,38,0.0011475441,2,Lower-risk active
803776533,0,3,2118,52,0.0,3,2,10077.0,41,0.9419431,9,Dormant high-risk
714857508,0,2,3939,69,0.205,5,4,8667.0,36,0.003993517,5,Lower-risk active
720348933,0,3,3060,60,0.059,4,4,12871.0,31,0.01026947,6,Lower-risk active
721158108,0,2,3982,72,0.0,3,4,2346.0,30,0.01688468,7,Lower-risk active
789043008,0,2,2058,70,0.0,4,4,9919.0,43,0.2534647,8,Lower-risk active
713362158,0,1,3519,70,0.0,4,4,17087.0,33,0.002335837,4,Lower-risk active
712623258,1,3,2272,42,0.457,2,3,5505.0,36,0.9984053,10,Dormant high-risk
708494583,0,1,3731,53,0.0,4,3,1902.0,36,0.053837936,8,Lower-risk active
718394658,0,1,2366,62,0.579,3,1,4254.0,22,0.021689357,7,Lower-risk active
719398158,0,1,3912,76,0.191,6,3,9854.0,39,0.0005630514,1,Lower-risk active
711885258,0,3,2078,42,0.128,5,4,7711.0,31,0.4734445,9,Lower-risk active
789161358,0,1,2666,46,0.783,3,4,3213.0,19,0.012459031,6,Lower-risk active
787581858,0,2,3612,59,0.468,3,4,3132.0,37,0.021900756,7,Lower-risk active
779198133,0,3,3530,61,0.209,3,2,9977.0,33,0.008277342,6,Lower-risk active
708314808,0,1,1570,40,0.246,5,3,5659.0,41,0.026688559,7,Lower-risk active
720508233,1,4,1898,42,0.0,3,4,17161.0,42,0.9804098,10,Dormant high-risk
717134058,0,1,4028,81,0.225,5,2,5018.0,36,0.00031319365,1,Lower-risk active
783366483,0,3,3242,74,0.093,4,3,11474.0,38,0.009855671,6,Lower-risk active
715412583,0,1,3815,65,0.182,6,4,7925.0,36,0.00097536395,2,Lower-risk active
719562108,0,3,2671,67,0.129,6,3,12793.0,20,0.0020082996,3,Lower-risk active
754457883,0,2,1876,35,0.0,4,2,4834.0,42,0.08202615,8,Lower-risk active
742552683,0,2,4208,86,0.478,6,5,1438.3,31,0.0014836341,3,Lower-risk active
711455133,0,3,2481,42,0.142,5,3,12948.0,36,0.116130374,8,Lower-risk active
716387733,1,4,1693,25,0.262,1,5,5662.0,36,0.98345816,10,Dormant high-risk
772571508,0,1,2311,43,0.0,4,0,2799.0,24,0.7575379,9,Lower-risk active
718815108,0,3,3420,81,0.218,3,1,6030.0,38,0.0010906174,2,Lower-risk active
719266158,0,3,3434,65,0.2,5,1,6779.0,35,0.006391382,6,Lower-risk active
720708183,0,1,4758,83,0.081,5,1,15248.0,36,0.000862383,2,Lower-risk active
767523933,0,1,3938,69,0.0,4,0,15583.0,45,0.00038055438,1,Lower-risk active
797466033,0,2,2880,69,0.681,3,3,2576.0,26,0.012107091,6,Lower-risk active
771886233,0,3,1941,51,0.043,6,5,25270.0,37,0.009620845,6,Lower-risk active
712612233,0,3,2067,59,0.082,3,3,8717.0,22,0.112753466,8,Lower-risk active
716516208,0,2,3748,64,0.0,4,3,1438.3,36,0.0046185274,5,Lower-risk active
709950858,0,2,3458,71,0.068,4,1,33755.0,35,0.0013317512,2,Lower-risk active
779882508,0,3,3364,69,0.0,5,4,7282.0,37,0.0053312774,5,Lower-risk active
717472833,0,3,4253,73,0.098,6,5,7260.0,32,0.0027923577,4,Lower-risk active
712665633,0,1,3472,51,0.144,6,4,12952.0,30,0.16522133,8,Lower-risk active
709562358,0,1,4456,79,0.298,6,5,5353.0,43,0.0007346982,1,Lower-risk active
715391433,0,4,2143,41,0.133,5,4,11741.0,33,0.2046849,8,Lower-risk active
708722583,0,3,3024,64,0.635,5,1,2609.0,36,0.008057745,6,Lower-risk active
720452508,0,3,3848,74,0.0,4,1,11167.0,37,0.0036809442,5,Lower-risk active
714566958,0,2,2291,40,0.068,4,5,20882.0,36,0.67672557,9,Contacted but fragile
816084333,0,2,3260,63,0.036,5,2,34516.0,37,0.0024012693,4,Lower-risk active
806179683,0,3,4433,68,0.666,5,2,3071.0,56,0.0096510425,6,Lower-risk active
806244183,0,1,4544,84,0.0,5,4,2267.0,34,0.0019942133,3,Lower-risk active
787999533,0,2,3595,68,0.38,4,2,6617.0,44,0.019387268,7,Lower-risk active
718358808,0,3,3758,61,0.0,5,5,3276.0,50,0.056330264,8,Lower-risk active
718474683,0,3,3092,67,0.212,3,2,10097.0,24,0.0009584219,2,Lower-risk active
716908158,0,2,3299,64,0.305,6,1,8260.0,36,0.039591867,7,Lower-risk active
713984208,0,2,4029,72,0.151,5,1,5776.0,33,0.003450538,4,Lower-risk active
713013483,0,3,3754,58,0.636,5,3,1438.3,36,0.051019836,8,Lower-risk active
754599558,0,3,3825,70,0.278,5,1,7207.0,33,0.0026025106,4,Lower-risk active
788739633,1,1,2136,40,0.113,3,4,2106.0,16,0.8993436,9,Contacted but fragile
712411908,0,2,4071,67,0.0,4,5,21158.0,34,0.00407717,5,Lower-risk active
717538683,0,2,3204,64,0.049,3,2,22906.0,36,0.006452256,6,Lower-risk active
709447908,0,3,3281,63,0.872,4,4,2648.0,33,0.0128962435,7,Lower-risk active
816834933,0,2,2652,64,0.022,6,2,30702.0,29,0.018243954,7,Lower-risk active
718963158,0,3,3230,64,0.0,5,1,34516.0,40,0.037655994,7,Lower-risk active
714358008,0,1,4659,72,0.0,3,3,17054.0,36,0.0020010094,3,Lower-risk active
720758808,1,1,1995,54,0.0,5,5,16317.0,18,0.72704655,9,Contacted but fragile
708255633,0,2,3240,65,0.455,3,4,3761.0,27,0.0081825955,6,Lower-risk active
716101308,0,3,4251,60,0.0,6,4,2173.0,35,0.12863547,8,Lower-risk active
715986258,0,3,4037,68,0.106,3,2,15845.0,41,0.009921981,6,Lower-risk active
715858008,1,3,1224,31,0.312,2,3,8061.0,39,0.98607546,10,Dormant high-risk
806226933,0,1,3660,59,0.0,6,1,34516.0,32,0.005018961,5,Lower-risk active
708361833,0,2,3650,80,0.0,3,3,19430.0,36,0.007592633,6,Lower-risk active
778422933,0,2,3323,56,0.051,4,2,19127.0,22,0.021329101,7,Lower-risk active
708957183,0,1,2198,41,0.929,3,0,2708.0,36,0.2671501,9,Lower-risk active
718000383,0,3,4274,64,0.049,3,4,23566.0,51,0.006221151,6,Lower-risk active
714466458,0,3,3400,76,0.839,4,2,2532.0,35,0.0010830485,2,Lower-risk active
719608308,0,2,2927,73,0.256,3,3,9829.0,29,0.020375138,7,Lower-risk active
792995808,0,4,3474,67,0.234,5,5,7226.0,51,0.004505344,5,Lower-risk active
716211258,0,5,1966,43,0.0,6,4,4072.0,49,0.6781131,9,Dormant high-risk
779289033,0,1,3328,61,0.082,4,5,21646.0,28,0.00065474276,1,Lower-risk active
719356008,0,3,4548,69,0.0,4,4,1438.3,36,0.008393147,6,Lower-risk active
718503108,0,3,3792,77,0.142,3,1,14046.0,26,0.0017789613,3,Lower-risk active
779661033,0,2,3503,66,0.043,5,3,25620.0,32,0.004778738,5,Lower-risk active
813053733,1,3,3029,49,0.008,3,4,34516.0,48,0.9821807,10,Dormant high-risk
718354683,0,3,3646,77,0.057,6,3,21358.0,45,0.00082496746,1,Lower-risk active
720529308,1,3,1805,46,0.0,5,1,1856.0,48,0.5342929,9,Lower-risk active
787578183,0,3,3204,68,0.0,5,2,1438.3,28,0.007121405,6,Lower-risk active
737952333,0,1,3435,65,0.0,3,5,2586.0,56,0.020749526,7,Lower-risk active
779498058,0,3,2006,34,0.388,5,3,3281.0,21,0.14478184,8,Lower-risk active
799707858,0,1,3584,57,0.281,6,2,7115.0,42,0.002864455,4,Lower-risk active
719543208,0,3,3789,72,0.064,5,3,13220.0,36,0.0032034104,4,Lower-risk active
797743233,0,2,4542,77,0.144,3,3,5996.0,39,0.0044845617,5,Lower-risk active
710658483,1,3,2098,46,0.239,2,6,9080.0,34,0.99398345,10,Dormant high-risk
715399908,0,3,4175,67,0.194,5,5,7563.0,45,0.006322038,6,Lower-risk active
710288883,0,1,5054,73,0.189,4,5,8749.0,32,0.0013915084,3,Lower-risk active
719912808,0,3,4288,72,0.0,3,4,14973.0,39,0.0049509564,5,Lower-risk active
720247158,0,3,3787,68,0.084,6,2,7108.0,36,0.0017659998,3,Lower-risk active
718672233,0,2,3395,63,0.054,3,2,23007.0,38,0.009439726,6,Lower-risk active
789593058,0,2,3311,84,0.042,3,3,24248.0,39,0.0013019274,2,Lower-risk active
710278458,1,3,1643,43,0.217,4,3,11617.0,43,0.8443414,9,Dormant high-risk
714467733,0,2,4178,69,0.057,3,3,30428.0,36,0.0021177481,3,Lower-risk active
803026008,0,6,3463,65,0.213,3,2,6805.0,42,0.004502618,5,Lower-risk active
772000533,0,3,1809,23,0.078,4,2,14257.0,48,0.26918793,9,Lower-risk active
811035483,1,4,1641,35,0.0,2,5,34516.0,42,0.99183404,10,Dormant high-risk
715480983,0,2,3403,68,0.156,5,3,5719.0,36,0.010199147,6,Lower-risk active
819997983,0,1,1453,26,0.196,6,0,9517.0,48,0.0002896125,1,Lower-risk active
807593058,1,2,2003,29,0.0,3,4,5317.0,36,0.98695123,10,Contacted but fragile
720437358,0,1,3596,69,0.912,5,2,2526.0,32,0.001440285,3,Lower-risk active
719465733,0,3,4458,63,0.0,6,3,2971.0,44,0.079133585,8,Lower-risk active
711978858,0,3,4422,70,0.132,6,2,6834.0,49,0.0037684184,5,Lower-risk active
814364808,0,3,2624,46,0.334,5,1,3002.0,31,0.27979,9,Lower-risk active
788820933,0,2,3511,73,0.083,3,2,16727.0,42,0.0009662704,2,Lower-risk active
713316558,0,2,3776,70,0.0,3,2,4573.0,29,0.0027424556,4,Lower-risk active
779856483,0,1,3368,69,0.0,4,2,15410.0,22,0.0030366222,4,Lower-risk active
717085983,0,2,4312,84,0.763,6,3,3299.0,25,0.0034770458,4,Lower-risk active
788030208,1,2,1904,42,0.187,1,3,13453.0,33,0.99155265,10,Contacted but fragile
709914858,0,1,5169,84,0.268,4,2,6362.0,36,0.0010837023,2,Lower-risk active
716111808,0,3,1723,28,0.751,5,1,2679.0,49,0.057342246,8,Lower-risk active
708618933,0,3,3259,80,0.469,6,2,4369.0,13,0.0005211565,1,Lower-risk active
720446508,0,3,2681,57,0.603,5,2,1721.0,36,0.54082054,9,Lower-risk active
756488883,0,2,2040,65,0.737,6,2,2196.0,34,0.0123400455,6,Lower-risk active
708414033,0,3,3730,66,0.405,6,3,2845.0,38,0.002483452,4,Lower-risk active
756727233,0,2,4895,66,0.056,3,4,21144.0,42,0.03559876,7,Lower-risk active
720379533,1,3,2066,37,0.0,1,4,3952.0,36,0.9978123,10,Dormant high-risk
720340383,0,2,4034,82,0.578,4,2,3518.0,25,0.0011711963,2,Lower-risk active
771453033,0,1,3170,57,0.074,5,2,17343.0,35,0.002793933,4,Lower-risk active
708747708,0,1,2512,56,0.0,4,2,3498.0,33,0.016730884,7,Lower-risk active
712460433,0,1,4112,80,0.156,4,3,9121.0,25,0.0009585877,2,Lower-risk active
719801508,0,3,4314,82,0.039,6,3,20230.0,23,0.0007987075,1,Lower-risk active
720983733,1,3,2136,54,0.056,2,3,15422.0,36,0.9502659,9,Dormant high-risk
713657733,0,3,3809,71,0.088,5,1,9132.0,36,0.003672394,5,Lower-risk active
709955958,0,2,3374,45,0.127,4,0,8054.0,33,0.07283914,8,Lower-risk active
719099583,1,2,1360,33,0.88,3,3,1640.0,34,0.90081525,9,Contacted but fragile
719513733,0,3,4276,69,0.0,3,4,8739.0,41,0.006956472,6,Lower-risk active
710654808,1,1,2308,44,0.0,3,4,1818.0,36,0.96899354,9,Contacted but fragile
719651358,0,3,4092,77,0.07,3,3,24949.0,33,0.0016578259,3,Lower-risk active
718917408,0,3,3704,70,0.365,4,3,3115.0,38,0.010113924,6,Lower-risk active
808753758,0,2,4109,71,0.051,5,2,29695.0,47,0.0023123303,4,Lower-risk active
711699183,0,1,3723,58,0.149,4,2,7261.0,50,0.001099186,2,Lower-risk active
711196458,1,2,1893,41,0.358,2,3,1621.0,20,0.9988464,10,Contacted but fragile
772565883,0,5,4719,70,0.075,3,2,33472.0,31,0.015853973,7,Lower-risk active
717203958,0,3,1842,32,0.086,6,2,11512.0,36,0.022077538,7,Lower-risk active
769701258,0,3,3996,71,0.106,3,3,12463.0,18,0.00024045435,1,Lower-risk active
714933783,0,1,3775,62,0.0,5,4,8511.0,37,0.00593468,6,Lower-risk active
717650133,0,1,3571,58,0.296,5,4,4821.0,28,0.0029721372,4,Lower-risk active
708707808,0,1,3438,66,0.639,4,2,2480.0,45,0.0013048284,2,Lower-risk active
717331758,0,3,4228,83,0.073,6,4,34516.0,32,0.0048348308,5,Lower-risk active
801385458,0,2,4017,80,0.235,5,4,8596.0,46,0.0011189299,2,Lower-risk active
710605458,0,3,4127,70,0.272,6,2,7223.0,39,0.00292197,4,Lower-risk active
719570733,0,2,3766,83,0.6,3,3,1629.0,39,0.0009088477,2,Lower-risk active
708646233,0,2,3632,50,0.075,3,1,17116.0,36,0.12553065,8,Lower-risk active
766006758,0,2,1734,38,0.322,3,4,7216.0,56,0.18936864,8,Lower-risk active
710695083,0,1,1635,31,0.05,4,3,28397.0,32,0.0051391064,5,Lower-risk active
709224033,1,3,1830,36,0.0,1,2,13720.0,43,0.99167377,10,Dormant high-risk
795991758,0,3,4079,67,0.087,5,3,7553.0,41,0.017039597,7,Lower-risk active
709381383,0,6,3830,77,0.853,4,2,2952.0,36,0.0050418773,5,Lower-risk active
810321933,0,3,1898,36,0.094,5,3,11229.0,30,0.021294666,7,Lower-risk active
716235783,0,2,4047,75,0.122,3,4,7109.0,39,0.0025144746,4,Lower-risk active
758833758,0,3,3520,68,0.454,4,3,1862.0,38,0.0030150383,4,Lower-risk active
713579733,0,3,2597,71,0.167,5,3,4511.0,22,0.010119807,6,Lower-risk active
804649833,0,3,3436,74,0.445,3,4,2533.0,29,0.0022530786,4,Lower-risk active
780971583,0,2,3772,62,0.395,6,2,2016.0,30,0.0016999252,3,Lower-risk active
804673308,1,3,1866,37,0.0,2,4,3893.0,44,0.9668469,9,Dormant high-risk
788747358,0,3,4836,68,0.368,5,2,5530.0,29,0.008617906,6,Lower-risk active
713199558,0,3,3669,58,0.468,5,2,1737.0,44,0.01072764,6,Lower-risk active
713777883,0,3,3543,52,0.245,3,2,6853.0,36,0.13359751,8,Lower-risk active
771081558,0,2,2862,78,0.034,3,2,34516.0,42,0.004009562,5,Lower-risk active
710229333,0,1,3812,64,0.113,6,3,11068.0,20,0.0042963577,5,Lower-risk active
720406233,0,2,1770,46,0.33,5,4,5546.0,36,0.0048326883,5,Lower-risk active
767784708,1,3,2356,40,0.069,2,4,7277.0,41,0.9978795,10,Dormant high-risk
712052058,0,3,4212,75,0.167,3,0,9426.0,48,0.0006457185,1,Lower-risk active
715278708,0,3,3851,65,0.582,5,1,1594.0,36,0.0049586515,5,Lower-risk active
827049558,0,2,4421,89,0.542,3,2,2158.0,43,0.00035802135,1,Lower-risk active
710248233,0,2,3392,80,0.407,5,3,3490.0,28,0.00039513613,1,Lower-risk active
712146558,0,2,3230,65,0.685,3,3,2364.0,30,0.007752778,6,Lower-risk active
715179933,0,2,4253,91,0.0,6,3,15704.0,36,0.0011373895,2,Lower-risk active
709215708,0,2,3737,73,0.138,4,5,18253.0,36,0.017526546,7,Lower-risk active
710668458,0,3,3405,76,0.0,5,0,3696.0,36,0.001737323,3,Lower-risk active
718828083,0,3,3533,73,0.261,4,3,8748.0,43,0.004871228,5,Lower-risk active
720781158,0,2,3829,74,0.222,4,3,5608.0,27,0.0055602323,5,Lower-risk active
716938383,0,2,3811,61,0.0,3,3,34516.0,28,0.028264428,7,Lower-risk active
709976358,0,3,3952,80,0.0,4,3,3236.0,42,0.004644753,5,Lower-risk active
715688958,0,1,4550,84,0.747,3,3,2736.0,36,0.00038742166,1,Lower-risk active
721493883,0,2,3313,69,0.0,5,2,5195.0,35,0.004337577,5,Lower-risk active
709830783,0,2,4039,72,0.049,5,2,34516.0,36,0.0025630177,4,Lower-risk active
715354983,0,3,3653,77,0.0,6,1,6327.0,35,0.002947767,4,Lower-risk active
713532858,0,1,4077,70,0.293,6,2,4728.0,36,0.0009220638,2,Lower-risk active
721295658,0,1,3975,63,0.073,6,4,34516.0,55,0.060000908,8,Lower-risk active
720313083,0,3,2637,68,0.365,5,2,6276.0,18,0.011184441,6,Lower-risk active
720724008,0,1,3717,67,0.175,4,4,13430.0,36,0.0013422429,2,Lower-risk active
712828533,0,1,4820,74,0.0,3,2,2796.0,36,0.0036407716,5,Lower-risk active
717007458,0,3,3256,71,0.428,4,3,2457.0,38,0.0052140355,5,Lower-risk active
710728458,0,3,4409,75,0.197,3,2,7075.0,36,0.0045022294,5,Lower-risk active
717720108,0,2,3274,69,0.079,4,3,12386.0,31,0.0049324217,5,Lower-risk active
720648483,0,3,1821,53,0.035,4,2,32210.0,31,0.058321454,8,Lower-risk active
770146008,0,3,1908,37,0.703,4,2,2136.0,53,0.33584958,9,Lower-risk active
714829683,0,3,3688,65,0.101,3,3,10851.0,36,0.0046698786,5,Lower-risk active
717015333,0,1,3974,70,0.719,6,2,2717.0,41,0.0007625544,1,Lower-risk active
757837458,0,2,4065,79,0.185,4,4,3578.0,52,0.0022713633,4,Lower-risk active
719240358,0,3,4095,67,0.167,4,0,10698.0,50,0.0017598765,3,Lower-risk active
719036883,0,3,4163,77,0.0,3,2,4668.0,38,0.016230373,7,Lower-risk active
714000108,0,2,3658,66,0.0,5,4,6772.0,36,0.010218015,6,Lower-risk active
720786033,0,2,2489,38,0.113,5,4,10696.0,42,0.40256858,9,Lower-risk active
708917133,0,3,4498,73,0.0,3,4,11851.0,35,0.016799094,7,Lower-risk active
818929158,0,3,2220,53,0.0,3,2,11558.0,31,0.8494376,9,Dormant high-risk
709513458,0,2,3213,52,0.192,3,2,9551.0,36,0.005474342,5,Lower-risk active
717705858,0,3,2528,52,0.0,4,3,29923.0,32,0.8564185,9,Dormant high-risk
716573058,1,3,1598,40,0.0,3,4,1438.3,36,0.9726953,9,Dormant high-risk
827695683,0,2,3906,77,0.039,4,5,34516.0,36,0.0032423572,4,Lower-risk active
819189108,0,2,4456,85,0.0,6,2,9033.0,56,0.0015059902,3,Lower-risk active
716977758,1,3,1913,35,0.685,2,1,3675.0,36,0.9476315,9,Dormant high-risk
714901383,0,3,4503,69,0.239,6,3,9183.0,38,0.005969967,6,Lower-risk active
718500633,0,1,3270,58,0.239,5,1,7924.0,36,0.0014951676,3,Lower-risk active
713516433,0,1,2934,80,0.137,6,0,5383.0,36,0.001403989,3,Lower-risk active
715140933,0,2,3704,60,0.068,5,4,21425.0,39,0.0066607012,6,Lower-risk active
712642533,0,1,3788,76,0.064,6,3,32866.0,26,0.00048750293,1,Lower-risk active
721498008,0,2,3966,57,0.0,5,2,1438.3,35,0.13691205,8,Lower-risk active
717189183,0,3,2665,65,0.187,6,2,10467.0,24,0.006248725,6,Lower-risk active
708902883,0,2,3364,61,0.0,5,2,12856.0,36,0.046639904,8,Lower-risk active
817889583,1,3,2260,46,0.0,3,4,9721.0,56,0.92368543,9,Dormant high-risk
717242058,1,3,2134,42,0.0,2,4,3981.0,39,0.9976017,10,Dormant high-risk
715628733,0,3,3157,59,0.0,6,4,7587.0,36,0.05071054,8,Lower-risk active
716613933,0,5,3651,60,0.434,6,2,3417.0,36,0.004175295,5,Lower-risk active
712709508,0,3,2645,63,0.0,3,4,8012.0,40,0.38490528,9,Lower-risk active
716306583,1,3,2325,45,0.66,3,5,3812.0,36,0.96534383,9,Dormant high-risk
720026058,0,1,3526,64,0.06,6,3,21378.0,36,0.00049433764,1,Lower-risk active
756397458,0,3,3170,70,0.0,6,4,12873.0,47,0.009183765,6,Lower-risk active
712644483,0,3,4270,62,0.06,5,1,20229.0,39,0.008455544,6,Lower-risk active
814489683,0,1,2596,59,0.148,3,0,5387.0,29,0.012248398,6,Lower-risk active
789111483,0,3,4255,75,0.112,5,4,16546.0,34,0.0027568946,4,Lower-risk active
709573533,0,1,3914,71,0.0,5,2,11191.0,34,0.0014773238,3,Lower-risk active
807137808,0,1,3494,67,0.0,4,2,17576.0,40,0.0013256365,2,Lower-risk active
711861258,0,2,4046,57,0.0,3,3,4182.0,36,0.32654163,9,Lower-risk active
716660583,0,5,3696,72,0.17,4,2,10271.0,37,0.0018576735,3,Lower-risk active
717222033,0,1,4272,76,0.727,3,4,1647.0,28,0.0004509088,1,Lower-risk active
716617608,0,3,1936,58,0.638,6,3,1560.0,36,0.1330222,8,Lower-risk active
716786808,0,2,3838,66,0.0,3,2,1659.0,30,0.007903731,6,Lower-risk active
718882008,0,2,4960,73,0.04,6,2,22487.0,27,0.006921931,6,Lower-risk active
770975133,0,2,4382,74,0.343,5,4,5403.0,23,0.0013867894,3,Lower-risk active
715234008,0,3,4216,67,0.337,6,3,4717.0,36,0.0041135005,5,Lower-risk active
709326183,0,2,3447,74,0.234,6,2,5180.0,40,0.00061796204,1,Lower-risk active
721233033,1,2,1474,36,0.094,1,3,4915.0,38,0.9956143,10,Contacted but fragile
712319958,0,2,3853,71,0.207,4,1,12154.0,29,0.0088153165,6,Lower-risk active
712198983,0,3,3169,67,0.0,3,3,3258.0,36,0.039246622,7,Lower-risk active
772103208,0,3,3534,78,0.0,4,2,13349.0,33,0.0032994368,4,Lower-risk active
779502333,1,3,1480,37,0.0,5,2,34516.0,32,0.9503194,9,Dormant high-risk
718737708,0,5,4202,66,0.038,3,3,31458.0,33,0.0048014084,5,Lower-risk active
821351958,0,1,3308,54,0.0,6,2,1438.3,36,0.048069578,8,Lower-risk active
716142858,0,1,3914,77,0.127,3,4,10961.0,36,0.0004135029,1,Lower-risk active
826079508,0,3,3654,65,0.212,4,3,8904.0,44,0.0038740232,5,Lower-risk active
773236983,0,2,1839,29,0.904,4,3,2498.0,40,0.058533046,8,Lower-risk active
826717533,0,1,4631,76,0.045,6,1,16105.0,38,0.0022633376,4,Lower-risk active
789334458,0,1,4197,67,0.054,3,3,34516.0,33,0.0016293625,3,Lower-risk active
814092858,0,2,4372,65,0.312,5,1,2222.0,44,0.0067320033,6,Lower-risk active
708355683,0,2,2976,65,0.0,3,3,16815.0,38,0.108505875,8,Lower-risk active
803124408,1,3,1926,53,0.0,2,5,11538.0,35,0.9954585,10,Dormant high-risk
789964983,1,2,1724,35,0.0,2,4,9569.0,36,0.9923213,10,Contacted but fragile
720303933,0,1,4526,82,0.384,6,3,3340.0,36,0.00068442273,1,Lower-risk active
708665133,0,2,4003,67,0.321,6,3,3654.0,28,0.005776685,5,Lower-risk active
828236133,0,2,4269,92,0.132,4,0,10541.0,45,0.00011167673,1,Lower-risk active
712000758,0,2,3997,54,0.057,5,1,34516.0,39,0.081912614,8,Lower-risk active
715378383,0,3,3639,76,0.055,4,4,34516.0,36,0.001463156,3,Lower-risk active
769985883,0,3,3549,65,0.0,6,3,1613.0,39,0.026008435,7,Lower-risk active
709297608,1,3,1585,32,0.0,3,2,1438.3,26,0.98517007,10,Dormant high-risk
716971833,0,3,4496,61,0.0,5,3,13126.0,29,0.05788847,8,Lower-risk active
801373833,0,2,2920,46,0.369,3,3,1922.0,43,0.65403587,9,Contacted but fragile
716040783,0,2,4178,66,0.0,3,2,14521.0,36,0.035938103,7,Lower-risk active
817977933,1,6,2288,48,0.793,5,3,1931.0,56,0.87853134,9,Dormant high-risk
827055333,0,3,2015,37,0.122,5,5,8513.0,39,0.37067586,9,Lower-risk active
772116408,0,1,2377,56,0.425,4,1,2421.0,39,0.046625543,8,Lower-risk active
734924658,0,3,4123,67,0.536,5,1,1478.0,36,0.011952986,6,Lower-risk active
711775383,0,1,4059,66,0.0,6,4,2466.0,36,0.0014995792,3,Lower-risk active
715019058,0,1,2933,65,0.738,3,2,2501.0,36,0.008695558,6,Lower-risk active
780715683,0,1,3582,69,0.0,4,3,13602.0,30,0.0018461891,3,Lower-risk active
827341383,0,3,3607,81,0.426,5,2,3094.0,34,0.0015093833,3,Lower-risk active
708757233,0,2,3697,77,0.599,4,3,2485.0,32,0.0007211379,1,Lower-risk active
710504283,0,3,4014,70,0.099,6,4,14817.0,39,0.0034133224,4,Lower-risk active
713919183,0,3,4630,74,0.114,5,4,13824.0,39,0.0054190373,5,Lower-risk active
713171358,0,1,3880,74,0.0,6,2,1438.3,36,0.0007485845,1,Lower-risk active
773140683,0,1,4191,65,0.317,4,2,3797.0,43,0.0007259709,1,Lower-risk active
716358033,0,3,5004,65,0.0,6,4,6189.0,43,0.21654248,8,Lower-risk active
826410708,0,2,5554,64,0.061,3,3,22956.0,36,0.2218299,8,Lower-risk active
789717708,0,2,4180,82,0.288,5,4,3943.0,37,0.0011673789,2,Lower-risk active
711679533,0,2,2600,60,0.174,3,2,5569.0,43,0.058847543,8,Lower-risk active
711342483,0,2,3896,58,0.711,5,3,2418.0,36,0.009908162,6,Lower-risk active
720242733,0,2,3718,75,0.789,5,3,1963.0,36,0.0016468466,3,Lower-risk active
721213833,0,1,3780,75,0.179,4,3,7966.0,32,0.0009886384,2,Lower-risk active
756624183,0,1,3507,69,0.261,6,3,7742.0,44,0.0017454039,3,Lower-risk active
717622308,0,3,4232,75,0.814,4,3,2074.0,36,0.002897945,4,Lower-risk active
714629358,1,3,1796,41,0.0,2,4,4948.0,34,0.99928635,10,Dormant high-risk
744307008,0,2,3890,74,0.0,4,3,4988.0,44,0.004460687,5,Lower-risk active
708871158,0,3,3516,57,0.0,4,4,28701.0,42,0.025035203,7,Lower-risk active
710979033,0,1,3046,73,0.381,3,3,6607.0,20,0.0077251107,6,Lower-risk active
818903583,0,2,3628,59,0.1,5,0,16034.0,39,0.001615746,3,Lower-risk active
712980333,0,3,2584,66,0.077,6,3,24149.0,36,0.007829486,6,Lower-risk active
717655458,0,3,3819,61,0.089,5,4,16903.0,28,0.019001395,7,Lower-risk active
822112383,0,1,3769,73,0.0,5,2,1438.3,48,0.0017854576,3,Lower-risk active
711538758,1,3,1954,46,0.026,1,3,24657.0,36,0.99779713,10,Dormant high-risk
719987733,1,3,1844,37,0.0,3,3,5026.0,38,0.96358216,9,Dormant high-risk
719184783,0,2,3536,71,0.153,3,2,9352.0,41,0.0012137006,2,Lower-risk active
715857183,0,3,2150,43,0.262,3,2,4939.0,36,0.38594136,9,Lower-risk active
719657583,1,2,2310,57,0.259,2,6,9502.0,40,0.9689445,9,Contacted but fragile
789713208,1,3,2692,29,0.111,6,5,2936.0,50,0.99462813,10,Dormant high-risk
802031583,0,1,3711,83,0.0,6,1,22855.0,47,0.00092138053,2,Lower-risk active
711529383,0,1,3163,73,0.185,4,4,6602.0,41,0.0010863945,2,Lower-risk active
715371108,1,3,1632,42,0.0,3,2,3728.0,40,0.98354983,10,Dormant high-risk
712988958,0,2,3253,62,0.857,5,0,2021.0,33,0.003972023,5,Lower-risk active
713005908,0,2,4772,83,0.769,5,3,2255.0,36,0.0021625566,4,Lower-risk active
712236483,0,3,4487,71,0.127,5,4,15704.0,36,0.0031336367,4,Lower-risk active
711852783,0,2,3446,56,0.274,3,2,5746.0,36,0.023382157,7,Lower-risk active
780056733,0,6,2627,63,0.298,3,3,8436.0,22,0.06285556,8,Lower-risk active
796903083,1,3,2584,42,0.0,2,2,1438.3,36,0.999288,10,Dormant high-risk
716014983,0,5,3755,77,0.228,6,3,8340.0,48,0.001011776,2,Lower-risk active
712521783,0,2,3713,65,0.085,6,4,15108.0,47,0.004849829,5,Lower-risk active
780045708,0,2,4259,79,0.08,6,2,15104.0,26,0.00065104576,1,Lower-risk active
719488008,0,3,1902,34,0.514,3,1,2490.0,36,0.23197696,8,Lower-risk active
771575058,0,3,3172,55,0.893,4,4,2009.0,33,0.095003925,8,Lower-risk active
772137183,1,3,1822,36,0.026,1,1,31668.0,41,0.9787825,10,Dormant high-risk
779709033,0,3,3908,75,0.42,6,2,5735.0,29,0.0041814437,5,Lower-risk active
709716258,0,1,1807,58,0.224,3,3,7633.0,36,0.015560614,7,Lower-risk active
737986083,0,1,3139,54,0.087,4,4,23642.0,39,0.047413208,8,Lower-risk active
713343333,0,3,4065,77,0.198,4,4,6698.0,29,0.0013152093,2,Lower-risk active
779331558,0,3,2598,59,0.0,6,3,1438.3,27,0.8689814,9,Dormant high-risk
714973758,0,3,2004,25,0.697,4,2,1438.3,36,0.054359496,8,Lower-risk active
718009158,0,2,3774,83,0.726,4,2,2563.0,41,0.00053827773,1,Lower-risk active
789597408,0,2,4712,76,0.0,5,3,17814.0,32,0.0038244056,5,Lower-risk active
712165308,0,2,4255,61,0.122,4,4,7738.0,36,0.009975877,6,Lower-risk active
821768658,1,5,2474,51,0.171,4,5,13114.0,48,0.88785666,9,Dormant high-risk
719341683,0,2,4281,72,0.031,3,4,34516.0,31,0.004701955,5,Lower-risk active
708637758,0,3,3523,64,0.031,4,4,17345.0,37,0.009060764,6,Lower-risk active
779974758,0,3,3203,54,0.1,6,3,8706.0,40,0.1194553,8,Lower-risk active
821815458,0,1,3398,67,0.079,5,1,19272.0,44,0.00081164704,1,Lower-risk active
711708408,0,3,3967,72,0.0,4,2,4798.0,43,0.0064227814,6,Lower-risk active
812449758,1,3,2129,42,0.0,2,2,12254.0,38,0.99766135,10,Dormant high-risk
715682208,0,1,4629,76,0.0,4,4,9549.0,36,0.0018324334,3,Lower-risk active
719914908,0,3,1701,44,0.16,3,2,11568.0,36,0.003469574,4,Lower-risk active
714744783,0,1,3825,67,0.197,3,4,6197.0,36,0.0012908808,2,Lower-risk active
710809833,0,1,3193,53,0.0,3,2,34516.0,27,0.42434216,9,Lower-risk active
720942333,0,3,2043,52,0.0,4,4,5137.0,36,0.6823911,9,Dormant high-risk
709423158,0,3,3592,46,0.747,4,0,1791.0,26,0.06677363,8,Lower-risk active
718307433,0,1,2025,36,0.292,5,4,7238.0,36,0.0020460442,3,Lower-risk active
772607433,0,2,4107,59,0.447,6,4,4514.0,40,0.034315802,7,Lower-risk active
801709308,0,1,4558,56,0.18,6,2,5366.0,38,0.13146822,8,Lower-risk active
778502958,0,2,2385,50,0.068,4,5,29812.0,35,0.60149217,9,Contacted but fragile
806656083,0,2,4064,70,0.158,3,4,9559.0,43,0.0025823936,4,Lower-risk active
823635033,0,2,4200,83,0.184,6,5,8353.0,45,0.00045451624,1,Lower-risk active
718739508,0,2,3863,67,0.223,6,4,5455.0,39,0.0023245013,4,Lower-risk active
709272333,0,3,4579,73,0.204,6,3,9899.0,45,0.004126713,5,Lower-risk active
721538883,0,3,4449,81,0.0,4,4,15578.0,37,0.004115056,5,Lower-risk active
718835583,0,2,3769,76,0.152,6,2,15641.0,41,0.0014519057,3,Lower-risk active
827970933,0,2,4439,70,0.485,4,0,3504.0,42,0.0010238211,2,Lower-risk active
719888358,0,3,2748,58,0.077,5,5,18432.0,38,0.0111564845,6,Lower-risk active
717030633,0,3,3034,51,0.593,5,4,2369.0,34,0.24952339,8,Lower-risk active
815085708,1,5,1861,46,0.231,1,5,10882.0,55,0.9981597,10,Dormant high-risk
716332533,0,1,4712,84,0.518,6,3,3509.0,36,0.00095524127,2,Lower-risk active
822964683,0,3,4351,62,0.604,6,4,2469.0,47,0.0072122016,6,Lower-risk active
719335233,0,3,3610,75,0.065,5,4,14335.0,27,0.0069278134,6,Lower-risk active
779683683,0,3,2344,34,0.496,6,2,4005.0,31,0.05026578,8,Lower-risk active
712653183,0,1,3675,81,0.857,4,4,1976.0,36,0.0009423825,2,Lower-risk active
715485483,1,3,1479,44,0.0,3,3,3664.0,36,0.86759025,9,Dormant high-risk
788912658,0,1,3144,62,0.0,3,4,3734.0,30,0.034482755,7,Lower-risk active
711396483,0,2,4505,74,0.0,3,3,6033.0,36,0.0062745092,6,Lower-risk active
789220008,0,2,1425,27,0.0,5,2,4531.0,45,0.011724356,6,Lower-risk active
716436483,0,4,2521,50,0.0,4,3,6245.0,36,0.9644191,9,Dormant high-risk
717661908,0,1,2681,55,0.0,4,1,34516.0,36,0.32373363,9,Lower-risk active
778459833,0,2,1789,42,0.17,3,3,11880.0,27,0.0102018295,6,Lower-risk active
769448658,0,2,3492,69,0.0,5,3,4188.0,37,0.008435466,6,Lower-risk active
820346133,0,1,4154,60,0.143,5,2,9344.0,54,0.004846718,5,Lower-risk active
720119808,0,2,3342,52,0.039,3,2,24126.0,36,0.18828656,8,Lower-risk active
721523658,0,3,3699,77,0.022,4,3,34516.0,26,0.0027717615,4,Lower-risk active
711176133,0,3,3366,82,0.442,6,4,2295.0,36,0.0003696934,1,Lower-risk active
794560833,1,3,1913,34,0.0,6,6,5496.0,31,0.9938262,10,Dormant high-risk
718197108,1,3,1430,37,0.0,5,3,12342.0,36,0.8435464,9,Dormant high-risk
713750583,0,2,2190,30,0.584,4,4,1928.0,36,0.5462786,9,Contacted but fragile
769576608,0,1,3566,76,0.079,4,2,12814.0,49,0.000995782,2,Lower-risk active
708626058,0,2,4098,68,0.279,6,4,5242.0,34,0.004376052,5,Lower-risk active
710333883,1,2,1905,42,0.044,5,2,8808.0,37,0.8900852,9,Lower-risk active
715401633,0,1,2111,38,0.448,3,2,4469.0,35,0.5490641,9,Lower-risk active
755220783,0,2,3576,77,0.145,5,4,8031.0,44,0.0013068103,2,Lower-risk active
789603183,0,1,3756,57,0.0,4,3,9728.0,41,0.017914869,7,Lower-risk active
767564358,0,1,3197,70,0.212,6,1,4748.0,40,0.002612752,4,Lower-risk active
789744033,0,1,3183,69,0.05,4,1,19999.0,38,0.0033787056,4,Lower-risk active
709887483,0,1,3527,69,0.224,3,3,6331.0,45,0.0023343295,4,Lower-risk active
779765058,0,1,3817,70,0.085,6,1,9662.0,31,0.001148512,2,Lower-risk active
789177333,1,3,2104,40,0.643,6,2,1693.0,36,0.9281667,9,Dormant high-risk
717262833,0,2,4345,69,0.689,5,4,2964.0,36,0.004539091,5,Lower-risk active
714878508,0,3,2051,49,0.098,3,3,5483.0,36,0.9656879,9,Dormant high-risk
711079308,1,2,1884,33,0.0,4,3,15186.0,27,0.97551847,9,Contacted but fragile
794510358,0,3,3754,77,0.0,6,3,33408.0,26,0.0015871027,3,Lower-risk active
715033533,0,2,4422,71,0.805,4,2,3125.0,37,0.0042198035,5,Lower-risk active
779400183,0,3,2484,55,0.858,3,4,2934.0,31,0.6787409,9,Dormant high-risk
716636808,0,2,3572,55,0.0,4,2,34516.0,36,0.15121959,8,Lower-risk active
708733983,1,3,2122,46,0.447,6,2,5349.0,36,0.9690429,9,Dormant high-risk
710521383,0,2,2247,41,0.187,6,0,9810.0,38,0.35456225,9,Lower-risk active
720075558,0,1,3838,66,0.0,6,4,7084.0,36,0.0039390502,5,Lower-risk active
716468658,0,1,4101,80,0.0,3,3,3537.0,36,0.0015413404,3,Lower-risk active
717569283,0,1,4252,70,0.15,3,2,8896.0,36,0.0010919876,2,Lower-risk active
787491483,0,2,3455,80,0.038,5,3,30733.0,29,0.0022859287,4,Lower-risk active
779995833,0,2,3557,64,0.172,6,4,10177.0,39,0.0010502947,2,Lower-risk active
714215058,0,2,4006,82,0.0,5,4,6848.0,33,0.0031868885,4,Lower-risk active
789407958,0,2,4063,62,0.067,6,3,17165.0,33,0.0045417137,5,Lower-risk active
715118058,0,3,5274,66,0.104,3,1,20274.0,36,0.09610775,8,Lower-risk active
713672208,0,5,3342,76,0.0,3,2,19939.0,33,0.019889263,7,Lower-risk active
720865383,0,3,4437,50,0.548,4,1,3378.0,45,0.23553291,8,Lower-risk active
713701533,0,3,3578,71,0.204,4,2,9773.0,39,0.00187031,3,Lower-risk active
778895883,0,3,4430,76,0.0,5,1,3668.0,31,0.0046985303,5,Lower-risk active
719655258,0,2,3412,72,0.0,3,4,3196.0,36,0.003826366,5,Lower-risk active
711205758,1,3,2534,43,0.0,1,3,34516.0,33,0.99204355,10,Dormant high-risk
806264958,0,2,3211,69,0.141,5,3,7030.0,47,0.006131981,6,Lower-risk active
714659133,1,2,2178,41,0.0,2,2,9410.0,37,0.9941566,10,Mono-product exposed
716425833,1,2,1797,35,0.036,5,1,34516.0,36,0.8195281,9,Lower-risk active
712166583,0,3,3490,66,0.358,4,3,4096.0,38,0.0027699303,4,Lower-risk active
713124558,0,1,4249,75,0.108,6,4,7210.0,34,0.0015629424,3,Lower-risk active
714048783,0,3,4072,72,0.274,6,0,8026.0,36,0.0006389521,1,Lower-risk active
708784908,0,1,4435,88,0.113,5,4,18064.0,34,0.00032177565,1,Lower-risk active
714332658,0,2,3896,65,0.194,5,4,5596.0,35,0.0031920704,4,Lower-risk active
719169783,0,3,2781,57,0.093,3,3,6897.0,43,0.4256247,9,Lower-risk active
718270833,0,3,4100,74,0.113,6,3,13991.0,40,0.0023133734,4,Lower-risk active
721268133,0,2,3495,70,0.186,5,2,11366.0,36,0.003246695,4,Lower-risk active
795343683,0,1,3935,76,0.579,5,3,1707.0,34,0.0010911433,2,Lower-risk active
715611933,0,4,3632,62,0.101,6,2,23692.0,38,0.034796204,7,Lower-risk active
711184983,0,2,3839,73,0.0,6,1,11191.0,29,0.0017846326,3,Lower-risk active
779601783,0,1,4364,88,0.201,3,2,3476.0,31,0.0006623069,1,Lower-risk active
784263558,0,3,3184,61,0.0,4,3,27781.0,37,0.075138934,8,Lower-risk active
720795858,0,3,3456,72,0.0,3,2,10534.0,25,0.0058082016,5,Lower-risk active
756629133,0,2,2088,37,0.0,3,2,2721.0,54,0.94985366,9,Lower-risk active
714387108,0,2,3481,51,0.0,4,3,10458.0,43,0.8200022,9,Contacted but fragile
712164333,1,3,1758,51,0.13,3,2,12544.0,29,0.15900975,8,Lower-risk active
714429258,0,3,3660,55,0.0,4,3,11464.0,39,0.05256135,8,Lower-risk active
796791258,0,2,4006,76,0.577,5,4,3104.0,44,0.0016262146,3,Lower-risk active
711220683,0,1,3280,70,0.154,4,3,11770.0,36,0.0012995988,2,Lower-risk active
717582558,0,2,3874,72,0.034,4,3,34516.0,40,0.0017288899,3,Lower-risk active
714779733,0,1,2237,33,0.144,3,4,10998.0,36,0.48316264,9,Lower-risk active
817965858,0,1,3766,69,0.647,3,3,2757.0,37,0.0008077233,1,Lower-risk active
717358158,0,1,3215,64,0.217,5,2,5489.0,36,0.0019578051,3,Lower-risk active
720301458,0,1,3000,64,0.098,3,2,19709.0,38,0.0025036049,4,Lower-risk active
826471458,1,3,1919,38,0.254,2,3,6967.0,38,0.9755377,9,Dormant high-risk
794579658,0,2,3537,73,0.107,3,2,23424.0,32,0.00403658,5,Lower-risk active
717052158,0,2,3492,66,0.11,3,2,21718.0,32,0.006275202,6,Lower-risk active
818311533,0,3,3535,65,0.291,5,1,4908.0,48,0.0030589174,4,Lower-risk active
716156508,0,1,4095,63,0.0,3,3,1470.0,36,0.0037526302,5,Lower-risk active
711191808,0,1,4256,82,0.052,3,4,34516.0,32,0.0005055257,1,Lower-risk active
712084383,0,2,4247,81,0.262,4,2,7936.0,56,0.0020763266,3,Lower-risk active
788641758,0,3,3868,66,0.062,5,2,14366.0,45,0.004847339,5,Lower-risk active
788768883,0,1,4676,68,0.178,4,3,9231.0,35,0.0025003573,4,Lower-risk active
713277783,0,2,2168,55,0.048,6,2,18679.0,36,0.49865562,9,Lower-risk active
717451833,0,3,4547,67,0.124,6,2,20356.0,36,0.016681504,7,Lower-risk active
712291308,0,1,1852,38,0.762,5,3,2259.0,40,0.012723242,6,Lower-risk active
712852233,0,3,4583,78,0.115,5,4,6663.0,53,0.0014130708,3,Lower-risk active
712312908,0,2,3890,66,0.0,6,4,2424.0,34,0.008674629,6,Lower-risk active
773457558,0,2,3818,81,0.078,3,2,15677.0,39,0.0006259683,1,Lower-risk active
716194683,0,2,2155,48,0.488,4,3,2334.0,30,0.42048118,9,Lower-risk active
720563058,0,1,4175,65,0.579,6,3,1816.0,43,0.0011569804,2,Lower-risk active
719502183,0,1,4529,73,0.369,3,3,4950.0,36,0.0010102841,2,Lower-risk active
712287333,0,1,4048,74,0.06,3,4,34516.0,30,0.0009799266,2,Lower-risk active
716944983,0,3,1658,27,0.104,4,4,24172.0,36,0.29059008,9,Lower-risk active
718115733,0,1,1627,27,0.171,4,3,9037.0,36,0.020255342,7,Lower-risk active
827691858,0,2,2006,52,0.164,3,4,7616.0,42,0.5549764,9,Contacted but fragile
716431833,0,3,4614,96,0.104,3,4,11209.0,28,0.0007129975,1,Lower-risk active
717265983,0,2,3749,80,0.209,3,0,9908.0,36,0.00039520016,1,Lower-risk active
769578858,0,3,4010,76,0.0,4,1,18737.0,33,0.002784401,4,Lower-risk active
712815858,0,2,3525,79,0.0,5,4,5330.0,45,0.0040388773,5,Lower-risk active
815851233,1,1,1726,42,0.0,6,3,19032.0,47,0.91596717,9,Contacted but fragile
779425608,0,1,3752,75,0.166,6,4,5916.0,32,0.0006603471,1,Lower-risk active
811532208,0,5,3634,62,0.072,3,2,16277.0,46,0.016164722,7,Lower-risk active
713896533,0,1,3157,63,0.089,5,3,9442.0,33,0.002596528,4,Lower-risk active
712546233,0,1,4065,76,0.0,5,3,2990.0,39,0.0018182963,3,Lower-risk active
772148058,0,6,2755,53,0.343,6,3,2210.0,34,0.66533,9,Dormant high-risk
771776808,1,4,1877,38,0.0,5,3,1527.0,33,0.9851488,10,Dormant high-risk
715905633,0,1,3433,68,0.238,3,3,6022.0,36,0.0013828033,3,Lower-risk active
778282758,0,2,4140,69,0.039,6,1,26729.0,45,0.003129964,4,Lower-risk active
717886008,0,3,4527,67,0.0,5,2,6102.0,51,0.018961472,7,Lower-risk active
709985133,0,1,2603,47,0.337,3,2,6803.0,24,0.16693111,8,Lower-risk active
709289358,0,1,3226,53,0.156,4,2,8101.0,38,0.038836684,7,Lower-risk active
720457608,0,1,4306,63,0.0,4,1,4632.0,36,0.0028349361,4,Lower-risk active
780612558,0,3,3421,55,0.927,3,3,1996.0,46,0.08984117,8,Lower-risk active
714216033,0,1,3488,80,0.064,4,2,11600.0,42,0.000390691,1,Lower-risk active
710577708,0,3,2591,59,0.746,5,3,2657.0,25,0.024634922,7,Lower-risk active
719462433,0,2,4227,92,0.118,4,2,8464.0,36,0.000335357,1,Lower-risk active
769063308,0,2,1676,36,0.08,6,2,29003.0,39,0.010602619,6,Lower-risk active
715136583,0,3,4077,81,0.188,4,4,5000.0,36,0.0018316408,3,Lower-risk active
710915358,0,1,3242,58,0.108,5,2,14963.0,55,0.0031560818,4,Lower-risk active
709841433,0,3,3885,83,0.308,6,3,3855.0,33,0.0018741355,3,Lower-risk active
710509758,0,3,2507,64,0.027,5,3,28200.0,36,0.04161556,7,Lower-risk active
720527058,0,3,4343,74,0.565,4,3,2310.0,24,0.001609115,3,Lower-risk active
711787383,0,1,3782,64,0.729,3,3,1960.0,40,0.0013274426,2,Lower-risk active
715824108,0,1,4697,75,0.342,3,3,3773.0,38,0.0014577188,3,Lower-risk active
719474583,0,2,2778,53,0.182,6,3,9771.0,30,0.7085143,9,Contacted but fragile
719282433,0,3,3280,71,0.214,3,4,6417.0,48,0.0023223306,4,Lower-risk active
772669833,0,3,3048,70,0.0,4,2,16037.0,33,0.023954982,7,Lower-risk active
789365508,1,3,1453,26,0.035,2,4,14839.0,39,0.9978224,10,Dormant high-risk
806641683,0,2,3416,70,0.042,5,2,34516.0,39,0.0021320903,3,Lower-risk active
805534608,0,3,3817,60,0.15,4,3,8769.0,49,0.011575202,6,Lower-risk active
781117533,0,3,2823,61,0.0,6,2,20968.0,36,0.17534718,8,Lower-risk active
710294808,0,1,4509,67,0.567,4,2,2188.0,36,0.00080938486,1,Lower-risk active
718788258,0,3,3290,82,0.026,3,4,30314.0,40,0.0029621865,4,Lower-risk active
716404383,1,3,2315,52,0.134,1,2,18799.0,36,0.9793411,10,Dormant high-risk
824795358,0,3,4150,70,0.634,3,0,1638.0,45,0.0009999012,2,Lower-risk active
715196508,0,3,4123,74,0.0,5,2,3538.0,35,0.0048354478,5,Lower-risk active
779051808,0,2,4145,75,0.529,3,2,2546.0,16,0.0021278902,3,Lower-risk active
720695583,0,2,3432,70,0.166,6,3,10775.0,53,0.0021815952,4,Lower-risk active
826414083,0,3,4225,79,0.212,4,4,4798.0,43,0.0033058582,4,Lower-risk active
708426483,0,6,3534,73,0.123,4,1,5816.0,36,0.0008326422,2,Lower-risk active
787472283,0,2,3918,78,0.064,4,2,20533.0,36,0.0014009399,3,Lower-risk active
716948283,0,3,3497,69,0.0,3,2,9890.0,49,0.0062210565,6,Lower-risk active
778375458,0,3,3402,75,0.056,6,3,30820.0,32,0.0020062393,3,Lower-risk active
718504983,0,2,3340,60,0.0,6,2,6091.0,37,0.044500865,8,Lower-risk active
709625733,0,2,4620,64,0.115,5,3,9690.0,40,0.03542935,7,Lower-risk active
719357058,0,3,3962,70,0.21,5,2,6797.0,56,0.0032841314,4,Lower-risk active
709626858,0,3,4222,61,0.277,3,4,4985.0,31,0.01971117,7,Lower-risk active
711843708,1,3,2860,38,0.0,2,3,2125.0,36,0.9982393,10,Dormant high-risk
711349083,0,2,2962,60,0.0,3,4,4012.0,28,0.06764754,8,Lower-risk active
721462458,0,2,3784,69,0.049,3,1,23858.0,42,0.0016117148,3,Lower-risk active
780833058,0,3,3835,60,0.867,4,2,2619.0,32,0.007492089,6,Lower-risk active
769962933,0,1,5244,75,0.177,4,4,6728.0,34,0.0034057654,4,Lower-risk active
719095533,0,3,3382,58,0.616,3,3,2680.0,39,0.009949774,6,Lower-risk active
709718058,0,1,4650,78,0.743,5,4,2936.0,36,0.0010115283,2,Lower-risk active
819151083,0,3,4042,79,0.237,3,4,7478.0,41,0.0022514316,4,Lower-risk active
770778108,0,2,3585,68,0.562,4,3,2527.0,35,0.0016127011,3,Lower-risk active
718877883,1,1,2440,44,0.446,3,1,5644.0,36,0.8669466,9,Lower-risk active
710376708,0,3,3928,54,0.485,4,3,2837.0,33,0.093751304,8,Lower-risk active
718366983,0,2,3504,64,0.132,6,4,18584.0,31,0.006207269,6,Lower-risk active
719604858,1,3,2196,37,0.0,4,3,5941.0,31,0.99735594,10,Dormant high-risk
714549558,1,2,2362,49,0.0,3,2,9576.0,32,0.9701637,9,Lower-risk active
822955008,1,3,2287,49,0.0,3,2,9569.0,56,0.92538196,9,Dormant high-risk
712986483,0,5,3993,73,0.0,3,2,15412.0,36,0.0027502142,4,Lower-risk active
779597133,0,3,4317,81,0.67,4,2,2663.0,44,0.00080356584,1,Lower-risk active
758426583,0,3,3308,72,0.717,3,4,1438.3,44,0.0064332727,6,Lower-risk active
716805408,0,2,4511,74,0.15,6,2,5376.0,40,0.0028080014,4,Lower-risk active
711275433,1,3,2021,38,0.0,3,3,18873.0,36,0.98895955,10,Dormant high-risk
778968408,0,1,1955,47,0.0,4,3,5341.0,27,0.14745983,8,Lower-risk active
827117808,1,3,1152,28,0.254,2,2,9904.0,41,0.988639,10,Dormant high-risk
804462633,1,3,2287,44,0.0,3,3,7084.0,38,0.9975938,10,Dormant high-risk
709321908,1,2,1676,51,0.309,2,3,7498.0,29,0.9144383,9,Contacted but fragile
714907908,0,2,3722,77,0.307,6,2,5450.0,40,0.00072413223,1,Lower-risk active
818336508,0,2,4037,60,0.05,6,4,32719.0,45,0.0054564015,5,Lower-risk active
712597233,1,3,1714,32,0.53,2,2,3250.0,36,0.960936,9,Dormant high-risk
711964533,0,3,4155,68,0.412,3,2,6111.0,36,0.017851606,7,Lower-risk active
716705433,0,1,4182,78,0.074,6,3,12590.0,36,0.0003456527,1,Lower-risk active
717983058,0,1,3058,58,0.539,5,3,1982.0,29,0.014672235,7,Lower-risk active
709587783,0,3,4033,73,0.0,6,3,25133.0,36,0.012782521,6,Lower-risk active
709804533,0,1,3973,74,0.081,3,3,17818.0,34,0.0010707276,2,Lower-risk active
712076358,0,3,3535,57,0.168,5,2,5155.0,34,0.008210287,6,Lower-risk active
711670308,0,2,3199,65,0.262,3,0,6006.0,30,0.0028642071,4,Lower-risk active
720717108,0,3,3647,59,0.471,6,1,2571.0,51,0.018022774,7,Lower-risk active
784789758,0,3,3966,74,0.49,6,0,3269.0,34,0.0002695961,1,Lower-risk active
779689233,0,1,2903,69,0.461,3,2,2798.0,33,0.006673383,6,Lower-risk active
788792583,0,3,4458,71,0.0,4,0,7277.0,26,0.0019036987,3,Lower-risk active
710657508,0,3,3975,65,0.35,3,4,3788.0,36,0.0061715124,6,Lower-risk active
716393958,0,2,3855,66,0.052,4,0,28262.0,34,0.00089076377,2,Lower-risk active
770708133,0,2,3833,64,0.613,5,2,2169.0,33,0.0019873676,3,Lower-risk active
766131033,0,3,3163,60,0.259,6,3,3767.0,29,0.013471951,7,Lower-risk active
719816583,1,2,2309,49,0.061,3,2,8989.0,38,0.93360466,9,Lower-risk active
715376508,0,5,3493,65,0.887,3,1,2838.0,42,0.013394877,7,Lower-risk active
709300458,0,3,4041,73,0.143,5,3,7199.0,43,0.0011349331,2,Lower-risk active
778340733,0,1,1950,31,0.181,3,4,8495.0,24,0.031014392,7,Lower-risk active
708195633,0,2,2440,54,0.034,5,3,34516.0,32,0.40213898,9,Lower-risk active
714729933,0,1,3749,59,0.108,6,2,14164.0,36,0.0030318075,4,Lower-risk active
794514108,0,2,4051,65,0.0,4,2,3604.0,31,0.014204153,7,Lower-risk active
812501358,0,1,4864,76,0.349,4,1,1752.0,41,0.0019828642,3,Lower-risk active
718961208,0,3,3799,85,0.0,5,3,4204.0,32,0.0028411394,4,Lower-risk active
814459833,0,3,3042,55,0.0,5,4,8017.0,37,0.7585918,9,Dormant high-risk
720363258,0,3,4007,75,0.59,3,3,2778.0,29,0.0018999606,3,Lower-risk active
714496083,0,2,1609,28,0.268,4,3,6649.0,43,0.12156478,8,Lower-risk active
713004933,1,2,2634,51,0.342,3,1,6813.0,27,0.85316867,9,Lower-risk active
712011633,0,1,3652,64,0.304,6,3,2797.0,36,0.0012940987,2,Lower-risk active
772466508,1,2,2030,45,0.14,6,1,18004.0,35,0.90975314,9,Lower-risk active
708225483,0,2,4246,81,0.139,3,4,11242.0,36,0.000827359,2,Lower-risk active
788923758,0,1,4138,76,0.235,3,3,10693.0,13,0.002096649,3,Lower-risk active
789150633,0,3,3687,58,0.624,6,2,3026.0,38,0.010105206,6,Lower-risk active
710809083,0,3,4587,58,0.547,6,1,1438.3,36,0.19312531,8,Lower-risk active
787669233,0,3,3435,76,0.03,3,2,34516.0,41,0.0053310194,5,Lower-risk active
708119658,0,2,2519,53,0.081,4,1,12836.0,38,0.67943245,9,Lower-risk active
737921733,1,3,1581,34,0.848,3,3,1892.0,55,0.82495695,9,Dormant high-risk
765940683,0,2,2033,56,0.155,5,2,11277.0,30,0.06894074,8,Lower-risk active
719732433,0,3,3771,78,0.079,5,1,12815.0,36,0.0015506439,3,Lower-risk active
715491483,0,2,3693,62,0.0,5,0,24016.0,36,0.0036655315,5,Lower-risk active
783381933,0,1,3512,63,0.558,4,3,3482.0,37,0.0016093403,3,Lower-risk active
811554708,0,6,3609,76,0.054,4,4,26516.0,38,0.0032884486,4,Lower-risk active
719536608,0,5,4944,78,0.845,4,1,2285.0,36,0.0011188367,2,Lower-risk active
720753183,0,3,4247,76,0.212,4,2,9617.0,36,0.003256343,4,Lower-risk active
714505683,0,3,3250,63,0.0,5,2,34516.0,38,0.043042477,8,Lower-risk active
711942783,0,1,4048,61,0.811,3,3,2354.0,28,0.002210138,4,Lower-risk active
714031983,0,1,4038,63,0.123,6,3,11533.0,36,0.0017185115,3,Lower-risk active
711372258,0,2,2897,62,0.199,4,2,5042.0,51,0.008569614,6,Lower-risk active
710825658,0,3,4045,78,0.625,5,2,2584.0,29,0.0008564428,2,Lower-risk active
716575758,1,3,1859,41,0.0,2,2,1438.3,39,0.9953945,10,Dormant high-risk
714732183,0,3,3188,65,0.472,6,2,3402.0,36,0.01312675,7,Lower-risk active
714097683,1,3,2123,44,0.0,3,4,1809.0,49,0.9938028,10,Dormant high-risk
720568083,0,2,2428,53,0.0,5,4,8624.0,36,0.6999095,9,Contacted but fragile
708121908,1,3,2045,45,0.0,2,2,22917.0,36,0.9978582,10,Dormant high-risk
778710783,0,2,3778,83,0.053,3,2,18410.0,26,0.0008979732,2,Lower-risk active
713745783,0,1,2336,49,0.042,4,4,34516.0,36,0.032264054,7,Lower-risk active
711043983,0,3,3275,67,0.036,6,1,34516.0,29,0.005206811,5,Lower-risk active
716438433,0,3,4002,66,0.143,4,3,10130.0,32,0.006231584,6,Lower-risk active
709435533,1,3,1401,44,0.0,2,2,3099.0,41,0.9828205,10,Dormant high-risk
711080358,0,1,3657,66,0.111,4,2,19849.0,46,0.0014972377,3,Lower-risk active
718677858,0,2,4571,72,0.461,4,2,2283.0,27,0.0024804284,4,Lower-risk active
720259308,0,3,3927,82,0.09,5,3,6347.0,30,0.003503758,4,Lower-risk active
719346708,0,2,3820,72,0.607,5,4,2758.0,30,0.0022549927,4,Lower-risk active
719874633,1,2,1891,34,0.0,2,3,34516.0,36,0.9961189,10,Contacted but fragile
720286908,0,2,3680,80,0.0,5,2,3469.0,40,0.0036755968,5,Lower-risk active
719168883,1,4,2753,45,0.0,1,1,5155.0,34,0.9952301,10,Dormant high-risk
789893808,0,2,2100,38,0.036,6,3,34516.0,42,0.7239788,9,Contacted but fragile
772472208,0,1,2298,48,0.243,6,4,4092.0,40,0.27020743,9,Lower-risk active
710402508,0,3,3487,69,0.0,4,4,4675.0,36,0.0061468254,6,Lower-risk active
710218233,0,3,3161,65,0.455,4,3,2297.0,35,0.012232584,6,Lower-risk active
714212358,1,3,2142,57,0.324,1,2,5260.0,36,0.9691095,9,Dormant high-risk
812956983,0,3,3409,59,0.575,6,3,3458.0,46,0.004528677,5,Lower-risk active
780241758,0,2,3527,59,0.638,4,4,3943.0,45,0.09657978,8,Lower-risk active
711580908,0,3,4119,81,0.746,6,2,3028.0,42,0.0022896521,4,Lower-risk active
712835433,0,3,4869,73,0.0,5,3,1438.3,36,0.00414534,5,Lower-risk active
716461683,0,3,4134,72,0.113,5,1,11884.0,36,0.0023003148,4,Lower-risk active
713617608,0,2,4217,79,0.053,5,3,34516.0,33,0.002250802,4,Lower-risk active
714622833,0,3,3489,58,0.064,5,2,26058.0,36,0.06633544,8,Lower-risk active
712115958,0,3,3562,74,0.806,5,4,2808.0,38,0.0025208306,4,Lower-risk active
712033833,0,3,3899,70,0.716,5,2,1874.0,34,0.0048698084,5,Lower-risk active
714548733,0,3,2655,64,0.0,6,3,34516.0,16,0.036327157,7,Lower-risk active
719523108,0,2,4253,80,0.051,6,3,11236.0,36,0.0016415656,3,Lower-risk active
710881008,0,1,4119,66,0.194,3,1,6380.0,29,0.0024492422,4,Lower-risk active
715098333,0,2,4313,82,0.022,3,3,34516.0,43,0.0038073452,5,Lower-risk active
708211383,0,3,3906,74,0.0,3,3,2664.0,27,0.0055427817,5,Lower-risk active
715054683,0,3,3838,60,0.0,3,4,1645.0,42,0.11559492,8,Lower-risk active
710670633,0,3,2131,33,0.307,6,3,5797.0,36,0.59429353,9,Dormant high-risk
784560258,0,2,3937,63,0.057,4,0,21721.0,39,0.0011920138,2,Lower-risk active
710871108,0,2,4759,70,0.046,4,4,31756.0,36,0.004318795,5,Lower-risk active
787770858,0,2,3889,81,0.093,3,3,8333.0,32,0.002484847,4,Lower-risk active
721104708,1,3,3033,41,0.951,1,1,2067.0,36,0.9910745,10,Dormant high-risk
717461283,1,2,2066,45,0.257,3,3,2214.0,24,0.9788456,10,Contacted but fragile
803028858,1,3,2031,36,0.0,2,3,3775.0,32,0.9973003,10,Dormant high-risk
716628633,0,3,4406,74,0.346,6,3,4388.0,33,0.0022129957,4,Lower-risk active
813380058,0,2,3593,51,0.21,3,4,4100.0,56,0.22244897,8,Lower-risk active
770135358,0,2,4417,77,0.288,6,2,5157.0,40,0.0007718811,1,Lower-risk active
719301258,0,3,3982,68,0.0,4,2,15939.0,42,0.0024715085,4,Lower-risk active
711340233,0,1,3630,78,0.223,6,2,9216.0,34,0.0002964168,1,Lower-risk active
710002833,0,2,4355,71,0.737,3,3,3413.0,22,0.009359467,6,Lower-risk active
808705758,0,2,1624,27,0.085,6,3,20348.0,38,0.0142003605,7,Lower-risk active
710839308,0,1,3161,77,0.333,6,3,5015.0,21,0.00074253546,1,Lower-risk active
768687183,0,1,3017,53,0.444,3,4,2440.0,48,0.2681676,9,Lower-risk active
720541758,0,1,3711,64,0.334,5,2,4948.0,39,0.0025932638,4,Lower-risk active
712263258,0,3,3371,62,0.0,6,3,2468.0,38,0.021420117,7,Lower-risk active
712751133,1,3,1829,42,0.121,3,3,11328.0,35,0.70767635,9,Dormant high-risk
779662308,0,1,3808,80,0.494,3,3,1438.3,32,0.00051008817,1,Lower-risk active
719260608,0,3,3961,53,0.045,5,2,34516.0,31,0.00878208,6,Lower-risk active
803319633,0,3,3988,81,0.427,4,2,3183.0,45,0.001202662,2,Lower-risk active
708170508,1,3,1651,42,0.0,2,2,1438.3,36,0.9771144,10,Dormant high-risk
711891933,0,3,3369,59,0.122,3,3,12945.0,40,0.028643353,7,Lower-risk active
802875333,0,3,3377,54,0.0,3,4,2458.0,45,0.22732005,8,Lower-risk active
719991783,0,3,3644,67,0.063,5,0,34516.0,36,0.001916408,3,Lower-risk active
745435533,0,1,3104,70,0.962,6,3,2617.0,37,0.0046610306,5,Lower-risk active
718063083,0,1,4738,82,0.312,6,2,6500.0,31,0.00045332938,1,Lower-risk active
710713608,0,3,4070,67,0.098,6,2,24528.0,36,0.0065547903,6,Lower-risk active
720487308,0,3,4184,54,0.0,3,2,15898.0,38,0.2247692,8,Lower-risk active
719770158,1,4,2189,37,0.0,1,3,8516.0,49,0.9993887,10,Dormant high-risk
712283808,0,2,1964,44,0.114,5,2,10062.0,40,0.21849805,8,Lower-risk active
779737233,0,3,3971,66,0.065,3,2,9589.0,35,0.0043072808,5,Lower-risk active
751076058,0,3,3756,73,0.0,4,3,5826.0,37,0.004553984,5,Lower-risk active
736552308,0,1,3291,65,0.191,3,3,3521.0,41,0.004442774,5,Lower-risk active
720578058,0,3,4101,67,0.283,3,4,8386.0,42,0.0065458138,6,Lower-risk active
714932658,0,3,4098,81,0.0,5,2,15449.0,34,0.003031525,4,Lower-risk active
804708633,0,2,4666,87,0.0,3,2,7323.0,39,0.0027776104,4,Lower-risk active
716271183,1,2,1720,42,0.0,3,2,8924.0,37,0.9102935,9,Lower-risk active
712442508,0,3,3464,70,0.544,6,4,1438.3,37,0.002241716,4,Lower-risk active
719165508,0,3,3066,69,0.119,5,4,18965.0,40,0.009593342,6,Lower-risk active
826467333,0,1,4082,74,0.073,4,3,7976.0,53,0.0062588244,6,Lower-risk active
721027083,0,1,3543,87,0.61,6,0,3054.0,36,0.00011160709,1,Lower-risk active
713764458,0,2,3453,68,0.197,5,3,10620.0,36,0.002154728,3,Lower-risk active
816261858,1,5,1821,39,0.564,2,4,3984.0,56,0.9295644,9,Dormant high-risk
710850633,0,2,3325,67,0.643,3,2,2507.0,53,0.001092903,2,Lower-risk active
805282908,0,3,4401,71,0.145,3,2,7599.0,38,0.008609803,6,Lower-risk active
771246708,0,2,4371,82,0.072,5,3,31954.0,27,0.0016549495,3,Lower-risk active
785119833,0,3,3391,54,0.06,3,3,19666.0,34,0.20420024,8,Lower-risk active
716780283,0,3,4050,89,0.262,4,3,6628.0,19,0.0007540643,1,Lower-risk active
716546283,0,3,3944,72,0.072,6,4,13049.0,36,0.0016242486,3,Lower-risk active
721308033,1,3,2609,42,0.829,3,1,3036.0,37,0.99069655,10,Dormant high-risk
779270883,0,3,3982,77,0.0,6,3,16575.0,30,0.0019889532,3,Lower-risk active
822061683,0,3,4106,85,0.085,5,4,23391.0,34,0.0013415809,2,Lower-risk active
710058033,0,1,3781,66,0.0,4,0,23898.0,41,0.0005443876,1,Lower-risk active
710678658,0,3,3684,64,0.233,5,2,4944.0,36,0.002940182,4,Lower-risk active
712943508,0,3,4608,79,0.148,5,0,6921.0,36,0.00045840163,1,Lower-risk active
816263808,0,1,2760,56,0.042,4,2,18026.0,31,0.02565458,7,Lower-risk active
714162033,0,4,3434,49,0.291,3,3,5216.0,28,0.20769322,8,Lower-risk active
711238908,0,5,5103,62,0.228,6,2,7699.0,54,0.06302602,8,Lower-risk active
713971608,0,1,4337,71,0.253,6,4,7232.0,39,0.0020086258,3,Lower-risk active
715193433,0,2,3889,67,0.0,4,2,8476.0,51,0.008227005,6,Lower-risk active
713111883,0,1,3783,70,0.07,5,2,25837.0,31,0.0006609777,1,Lower-risk active
716911608,0,1,3816,71,0.662,4,4,1536.0,36,0.0016266777,3,Lower-risk active
822898758,0,3,3239,66,0.219,3,4,4453.0,40,0.023972051,7,Lower-risk active
712085733,0,2,3491,64,0.025,5,3,34516.0,36,0.014159327,7,Lower-risk active
718583133,0,2,3598,75,0.224,4,0,4389.0,39,0.0004892048,1,Lower-risk active
772095858,0,2,3929,66,0.093,4,3,13429.0,27,0.004910734,5,Lower-risk active
780074733,0,3,4518,72,0.851,5,3,1840.0,27,0.0050004316,5,Lower-risk active
710182383,0,2,3626,77,0.088,4,3,17846.0,13,0.0007167704,1,Lower-risk active
713418558,0,1,3819,71,0.0,6,0,9013.0,37,0.00034880955,1,Lower-risk active
715445883,0,2,4449,86,0.112,5,2,18862.0,29,0.0007435179,1,Lower-risk active
718599108,0,3,4419,64,0.363,5,2,3230.0,39,0.0044675656,5,Lower-risk active
711546333,0,3,4962,72,0.196,4,1,7958.0,38,0.0023736279,4,Lower-risk active
721513833,0,3,2808,72,0.268,6,2,5619.0,36,0.0033527266,4,Lower-risk active
771669183,0,1,3651,70,0.25,5,4,4854.0,37,0.0027474535,4,Lower-risk active
774760458,1,5,1739,36,0.661,3,1,3807.0,56,0.94638777,9,Dormant high-risk
713453733,0,1,3428,84,0.654,6,3,2529.0,37,0.0004173508,1,Lower-risk active
804415083,1,5,2611,51,0.16,3,3,4097.0,40,0.29212442,9,Lower-risk active
711419133,0,2,4449,77,0.352,3,3,3057.0,36,0.0019463791,3,Lower-risk active
710691633,0,1,4546,78,0.589,4,4,1957.0,43,0.0012432205,2,Lower-risk active
715008858,0,1,4099,66,0.223,5,2,2941.0,41,0.002941471,4,Lower-risk active
771424908,1,2,1766,31,0.1,2,3,11252.0,26,0.95578986,9,Contacted but fragile
771215583,0,1,3505,60,0.06,6,4,24534.0,26,0.0017086058,3,Lower-risk active
711012783,1,3,2066,46,0.0,1,4,33384.0,36,0.9950759,10,Dormant high-risk
827408058,0,2,3803,68,0.897,6,2,2232.0,40,0.0023782619,4,Lower-risk active
713904708,0,1,4926,85,0.256,6,3,7582.0,36,0.0006441711,1,Lower-risk active
807596358,0,2,4650,70,0.087,6,2,13884.0,44,0.004357394,5,Lower-risk active
708788583,1,1,1648,43,0.0,3,2,6167.0,56,0.9321865,9,Lower-risk active
713446083,0,2,3996,65,0.15,5,3,11545.0,39,0.005399784,5,Lower-risk active
717888108,0,3,3635,62,0.876,3,2,2872.0,35,0.023209775,7,Lower-risk active
819714408,1,3,1981,42,0.421,6,3,5666.0,39,0.66038585,9,Dormant high-risk
716853258,0,3,4253,72,0.0,5,2,4417.0,45,0.004539595,5,Lower-risk active
719455083,0,3,3734,64,0.504,4,4,2991.0,39,0.003223972,4,Lower-risk active
779299233,0,2,3563,73,0.105,3,2,13109.0,34,0.0011968069,2,Lower-risk active
771922008,0,2,4416,64,0.347,5,2,5443.0,46,0.00572414,5,Lower-risk active
708887433,0,1,3150,59,0.0,6,3,2717.0,56,0.10264376,8,Lower-risk active
713214558,0,3,3608,68,0.835,4,3,2628.0,41,0.008896874,6,Lower-risk active
718038483,0,1,3449,75,0.0,5,4,16054.0,35,0.002490694,4,Lower-risk active
714053358,0,3,4039,81,0.0,6,4,3216.0,31,0.001856011,3,Lower-risk active
713730933,1,3,1739,44,0.0,2,5,1438.3,36,0.9984471,10,Dormant high-risk
762775908,0,1,4177,63,0.105,3,2,12295.0,39,0.0011900046,2,Lower-risk active
713181558,0,1,4201,73,0.0,6,3,5794.0,47,0.003919123,5,Lower-risk active
713079108,0,3,3660,72,0.498,5,2,1858.0,42,0.0039891982,5,Lower-risk active
804426858,0,2,1974,33,0.64,3,1,2593.0,30,0.09316016,8,Lower-risk active
788379933,0,3,4422,70,0.0,5,2,12420.0,34,0.007208668,6,Lower-risk active
713740533,0,3,2478,52,0.6,5,3,2775.0,29,0.26107877,9,Lower-risk active
712235433,1,3,2326,50,0.0,2,2,2886.0,36,0.9974942,10,Dormant high-risk
811705233,0,4,4099,71,0.0,6,3,7037.0,40,0.0075312494,6,Lower-risk active
714594933,0,3,3758,65,0.14,6,0,7065.0,36,0.0013697435,2,Lower-risk active
714377058,1,3,2186,50,0.0,3,4,1896.0,36,0.98252165,10,Dormant high-risk
827114058,0,2,4447,74,0.0,6,1,11634.0,42,0.0064314874,6,Lower-risk active
708654933,1,2,2021,46,0.012,3,3,15987.0,42,0.9941004,10,Contacted but fragile
720283758,1,3,1783,43,0.126,1,3,13735.0,36,0.8239409,9,Dormant high-risk
801994458,0,2,3163,65,0.649,3,3,3880.0,52,0.039618667,7,Lower-risk active
718834233,0,1,3848,71,0.0,4,2,6899.0,21,0.0011624519,2,Lower-risk active
719196858,0,1,4254,77,0.35,4,4,6508.0,39,0.0012151327,2,Lower-risk active
708451233,0,3,3707,72,0.324,5,4,5090.0,36,0.006635933,6,Lower-risk active
718735908,1,4,1799,51,0.0,3,3,7015.0,35,0.9496307,9,Dormant high-risk
789339633,0,2,3736,55,0.0,4,3,30560.0,41,0.1290173,8,Lower-risk active
804833058,1,3,1832,49,0.0,1,4,4384.0,44,0.9773257,10,Dormant high-risk
712542258,0,1,4742,79,0.678,5,3,2950.0,40,0.00086890283,2,Lower-risk active
713639058,1,3,1329,35,0.0,6,3,1511.0,34,0.56322944,9,Dormant high-risk
709560258,1,3,2239,38,0.0,2,4,4946.0,31,0.9992685,10,Dormant high-risk
718317258,0,3,3618,76,0.262,3,3,7477.0,47,0.006078476,6,Lower-risk active
720362058,1,3,1937,46,0.0,4,3,32182.0,49,0.9048413,9,Dormant high-risk
712606158,0,1,3685,63,0.212,4,2,5715.0,42,0.0019805017,3,Lower-risk active
713162358,0,3,4050,72,0.053,4,2,9595.0,36,0.010828735,6,Lower-risk active
710673558,0,2,4087,70,0.073,3,2,21952.0,21,0.003733417,5,Lower-risk active
710096658,0,3,2191,42,0.759,4,3,2606.0,39,0.97588867,10,Dormant high-risk
721313808,0,1,4488,73,0.616,6,2,2826.0,41,0.000570503,1,Lower-risk active
778924158,0,3,3749,77,0.0,4,4,1438.3,26,0.0029840586,4,Lower-risk active
719602908,1,3,2064,42,0.143,3,3,5667.0,34,0.969837,9,Dormant high-risk
820383558,0,2,3258,58,0.211,6,3,6366.0,40,0.021755299,7,Lower-risk active
717953283,0,2,4379,45,0.56,5,2,2122.0,31,0.15925309,8,Lower-risk active
710327508,0,2,4247,87,0.765,5,4,1687.0,36,0.0009174949,2,Lower-risk active
785134758,0,2,4077,77,0.0,3,4,14320.0,24,0.0026418753,4,Lower-risk active
811970808,0,3,3491,65,0.316,4,3,5972.0,48,0.0044986852,5,Lower-risk active
718676283,0,2,3779,72,0.189,6,3,8771.0,34,0.0019156118,3,Lower-risk active
720439533,0,1,4951,73,0.191,3,3,7112.0,36,0.00090580294,2,Lower-risk active
793720908,0,2,3636,48,0.119,6,2,7333.0,40,0.05700145,8,Lower-risk active
708937608,0,1,4590,66,0.683,4,2,2001.0,18,0.00949731,6,Lower-risk active
769189083,0,2,4427,85,0.444,4,4,1438.3,40,0.0010933492,2,Lower-risk active
713455233,0,2,4026,65,0.041,5,1,34516.0,37,0.008135006,6,Lower-risk active
719563158,0,3,3850,75,0.457,6,2,4207.0,36,0.001774605,3,Lower-risk active
753118533,0,3,4686,75,0.634,6,2,1555.0,31,0.0026594084,4,Lower-risk active
713265858,0,2,4795,92,0.039,4,2,34516.0,32,0.00064214855,1,Lower-risk active
709713033,1,3,1735,35,0.0,3,3,6846.0,48,0.9525484,9,Dormant high-risk
711608958,0,1,4092,74,0.5,5,4,2071.0,36,0.00077586184,1,Lower-risk active
708633783,1,2,1809,39,0.0,3,4,11336.0,30,0.9379672,9,Contacted but fragile
714532158,0,3,3848,68,0.077,3,3,15221.0,36,0.00652287,6,Lower-risk active
720950283,1,3,2064,63,0.0,3,3,21359.0,34,0.3007051,9,Lower-risk active
809797158,0,3,3627,66,0.082,3,4,19366.0,37,0.0028916562,4,Lower-risk active
713692683,0,2,3216,77,0.867,4,2,2243.0,13,0.0018234643,3,Lower-risk active
710748483,0,2,3861,68,0.662,3,2,2923.0,43,0.00236967,4,Lower-risk active
720868683,0,2,1814,37,0.171,5,3,7853.0,22,0.73222524,9,Contacted but fragile
787532808,0,3,3293,66,0.136,6,3,16386.0,30,0.008433042,6,Lower-risk active
709453833,0,2,4227,67,0.077,3,2,11164.0,40,0.008090763,6,Lower-risk active
712114458,0,3,3941,64,0.62,6,3,2960.0,31,0.012033326,6,Lower-risk active
811013658,0,3,3221,68,0.081,4,2,10816.0,36,0.008608961,6,Lower-risk active
789180933,0,1,4524,67,0.76,3,2,2917.0,26,0.0021903745,4,Lower-risk active
717151383,0,3,3616,85,0.624,3,3,2568.0,36,0.0042442526,5,Lower-risk active
712470033,0,3,2960,67,0.452,6,3,4539.0,30,0.009902878,6,Lower-risk active
717840108,1,3,1771,35,0.282,2,6,4806.0,41,0.99125797,10,Dormant high-risk
709131033,0,3,4056,71,0.84,3,4,2025.0,36,0.0018063361,3,Lower-risk active
721506708,0,1,3988,68,0.403,4,4,6249.0,46,0.011661037,6,Lower-risk active
716039433,0,6,3445,64,0.754,4,1,1686.0,35,0.002109696,3,Lower-risk active
710874933,0,3,2149,40,0.217,5,4,10239.0,31,0.44624472,9,Lower-risk active
794682483,0,3,3095,64,0.255,5,3,4284.0,23,0.02246588,7,Lower-risk active
709229358,0,1,4835,80,0.617,6,4,2601.0,38,0.00056697056,1,Lower-risk active
772177308,0,2,2572,62,0.0,4,2,1738.0,36,0.0993192,8,Lower-risk active
715016508,1,3,2441,37,0.0,1,4,4527.0,36,0.99921966,10,Dormant high-risk
716071233,0,2,4613,73,0.056,5,3,34516.0,35,0.001670254,3,Lower-risk active
818308533,0,2,3162,56,0.0,4,1,3532.0,41,0.2678889,9,Lower-risk active
711000933,0,2,3724,61,0.514,5,4,4846.0,41,0.05951792,8,Lower-risk active
760104333,0,2,3246,63,0.0,6,2,11392.0,36,0.014344012,7,Lower-risk active
718201383,0,3,2139,48,0.071,6,4,22036.0,43,0.52118754,9,Contacted but fragile
779450958,0,3,4739,88,0.643,5,2,2772.0,25,0.00059991283,1,Lower-risk active
717990183,0,2,5100,79,0.327,5,2,7474.0,36,0.002620065,4,Lower-risk active
721252683,0,2,3368,64,0.043,4,4,34516.0,33,0.0033253613,4,Lower-risk active
710505483,0,3,3099,69,0.0,4,3,11117.0,36,0.015266196,7,Lower-risk active
711587433,0,3,4328,71,0.225,6,1,10714.0,33,0.03617485,7,Lower-risk active
720964683,0,3,3477,60,0.0,5,2,5420.0,36,0.02846379,7,Lower-risk active
711478233,0,1,3691,58,0.941,4,3,2652.0,26,0.013368884,7,Lower-risk active
717096858,0,3,4828,78,0.111,4,3,6492.0,40,0.0034275104,4,Lower-risk active
719739108,0,2,4021,56,0.222,3,4,11352.0,50,0.15458596,8,Lower-risk active
717432933,0,1,4587,76,0.438,3,3,3167.0,36,0.0015727752,3,Lower-risk active
721501308,0,3,4410,70,0.131,6,1,7015.0,33,0.0105729075,6,Lower-risk active
714169083,0,2,4959,74,0.047,5,0,34516.0,38,0.0006415983,1,Lower-risk active
710194683,0,1,2313,39,0.697,3,4,3244.0,30,0.3846645,9,Lower-risk active
715365183,0,2,3323,65,0.0,4,2,2431.0,42,0.0037251755,5,Lower-risk active
715448058,0,4,1973,50,0.598,6,1,3050.0,36,0.008349104,6,Lower-risk active
779008158,0,1,4961,71,0.755,3,4,2191.0,43,0.0023556487,4,Lower-risk active
712822758,0,3,2730,58,0.247,6,3,5677.0,33,0.094987206,8,Lower-risk active
717466158,0,4,4889,62,0.299,3,3,4176.0,40,0.28498313,9,Lower-risk active
798687258,0,1,4134,62,0.703,3,2,2577.0,34,0.00092190213,2,Lower-risk active
717380133,0,4,4218,72,0.578,6,1,3305.0,36,0.0023276461,4,Lower-risk active
709693833,0,3,2468,44,0.173,6,0,9261.0,34,0.7369775,9,Dormant high-risk
804847308,0,2,4018,69,0.0,6,1,1564.0,56,0.0036281713,5,Lower-risk active
716321583,0,3,3441,55,0.092,5,3,12740.0,36,0.07550293,8,Lower-risk active
712685733,0,3,3498,68,0.049,6,2,34516.0,36,0.0026326878,4,Lower-risk active
781306758,1,2,1844,49,0.814,1,4,3091.0,52,0.9386955,9,Contacted but fragile
743912958,0,3,4080,65,0.289,3,1,3812.0,32,0.0067889253,6,Lower-risk active
712294083,1,3,2367,45,0.0,4,4,3778.0,44,0.9946543,10,Dormant high-risk
716630508,0,2,4425,75,0.186,6,4,12698.0,50,0.0014007231,3,Lower-risk active
711334983,1,2,2077,46,0.0,1,4,26229.0,32,0.99723464,10,Contacted but fragile
717442758,0,3,4141,79,0.174,5,2,8346.0,43,0.001357446,2,Lower-risk active
709137558,0,4,4689,69,0.386,6,4,5395.0,36,0.00255433,4,Lower-risk active
714366708,0,1,3790,85,0.717,6,1,1490.0,36,0.00036164382,1,Lower-risk active
711925608,0,2,3886,81,0.089,3,2,18274.0,35,0.0006041247,1,Lower-risk active
721202058,0,1,4160,61,0.178,4,1,4409.0,49,0.0046334774,5,Lower-risk active
716931183,0,4,4296,68,0.104,3,4,7560.0,38,0.002106198,3,Lower-risk active
800164083,0,2,3819,76,0.06,4,2,20783.0,47,0.0007867853,1,Lower-risk active
719682183,0,4,1997,43,0.407,3,4,6188.0,43,0.595097,9,Dormant high-risk
710984133,0,3,4654,88,0.02,5,4,27876.0,36,0.0022606698,4,Lower-risk active
780307233,0,2,3521,58,0.765,5,3,1924.0,30,0.002638352,4,Lower-risk active
716434533,1,3,2106,56,0.0,2,4,29149.0,36,0.9468888,9,Dormant high-risk
828215508,1,4,1785,33,0.0,4,3,1438.3,50,0.96848273,9,Dormant high-risk
716138958,0,4,3740,68,0.373,6,4,3160.0,33,0.0031196955,4,Lower-risk active
709276908,0,2,3990,75,0.0,6,3,1438.3,25,0.004386123,5,Lower-risk active
815767983,0,3,4869,66,0.0,4,3,1438.3,40,0.026151093,7,Lower-risk active
712812408,1,3,1921,41,0.0,2,3,1535.0,28,0.99509084,10,Dormant high-risk
712403358,0,4,4307,76,0.484,4,4,1438.3,35,0.0018088225,3,Lower-risk active
717826308,0,2,4061,66,0.771,6,4,2331.0,36,0.0035067126,4,Lower-risk active
753443583,0,2,3992,73,0.0,5,1,8156.0,36,0.004680201,5,Lower-risk active
721428333,0,2,3609,77,0.067,4,1,8109.0,34,0.0040549156,5,Lower-risk active
719910333,0,4,3595,80,0.203,4,2,5853.0,36,0.0016432317,3,Lower-risk active
713585958,1,3,1457,42,0.0,2,2,5997.0,36,0.988729,10,Dormant high-risk
712866933,0,3,3700,73,0.0,6,4,10824.0,32,0.0038326182,5,Lower-risk active
719219883,0,1,3651,67,0.083,4,2,9300.0,36,0.0010314442,2,Lower-risk active
779170008,0,1,4596,78,0.0,4,2,5351.0,32,0.0032384067,4,Lower-risk active
779727558,0,2,4148,71,0.596,4,3,2097.0,33,0.001485902,3,Lower-risk active
714373308,0,4,3634,66,0.0,6,4,2266.0,46,0.009798226,6,Lower-risk active
715000383,0,2,4047,76,0.063,4,3,13598.0,46,0.00089064584,2,Lower-risk active
710493558,1,2,1979,37,0.0,3,2,1803.0,38,0.99736494,10,Lower-risk active
778839108,0,1,3687,74,0.0,3,4,6292.0,31,0.0030821431,4,Lower-risk active
715548183,0,3,3129,79,0.071,4,3,23566.0,56,0.0016567365,3,Lower-risk active
712545183,0,4,3333,66,0.842,4,2,1765.0,37,0.002995676,4,Lower-risk active
779032308,0,2,3279,66,0.467,4,3,4964.0,27,0.0050003817,5,Lower-risk active
721500108,0,3,4402,55,0.0,5,2,3741.0,32,0.36064184,9,Lower-risk active
713389233,0,2,3418,58,0.0,3,2,31631.0,36,0.039817337,7,Lower-risk active
718811058,0,2,4391,66,0.376,6,2,5014.0,36,0.0031316082,4,Lower-risk active
717084708,0,4,3802,68,0.621,6,1,2484.0,34,0.0035510913,5,Lower-risk active
778247358,0,3,3880,67,0.0,5,2,7636.0,56,0.0046707303,5,Lower-risk active
710702733,0,3,3949,69,0.0,6,3,11096.0,35,0.007906222,6,Lower-risk active
815240358,0,1,3357,62,0.06,4,4,25027.0,42,0.00068596547,1,Lower-risk active
715165758,0,4,2862,56,0.021,3,1,27391.0,35,0.18122242,8,Lower-risk active
827964858,1,5,2151,46,0.263,3,3,3266.0,54,0.9776564,10,Dormant high-risk
773667708,1,4,2176,39,0.143,3,3,7050.0,44,0.9158345,9,Dormant high-risk
717400533,0,2,4839,92,0.292,5,2,2704.0,45,0.0019696578,3,Lower-risk active
713586858,0,3,4187,73,0.1,4,4,11721.0,25,0.0009834737,2,Lower-risk active
711393483,0,3,4340,76,0.0,4,1,2432.0,36,0.0027263798,4,Lower-risk active
812979408,1,0,2458,41,0.0,3,3,15142.0,34,0.97180545,9,Contacted but fragile
711877458,0,2,4072,72,0.0,6,2,1936.0,36,0.00223836,4,Lower-risk active
714351558,0,2,3950,65,0.0,3,1,1829.0,36,0.008419237,6,Lower-risk active
828343083,0,3,3646,68,0.644,3,3,2786.0,39,0.0037720557,5,Lower-risk active
790002783,0,1,4079,65,0.031,4,4,19595.0,30,0.0040507084,5,Lower-risk active
708615183,0,4,4558,90,0.299,4,4,3828.0,34,0.0008700071,2,Lower-risk active
718509858,0,1,4347,69,0.0,3,4,4786.0,37,0.0022704373,4,Lower-risk active
718540308,0,3,4263,62,0.033,5,0,22143.0,36,0.005607627,5,Lower-risk active
778180158,0,1,3636,69,0.264,5,4,7150.0,34,0.0018821331,3,Lower-risk active
778242708,0,4,4323,81,0.057,5,4,25502.0,53,0.0027347966,4,Lower-risk active
806947308,1,4,1735,44,0.077,3,3,20178.0,35,0.90169877,9,Dormant high-risk
714899283,0,2,3972,73,0.379,5,3,5258.0,36,0.0017807302,3,Lower-risk active
708386958,1,3,1947,28,0.0,3,2,1561.0,34,0.990604,10,Dormant high-risk
710986758,0,2,3891,76,0.13,6,4,11550.0,30,0.0011537448,2,Lower-risk active
718220358,1,3,1712,41,0.0,2,4,28618.0,36,0.98136085,10,Dormant high-risk
710568333,0,2,2293,47,0.275,4,3,6623.0,35,0.5960204,9,Contacted but fragile
712656783,1,4,2179,40,0.309,3,3,8136.0,36,0.9915388,10,Dormant high-risk
717483558,0,1,3547,61,0.071,3,2,19156.0,36,0.0011339902,2,Lower-risk active
721440633,0,2,4387,71,0.112,5,3,7982.0,36,0.003618438,5,Lower-risk active
738899658,1,2,2468,43,0.807,6,3,3120.0,38,0.99167913,10,Contacted but fragile
711423558,0,1,4181,63,0.0,4,2,4606.0,50,0.0067804134,6,Lower-risk active
721522533,0,3,4311,70,0.57,6,2,2005.0,35,0.0024556958,4,Lower-risk active
708558408,0,3,3776,83,0.161,5,3,9949.0,31,0.0013623779,2,Lower-risk active
714727833,1,2,2257,48,0.87,2,3,2892.0,36,0.9885483,10,Contacted but fragile
714365883,0,3,3877,75,0.129,3,4,7093.0,40,0.0029176886,4,Lower-risk active
715856208,0,4,4028,76,0.59,5,3,1896.0,36,0.001054109,2,Lower-risk active
708944958,0,2,4612,75,0.289,5,4,3569.0,40,0.0014324603,3,Lower-risk active
771516333,0,2,3831,81,0.0,6,3,4663.0,29,0.0039425874,5,Lower-risk active
772051308,0,6,3853,69,0.714,6,3,2553.0,44,0.0032315075,4,Lower-risk active
788350908,0,1,3548,69,0.207,3,3,5362.0,31,0.0018533389,3,Lower-risk active
818322033,0,6,3943,80,0.434,6,4,2873.0,36,0.0011276593,2,Lower-risk active
716288958,0,4,4062,71,0.0,3,3,7840.0,36,0.0061297663,6,Lower-risk active
712347258,0,3,4419,68,0.0,3,2,2209.0,35,0.008618559,6,Lower-risk active
779072733,0,2,4979,77,0.0,5,2,1971.0,17,0.005352717,5,Lower-risk active
710003958,0,3,4100,84,0.462,3,3,1438.3,40,0.0017259627,3,Lower-risk active
715287708,0,3,3769,77,0.188,6,2,6230.0,33,0.0016179349,3,Lower-risk active
708774708,0,1,3858,70,0.603,6,3,2636.0,29,0.0014021116,3,Lower-risk active
713535033,0,3,3200,91,0.062,3,2,22243.0,36,0.0006688381,1,Lower-risk active
719314683,0,2,3645,69,0.185,3,4,2855.0,36,0.007512412,6,Lower-risk active
789293358,0,3,5328,78,0.237,3,4,7578.0,35,0.004222812,5,Lower-risk active
787638408,0,4,4161,74,0.247,5,4,8440.0,40,0.002672748,4,Lower-risk active
715974783,0,3,4590,69,0.0,4,3,4186.0,40,0.010659553,6,Lower-risk active
716134533,0,4,4406,80,0.0,4,3,22074.0,34,0.0019552389,3,Lower-risk active
708834483,1,2,1775,42,0.0,1,5,17667.0,29,0.98730344,10,Contacted but fragile
780168333,0,2,3450,83,0.069,3,3,26548.0,28,0.0006827898,1,Lower-risk active
711557508,0,3,4066,74,0.216,4,0,3532.0,40,0.0008901525,2,Lower-risk active
772506858,0,4,4552,81,0.286,3,2,8795.0,35,0.004062039,5,Lower-risk active
765692658,0,3,3825,70,0.87,4,4,2162.0,42,0.0053476724,5,Lower-risk active
720598308,1,2,1736,35,0.033,3,6,34516.0,37,0.9370547,9,Contacted but fragile
709912683,0,1,4390,77,0.069,5,2,34516.0,41,0.0005378108,1,Lower-risk active
815353083,1,3,1853,36,0.068,2,2,34516.0,39,0.9792627,10,Dormant high-risk
720093333,0,1,4855,79,0.718,6,3,3491.0,29,0.00460766,5,Lower-risk active
717281658,0,3,3953,65,0.278,3,4,6060.0,41,0.0057709315,5,Lower-risk active
765731433,0,4,3512,76,0.0,3,3,7860.0,41,0.0047156382,5,Lower-risk active
712050933,1,2,1533,41,0.0,5,3,25190.0,32,0.7804448,9,Contacted but fragile
787361583,0,2,2204,60,0.155,4,3,13911.0,44,0.03374923,7,Lower-risk active
709921158,0,4,4241,76,0.768,6,4,2281.0,36,0.00063317886,1,Lower-risk active
714781908,0,3,3710,70,0.097,3,2,5652.0,35,0.0139482785,7,Lower-risk active
717592758,1,2,2418,44,0.983,3,2,1606.0,36,0.9871082,10,Lower-risk active
821339433,0,4,4442,64,0.763,5,2,2777.0,41,0.008983782,6,Lower-risk active
715174983,0,4,3331,67,0.269,4,4,2223.0,36,0.009458753,6,Lower-risk active
710863308,0,1,4020,84,0.368,6,2,2916.0,29,0.00039655366,1,Lower-risk active
806824908,0,4,4717,71,0.083,4,4,16476.0,40,0.007291821,6,Lower-risk active
710592933,0,2,2216,54,0.114,3,3,9598.0,30,0.60572493,9,Contacted but fragile
771881283,0,2,4036,78,0.102,3,2,18570.0,30,0.00062342425,1,Lower-risk active
708687483,1,2,1711,30,0.0,3,3,13626.0,36,0.9943715,10,Contacted but fragile
719147208,0,3,4814,88,0.0,4,2,2298.0,21,0.0011276363,2,Lower-risk active
709607733,0,2,4275,83,0.181,4,4,9191.0,36,0.0010189721,2,Lower-risk active
713184858,0,3,4196,71,0.569,4,4,1438.3,50,0.0011760975,2,Lower-risk active
719929758,0,4,3057,54,0.0,6,3,4181.0,37,0.6738693,9,Dormant high-risk
759127158,0,1,4177,85,0.0,3,3,2592.0,35,0.0014024067,3,Lower-risk active
780717483,0,3,4755,58,0.103,6,3,7540.0,40,0.2373142,8,Lower-risk active
708507483,0,4,4802,82,0.0,6,3,1477.0,31,0.0026055695,4,Lower-risk active
787617483,0,2,4335,76,0.587,6,4,2628.0,48,0.00081608613,1,Lower-risk active
816608808,0,2,2773,62,0.0,4,3,8916.0,41,0.25490397,8,Lower-risk active
716727258,0,1,4435,67,0.0,5,2,1481.0,42,0.0015757214,3,Lower-risk active
813890883,0,2,3811,65,0.0,4,1,1555.0,39,0.0073328405,6,Lower-risk active
768256908,1,3,1880,37,0.191,3,4,8580.0,39,0.97539705,9,Dormant high-risk
811095483,0,1,1732,35,0.119,3,0,21163.0,43,0.19450127,8,Lower-risk active
720168558,0,3,4876,74,0.0,3,3,2936.0,36,0.014044148,7,Lower-risk active
719309133,0,3,3877,70,0.0,3,4,1438.3,51,0.008427768,6,Lower-risk active
721451208,1,3,1980,36,0.0,2,2,30540.0,45,0.98264664,10,Dormant high-risk
772879158,0,1,3943,64,0.145,4,2,7357.0,38,0.0014500486,3,Lower-risk active
712934583,0,3,3490,62,0.0,6,0,11879.0,36,0.0022395966,4,Lower-risk active
710088483,0,1,3283,56,0.049,4,3,21877.0,40,0.012731217,6,Lower-risk active
753534633,0,3,3148,62,0.0,4,3,7255.0,35,0.04507629,8,Lower-risk active
710932683,0,1,3470,69,0.0,2,2,6394.0,36,0.0033672208,4,Mono-product exposed
714751158,1,2,1789,48,0.073,4,4,34516.0,36,0.9502969,9,Contacted but fragile
718109808,0,3,4599,89,0.2,4,0,5597.0,25,0.00037818067,1,Lower-risk active
713227233,0,2,4374,79,0.0,4,2,32535.0,33,0.0013860085,3,Lower-risk active
718342158,1,2,1849,36,0.44,2,2,4391.0,26,0.92827874,9,Mono-product exposed
804606033,0,1,3121,60,0.134,6,2,8738.0,41,0.0062698373,6,Lower-risk active
720755658,0,6,4172,70,0.0,6,0,1592.0,32,0.0015678365,3,Lower-risk active
711795633,0,3,3798,53,0.0,3,4,3675.0,52,0.777799,9,Dormant high-risk
716654808,1,4,2084,31,0.0,3,4,24593.0,39,0.9872777,10,Dormant high-risk
817616433,0,2,4268,69,0.0,6,2,7613.0,41,0.0040758788,5,Lower-risk active
716390958,1,4,1697,47,0.0,1,3,26107.0,31,0.9845835,10,Dormant high-risk
716564433,1,2,1635,41,0.0,3,4,4287.0,36,0.9929889,10,Contacted but fragile
719530158,0,3,3677,66,0.129,3,2,9843.0,44,0.004795108,5,Lower-risk active
710621283,0,1,3910,66,0.073,3,3,10733.0,32,0.0013341943,2,Lower-risk active
716714733,0,2,3642,69,0.276,3,0,3460.0,30,0.00075710966,1,Lower-risk active
720921408,0,1,3760,69,0.774,6,4,1996.0,36,0.00088853826,2,Lower-risk active
789185508,0,2,3918,70,0.137,5,1,5536.0,38,0.002178243,4,Lower-risk active
807014583,0,3,4331,89,0.0,3,3,1469.0,26,0.0021006654,3,Lower-risk active
721388283,0,1,4844,58,0.0,3,4,5597.0,45,0.16845448,8,Lower-risk active
716022258,1,3,1853,40,0.248,3,3,8960.0,36,0.958623,9,Dormant high-risk
789362058,0,2,4003,64,0.0,3,0,5693.0,42,0.0038092015,5,Lower-risk active
771460158,0,1,3939,84,0.433,3,2,4098.0,31,0.00038050304,1,Lower-risk active
714147858,0,3,3920,85,0.057,3,4,18358.0,35,0.0029255813,4,Lower-risk active
708394908,0,1,3945,65,0.617,5,3,2337.0,33,0.00096158753,2,Lower-risk active
778433283,1,3,2031,53,0.0,3,3,8989.0,31,0.8997897,9,Dormant high-risk
720637008,0,2,3210,52,0.671,6,3,2124.0,43,0.23017433,8,Lower-risk active
716877258,0,3,4641,65,0.346,4,2,3968.0,48,0.0126465205,6,Lower-risk active
812973708,0,2,3247,69,0.595,6,4,2793.0,37,0.0011784195,2,Lower-risk active
788760633,0,2,3503,68,0.111,4,2,13513.0,33,0.0041535804,5,Lower-risk active
718602708,0,3,3475,82,0.094,3,2,16351.0,33,0.0007811893,1,Lower-risk active
712365483,0,2,3690,76,0.18,5,4,9619.0,43,0.0013731616,3,Lower-risk active
789154833,0,2,4137,72,0.048,5,0,19030.0,44,0.0015644022,3,Lower-risk active
715849983,0,1,4007,82,0.0,4,4,2107.0,36,0.0017632657,3,Lower-risk active
780336258,0,3,4528,75,0.499,6,2,2517.0,42,0.001974539,3,Lower-risk active
716567433,0,2,4337,82,0.387,3,3,3179.0,36,0.00080707326,1,Lower-risk active
713057658,0,1,4128,72,0.236,5,4,3968.0,36,0.0011038838,2,Lower-risk active
718191483,0,3,3555,75,0.269,6,2,5065.0,35,0.0023777562,4,Lower-risk active
811527933,1,4,2291,39,0.162,3,3,10885.0,56,0.8899192,9,Dormant high-risk
778617708,1,2,2299,40,0.601,6,3,1438.3,26,0.9695351,9,Contacted but fragile
785055108,0,2,3889,60,0.106,4,4,10817.0,46,0.00213064,3,Lower-risk active
822961533,0,2,3998,70,0.0,5,3,13666.0,56,0.0025544954,4,Lower-risk active
709124883,0,1,5228,93,0.836,5,2,2149.0,37,0.00020352416,1,Lower-risk active
772574283,1,1,1654,30,0.0,3,4,7191.0,40,0.779731,9,Contacted but fragile
761240358,0,2,4295,77,0.566,5,2,2155.0,45,0.0005776866,1,Lower-risk active
708469533,0,3,3523,79,0.267,6,2,5395.0,34,0.0007118223,1,Lower-risk active
769927533,0,2,4613,72,0.441,4,1,3222.0,44,0.0017099238,3,Lower-risk active
718545033,0,2,5146,78,0.767,4,2,2042.0,17,0.00025766593,1,Lower-risk active
714972558,1,3,2729,45,0.0,2,0,1610.0,36,0.9969062,10,Dormant high-risk
772204758,0,2,2306,46,0.306,3,2,3809.0,31,0.7973443,9,Lower-risk active
709039533,0,1,3829,55,0.198,6,4,5544.0,24,0.006245318,6,Lower-risk active
716492583,0,3,4539,89,0.715,6,4,2388.0,28,0.0006841759,1,Lower-risk active
766381908,0,1,4597,80,0.511,4,4,2473.0,42,0.00064166007,1,Lower-risk active
719109783,0,3,4323,72,0.138,3,2,13103.0,32,0.0038116921,5,Lower-risk active
796236258,0,1,4030,86,0.458,5,2,2465.0,42,0.00055347505,1,Lower-risk active
709700058,0,2,4451,70,0.163,5,2,6081.0,33,0.011166732,6,Lower-risk active
716905158,0,1,3904,72,0.0,3,3,21815.0,30,0.00094491564,2,Lower-risk active
718851783,0,3,3924,65,0.069,4,2,34516.0,37,0.03131171,7,Lower-risk active
709709283,1,2,2256,40,0.093,1,4,3458.0,19,0.99845076,10,Contacted but fragile
711993258,0,3,4240,73,0.249,5,2,8264.0,39,0.0021878413,4,Lower-risk active
780105483,1,4,2799,49,0.222,3,4,1697.0,50,0.99537647,10,Dormant high-risk
718350033,0,2,2909,58,0.613,3,2,3069.0,36,0.008348042,6,Lower-risk active
715294083,1,3,1760,40,0.0,2,2,10309.0,38,0.9906579,10,Dormant high-risk
710905908,0,3,1939,30,0.272,4,3,4983.0,36,0.5222574,9,Contacted but fragile
721387008,0,2,4792,69,0.575,3,3,3103.0,24,0.0062093907,6,Lower-risk active
715411608,0,1,2978,61,0.669,3,1,1663.0,36,0.006056018,6,Lower-risk active
710598408,0,1,4557,94,0.0,6,1,2695.0,36,0.00025949103,1,Lower-risk active
718521258,0,3,3445,76,0.0,6,4,18178.0,41,0.003597848,5,Lower-risk active
713138433,0,2,3206,54,0.069,4,3,14782.0,42,0.050549198,8,Lower-risk active
718819158,0,1,4361,75,0.883,3,3,2488.0,41,0.00062799494,1,Lower-risk active
718871358,0,1,4964,82,0.0,4,1,1785.0,36,0.00075014913,1,Lower-risk active
720186258,0,2,4136,77,0.249,5,4,4701.0,31,0.0017302006,3,Lower-risk active
710197308,0,3,4089,73,0.0,4,0,1438.3,28,0.0019746358,3,Lower-risk active
817086783,0,3,2005,32,0.765,4,2,2826.0,27,0.13035785,8,Lower-risk active
749211483,0,2,4932,67,0.414,4,1,4597.0,45,0.020792346,7,Lower-risk active
789749433,0,3,4730,82,0.903,5,2,2591.0,21,0.000820154,1,Lower-risk active
715082133,0,2,3407,61,0.598,5,2,2494.0,36,0.003258371,4,Lower-risk active
714946908,0,1,3300,68,0.268,6,1,5039.0,36,0.0010638777,2,Lower-risk active
716711433,1,3,2270,46,0.02,3,1,7897.0,39,0.9856161,10,Dormant high-risk
712429458,0,3,4054,72,0.371,5,3,4772.0,38,0.0018553954,3,Lower-risk active
708406083,0,3,5211,90,0.726,5,1,3436.0,24,0.0013268889,2,Lower-risk active
720029508,0,1,4100,67,0.109,3,0,12064.0,37,0.0004710567,1,Lower-risk active
709227033,0,2,4030,73,0.171,5,3,9065.0,46,0.0018506355,3,Lower-risk active
720846558,0,3,2512,45,0.0,6,4,34516.0,36,0.989576,10,Dormant high-risk
716475183,0,3,4326,81,0.073,3,3,10290.0,35,0.0018913507,3,Lower-risk active
714296358,0,1,4831,78,0.724,4,3,3433.0,44,0.005104006,5,Lower-risk active
719998233,0,3,2922,71,0.028,6,2,34516.0,30,0.029521136,7,Lower-risk active
719217483,0,1,4200,67,0.548,5,2,3240.0,36,0.000924915,2,Lower-risk active
720479058,0,2,4379,64,0.592,4,2,1438.3,39,0.0044992147,5,Lower-risk active
779192283,0,1,4156,77,0.39,3,2,6462.0,39,0.0028171113,4,Lower-risk active
716385033,0,1,4157,71,0.272,6,3,4408.0,36,0.00084755284,2,Lower-risk active
711588708,1,3,1863,42,0.318,1,1,1438.3,36,0.9936759,10,Dormant high-risk
714492783,1,3,1517,38,0.0,3,3,1438.3,36,0.9884871,10,Dormant high-risk
709192233,1,2,1764,30,0.0,3,1,1773.0,39,0.9952501,10,Lower-risk active
797998158,0,1,3646,66,0.0,4,2,4555.0,46,0.0030916943,4,Lower-risk active
714021183,0,2,3709,66,0.034,4,3,30666.0,36,0.002432427,4,Lower-risk active
780710433,0,2,4241,77,0.0,4,2,1575.0,42,0.00083939795,2,Lower-risk active
780068283,0,3,3822,69,0.488,4,3,1891.0,38,0.004321433,5,Lower-risk active
719930658,0,2,3455,72,0.117,4,2,16634.0,24,0.0015362421,3,Lower-risk active
755593983,0,1,3873,72,0.0,6,2,7985.0,43,0.0018854343,3,Lower-risk active
770938533,0,1,3914,70,0.415,3,3,3304.0,32,0.0012606177,2,Lower-risk active
714121083,0,2,5158,68,0.241,5,2,6247.0,20,0.3394138,9,Lower-risk active
779210283,0,2,4142,74,0.691,6,4,3645.0,25,0.004993518,5,Lower-risk active
709739283,0,3,4206,75,0.099,3,3,21329.0,36,0.0017296514,3,Lower-risk active
716230158,0,1,4272,83,0.276,4,4,7234.0,36,0.0005744765,1,Lower-risk active
708724908,0,2,4113,83,0.0,4,3,2262.0,35,0.0041093146,5,Lower-risk active
789025083,0,3,4655,82,0.598,5,0,1438.3,27,0.00026096677,1,Lower-risk active
713804058,0,2,4647,81,0.525,5,3,4187.0,36,0.0038253267,5,Lower-risk active
718791708,1,2,2228,37,0.139,1,4,16362.0,32,0.9542878,9,Contacted but fragile
785529708,0,2,4333,70,0.0,6,2,34516.0,53,0.008916969,6,Lower-risk active
794528283,0,2,3383,67,0.32,4,2,2748.0,28,0.0038116504,5,Lower-risk active
794856033,0,2,4306,77,0.09,3,3,5242.0,32,0.003136201,4,Lower-risk active
712939533,0,3,3789,70,0.046,4,0,21585.0,35,0.0010365631,2,Lower-risk active
708178608,0,2,4226,73,0.0,4,2,2488.0,36,0.014339712,7,Lower-risk active
716556258,0,1,4401,60,0.0,6,3,9966.0,39,0.020336019,7,Lower-risk active
708404883,0,2,2761,57,0.0,4,4,27804.0,37,0.07334818,8,Lower-risk active
709742958,0,1,3386,65,0.073,3,3,15626.0,37,0.0015542479,3,Lower-risk active
772695033,1,4,1575,23,0.134,3,4,18800.0,37,0.9395032,9,Dormant high-risk
714850158,0,1,4150,75,0.772,5,3,1963.0,36,0.00090350927,2,Lower-risk active
708831858,1,3,1915,44,0.329,1,4,4579.0,30,0.9927114,10,Dormant high-risk
718076733,0,3,3101,73,0.045,4,3,25824.0,31,0.0042125084,5,Lower-risk active
714336333,0,2,4422,64,0.37,3,2,3429.0,40,0.0012270737,2,Lower-risk active
780006783,1,2,3109,48,0.0,3,2,15809.0,49,0.98030454,10,Lower-risk active
779741883,0,1,4274,68,0.333,6,3,2493.0,32,0.0025720506,4,Lower-risk active
780657708,0,3,3520,69,0.0,4,3,6593.0,37,0.0068689347,6,Lower-risk active
771342183,1,3,2314,43,0.0,6,2,1625.0,40,0.9929824,10,Dormant high-risk
712901283,1,3,1464,32,0.0,2,2,2121.0,36,0.859005,9,Dormant high-risk
802101858,0,3,4220,71,0.416,3,3,4757.0,34,0.0044927015,5,Lower-risk active
718473558,1,3,1402,38,0.0,5,4,8668.0,18,0.9673697,9,Dormant high-risk
743590608,0,3,4233,71,0.043,6,4,21869.0,43,0.0028051587,4,Lower-risk active
720146733,0,4,4114,66,0.762,5,2,2480.0,34,0.0028111208,4,Lower-risk active
788252358,0,4,3529,84,0.21,3,2,8190.0,40,0.0008173964,1,Lower-risk active
717740658,0,2,4134,78,0.509,5,4,1850.0,45,0.0008750311,2,Lower-risk active
714567708,0,3,4421,74,0.825,5,3,2483.0,36,0.0041603846,5,Lower-risk active
711208083,0,3,4455,77,0.495,6,2,2925.0,30,0.0015184964,3,Lower-risk active
709708233,1,4,1695,38,0.0,3,2,7066.0,29,0.9750934,9,Dormant high-risk
709957158,0,1,3942,65,0.895,5,2,2514.0,40,0.0017455168,3,Lower-risk active
828288333,0,1,3756,70,0.181,4,3,3640.0,46,0.0021748957,4,Lower-risk active
709178733,1,2,2281,37,0.203,3,3,5527.0,36,0.9851879,10,Contacted but fragile
721325133,0,1,4503,77,0.0,6,3,31625.0,36,0.0019957446,3,Lower-risk active
816606333,0,3,4218,66,0.0,6,4,32409.0,52,0.023229057,7,Lower-risk active
720454158,0,2,2840,63,0.061,6,2,9827.0,30,0.087025665,8,Lower-risk active
717444558,0,1,5237,76,0.653,4,3,2623.0,38,0.0007260259,1,Lower-risk active
816756783,0,2,4106,81,0.751,6,3,2993.0,37,0.001748905,3,Lower-risk active
715474833,0,2,4389,84,0.108,3,2,12944.0,36,0.0007114893,1,Lower-risk active
718271958,0,1,4465,63,0.23,5,4,6401.0,34,0.002780741,4,Lower-risk active
708924783,0,1,4024,62,0.387,4,0,5506.0,36,0.0007599993,1,Lower-risk active
717669483,0,3,1737,38,0.0,3,1,34516.0,44,0.52435815,9,Lower-risk active
809360883,0,1,3160,59,0.101,3,1,17673.0,41,0.0038520922,5,Lower-risk active
717176508,0,3,4171,80,0.439,5,4,2656.0,34,0.0014456166,3,Lower-risk active
711571383,0,1,4434,81,0.178,3,1,6118.0,37,0.00033050575,1,Lower-risk active
713444058,0,1,3381,51,0.128,3,1,17437.0,31,0.06442383,8,Lower-risk active
713253858,1,2,2176,40,0.0,2,3,1461.0,37,0.99877447,10,Contacted but fragile
719609433,0,3,4671,69,0.776,5,2,1965.0,43,0.0033976585,4,Lower-risk active
797234508,0,2,1481,20,0.0,3,4,30899.0,45,0.72231895,9,Contacted but fragile
714537258,0,2,3779,78,0.128,3,1,8876.0,36,0.00088277156,2,Lower-risk active
793412958,0,1,4382,88,0.615,3,3,2440.0,38,0.00021923521,1,Lower-risk active
714680208,0,3,4533,69,0.798,5,4,1652.0,45,0.0036655436,5,Lower-risk active
715240683,0,2,3718,66,0.084,3,3,15535.0,37,0.0044192635,5,Lower-risk active
803796708,1,4,1097,28,0.0,2,4,13354.0,46,0.99659663,10,Dormant high-risk
717368208,1,2,2138,43,0.0,6,4,26723.0,36,0.95879406,9,Contacted but fragile
802662858,0,1,3495,64,0.513,5,4,3949.0,49,0.0014639462,3,Lower-risk active
780206958,0,2,4228,70,0.357,3,2,5937.0,39,0.0023343384,4,Lower-risk active
779906658,0,2,3142,62,0.063,3,4,18806.0,24,0.008064608,6,Lower-risk active
772341783,1,2,1801,48,0.717,3,6,3512.0,35,0.90404916,9,Contacted but fragile
711491283,0,3,2959,63,0.64,4,0,1975.0,36,0.005454236,5,Lower-risk active
720211533,0,2,4713,77,0.284,5,3,2888.0,33,0.003952945,5,Lower-risk active
715409733,1,2,2385,33,0.0,2,3,2263.0,36,0.99905366,10,Contacted but fragile
710974308,0,3,3587,66,0.062,3,4,26792.0,36,0.007872281,6,Lower-risk active
715732533,1,1,2108,51,0.173,4,3,9375.0,36,0.4978686,9,Lower-risk active
713722608,1,1,1757,35,0.896,3,4,2806.0,35,0.92795867,9,Contacted but fragile
709101258,1,2,2180,46,0.355,4,2,1478.0,28,0.9651871,9,Lower-risk active
708588408,0,2,4421,74,0.235,6,2,6836.0,36,0.0020342593,3,Lower-risk active
721427358,1,1,2108,47,0.0,6,3,8757.0,28,0.912906,9,Contacted but fragile
717099408,0,3,4583,87,0.0,6,2,10529.0,29,0.0015323428,3,Lower-risk active
715155033,0,1,5224,85,0.459,6,4,2122.0,49,0.0008986566,2,Lower-risk active
789586833,0,2,4053,85,0.601,5,1,2883.0,38,0.0010040556,2,Lower-risk active
709338633,1,4,1542,45,0.0,2,3,2339.0,37,0.9840614,10,Dormant high-risk
714106833,0,3,4239,69,0.438,6,1,5225.0,47,0.006257769,6,Lower-risk active
741116058,0,2,2144,42,0.542,5,4,2582.0,41,0.57633644,9,Contacted but fragile
813755658,0,2,3598,72,0.0,6,1,11524.0,55,0.0056050406,5,Lower-risk active
718855983,0,3,4010,69,0.141,3,4,13039.0,36,0.0068710074,6,Lower-risk active
711245433,1,3,2281,41,0.0,5,3,2509.0,41,0.9937178,10,Dormant high-risk
814219008,0,2,3953,69,0.595,5,2,1456.0,56,0.0017944257,3,Lower-risk active
711916533,0,1,4734,83,0.336,5,2,5612.0,44,0.00044412562,1,Lower-risk active
715182108,0,1,4626,78,0.632,6,3,3025.0,35,0.0005338256,1,Lower-risk active
717078933,0,2,4256,69,0.599,3,4,4205.0,29,0.019069983,7,Lower-risk active
719491233,0,2,4313,72,0.716,6,3,3515.0,42,0.010806311,6,Lower-risk active
789520533,0,3,4551,65,0.071,6,2,26174.0,44,0.0038595705,5,Lower-risk active
714738033,0,3,5428,85,0.652,5,2,1602.0,25,0.0020585163,3,Lower-risk active
718576908,0,1,4305,63,0.0,4,3,29939.0,36,0.0067833522,6,Lower-risk active
715093383,0,1,4450,68,0.756,3,3,2115.0,41,0.0022143682,4,Lower-risk active
717195933,1,2,2431,37,0.0,2,3,5298.0,30,0.9977997,10,Contacted but fragile
747107508,0,3,4269,88,0.8,4,1,2433.0,49,0.00054098736,1,Lower-risk active
717920583,0,2,4673,59,0.0,5,2,1443.0,49,0.1558131,8,Lower-risk active
710516283,0,1,4134,60,0.184,4,4,9758.0,37,0.0014528192,3,Lower-risk active
787593558,0,3,3740,55,0.495,6,0,4562.0,34,0.009718059,6,Lower-risk active
778747608,0,3,4022,61,0.0,3,2,1438.3,46,0.050176702,8,Lower-risk active
714431058,0,2,4342,72,0.379,4,4,4210.0,36,0.0016330277,3,Lower-risk active
708801108,1,0,2113,38,0.0,3,3,1438.3,51,0.99754745,10,Contacted but fragile
715948833,0,2,5031,79,0.054,4,4,24931.0,39,0.0018937638,3,Lower-risk active
770667408,0,1,4768,81,0.269,3,3,8854.0,33,0.0016781937,3,Lower-risk active
823590483,0,1,4027,75,0.77,3,1,2230.0,56,0.0015345513,3,Lower-risk active
710635083,0,1,3475,52,0.021,5,2,28327.0,38,0.15522406,8,Lower-risk active
716408058,0,3,3673,72,0.519,5,4,2500.0,36,0.0023109864,4,Lower-risk active
713803158,0,1,4611,91,0.0,4,3,9246.0,33,0.000614892,1,Lower-risk active
713593683,0,3,3504,60,0.142,5,3,11155.0,28,0.0022775831,4,Lower-risk active
709339758,0,2,3778,84,0.148,4,3,11926.0,30,0.0010572562,2,Lower-risk active
789382758,1,3,2050,51,0.0,6,3,5501.0,44,0.8921623,9,Dormant high-risk
813427833,0,2,4812,77,0.4,3,1,2110.0,40,0.0026188241,4,Lower-risk active
717846108,0,3,3734,74,0.07,5,2,12994.0,34,0.0018408983,3,Lower-risk active
720968583,0,1,3226,63,0.071,3,2,29551.0,45,0.002228113,4,Lower-risk active
721437333,1,2,2027,39,0.498,2,2,5054.0,36,0.9953542,10,Mono-product exposed
709134333,0,2,4674,67,0.718,6,3,3136.0,28,0.004219016,5,Lower-risk active
712630608,0,3,4430,69,0.254,3,4,6109.0,35,0.0029860896,4,Lower-risk active
712404483,0,3,5189,82,0.63,4,1,3989.0,36,0.012990412,7,Lower-risk active
717812133,0,1,4006,65,0.375,3,3,3315.0,13,0.0060931453,6,Lower-risk active
714926508,0,4,2275,46,0.056,5,2,34516.0,45,0.81071943,9,Dormant high-risk
771474108,0,2,4455,63,0.568,3,2,1794.0,28,0.0069548977,6,Lower-risk active
709774608,0,3,3464,64,0.264,4,4,5993.0,36,0.007235414,6,Lower-risk active
718802283,0,2,4128,82,0.0,3,1,8320.0,31,0.009138638,6,Lower-risk active
711626658,1,3,1971,45,0.0,2,4,1930.0,36,0.999483,10,Dormant high-risk
789354783,0,3,4286,86,0.629,5,0,2329.0,32,0.00031850472,1,Lower-risk active
720486408,0,3,4436,73,0.526,3,0,1438.3,36,0.003885126,5,Lower-risk active
717793983,1,3,2503,49,0.0,2,1,18128.0,45,0.98082906,10,Dormant high-risk
718582158,0,3,4183,74,0.161,3,4,10642.0,35,0.002343497,4,Lower-risk active
713127708,0,1,3766,63,0.0,5,4,2230.0,26,0.004815483,5,Lower-risk active
717112533,0,2,4058,88,0.0,6,0,6946.0,42,0.0003371316,1,Lower-risk active
713681433,0,2,5007,91,0.09,5,4,9716.0,39,0.0006535293,1,Lower-risk active
718846008,0,3,3900,62,0.343,6,1,4377.0,36,0.0018330563,3,Lower-risk active
714119283,1,3,2257,51,0.0,3,3,2516.0,34,0.9934701,10,Dormant high-risk
713056083,0,2,4037,87,0.0,4,4,34516.0,46,0.0035055631,4,Lower-risk active
718538958,0,3,4564,82,0.0,6,4,1844.0,43,0.0026427247,4,Lower-risk active
710353233,0,3,4288,47,0.084,4,2,13233.0,39,0.7868827,9,Dormant high-risk
713853858,0,2,2589,57,0.042,5,2,34516.0,31,0.11049231,8,Lower-risk active
710342508,0,3,4004,76,0.0,3,4,1593.0,36,0.0041298773,5,Lower-risk active
787563858,0,2,3553,63,0.08,4,3,8589.0,41,0.0053723566,5,Lower-risk active
799239033,1,3,2279,46,0.0,1,4,1714.0,47,0.9989629,10,Dormant high-risk
710733183,0,1,3631,67,0.587,6,2,1438.3,36,0.0008284931,2,Lower-risk active
718489608,0,2,4668,69,0.801,6,2,2433.0,36,0.0026813056,4,Lower-risk active
758824608,0,2,3370,69,0.083,5,4,21148.0,40,0.0027377075,4,Lower-risk active
780984408,0,3,4070,63,0.261,3,3,7487.0,50,0.007905253,6,Lower-risk active
814483608,1,3,1860,43,0.434,1,3,5798.0,42,0.9970059,10,Dormant high-risk
708848208,0,3,4223,81,0.051,6,2,34516.0,40,0.0010185635,2,Lower-risk active
719713683,0,2,4921,81,0.312,6,2,7608.0,37,0.0045812367,5,Lower-risk active
715514133,1,3,1973,42,0.0,3,4,2184.0,31,0.9745112,9,Dormant high-risk
715955208,0,3,4530,72,0.837,3,2,2189.0,26,0.0018330589,3,Lower-risk active
794707083,1,2,2131,41,0.0,5,4,3495.0,44,0.98686045,10,Contacted but fragile
805313808,1,2,2409,38,0.017,2,3,8018.0,47,0.9990331,10,Contacted but fragile
772922883,1,3,1874,42,0.0,3,4,20543.0,22,0.9381461,9,Dormant high-risk
715716333,0,2,4273,87,0.0,6,2,18819.0,50,0.0011744497,2,Lower-risk active
714502458,0,2,3748,79,0.036,6,4,17811.0,36,0.001792592,3,Lower-risk active
712444533,0,2,3880,68,0.0,6,0,14418.0,36,0.0029067874,4,Lower-risk active
797748708,0,3,5001,66,0.514,5,4,3936.0,38,0.17608821,8,Lower-risk active
780203883,0,3,4375,73,0.0,6,2,5738.0,33,0.0078003076,6,Lower-risk active
720616908,0,1,3918,67,0.0,5,2,34516.0,36,0.0015759442,3,Lower-risk active
817038333,0,3,4042,72,0.479,4,4,1513.0,40,0.0014394857,3,Lower-risk active
713333433,1,4,1477,30,0.0,3,4,18075.0,41,0.894755,9,Dormant high-risk
710820783,0,1,4246,78,0.0,6,2,5989.0,36,0.0007031363,1,Lower-risk active
720338658,0,2,2998,60,0.652,3,2,2490.0,42,0.022913463,7,Lower-risk active
803938908,0,2,4546,81,0.0,4,2,2659.0,44,0.0038038797,5,Lower-risk active
787921383,1,4,1461,43,0.067,2,4,34516.0,44,0.96234983,9,Dormant high-risk
787849833,0,2,4205,75,0.124,4,0,13490.0,40,0.0007246852,1,Lower-risk active
721143258,0,4,4804,66,0.48,6,3,1664.0,33,0.016469944,7,Lower-risk active
709335558,0,3,3367,65,0.212,6,3,7753.0,37,0.0023220521,4,Lower-risk active
806619333,0,2,5154,80,0.717,4,3,2909.0,31,0.004492891,5,Lower-risk active
719378658,0,3,4745,69,0.04,6,4,34516.0,36,0.0082952455,6,Lower-risk active
720670458,0,1,3496,58,0.449,3,3,3476.0,45,0.0050654556,5,Lower-risk active
716955783,0,2,4418,59,0.072,6,2,16026.0,36,0.14116502,8,Lower-risk active
817970208,0,3,4501,67,0.493,4,2,2705.0,40,0.0071327793,6,Lower-risk active
708506508,0,3,4887,90,0.397,5,2,2884.0,43,0.00066346553,1,Lower-risk active
750147483,0,1,5320,62,0.104,6,4,24299.0,37,0.311513,9,Lower-risk active
715540233,0,1,4615,79,0.11,6,2,20755.0,34,0.00039219394,1,Lower-risk active
807584958,1,2,1882,39,0.0,2,5,21096.0,45,0.9912458,10,Contacted but fragile
720686583,0,3,4487,73,0.0,5,4,6457.0,37,0.022595255,7,Lower-risk active
820637433,0,2,4041,66,0.0,5,3,1603.0,40,0.014215101,7,Lower-risk active
716346183,0,6,4169,72,0.172,3,3,9051.0,37,0.0034359249,4,Lower-risk active
715405758,1,0,2383,42,0.0,5,4,10057.0,42,0.9848408,10,Contacted but fragile
710094108,0,2,5212,79,0.844,6,3,2043.0,27,0.0014574461,3,Lower-risk active
713168733,0,3,3887,61,0.858,6,3,2802.0,56,0.09713773,8,Lower-risk active
708614058,0,2,3870,67,0.862,4,4,1960.0,45,0.0033697737,4,Lower-risk active
718088133,0,1,1901,27,0.452,6,0,2348.0,36,0.00032593388,1,Lower-risk active
720614658,0,4,3879,95,0.0,6,2,2978.0,25,0.00085976644,2,Lower-risk active
716695533,0,3,3875,75,0.772,3,3,2017.0,29,0.0017601419,3,Lower-risk active
717091533,0,2,4253,84,0.086,5,3,13613.0,36,0.000737735,1,Lower-risk active
713231658,0,2,3744,52,0.201,6,3,5553.0,33,0.19412814,8,Lower-risk active
715675458,0,1,3837,85,0.091,6,2,6346.0,41,0.001065026,2,Lower-risk active
712463883,0,2,3342,63,0.041,4,3,34516.0,38,0.0017835948,3,Lower-risk active
708489258,0,3,3561,72,0.687,5,3,1438.3,27,0.0028668395,4,Lower-risk active
708403308,0,1,4392,68,0.11,3,3,15133.0,24,0.0018389873,3,Lower-risk active
769684158,0,3,3763,75,0.595,3,2,2502.0,36,0.0017987646,3,Lower-risk active
710349258,0,2,4133,68,0.793,3,2,2589.0,36,0.0018914975,3,Lower-risk active
713940033,0,1,3514,79,0.713,5,3,2049.0,36,0.0003439757,1,Lower-risk active
713482608,0,1,4060,79,0.211,6,2,3560.0,35,0.0002904822,1,Lower-risk active
714571008,0,2,4553,78,0.0,3,3,1438.3,36,0.004699369,5,Lower-risk active
715354008,0,1,3785,68,0.0,6,2,25937.0,36,0.0016148839,3,Lower-risk active
819363708,0,2,3909,67,0.621,4,3,2387.0,38,0.0034030508,4,Lower-risk active
712014708,0,1,4518,90,0.515,4,2,2912.0,36,0.00027212113,1,Lower-risk active
788717358,0,2,3432,68,0.178,3,2,7062.0,38,0.0017053433,3,Lower-risk active
710413533,0,3,4785,66,0.089,3,3,12186.0,51,0.034370977,7,Lower-risk active
718515483,1,3,3289,47,0.705,2,5,3570.0,52,0.9639652,9,Dormant high-risk
715059258,0,4,4245,82,0.641,6,4,3072.0,32,0.0011334157,2,Lower-risk active
713852958,0,3,3893,81,0.057,5,3,31501.0,41,0.0015984436,3,Lower-risk active
767835558,0,1,3536,69,0.425,5,3,5928.0,36,0.005005713,5,Lower-risk active
721531683,0,1,4076,81,0.0,3,3,8482.0,36,0.0012092498,2,Lower-risk active
720660558,0,3,4770,89,0.088,4,4,23911.0,36,0.0037015176,5,Lower-risk active
814845933,0,3,3628,74,0.0,4,3,1438.3,56,0.0049195006,5,Lower-risk active
773155533,0,3,4739,89,0.25,5,3,3261.0,42,0.0018276741,3,Lower-risk active
711199908,0,1,3057,71,0.532,3,2,2317.0,30,0.0012920322,2,Lower-risk active
721398858,0,3,4160,76,0.0,5,4,33913.0,34,0.004354999,5,Lower-risk active
715664808,1,3,2427,51,0.0,3,3,34516.0,30,0.9761313,10,Dormant high-risk
715500558,0,1,4120,78,0.473,3,4,1637.0,36,0.00031971646,1,Lower-risk active
719239158,0,3,3912,72,0.0,4,2,5448.0,39,0.008281575,6,Lower-risk active
820633833,0,2,4074,72,0.184,5,4,5152.0,56,0.0019856081,3,Lower-risk active
720551733,1,3,2631,41,0.0,3,6,15195.0,26,0.99856573,10,Dormant high-risk
718487958,0,3,3971,76,0.466,5,0,2799.0,41,0.00044398702,1,Lower-risk active
710533233,1,3,2139,47,0.0,3,4,1438.3,29,0.9914259,10,Dormant high-risk
778878633,0,3,3400,67,0.487,6,1,1817.0,32,0.002691654,4,Lower-risk active
720197058,1,3,2505,45,0.0,1,4,3443.0,33,0.99893016,10,Dormant high-risk
716317458,1,3,1723,44,0.0,3,3,4281.0,36,0.98617065,10,Dormant high-risk
718569258,0,3,4170,73,0.48,5,3,2029.0,36,0.002787778,4,Lower-risk active
711649908,0,3,4208,67,0.734,5,2,1438.3,15,0.0036471356,5,Lower-risk active
720879708,0,2,2853,64,0.046,3,4,28186.0,44,0.023077473,7,Lower-risk active
815761908,0,3,3722,72,0.0,6,2,34516.0,41,0.00505667,5,Lower-risk active
711850533,0,1,4272,71,0.0,5,4,3818.0,36,0.0047207056,5,Lower-risk active
721028283,0,1,3353,86,0.101,4,3,11494.0,28,0.0010325364,2,Lower-risk active
710763783,0,1,3676,47,0.027,4,3,28142.0,32,0.070499904,8,Lower-risk active
720432858,0,1,3471,63,0.652,4,3,2316.0,36,0.0016350565,3,Lower-risk active
772525308,0,2,3651,69,0.16,5,4,10533.0,33,0.009278567,6,Lower-risk active
767354208,0,2,3993,75,0.0,4,1,14322.0,41,0.0054625273,5,Lower-risk active
715670058,0,2,3806,76,0.048,5,4,34516.0,38,0.002169086,4,Lower-risk active
713856708,0,1,4327,79,0.37,5,2,6798.0,36,0.002388278,4,Lower-risk active
758086458,0,3,4111,62,0.0,3,4,1438.3,39,0.05245262,8,Lower-risk active
717035283,1,3,2216,39,0.347,2,4,2445.0,37,0.9925218,10,Dormant high-risk
709604958,0,3,3480,64,0.715,3,4,2585.0,36,0.0041165375,5,Lower-risk active
714931458,0,2,4102,78,0.0,3,3,1438.3,42,0.0022521045,4,Lower-risk active
711047658,0,2,4775,83,0.738,4,2,1781.0,38,0.00079157,1,Lower-risk active
718110858,1,3,2628,41,0.0,2,5,1606.0,36,0.9992343,10,Dormant high-risk
716385858,0,2,4921,90,0.565,5,4,2205.0,28,0.0011261808,2,Lower-risk active
708812133,0,3,4110,75,0.726,5,0,2270.0,39,0.00049774745,1,Lower-risk active
787655058,0,2,4254,85,0.73,5,3,2568.0,37,0.00095500005,2,Lower-risk active
803113383,1,4,2222,54,0.0,3,3,3292.0,49,0.9911142,10,Dormant high-risk
721273008,1,3,1739,38,0.116,6,4,10797.0,43,0.7897972,9,Dormant high-risk
715762083,0,3,2525,45,0.067,6,2,30501.0,36,0.75188303,9,Dormant high-risk
711629733,0,3,3282,66,0.279,5,1,5371.0,34,0.0059323735,6,Lower-risk active
718410258,0,4,4207,80,0.0,5,4,13441.0,28,0.0024694214,4,Lower-risk active
719745558,0,2,4626,77,0.189,4,2,9137.0,36,0.0042240256,5,Lower-risk active
820282383,1,3,2000,32,0.43,6,3,5848.0,40,0.97203505,9,Dormant high-risk
793543758,0,2,4601,77,0.074,3,4,10614.0,41,0.0016356029,3,Lower-risk active
778224858,0,3,4589,89,0.249,3,4,4035.0,32,0.0013859484,3,Lower-risk active
712555233,0,1,2023,38,0.169,4,2,4205.0,48,0.40707898,9,Lower-risk active
718516533,0,2,3944,78,0.849,6,3,2586.0,36,0.00095731445,2,Lower-risk active
708923658,0,2,4466,92,0.196,3,2,7234.0,28,0.0004427862,1,Lower-risk active
717708783,0,3,4303,77,0.041,6,4,34516.0,51,0.0024018097,4,Lower-risk active
780688383,0,2,3534,56,0.0,4,3,21114.0,24,0.03470817,7,Lower-risk active
718821783,0,1,4697,73,0.676,4,3,2522.0,48,0.002674364,4,Lower-risk active
718163808,0,3,4809,71,0.0,6,4,11309.0,24,0.014015522,7,Lower-risk active
712693908,1,4,1871,32,0.056,2,1,13883.0,31,0.92441607,9,Dormant high-risk
711286533,0,1,5067,62,0.0,5,2,13448.0,31,0.073363654,8,Lower-risk active
711655683,0,2,2996,62,0.0,4,4,25991.0,46,0.03901236,7,Lower-risk active
718188858,0,1,4964,84,0.432,5,2,2537.0,36,0.0007097235,1,Lower-risk active
718514283,0,2,3895,67,0.552,5,2,1438.3,36,0.003948892,5,Lower-risk active
708642708,1,2,1484,33,0.0,3,3,13019.0,36,0.87563175,9,Contacted but fragile
811475733,1,2,2432,48,0.0,2,3,3339.0,48,0.99671966,10,Contacted but fragile
712089108,0,3,4631,76,0.04,6,3,28390.0,37,0.0046478007,5,Lower-risk active
710761533,0,2,4190,87,0.069,3,3,23665.0,33,0.0009680815,2,Lower-risk active
714963558,0,2,4374,71,0.0,4,3,1438.3,36,0.0050104368,5,Lower-risk active
714834258,0,2,4343,83,0.458,5,4,2459.0,36,0.00084820477,2,Lower-risk active
713788083,1,2,1897,35,0.0,4,5,1624.0,36,0.9864898,10,Contacted but fragile
719583558,0,2,4710,70,0.191,6,3,8900.0,40,0.012567186,6,Lower-risk active
744705408,0,3,4241,61,0.224,5,2,5239.0,41,0.004813077,5,Lower-risk active
713240133,0,3,5099,60,0.158,4,1,9351.0,36,0.2131317,8,Lower-risk active
815015283,0,2,4025,62,0.621,4,2,2655.0,38,0.0046300963,5,Lower-risk active
718072758,0,2,4030,73,0.793,5,1,3173.0,45,0.0051821726,5,Lower-risk active
709127808,0,2,3502,57,0.213,5,1,6243.0,35,0.004576403,5,Lower-risk active
715080258,0,2,4814,89,0.162,3,3,6730.0,36,0.003339607,4,Lower-risk active
709567758,0,1,3339,71,0.894,4,2,2490.0,29,0.00097200525,2,Lower-risk active
780067158,1,3,1907,47,0.634,2,3,1746.0,36,0.9601754,9,Dormant high-risk
715357308,0,1,3512,65,0.344,3,2,4141.0,36,0.0016350377,3,Lower-risk active
720559908,0,1,4900,61,0.056,6,4,11684.0,46,0.052206654,8,Lower-risk active
720339558,0,1,3887,71,0.209,3,2,2363.0,36,0.0012497553,2,Lower-risk active
809599158,1,3,1626,28,0.0,2,4,34516.0,43,0.9834293,10,Dormant high-risk
793269933,0,3,4540,78,0.0,6,2,28829.0,40,0.0062792804,6,Lower-risk active
809978733,0,2,4415,77,0.519,3,3,1438.3,28,0.0013460175,2,Lower-risk active
788996058,0,2,3841,69,0.722,4,4,2730.0,34,0.002293899,4,Lower-risk active
712575708,0,1,4455,82,0.589,5,4,1994.0,36,0.00041410897,1,Lower-risk active
789625383,0,3,3543,62,0.167,4,3,9727.0,42,0.01086486,6,Lower-risk active
719730258,0,2,3819,75,0.0,4,3,33771.0,36,0.0025277077,4,Lower-risk active
793717608,0,2,3592,79,0.107,6,0,10452.0,33,0.00010599104,1,Lower-risk active
709798908,1,3,2611,43,0.0,3,4,2858.0,32,0.9969478,10,Dormant high-risk
716077458,0,2,3188,71,0.238,4,4,4707.0,36,0.0029259487,4,Lower-risk active
813435108,0,2,4726,78,0.0,5,1,3537.0,44,0.0024471544,4,Lower-risk active
708084558,1,3,1447,23,0.214,6,3,8258.0,38,0.83896863,9,Dormant high-risk
719880408,0,3,3992,57,0.524,6,1,3072.0,35,0.03172638,7,Lower-risk active
719343633,0,3,4900,89,0.1,4,3,8892.0,38,0.0010683317,2,Lower-risk active
718711158,1,2,2680,51,0.655,1,3,3841.0,36,0.9943492,10,Contacted but fragile
717443658,0,3,4715,81,0.0,4,1,1920.0,28,0.0012731368,2,Lower-risk active
715976433,0,2,4212,75,0.242,4,4,7802.0,31,0.0013994956,3,Lower-risk active
719038008,0,2,4862,41,0.699,3,2,1705.0,35,0.94132835,9,Lower-risk active
709143183,1,2,2538,39,0.881,3,4,1822.0,43,0.97803706,10,Contacted but fragile
710186958,0,3,4431,82,0.215,6,4,9294.0,32,0.001167499,2,Lower-risk active
709274583,0,3,4806,91,0.108,5,1,12248.0,27,0.00047818967,1,Lower-risk active
816864483,0,2,4003,74,0.078,4,2,10264.0,34,0.0012774732,2,Lower-risk active
708271833,0,2,3464,67,0.122,3,3,15069.0,36,0.0047539994,5,Lower-risk active
821759658,1,2,2014,54,0.044,3,3,4650.0,37,0.84292406,9,Contacted but fragile
820920408,0,2,4012,59,0.0,3,2,3685.0,48,0.09436344,8,Lower-risk active
718403358,0,2,3912,67,0.348,4,1,7231.0,33,0.02329342,7,Lower-risk active
713476758,0,1,4309,77,0.158,4,1,10007.0,32,0.000586696,1,Lower-risk active
720690933,0,1,4279,67,0.6,5,3,2641.0,39,0.0009800778,2,Lower-risk active
719252583,0,2,4642,92,0.481,4,1,3095.0,20,0.0008133108,1,Lower-risk active
712783083,1,2,2013,35,0.0,1,3,3607.0,37,0.9985643,10,Contacted but fragile
771204108,0,1,3896,67,0.603,3,0,1954.0,23,0.00088524044,2,Lower-risk active
817247658,0,2,3814,67,0.0,6,3,21317.0,27,0.0025279736,4,Lower-risk active
821749608,1,3,1937,51,0.0,3,3,19402.0,37,0.9513808,9,Dormant high-risk
714389883,0,3,4275,77,0.184,6,1,8063.0,36,0.0012109661,2,Lower-risk active
713648208,0,2,4624,86,0.778,6,2,3097.0,32,0.003097467,4,Lower-risk active
826261008,1,3,2054,46,0.0,3,2,1438.3,44,0.9819328,10,Dormant high-risk
824163333,0,2,4307,66,0.767,3,4,3161.0,39,0.008675449,6,Lower-risk active
709444983,1,2,1460,32,0.999,3,3,2435.0,30,0.96179193,9,Contacted but fragile
711154908,0,2,4319,76,0.583,5,2,1845.0,40,0.0022857036,4,Lower-risk active
769575783,1,3,2644,43,0.467,3,3,1603.0,41,0.993455,10,Dormant high-risk
720334833,0,1,4719,91,0.397,4,2,4710.0,30,0.00035061603,1,Lower-risk active
709563258,1,3,2108,40,0.819,2,2,2751.0,41,0.99732566,10,Dormant high-risk
708205083,0,4,4815,81,0.0,6,3,1438.3,28,0.0017427233,3,Lower-risk active
715276683,0,1,5495,69,0.069,5,4,24287.0,45,0.07926368,8,Lower-risk active
721254858,0,1,3857,70,0.634,6,1,1694.0,18,0.0011222761,2,Lower-risk active
712257258,1,2,1441,39,0.0,4,5,1457.0,36,0.85800976,9,Contacted but fragile
789616158,0,1,3444,52,0.0,6,3,25045.0,27,0.065213755,8,Lower-risk active
708773583,0,2,3987,64,0.157,5,0,10859.0,45,0.0010265587,2,Lower-risk active
711110733,0,2,3355,66,0.09,3,1,16928.0,33,0.0027502992,4,Lower-risk active
714043008,0,3,4310,76,0.0,6,4,4297.0,30,0.0029338454,4,Lower-risk active
780602733,0,2,3221,66,0.156,4,3,8302.0,30,0.0051360773,5,Lower-risk active
823557333,0,3,4457,86,0.921,5,3,2734.0,39,0.0034942098,4,Lower-risk active
772825308,0,2,4231,60,0.055,4,3,27374.0,31,0.0052739964,5,Lower-risk active
713251008,0,3,3921,63,0.626,6,1,2960.0,38,0.0076551493,6,Lower-risk active
711175083,0,2,2999,75,0.0,4,3,9110.0,41,0.012446793,6,Lower-risk active
756477333,0,3,4793,71,0.0,4,1,1539.0,35,0.015182017,7,Lower-risk active
712294983,0,2,4496,71,0.596,4,4,1947.0,36,0.00029997135,1,Lower-risk active
717023508,0,1,4883,85,0.582,6,2,2667.0,36,0.00040674812,1,Lower-risk active
709869708,0,1,4037,71,0.666,5,4,3062.0,45,0.0012479388,2,Lower-risk active
772133808,0,5,4342,62,0.34,6,0,3114.0,36,0.0012572651,2,Lower-risk active
768196008,0,2,3094,56,0.144,5,3,14948.0,48,0.040634323,7,Lower-risk active
708916083,1,2,2510,38,0.0,5,3,1749.0,37,0.99295276,10,Contacted but fragile
789526458,0,2,3965,57,0.673,4,1,2534.0,36,0.0045870417,5,Lower-risk active
716079708,0,2,4647,65,0.948,5,2,2503.0,36,0.00646776,6,Lower-risk active
720087708,0,3,5245,89,0.0,4,2,1854.0,31,0.007213086,6,Lower-risk active
714259533,0,1,5001,88,0.152,3,3,4092.0,35,0.0010585851,2,Lower-risk active
714691683,0,1,4942,76,0.046,4,4,13284.0,54,0.006431761,6,Lower-risk active
768420558,0,3,3365,63,0.304,6,4,4830.0,53,0.005930448,6,Lower-risk active
778364583,1,2,1656,31,0.155,3,3,5911.0,25,0.6684609,9,Contacted but fragile
719186433,0,2,3793,86,0.121,3,2,11012.0,44,0.0006695677,1,Lower-risk active
719951208,0,3,4366,69,0.0,5,2,19188.0,24,0.0042549283,5,Lower-risk active
720182658,0,2,4473,72,0.052,4,3,18056.0,31,0.0025976114,4,Lower-risk active
789022233,0,5,4457,69,0.524,6,2,1438.3,37,0.0026511033,4,Lower-risk active
778353183,0,2,5155,77,0.307,5,3,3201.0,13,0.0015214137,3,Lower-risk active
713789883,0,1,5116,75,0.679,6,1,1479.0,36,0.00053837826,1,Lower-risk active
773018583,0,1,4717,75,0.705,5,2,3144.0,30,0.0009774142,2,Lower-risk active
771354633,0,3,3292,73,0.798,5,4,1854.0,45,0.0035730868,5,Lower-risk active
717308433,1,3,2253,39,0.0,3,3,1960.0,43,0.99705815,10,Dormant high-risk
712271958,0,2,3672,75,0.183,4,3,9782.0,36,0.0013850677,3,Lower-risk active
716736858,0,3,3774,80,0.0,3,2,3144.0,39,0.0046316655,5,Lower-risk active
713796033,1,3,1900,36,0.0,6,3,4738.0,42,0.93228376,9,Dormant high-risk
710812533,1,2,1987,46,0.004,4,3,34516.0,36,0.9595048,9,Contacted but fragile
782555058,0,2,4432,92,0.595,4,3,1438.3,29,0.00048532468,1,Lower-risk active
714864333,1,1,1370,38,0.0,4,2,34516.0,37,0.16492255,8,Lower-risk active
787918158,0,2,4106,66,0.517,5,4,2156.0,23,0.0019055977,3,Lower-risk active
779070033,0,4,3974,56,0.0,3,2,1938.0,44,0.15498061,8,Lower-risk active
789945933,0,3,3560,67,0.0,3,1,1438.3,52,0.011577984,6,Lower-risk active
720810783,1,3,2310,43,0.448,2,3,3781.0,44,0.97393143,9,Dormant high-risk
715627833,0,2,4539,75,0.056,6,0,34516.0,37,0.0004529864,1,Lower-risk active
809538783,0,2,4109,72,0.736,6,3,1438.3,44,0.0012576148,2,Lower-risk active
715987758,1,2,3081,50,0.0,3,1,3261.0,36,0.92986566,9,Lower-risk active
711967158,0,3,4359,79,0.62,6,1,2211.0,23,0.00034562845,1,Lower-risk active
712325433,0,2,4131,80,0.53,6,2,1493.0,28,0.000684187,1,Lower-risk active
716470683,0,1,4827,77,0.099,3,3,20631.0,36,0.00046909993,1,Lower-risk active
713289183,0,2,4270,76,0.73,6,1,2255.0,33,0.0008253798,1,Lower-risk active
711549408,0,1,4126,90,0.638,5,3,1507.0,42,0.00040020057,1,Lower-risk active
709523508,0,1,4836,83,0.0,5,2,11097.0,53,0.002335656,4,Lower-risk active
717578358,0,1,4334,80,0.209,5,1,8162.0,40,0.0004390941,1,Lower-risk active
711673983,0,1,4537,81,0.084,3,2,18721.0,36,0.00028803165,1,Lower-risk active
713388108,1,2,2162,36,0.0,4,3,5210.0,51,0.9788132,10,Contacted but fragile
715679733,0,2,3462,67,0.872,5,4,1736.0,36,0.0038259537,5,Lower-risk active
779694183,0,2,3833,73,0.766,5,4,1864.0,34,0.0014655162,3,Lower-risk active
788544108,0,3,4037,74,0.157,4,0,6611.0,37,0.00060623226,1,Lower-risk active
715583283,0,1,4068,66,0.263,4,4,7942.0,13,0.004021802,5,Lower-risk active
719917233,1,3,1828,45,0.087,3,2,13382.0,36,0.85505074,9,Dormant high-risk
717103758,1,0,2616,42,0.0,5,2,18550.0,55,0.90305775,9,Lower-risk active
714621183,0,3,4512,80,0.621,4,4,2650.0,36,0.002578476,4,Lower-risk active
721365033,1,2,2095,43,0.0,3,4,1696.0,36,0.9774336,10,Contacted but fragile
712999008,0,1,4316,72,0.674,3,1,2628.0,33,0.00053659134,1,Lower-risk active
780790008,0,3,3967,69,0.386,6,2,1457.0,39,0.0077412394,6,Lower-risk active
779499933,0,1,4300,94,0.036,6,1,34516.0,28,0.00018502434,1,Lower-risk active
717200508,0,1,4734,73,0.667,3,3,3056.0,32,0.00069844665,1,Lower-risk active
716995083,0,2,4218,64,0.396,6,4,2650.0,44,0.0038267423,5,Lower-risk active
718137183,0,2,5379,92,0.676,4,3,3331.0,38,0.0072816457,6,Lower-risk active
787507833,0,2,4507,63,0.544,6,1,3343.0,38,0.0094468985,6,Lower-risk active
810974958,1,3,2447,40,0.427,5,2,4123.0,46,0.949342,9,Dormant high-risk
717967833,0,1,4757,81,0.581,3,0,2677.0,36,0.00013595828,1,Lower-risk active
712267983,1,3,2477,42,0.833,4,3,3023.0,45,0.9791556,10,Dormant high-risk
717376758,0,3,4108,72,0.592,4,1,2238.0,47,0.0012213652,2,Lower-risk active
718250883,1,3,2312,49,0.361,3,3,3875.0,51,0.8610064,9,Dormant high-risk
717491058,0,2,4012,60,0.084,6,3,20803.0,26,0.05799757,8,Lower-risk active
802243458,1,3,1759,34,0.0,6,2,2760.0,42,0.9030336,9,Dormant high-risk
714485508,0,2,3906,81,0.138,6,4,9086.0,36,0.0011356237,2,Lower-risk active
711377808,0,3,4360,66,0.0,4,2,21142.0,36,0.0015113213,3,Lower-risk active
718565733,0,2,4423,67,0.484,3,4,3653.0,36,0.0025514548,4,Lower-risk active
712723608,0,2,3999,66,0.0,6,4,1713.0,36,0.0025699646,4,Lower-risk active
789948408,0,1,5220,74,0.05,3,4,34516.0,46,0.02025848,7,Lower-risk active
734909358,0,1,4354,79,0.19,4,1,6548.0,33,0.0003175436,1,Lower-risk active
719267283,0,1,4598,71,0.796,6,0,1953.0,27,0.00047952618,1,Lower-risk active
780684933,0,1,4887,69,0.584,4,3,3051.0,38,0.0030007828,4,Lower-risk active
720330558,1,2,2048,40,0.038,5,3,25256.0,25,0.9675615,9,Contacted but fragile
720784833,1,3,1884,43,0.763,3,1,1630.0,36,0.98597175,10,Dormant high-risk
789059958,0,2,3574,75,0.03,6,4,34516.0,30,0.0025099493,4,Lower-risk active
797138883,0,2,3966,77,0.138,3,3,10800.0,37,0.0011708032,2,Lower-risk active
721448283,1,3,2579,47,0.819,3,1,1876.0,26,0.96634936,9,Dormant high-risk
710552733,1,3,2335,40,0.0,2,2,4963.0,36,0.99877375,10,Dormant high-risk
742778358,0,1,4014,69,0.073,3,4,16739.0,37,0.0014619958,3,Lower-risk active
713933658,0,6,4118,70,0.658,3,2,2463.0,45,0.0045169657,5,Lower-risk active
788142483,0,3,4699,73,0.037,3,1,34516.0,38,0.004104252,5,Lower-risk active
789705408,0,1,3739,55,0.356,4,2,4743.0,37,0.026155174,7,Lower-risk active
780378633,0,3,3412,71,0.155,4,4,9382.0,33,0.003066513,4,Lower-risk active
817422408,0,2,4110,71,0.543,3,3,2059.0,30,0.0007561871,1,Lower-risk active
781297983,0,2,3525,78,0.059,6,3,20410.0,52,0.0006897571,1,Lower-risk active
710671608,0,3,3961,69,0.135,5,4,6798.0,31,0.004884416,5,Lower-risk active
719967708,0,1,3592,66,0.329,3,4,6472.0,32,0.0013081614,2,Lower-risk active
711879633,0,1,4480,70,0.718,4,2,2766.0,29,0.0006709676,1,Lower-risk active
716444733,0,3,4271,79,0.0,5,4,1438.3,46,0.0034506856,4,Lower-risk active
718460958,0,3,4498,64,0.565,3,4,3283.0,35,0.0017829413,3,Lower-risk active
789953733,0,1,4519,78,0.794,5,3,2470.0,37,0.00050319143,1,Lower-risk active
770278833,0,1,3924,82,0.06,3,3,20695.0,37,0.00045043213,1,Lower-risk active
787291308,0,2,4389,79,0.404,5,4,4228.0,36,0.0023526507,4,Lower-risk active
710644158,0,3,4293,73,0.042,5,1,31743.0,28,0.001591051,3,Lower-risk active
717095733,0,3,4284,69,0.784,6,4,3212.0,29,0.0041107726,5,Lower-risk active
813338733,0,2,4477,82,0.235,3,2,5884.0,42,0.0016022858,3,Lower-risk active
787536933,0,2,4768,80,0.0,6,3,1724.0,33,0.0023543,4,Lower-risk active
714384783,1,3,2017,37,0.0,2,3,2468.0,36,0.9933843,10,Dormant high-risk
713847858,1,3,1849,43,0.0,3,3,1438.3,36,0.9972492,10,Dormant high-risk
809809008,0,1,4570,68,0.495,5,2,3111.0,42,0.0018939449,3,Lower-risk active
719446833,0,1,4214,83,0.547,4,3,2799.0,46,0.00080747553,1,Lower-risk active
720570333,0,3,4786,81,0.608,5,0,1912.0,36,0.00062717614,1,Lower-risk active
815308683,0,3,3101,54,0.047,4,1,18927.0,41,0.02118582,7,Lower-risk active
810875958,1,4,2473,44,0.196,1,3,2016.0,46,0.9994449,10,Dormant high-risk
717775608,0,2,4850,80,0.408,4,0,4830.0,43,0.00045492742,1,Lower-risk active
718766058,1,2,2123,37,0.0,1,2,1438.3,36,0.9969771,10,Mono-product exposed
710656683,0,3,4442,64,0.813,4,1,1986.0,36,0.0039818822,5,Lower-risk active
768390708,0,1,4006,68,0.395,6,1,2877.0,41,0.0014894508,3,Lower-risk active
713263758,0,2,5085,78,0.864,3,2,2312.0,45,0.0009746584,2,Lower-risk active
754564308,0,3,3601,66,0.804,3,2,2644.0,39,0.003790143,5,Lower-risk active
827890758,0,3,3785,63,0.631,5,0,2062.0,35,0.0019852652,3,Lower-risk active
779945508,0,2,3808,81,0.536,5,2,3510.0,35,0.00081273983,1,Lower-risk active
720807183,0,2,3281,63,0.061,3,1,15026.0,36,0.004048908,5,Lower-risk active
709309308,1,3,1704,34,0.0,1,2,27186.0,37,0.9938858,10,Dormant high-risk
715844733,0,3,4596,71,0.403,6,2,2174.0,36,0.0050177756,5,Lower-risk active
712332183,0,1,3934,74,0.03,6,0,29535.0,36,0.0005048321,1,Lower-risk active
790123983,0,2,4297,88,0.703,4,1,2974.0,43,0.0007900313,1,Lower-risk active
711721458,1,2,2329,43,0.0,5,2,1438.3,36,0.9913965,10,Lower-risk active
716860233,0,3,4124,87,0.086,3,0,8148.0,39,0.00040585574,1,Lower-risk active
714678408,0,6,4727,83,0.749,6,4,2646.0,31,0.0009918478,2,Lower-risk active
708798483,1,3,2567,43,0.0,2,2,2054.0,24,0.9981888,10,Dormant high-risk
708501783,1,2,1868,40,0.043,6,4,34516.0,36,0.9472377,9,Contacted but fragile
713645883,0,3,5202,88,0.791,6,4,1879.0,23,0.00047773137,1,Lower-risk active
718622658,0,2,4472,86,0.107,3,3,15913.0,34,0.0007480957,1,Lower-risk active
710641008,0,3,2473,56,0.0,5,4,8685.0,36,0.87712413,9,Dormant high-risk
718547358,0,3,3863,69,0.65,4,2,2676.0,52,0.0028735376,4,Lower-risk active
716177583,0,2,4722,89,0.0,6,4,1438.3,36,0.0011893156,2,Lower-risk active
713417433,0,1,4496,77,0.0,3,3,1711.0,28,0.0019433959,3,Lower-risk active
713043183,0,2,4313,84,0.766,3,4,2572.0,48,0.0007980053,1,Lower-risk active
719328858,1,2,2342,40,0.0,6,6,4535.0,43,0.99426067,10,Contacted but fragile
718501983,0,6,4682,89,0.188,5,1,5950.0,36,0.0007322057,1,Lower-risk active
803800533,1,3,2866,59,0.467,3,4,2088.0,33,0.42877853,9,Lower-risk active
771790083,0,3,4116,64,0.199,4,2,10466.0,32,0.0036427993,5,Lower-risk active
712817808,0,2,2045,53,0.328,5,1,4761.0,23,0.011868926,6,Lower-risk active
811697958,0,1,4451,65,0.507,4,4,1488.0,45,0.0012792465,2,Lower-risk active
817089408,0,1,4413,69,0.092,3,2,19114.0,27,0.0012850962,2,Lower-risk active
803406558,0,5,4189,86,0.169,3,4,7536.0,24,0.00057773205,1,Lower-risk active
717297708,0,3,4439,74,0.685,6,3,2441.0,37,0.0019285447,3,Lower-risk active
808756458,0,3,3821,83,0.091,6,3,13189.0,42,0.0013560886,2,Lower-risk active
718352358,1,3,2687,41,0.0,3,2,1914.0,35,0.99777585,10,Dormant high-risk
780638958,0,2,4483,77,0.75,6,1,2468.0,31,0.0008320533,2,Lower-risk active
721026033,0,3,2673,43,0.491,4,2,2564.0,44,0.06240983,8,Lower-risk active
719894433,1,2,2492,43,0.566,6,3,1679.0,24,0.97379524,9,Contacted but fragile
812493033,0,1,5102,63,0.326,4,1,3410.0,37,0.014109599,7,Lower-risk active
718256658,0,5,4554,75,0.0,6,1,2728.0,38,0.005966536,6,Lower-risk active
711421233,0,3,4969,84,0.213,5,3,7119.0,43,0.0039837114,5,Lower-risk active
710335983,0,1,4297,64,0.246,5,3,3532.0,36,0.0020174475,3,Lower-risk active
720108783,0,3,4328,68,0.23,6,3,7459.0,50,0.007145512,6,Lower-risk active
818259558,0,2,3951,79,0.69,4,3,2294.0,56,0.0007465463,1,Lower-risk active
708511983,0,3,3950,82,0.0,5,2,1663.0,18,0.0018992,3,Lower-risk active
708838908,0,3,3192,61,0.322,4,4,5129.0,42,0.013330905,7,Lower-risk active
778720533,1,2,2141,35,0.0,3,3,1722.0,37,0.99008614,10,Contacted but fragile
793015083,0,3,4481,77,0.491,5,4,2586.0,40,0.0014508857,3,Lower-risk active
821336133,0,3,3927,60,0.114,5,2,8708.0,46,0.007435316,6,Lower-risk active
713905608,0,2,3270,63,0.0,5,2,8869.0,50,0.012106264,6,Lower-risk active
779164608,0,2,4224,77,0.506,6,3,2641.0,34,0.0014740222,3,Lower-risk active
714835833,0,3,4192,73,0.03,3,2,34516.0,36,0.0047226083,5,Lower-risk active
823863033,0,6,4254,73,0.043,6,1,34516.0,48,0.00269364,4,Lower-risk active
713321508,0,1,4579,87,0.598,3,4,1965.0,36,0.00030863896,1,Lower-risk active
708992733,0,3,4759,98,0.0,4,2,1513.0,36,0.00083822856,2,Lower-risk active
709488108,1,2,1841,39,0.0,5,3,10543.0,36,0.96624225,9,Contacted but fragile
716094333,0,2,2750,57,0.082,6,1,17764.0,42,0.027658444,7,Lower-risk active
778567983,0,1,4512,77,0.0,4,3,1438.3,43,0.00054216664,1,Lower-risk active
712178883,0,2,3592,79,0.305,3,1,6371.0,36,0.0010814319,2,Lower-risk active
717490008,0,1,4282,52,0.085,5,1,19188.0,36,0.020007575,7,Lower-risk active
718282983,0,3,4522,75,0.734,6,3,3076.0,47,0.003502192,4,Lower-risk active
747208083,0,3,4344,68,0.532,3,2,2822.0,42,0.003570292,5,Lower-risk active
820276908,1,3,2232,41,0.0,3,1,4139.0,37,0.9962682,10,Dormant high-risk
719960133,0,2,3910,68,0.026,3,2,34516.0,26,0.0037509527,5,Lower-risk active
711062958,0,2,3462,49,0.506,5,2,4121.0,23,0.034349576,7,Lower-risk active
714917583,0,1,3338,65,0.107,6,2,10074.0,36,0.0007319036,1,Lower-risk active
767256933,0,2,4852,85,0.228,6,4,2621.0,36,0.0026045325,4,Lower-risk active
712568358,0,2,3115,69,0.0,3,2,3394.0,29,0.016158497,7,Lower-risk active
789182358,0,1,3991,76,0.08,3,2,17628.0,45,0.000486042,1,Lower-risk active
716989683,0,3,3331,74,0.55,4,3,4480.0,48,0.0052391742,5,Lower-risk active
827968383,0,3,4084,70,0.678,5,2,3370.0,39,0.0054928786,5,Lower-risk active
819647358,1,3,2413,53,0.0,2,2,12871.0,33,0.9841868,10,Dormant high-risk
788966958,0,2,4613,86,0.65,3,2,3112.0,34,0.00082638283,1,Lower-risk active
789502308,1,3,2379,46,0.509,1,5,1551.0,49,0.9956975,10,Dormant high-risk
756458508,0,2,3309,67,0.553,5,3,1682.0,37,0.0038104155,5,Lower-risk active
714643983,0,3,4119,73,0.731,5,3,2758.0,36,0.0022210176,4,Lower-risk active
711606558,0,2,4697,83,0.454,5,2,1909.0,39,0.0014150497,3,Lower-risk active
824155458,0,1,4674,72,0.145,5,2,11332.0,44,0.0008550769,2,Lower-risk active
710445183,0,1,4076,60,0.33,5,2,7567.0,31,0.016460476,7,Lower-risk active
802834158,1,2,1934,30,0.258,3,2,6743.0,36,0.4831482,9,Lower-risk active
712038258,1,3,2538,42,0.052,3,3,32838.0,36,0.9668376,9,Dormant high-risk
712864683,1,3,1693,37,0.0,2,3,1438.3,30,0.99933285,10,Dormant high-risk
813971283,0,1,3623,63,0.601,5,2,2510.0,38,0.00071775133,1,Lower-risk active
764211033,0,2,4483,87,0.787,6,1,3199.0,43,0.0014621217,3,Lower-risk active
721424583,0,2,4237,76,0.469,4,3,1918.0,26,0.0014087926,3,Lower-risk active
713886333,1,3,1682,43,0.039,2,1,18660.0,39,0.9922185,10,Dormant high-risk
711741708,1,2,2302,42,0.0,3,3,7591.0,33,0.99256855,10,Contacted but fragile
794217108,0,3,3694,67,0.094,6,1,14315.0,37,0.002469822,4,Lower-risk active
715339758,0,3,4168,64,0.066,3,1,18038.0,36,0.004334806,5,Lower-risk active
709610283,0,2,4544,72,0.0,3,3,1853.0,34,0.008534201,6,Lower-risk active
714575208,0,1,4192,62,0.404,3,1,4951.0,43,0.0020446875,3,Lower-risk active
716758908,0,2,4492,71,0.064,4,3,34516.0,27,0.0024315154,4,Lower-risk active
778915233,1,2,2377,47,0.188,4,3,1757.0,32,0.99215055,10,Contacted but fragile
789466008,0,3,3578,75,0.025,5,4,24033.0,38,0.0046218997,5,Lower-risk active
716635758,0,3,4345,68,0.712,5,2,3276.0,29,0.010415439,6,Lower-risk active
771819258,0,1,4561,82,0.0,4,2,3614.0,40,0.0012052653,2,Lower-risk active
713451408,0,1,3392,70,0.851,6,3,1943.0,36,0.001108851,2,Lower-risk active
780146658,1,2,1633,32,0.663,2,4,3795.0,25,0.9250792,9,Contacted but fragile
711675108,0,3,3956,71,0.537,3,1,4075.0,30,0.0025456534,4,Lower-risk active
755467683,1,2,2403,42,0.161,6,4,3001.0,41,0.9892642,10,Contacted but fragile
792864858,0,3,2311,58,0.146,6,3,5726.0,37,0.35658205,9,Lower-risk active
713009208,0,2,4292,66,0.787,3,3,2077.0,44,0.0020267572,3,Lower-risk active
772231233,0,2,4250,85,0.334,6,4,2157.0,30,0.0010019233,2,Lower-risk active
720510333,0,2,4574,84,0.662,6,2,2037.0,20,0.0005507948,1,Lower-risk active
780199233,0,1,4478,87,0.074,5,1,14914.0,23,0.0003212417,1,Lower-risk active
711700158,0,3,4384,70,0.392,5,2,1580.0,39,0.008440174,6,Lower-risk active
788275083,0,3,4678,80,0.111,5,4,15483.0,38,0.002907028,4,Lower-risk active
708804633,1,2,2888,39,0.0,1,2,1916.0,36,0.9986167,10,Mono-product exposed
714479358,1,3,2216,34,0.43,6,3,3610.0,36,0.97360396,9,Dormant high-risk
711406758,0,2,4385,80,0.0,3,2,1667.0,36,0.0017739994,3,Lower-risk active
821424483,0,3,4242,70,0.0,4,1,1438.3,47,0.015975118,7,Lower-risk active
769438608,1,3,2522,42,0.443,3,2,1942.0,42,0.99231285,10,Dormant high-risk
822068583,0,3,3946,48,0.0,4,0,2231.0,44,0.055617798,8,Lower-risk active
711371208,0,2,4490,68,0.288,4,2,6465.0,36,0.007019818,6,Lower-risk active
788832033,0,3,3015,64,0.109,4,3,8599.0,19,0.007854157,6,Lower-risk active
713452533,0,3,3427,64,0.0,6,3,1438.3,22,0.0058012726,5,Lower-risk active
720212508,0,3,3325,76,0.158,4,4,4402.0,37,0.00207873,3,Lower-risk active
717825033,0,3,4509,80,0.459,3,2,5444.0,36,0.0032475544,4,Lower-risk active
779926608,0,2,4697,82,0.0,6,1,1438.3,36,0.0035287063,5,Lower-risk active
713608383,1,1,1632,36,0.0,1,4,1438.3,40,0.9872388,10,Contacted but fragile
710125608,0,2,4756,73,0.582,4,0,2679.0,36,0.0035779472,5,Lower-risk active
712724733,0,3,3959,71,0.626,6,1,2766.0,19,0.0007500677,1,Lower-risk active
718286658,0,3,4059,80,0.045,5,1,25293.0,22,0.0020638166,3,Lower-risk active
714195108,0,3,4077,70,0.663,3,4,2707.0,37,0.0020207085,3,Lower-risk active
720867708,1,3,2335,41,0.631,1,2,1748.0,33,0.9925845,10,Dormant high-risk
752573508,0,2,3718,72,0.463,3,4,4034.0,26,0.0017347082,3,Lower-risk active
768661758,0,2,4919,75,0.067,5,1,26129.0,47,0.00108254,2,Lower-risk active
721126833,1,2,2038,39,0.0,5,3,14902.0,41,0.9916698,10,Contacted but fragile
716093133,0,2,3831,68,0.175,5,2,12228.0,31,0.0064310087,6,Lower-risk active
771092433,0,3,4434,67,0.0,4,3,1724.0,42,0.006543284,6,Lower-risk active
712807758,1,3,2476,32,0.0,3,3,1438.3,39,0.99652845,10,Dormant high-risk
721514883,0,0,4657,78,0.069,5,1,16665.0,25,0.0009796461,2,Lower-risk active
824140908,1,3,1246,27,0.0,5,4,20974.0,48,0.9213246,9,Dormant high-risk
712971708,0,0,4648,80,0.347,6,3,3139.0,26,0.0040466934,5,Lower-risk active
716471508,0,1,4350,83,0.0,5,2,19865.0,36,0.0009502165,2,Lower-risk active
782548758,0,2,5668,82,0.623,5,3,2069.0,36,0.0022657176,4,Lower-risk active
720444408,1,2,2576,42,0.803,2,4,2231.0,25,0.9830973,10,Contacted but fragile
717389433,0,1,3638,67,0.0,3,4,33371.0,51,0.004028374,5,Lower-risk active
714292533,0,1,3593,64,0.0,4,2,2544.0,36,0.0013735619,3,Lower-risk active
709585758,0,1,4004,86,0.0,5,4,34516.0,28,0.0012936539,2,Lower-risk active
712096758,0,3,4504,81,0.122,6,1,5370.0,36,0.0009058551,2,Lower-risk active
811463283,0,1,3283,50,0.062,3,1,22437.0,42,0.034077965,7,Lower-risk active
789358908,1,2,2562,36,0.0,3,2,3573.0,43,0.99556255,10,Lower-risk active
718146258,0,3,3737,71,0.0,4,1,1959.0,41,0.0055854707,5,Lower-risk active
710779083,0,3,4338,77,0.0,3,4,1661.0,48,0.0024799223,4,Lower-risk active
709166883,0,2,4121,78,0.0,6,1,5363.0,27,0.0026423214,4,Lower-risk active
712554183,0,3,4070,71,0.24,4,2,3009.0,54,0.0034818437,4,Lower-risk active
721315233,0,3,3780,70,0.064,3,4,18535.0,32,0.0033909339,4,Lower-risk active
714766383,0,3,4992,77,0.652,4,2,2171.0,24,0.0006717328,1,Lower-risk active
797491683,1,2,2234,49,0.057,2,3,34516.0,39,0.9679956,9,Contacted but fragile
714157908,0,1,3795,71,0.638,5,4,2376.0,42,0.0005402824,1,Lower-risk active
714588408,0,3,4446,68,0.0,4,2,2882.0,43,0.0073779784,6,Lower-risk active
719627133,0,3,3965,59,0.757,4,4,3277.0,37,0.049834523,8,Lower-risk active
714125883,0,2,3696,71,0.734,6,1,2514.0,36,0.001054575,2,Lower-risk active
712865583,0,2,3939,69,0.762,4,2,3301.0,49,0.0043493025,5,Lower-risk active
779363283,0,3,4376,86,0.063,4,2,12391.0,34,0.0019594475,3,Lower-risk active
779224758,0,3,3828,86,0.685,4,2,2168.0,37,0.0012959637,2,Lower-risk active
718775808,0,1,5153,77,0.17,3,4,7762.0,31,0.0005773913,1,Lower-risk active
710267583,0,3,3914,83,0.065,6,2,12587.0,33,0.001434389,3,Lower-risk active
711305208,0,3,4354,70,0.074,6,4,14785.0,36,0.010271074,6,Lower-risk active
717531483,0,2,4444,87,0.281,5,2,3433.0,21,0.001443123,3,Lower-risk active
709170108,1,2,1522,36,0.0,3,4,2425.0,41,0.9745315,9,Contacted but fragile
716056158,1,3,2395,49,0.0,3,3,11619.0,51,0.9806661,10,Dormant high-risk
711326583,0,3,4274,68,0.0,3,3,3989.0,50,0.0347019,7,Lower-risk active
715406658,1,2,2738,45,0.274,4,1,2173.0,37,0.99240077,10,Lower-risk active
712814658,0,1,4755,82,0.626,4,2,2393.0,43,0.00033126917,1,Lower-risk active
773228133,1,2,2437,41,0.0,3,2,1677.0,29,0.98695695,10,Lower-risk active
710453283,0,4,4107,82,0.0,5,2,2035.0,27,0.0013023453,2,Lower-risk active
795266208,0,2,4493,79,0.0,4,1,8842.0,30,0.0017889896,3,Lower-risk active
779090883,0,3,3478,64,0.522,6,1,2483.0,23,0.001084215,2,Lower-risk active
712309758,0,2,4351,75,0.086,3,3,13921.0,49,0.0011034644,2,Lower-risk active
716625033,1,3,2753,43,0.0,3,6,2761.0,36,0.99708337,10,Dormant high-risk
790112133,0,3,4388,83,0.628,5,2,2623.0,40,0.0010597435,2,Lower-risk active
797238108,0,1,3915,74,0.255,5,2,3232.0,43,0.00091902114,2,Lower-risk active
716782758,1,2,2013,32,0.0,3,4,19075.0,42,0.9731731,9,Contacted but fragile
715588008,0,3,2333,51,0.052,4,3,31978.0,31,0.2651037,9,Lower-risk active
713977308,0,3,3820,76,0.06,4,4,34516.0,53,0.002377125,4,Lower-risk active
719059083,0,1,4129,71,0.256,5,1,6225.0,33,0.00057142245,1,Lower-risk active
708797583,1,3,2576,39,0.0,6,3,2672.0,31,0.9915154,10,Dormant high-risk
708809283,1,3,2414,28,0.243,1,1,10360.0,33,0.9991117,10,Dormant high-risk
771529608,0,6,4538,63,0.096,5,0,10747.0,38,0.025097638,7,Lower-risk active
715776033,0,1,4116,68,0.0,4,3,3135.0,33,0.0038415636,5,Lower-risk active
778619358,0,1,4754,79,0.598,4,4,1438.3,22,0.0005385071,1,Lower-risk active
715717608,0,3,4813,86,0.0,4,1,3189.0,32,0.0077157994,6,Lower-risk active
789204933,0,2,4511,76,0.0,3,4,8963.0,55,0.004049002,5,Lower-risk active
711100608,1,2,2574,43,0.0,5,2,1723.0,48,0.9585554,9,Lower-risk active
713591283,0,6,4389,77,0.65,6,1,2161.0,23,0.0003677478,1,Lower-risk active
719344608,0,3,4313,72,0.257,6,3,3901.0,27,0.00095273176,2,Lower-risk active
787659483,0,2,4223,60,0.557,4,2,1438.3,48,0.007898068,6,Lower-risk active
822948708,0,2,3108,62,0.271,5,2,3131.0,38,0.03457453,7,Lower-risk active
710080383,0,2,4417,69,0.733,6,3,2331.0,36,0.002232748,4,Lower-risk active
715596783,0,3,4333,72,0.605,3,3,1895.0,18,0.0007285654,1,Lower-risk active
798773208,0,2,3691,75,0.053,5,3,26496.0,40,0.002257596,4,Lower-risk active
768624258,1,1,2541,36,0.148,2,2,1583.0,49,0.99787045,10,Mono-product exposed
721412208,0,2,3887,79,0.629,4,2,1438.3,36,0.00048068928,1,Lower-risk active
708129933,0,3,4210,64,0.745,5,2,2072.0,36,0.004638994,5,Lower-risk active
719703483,0,3,4646,73,0.505,6,3,2707.0,37,0.0019866724,3,Lower-risk active
708290208,0,3,3118,76,0.087,3,4,13608.0,31,0.0036862867,5,Lower-risk active
710431158,0,1,3778,70,0.161,3,2,10273.0,36,0.00080970884,1,Lower-risk active
816528333,0,6,4546,59,0.427,6,1,2609.0,56,0.014929662,7,Lower-risk active
778760808,0,1,2008,37,0.221,4,3,8431.0,39,0.09708814,8,Lower-risk active
718025808,0,3,3689,55,0.331,6,4,5852.0,51,0.032283995,7,Lower-risk active
815860008,0,2,5109,78,0.695,5,4,3140.0,35,0.0014759254,3,Lower-risk active
780126033,1,1,2082,54,0.095,6,5,12914.0,35,0.3162925,9,Lower-risk active
720135333,0,1,1753,49,0.111,5,0,8694.0,34,0.018423826,7,Lower-risk active
719174433,1,1,2467,35,0.0,2,2,1735.0,24,0.9924711,10,Mono-product exposed
821521983,0,1,4321,89,0.718,4,4,2286.0,46,0.00070415594,1,Lower-risk active
716961933,0,2,4262,70,0.504,5,4,3589.0,36,0.002495264,4,Lower-risk active
712834533,0,2,4119,75,0.477,5,4,2673.0,39,0.0012416407,2,Lower-risk active
710544033,0,1,4715,78,0.214,3,3,9437.0,36,0.00056912977,1,Lower-risk active
710622333,0,2,4386,67,0.821,3,2,2751.0,28,0.0029336095,4,Lower-risk active
714277758,0,2,4064,75,0.091,6,1,11557.0,28,0.0007928632,1,Lower-risk active
713166333,0,2,4467,73,0.088,5,1,14831.0,27,0.0020094507,3,Lower-risk active
714346608,1,1,2220,50,0.0,3,4,1495.0,36,0.97654086,10,Contacted but fragile
778284783,0,3,4617,70,0.709,5,2,2791.0,34,0.0045948885,5,Lower-risk active
714721608,0,3,4190,81,0.097,4,0,9703.0,29,0.0005048241,1,Lower-risk active
716453883,0,3,4423,63,0.473,6,1,3889.0,39,0.010386123,6,Lower-risk active
713876958,0,2,5036,76,0.06,6,4,14140.0,26,0.0014664766,3,Lower-risk active
794967408,0,2,3863,74,0.107,5,1,9106.0,47,0.0015362266,3,Lower-risk active
798481383,1,1,2684,38,0.0,5,2,2694.0,34,0.96821445,9,Lower-risk active
718697583,0,3,4073,79,0.0,6,2,19629.0,36,0.0014337861,3,Lower-risk active
711799458,0,1,4544,89,0.223,3,1,6507.0,36,0.00022632495,1,Lower-risk active
823904133,1,2,2489,54,0.0,2,4,10195.0,49,0.9946031,10,Contacted but fragile
718005108,0,1,3692,68,0.816,4,2,2096.0,34,0.00070245884,1,Lower-risk active
717877533,0,1,3761,70,0.0,5,1,11314.0,36,0.0014140004,3,Lower-risk active
711883833,0,1,4752,88,0.362,6,1,1837.0,37,0.00037932055,1,Lower-risk active
711646908,1,2,2010,43,0.322,1,3,7821.0,23,0.99723756,10,Contacted but fragile
718171308,1,3,2506,46,0.0,6,4,1984.0,36,0.98770744,10,Dormant high-risk
709627983,0,3,4497,68,0.67,4,0,2535.0,36,0.000990373,2,Lower-risk active
716580933,0,3,4533,65,0.621,3,3,1970.0,36,0.004252311,5,Lower-risk active
713600958,0,5,3647,65,0.06,4,3,34516.0,38,0.002933084,4,Lower-risk active
772248408,0,1,3366,56,0.68,5,4,2694.0,29,0.004681667,5,Lower-risk active
720196158,0,3,3350,67,0.0,6,3,4476.0,40,0.008791516,6,Lower-risk active
770024733,1,2,2520,49,0.0,1,3,1699.0,47,0.9985928,10,Contacted but fragile
710912733,0,2,4590,91,0.902,3,4,1953.0,36,0.00037686274,1,Lower-risk active
712860858,0,1,4943,70,0.0,5,3,5264.0,45,0.025414923,7,Lower-risk active
708702258,1,2,2051,31,0.129,3,2,3698.0,36,0.9775318,10,Lower-risk active
797169633,0,3,3127,51,0.024,5,3,34516.0,35,0.43426898,9,Lower-risk active
709922508,0,1,5207,79,0.0,4,1,2712.0,28,0.0016059416,3,Lower-risk active
712802733,0,1,2965,70,0.125,3,4,5486.0,36,0.011749561,6,Lower-risk active
716981358,0,3,4858,73,0.447,3,0,2107.0,32,0.003258041,4,Lower-risk active
758787333,0,1,3880,68,0.133,4,2,18096.0,45,0.0055697663,5,Lower-risk active
720519333,1,3,2594,48,0.693,1,3,2721.0,45,0.9919316,10,Dormant high-risk
717387933,0,3,3837,57,0.758,6,3,2976.0,36,0.028519925,7,Lower-risk active
738195708,0,1,3608,56,0.073,6,3,16741.0,40,0.015220236,7,Lower-risk active
708560733,0,2,4715,85,0.678,5,3,3714.0,36,0.0076668435,6,Lower-risk active
717001908,1,2,2874,44,0.0,6,2,6936.0,28,0.98932123,10,Lower-risk active
768972558,0,3,3980,77,0.0,4,4,11099.0,37,0.00557992,5,Lower-risk active
716899233,0,4,4542,70,0.123,6,3,15987.0,20,0.0022851806,4,Lower-risk active
715567608,0,4,3964,76,0.283,4,4,4406.0,35,0.0024491502,4,Lower-risk active
713264583,0,3,4486,71,0.033,3,2,34516.0,23,0.003190479,4,Lower-risk active
716769783,0,2,3943,78,0.144,3,4,5104.0,40,0.0015745725,3,Lower-risk active
719564208,1,2,2751,47,0.0,3,1,7195.0,30,0.8829487,9,Lower-risk active
716680983,0,1,4924,70,0.538,3,1,1956.0,36,0.0017393718,3,Lower-risk active
715719033,0,3,3772,74,0.759,4,2,3317.0,32,0.005345991,5,Lower-risk active
713229633,1,2,2061,47,0.0,3,4,2759.0,30,0.98593754,10,Contacted but fragile
788246958,0,1,4375,81,0.0,3,2,6038.0,36,0.0007697411,1,Lower-risk active
720419358,0,2,4548,71,0.714,3,1,2942.0,36,0.0010322212,2,Lower-risk active
772545858,0,2,3808,89,0.0,4,3,5095.0,39,0.0034653412,4,Lower-risk active
771431133,0,2,3778,69,0.0,4,4,1438.3,35,0.004038994,5,Lower-risk active
717800358,0,3,4791,68,0.086,3,4,10111.0,36,0.0045994404,5,Lower-risk active
798041508,1,3,1880,42,0.786,2,2,3201.0,44,0.99774075,10,Dormant high-risk
710626758,0,1,3706,65,0.0,6,3,2761.0,36,0.005870153,6,Lower-risk active
718982058,0,2,4011,72,0.235,5,0,5987.0,36,0.0013044433,2,Lower-risk active
791822733,0,1,4904,81,0.133,5,3,5630.0,41,0.0008982359,2,Lower-risk active
718762308,0,2,3668,60,0.321,6,3,6622.0,36,0.007053692,6,Lower-risk active
716841783,0,2,5080,85,0.069,4,3,18733.0,36,0.0030531366,4,Lower-risk active
794524833,0,3,4009,73,0.594,4,3,2265.0,18,0.0012321168,2,Lower-risk active
721359183,0,3,4390,76,0.529,4,4,2907.0,19,0.0008126756,1,Lower-risk active
715014633,1,3,2579,51,0.0,6,2,8791.0,36,0.87609,9,Dormant high-risk
714372333,1,4,2256,40,0.0,6,2,2302.0,52,0.9594935,9,Dormant high-risk
766946058,0,6,4010,75,0.303,4,4,5489.0,44,0.002593085,4,Lower-risk active
708549033,0,1,5025,70,0.621,4,3,2055.0,32,0.002686006,4,Lower-risk active
708378108,0,3,4631,76,0.359,5,2,2147.0,36,0.0019163978,3,Lower-risk active
826168083,0,3,4750,72,0.744,3,3,1757.0,45,0.0019849658,3,Lower-risk active
779320008,1,3,2180,31,0.868,3,3,2900.0,25,0.9855725,10,Dormant high-risk
715312158,0,2,3895,59,0.779,4,3,2670.0,29,0.010050466,6,Lower-risk active
711688983,0,2,3060,66,0.079,4,3,21382.0,38,0.0055660596,5,Lower-risk active
714393708,0,2,4913,84,0.236,6,3,2254.0,46,0.006018859,6,Lower-risk active
789477483,0,3,3847,76,0.336,6,1,4433.0,31,0.0010456572,2,Lower-risk active
712481733,0,2,4078,77,0.514,4,4,1438.3,36,0.00096799986,2,Lower-risk active
713153733,1,3,2061,36,0.585,6,3,2520.0,29,0.9563087,9,Dormant high-risk
780201633,1,3,2189,51,0.204,4,2,5655.0,31,0.49876544,9,Lower-risk active
709285683,0,1,4509,74,0.0,4,1,1438.3,31,0.0052972496,5,Lower-risk active
789823383,0,3,4532,82,0.587,3,4,2786.0,34,0.0034944057,4,Lower-risk active
709980783,0,3,4066,63,0.437,4,0,3961.0,36,0.00152684,3,Lower-risk active
772054458,0,1,4025,65,0.785,4,3,2476.0,32,0.0014847182,3,Lower-risk active
788095158,1,3,2623,39,0.0,3,3,11606.0,44,0.996265,10,Dormant high-risk
717045033,0,1,4677,87,0.089,6,3,8459.0,36,0.0007772756,1,Lower-risk active
710503308,0,1,4049,71,0.245,6,2,9554.0,29,0.000734869,1,Lower-risk active
757167633,0,3,3836,81,0.146,4,3,4388.0,43,0.0017545017,3,Lower-risk active
779739783,0,3,3561,73,0.07,6,2,19826.0,28,0.0009562247,2,Lower-risk active
758653833,0,1,4392,83,0.0,3,3,2173.0,27,0.0018308426,3,Lower-risk active
771288258,0,2,4660,68,0.744,6,2,2545.0,36,0.005609877,5,Lower-risk active
716855058,1,2,2557,45,0.0,5,4,1757.0,38,0.9959705,10,Contacted but fragile
708433683,0,2,4410,86,0.696,3,3,3164.0,37,0.0008598177,2,Lower-risk active
713175483,0,2,3745,74,0.145,6,2,6022.0,40,0.0031962441,4,Lower-risk active
709500183,1,3,2077,44,0.0,2,4,1804.0,36,0.9989128,10,Dormant high-risk
789238683,0,2,4586,89,0.0,4,2,22664.0,42,0.0012880248,2,Lower-risk active
710502258,0,3,4598,85,0.872,5,4,2527.0,36,0.0025264781,4,Lower-risk active
715445058,1,4,2715,45,0.71,3,4,3547.0,40,0.9851,10,Dormant high-risk
719464758,0,2,4219,83,0.42,5,3,1438.3,43,0.0010148697,2,Lower-risk active
708442158,0,2,3801,61,0.245,3,4,6182.0,38,0.0020534543,3,Lower-risk active
718524783,1,3,2128,39,0.0,1,4,29715.0,34,0.9997179,10,Dormant high-risk
717093858,0,3,3664,63,0.692,4,3,2154.0,36,0.004936636,5,Lower-risk active
711654558,0,3,4025,69,0.749,6,4,2179.0,36,0.0021718307,4,Lower-risk active
718924983,0,1,4833,80,0.265,5,3,4906.0,48,0.0013966231,3,Lower-risk active
717463608,0,3,4116,79,0.6,5,1,2346.0,26,0.0004900659,1,Lower-risk active
715779333,0,2,3895,71,0.0,5,3,4753.0,36,0.009623322,6,Lower-risk active
708117933,1,2,2469,34,0.0,3,3,1880.0,36,0.9983126,10,Contacted but fragile
789563658,0,4,4618,60,0.0,5,4,12155.0,56,0.30650634,9,Lower-risk active
709239483,0,3,4622,88,0.561,5,1,2721.0,36,0.00070992747,1,Lower-risk active
766456683,0,2,3986,80,0.367,6,0,6160.0,44,0.00029174448,1,Lower-risk active
779703258,0,3,4962,70,0.673,3,1,2069.0,24,0.009007174,6,Lower-risk active
709719333,0,3,4841,80,0.044,6,4,28422.0,29,0.0017518187,3,Lower-risk active
717016833,0,4,4282,69,0.0,6,2,1438.3,27,0.003237614,4,Lower-risk active
711017433,0,2,4416,68,0.0,5,4,1438.3,23,0.006506384,6,Lower-risk active
712777233,1,4,2701,51,0.0,1,3,1671.0,48,0.99565685,10,Dormant high-risk
712706058,1,2,1970,46,0.0,1,4,1491.0,37,0.9977944,10,Contacted but fragile
720905133,1,2,2439,45,0.096,1,6,11422.0,29,0.9951538,10,Contacted but fragile
712947333,1,3,1653,44,0.0,3,0,5139.0,43,0.9079645,9,Dormant high-risk
806995683,0,1,2870,50,0.526,4,3,4783.0,56,0.34875908,9,Lower-risk active
720575058,0,2,4259,83,0.654,3,1,2589.0,36,0.0007764372,1,Lower-risk active
770828358,0,2,4839,61,0.0,4,4,8138.0,25,0.31294164,9,Lower-risk active
721361433,0,1,4469,87,0.396,6,1,4502.0,37,0.0007938789,1,Lower-risk active
770268933,0,2,4115,66,0.028,3,2,33521.0,38,0.0048029236,5,Lower-risk active
789209283,0,3,4518,84,0.185,5,0,4361.0,37,0.0005679982,1,Lower-risk active
716204883,0,3,3935,66,0.246,5,1,7026.0,44,0.0023656704,4,Lower-risk active
715506258,0,2,4477,83,0.122,6,1,16388.0,36,0.00063513767,1,Lower-risk active
711871758,1,2,2487,39,0.866,2,3,2905.0,36,0.9959428,10,Contacted but fragile
772655733,0,2,4489,75,0.785,6,4,2404.0,31,0.0013480091,2,Lower-risk active
719519058,1,2,2419,49,0.0,4,3,1477.0,36,0.98508346,10,Contacted but fragile
716873733,1,3,2639,53,0.708,4,3,3556.0,30,0.95718944,9,Dormant high-risk
780383358,0,1,4683,72,0.132,6,0,5649.0,38,0.0003709746,1,Lower-risk active
718522308,0,1,4045,72,0.067,6,3,14345.0,29,0.0006794565,1,Lower-risk active
716308683,0,2,4267,66,0.305,6,3,6524.0,36,0.0019933765,3,Lower-risk active
719056833,0,1,3968,66,0.403,5,4,2281.0,46,0.0020601244,3,Lower-risk active
712303908,0,1,3407,66,0.731,3,2,2633.0,38,0.00093833095,2,Lower-risk active
715572783,0,1,4573,93,0.0,6,2,7693.0,31,0.00066201,1,Lower-risk active
713641233,0,6,3553,65,0.184,5,4,10262.0,31,0.004491829,5,Lower-risk active
712854633,0,1,2845,57,0.0,4,3,11320.0,39,0.33021864,9,Lower-risk active
779340183,0,2,4295,72,0.369,3,4,2482.0,35,0.0028418177,4,Lower-risk active
771952683,0,2,3847,63,0.0,3,2,3035.0,36,0.007756751,6,Lower-risk active
716639058,0,3,3278,53,0.0,4,3,26308.0,40,0.3907619,9,Lower-risk active
779027733,0,2,3718,51,0.166,6,2,6721.0,34,0.13721466,8,Lower-risk active
713368833,0,3,3906,64,0.36,6,4,6205.0,41,0.003814927,5,Lower-risk active
713926308,0,2,4487,61,0.556,4,3,2624.0,36,0.011598477,6,Lower-risk active
720206658,1,2,1811,44,0.31,6,4,1479.0,29,0.95447576,9,Contacted but fragile
708720558,0,2,3773,64,0.0,5,0,4489.0,30,0.0071583684,6,Lower-risk active
713857758,1,3,1828,44,0.034,6,1,5842.0,36,0.97814834,10,Dormant high-risk
711255858,0,2,4141,83,0.19,4,3,8777.0,30,0.0015518442,3,Lower-risk active
798717783,0,6,4752,84,0.0,3,1,3250.0,45,0.0039507677,5,Lower-risk active
710674533,1,3,1611,42,0.0,3,4,15060.0,34,0.8598851,9,Dormant high-risk
718642458,0,1,2992,72,0.621,6,0,2126.0,36,0.0003151745,1,Lower-risk active
709788783,0,2,5088,71,0.158,3,1,4907.0,35,0.011560475,6,Lower-risk active
752199183,0,2,4923,89,0.0,6,1,3553.0,44,0.0020672528,3,Lower-risk active
789707433,0,2,4370,68,0.522,4,2,2515.0,28,0.005544935,5,Lower-risk active
717448383,1,2,2331,36,0.0,1,4,4428.0,28,0.9986517,10,Contacted but fragile
779468808,0,3,4961,78,0.0,6,3,1616.0,25,0.0019265494,3,Lower-risk active
790000608,0,1,3838,67,0.144,4,1,6723.0,56,0.0023450684,4,Lower-risk active
770917608,0,4,4656,62,0.693,3,2,2756.0,29,0.010787885,6,Lower-risk active
716307558,1,2,2214,46,0.52,6,4,2897.0,40,0.86103857,9,Contacted but fragile
719048133,0,3,3470,65,0.0,6,0,5456.0,42,0.017216576,7,Lower-risk active
771488583,0,2,4186,72,0.0,4,2,3569.0,34,0.004101526,5,Lower-risk active
717202908,0,3,4270,59,0.053,3,4,34198.0,29,0.067075774,8,Lower-risk active
720696558,0,2,4485,85,0.038,5,4,34516.0,31,0.001236872,2,Lower-risk active
788989083,0,1,4535,82,0.662,3,2,2817.0,44,0.00030608868,1,Lower-risk active
720398958,0,2,4340,70,0.591,6,3,2126.0,43,0.0014135762,3,Lower-risk active
716530533,0,1,4094,77,0.637,3,4,2573.0,36,0.0005003359,1,Lower-risk active
714499908,0,5,3243,63,0.646,5,3,2016.0,31,0.015746877,7,Lower-risk active
708879483,0,3,5006,89,0.411,6,0,4006.0,36,0.00032021402,1,Lower-risk active
716044383,0,1,4191,65,0.0,5,2,5869.0,36,0.0015717774,3,Lower-risk active
781320783,1,2,2529,43,0.0,3,3,4586.0,41,0.99565876,10,Contacted but fragile
711657783,0,3,4617,67,0.0,6,4,1438.3,41,0.012237753,6,Lower-risk active
715423233,0,3,3539,57,0.445,3,3,1790.0,35,0.013949556,7,Lower-risk active
719264058,0,2,4305,51,0.393,5,3,5862.0,36,0.09968407,8,Lower-risk active
711120333,0,5,4278,80,0.181,3,1,7411.0,36,0.0008336159,2,Lower-risk active
714100008,1,2,2176,38,0.444,6,3,5667.0,36,0.9800117,10,Contacted but fragile
798030933,0,2,4745,75,0.0,5,3,15594.0,41,0.003952457,5,Lower-risk active
708223383,1,3,2736,38,0.086,6,4,11410.0,39,0.9487355,9,Dormant high-risk
708705783,1,3,2628,41,0.766,6,1,1584.0,36,0.9512468,9,Dormant high-risk
778949133,0,3,3476,66,0.127,4,3,13298.0,29,0.002924786,4,Lower-risk active
709017258,1,2,2872,45,0.0,1,2,2114.0,36,0.9985868,10,Mono-product exposed
709161108,1,2,1531,31,0.0,3,4,2540.0,33,0.97227466,9,Contacted but fragile
716842908,0,2,4986,80,0.596,4,1,1762.0,30,0.00073972734,1,Lower-risk active
787513533,0,3,3344,54,0.669,6,3,2245.0,36,0.15528671,8,Lower-risk active
717949983,0,2,3554,82,0.262,3,3,8168.0,36,0.000875587,2,Lower-risk active
714089658,1,2,2063,42,0.0,3,1,2238.0,36,0.9923395,10,Lower-risk active
718863258,1,2,2463,38,0.649,2,3,3881.0,41,0.9982002,10,Contacted but fragile
717549408,0,1,3024,51,0.0,3,3,20485.0,36,0.3032716,9,Lower-risk active
807600633,0,4,5408,83,0.068,6,1,9856.0,39,0.006038964,6,Lower-risk active
770293758,0,1,4830,82,0.496,6,2,2111.0,38,0.0012392269,2,Lower-risk active
765584208,0,2,4444,84,0.716,3,1,2905.0,30,0.00057682587,1,Lower-risk active
811989858,0,3,3501,65,0.0,6,2,32244.0,44,0.004751171,5,Lower-risk active
721276383,0,2,3843,66,0.216,6,3,5624.0,33,0.0021032458,3,Lower-risk active
708585933,0,2,4258,77,0.863,6,3,1656.0,36,0.00076451496,1,Lower-risk active
713283933,1,3,2273,44,0.0,1,3,3032.0,30,0.99967337,10,Dormant high-risk
714915633,1,3,1793,40,0.0,4,6,15699.0,36,0.93970203,9,Dormant high-risk
709236633,0,1,4033,58,0.344,3,3,6608.0,28,0.004157292,5,Lower-risk active
827948133,0,2,4535,68,0.281,4,4,5062.0,43,0.009869776,6,Lower-risk active
718946358,0,3,4348,63,0.0,3,2,1547.0,30,0.032546658,7,Lower-risk active
714400308,0,1,4545,83,0.149,3,1,11060.0,49,0.001484099,3,Lower-risk active
789670533,0,1,4300,67,0.0,5,2,1438.3,26,0.0015628196,3,Lower-risk active
770942283,0,3,4811,68,0.0,4,2,3670.0,33,0.03764651,7,Lower-risk active
827074758,0,1,5228,61,0.564,4,4,1538.0,38,0.014261118,7,Lower-risk active
818326083,0,1,4385,91,0.616,5,2,1438.3,49,0.00016959436,1,Lower-risk active
712292133,1,2,2107,40,0.985,4,4,2330.0,36,0.9871869,10,Contacted but fragile
709449333,0,2,4097,72,0.45,6,2,3170.0,40,0.0017563041,3,Lower-risk active
788840283,0,2,4741,86,0.72,5,3,2120.0,26,0.0010528158,2,Lower-risk active
716013858,0,1,5002,78,0.071,3,4,20231.0,34,0.00055089616,1,Lower-risk active
712229283,1,2,2306,46,0.0,4,3,1438.3,24,0.994381,10,Contacted but fragile
751422258,0,3,3317,71,0.0,6,2,5583.0,38,0.004811668,5,Lower-risk active
715691808,0,3,3955,72,0.08,5,4,7764.0,30,0.0031315533,4,Lower-risk active
794273283,1,3,2709,51,0.0,3,3,25670.0,45,0.97301316,9,Dormant high-risk
788838033,1,2,2832,48,0.0,3,4,3841.0,29,0.96043015,9,Contacted but fragile
712778658,0,3,4238,63,0.454,4,3,2001.0,39,0.0046803183,5,Lower-risk active
789580908,0,2,4056,81,0.173,3,2,8512.0,37,0.0011158282,2,Lower-risk active
778965183,0,3,4166,85,0.429,5,2,5869.0,30,0.0051988442,5,Lower-risk active
714462558,0,2,4556,67,0.0,4,3,5791.0,36,0.006635896,6,Lower-risk active
789013833,1,2,2118,41,0.012,5,1,34516.0,37,0.9871716,10,Lower-risk active
800869758,0,1,3967,76,0.645,6,1,2191.0,43,0.0002737099,1,Lower-risk active
807426033,0,1,3462,61,0.41,4,1,2865.0,32,0.00112656,2,Lower-risk active
720091083,0,1,4098,61,0.292,6,3,6467.0,31,0.0035140987,5,Lower-risk active
711918033,1,1,2050,32,0.732,3,3,1468.0,17,0.8865002,9,Contacted but fragile
709679658,0,3,4846,84,0.0,4,3,5386.0,50,0.0051063714,5,Lower-risk active
779296908,0,3,5098,66,0.4,5,3,1438.3,28,0.031285517,7,Lower-risk active
720682308,0,1,4770,83,0.165,5,4,5402.0,46,0.0012527519,2,Lower-risk active
714084483,1,2,1724,34,0.055,4,3,3855.0,36,0.97753644,10,Contacted but fragile
719495958,1,3,2509,46,0.0,3,4,2983.0,36,0.99373925,10,Dormant high-risk
789775308,0,1,4880,77,0.779,6,3,1438.3,43,0.00036304336,1,Lower-risk active
714726858,1,3,2773,34,0.0,6,3,4871.0,36,0.97354376,9,Dormant high-risk
709749483,0,1,4584,70,0.741,5,2,2636.0,29,0.0034807357,4,Lower-risk active
710926383,0,3,4549,68,0.758,5,1,1553.0,24,0.002021601,3,Lower-risk active
717172308,1,2,1731,32,0.0,4,4,3304.0,37,0.9491077,9,Contacted but fragile
771795933,1,3,2376,55,0.073,3,4,34516.0,38,0.92547804,9,Dormant high-risk
785024808,0,2,4464,83,0.632,6,3,3378.0,47,0.0011046013,2,Lower-risk active
710277183,0,2,4317,68,0.767,3,4,2313.0,27,0.0030031065,4,Lower-risk active
714647808,0,3,4628,73,0.0,4,0,2434.0,39,0.001688072,3,Lower-risk active
709857033,0,1,4148,84,0.0,5,3,1438.3,50,0.0020828857,3,Lower-risk active
714283458,0,1,4064,92,0.0,5,4,14544.0,36,0.00034244964,1,Lower-risk active
804829533,1,6,2864,51,0.019,3,6,24621.0,54,0.9919342,10,Dormant high-risk
716702358,0,3,4048,83,0.299,5,2,2337.0,33,0.0018725592,3,Lower-risk active
720028683,0,3,3806,61,0.708,5,4,2720.0,39,0.0068475446,6,Lower-risk active
757044033,0,1,3968,57,0.52,3,3,1965.0,37,0.0073328684,6,Lower-risk active
719672283,0,2,3145,63,0.048,4,4,33122.0,39,0.014463451,7,Lower-risk active
719054733,0,3,4673,69,0.554,4,2,1438.3,40,0.0069643003,6,Lower-risk active
793336383,0,3,4915,92,0.751,3,4,2709.0,41,0.0005166511,1,Lower-risk active
795599883,1,6,2511,51,0.118,3,2,2404.0,51,0.9882693,10,Dormant high-risk
715650783,0,2,4906,75,0.0,6,2,4499.0,36,0.0044004116,5,Lower-risk active
711819708,1,2,2275,55,0.532,3,4,4734.0,25,0.9045935,9,Contacted but fragile
713041683,1,2,1867,34,0.0,3,4,4697.0,36,0.9707484,9,Contacted but fragile
779544708,0,5,3931,77,0.019,4,3,34516.0,35,0.0027713648,4,Lower-risk active
712967508,0,1,5038,86,0.425,4,2,2572.0,36,0.00050874584,1,Lower-risk active
710231433,0,1,3395,75,0.765,5,4,3110.0,43,0.0012740471,2,Lower-risk active
817960533,0,3,4741,84,0.494,5,2,1734.0,36,0.001092856,2,Lower-risk active
713431008,0,3,4198,77,0.0,5,0,3562.0,36,0.0011510771,2,Lower-risk active
709663608,1,2,1973,36,0.0,4,4,1536.0,36,0.9870864,10,Contacted but fragile
754851783,0,2,4423,90,0.116,4,2,19198.0,32,0.0003298001,1,Lower-risk active
808743558,0,3,4804,66,0.554,3,3,4540.0,37,0.23971602,8,Lower-risk active
778905033,0,5,3889,60,0.852,3,2,1438.3,26,0.0044577043,5,Lower-risk active
720844008,0,2,5216,87,0.878,6,2,1990.0,45,0.0047713304,5,Lower-risk active
714286383,0,3,3337,65,0.304,4,3,3422.0,36,0.008850968,6,Lower-risk active
718767183,0,3,4905,89,0.668,6,1,2192.0,36,0.00088775204,2,Lower-risk active
712707408,0,2,3919,57,0.332,4,2,5152.0,33,0.0061824396,6,Lower-risk active
789859833,0,2,4388,67,0.703,6,1,2515.0,31,0.001912501,3,Lower-risk active
812411058,1,3,2690,46,0.0,3,2,2094.0,44,0.99452436,10,Dormant high-risk
712311258,0,3,4634,54,0.661,5,3,1906.0,36,0.21538477,8,Lower-risk active
778397358,1,2,2574,43,0.0,6,4,5096.0,22,0.9926951,10,Contacted but fragile
715340733,0,2,4792,62,0.0,5,4,2222.0,28,0.19653311,8,Lower-risk active
797495958,0,2,4277,80,0.0,3,2,3015.0,36,0.0042118225,5,Lower-risk active
720384633,0,3,3403,70,0.0,6,2,3786.0,36,0.012931205,7,Lower-risk active
810868758,0,1,2384,52,0.14,5,2,12078.0,34,0.11191295,8,Lower-risk active
719105433,0,3,4990,85,0.169,3,3,6448.0,38,0.002838185,4,Lower-risk active
715609533,1,3,1887,36,0.0,1,3,5398.0,35,0.9964328,10,Dormant high-risk
712160058,1,5,2146,44,0.0,5,4,1438.3,51,0.9825361,10,Dormant high-risk
779130108,1,2,2527,49,0.0,3,6,1438.3,15,0.9956109,10,Contacted but fragile
712335858,0,3,4867,67,0.794,4,2,2620.0,36,0.05233407,8,Lower-risk active
789643383,0,3,3575,56,0.0,3,3,13435.0,35,0.029348934,7,Lower-risk active
717733158,0,2,4197,84,0.79,4,3,3186.0,29,0.002380103,4,Lower-risk active
713205108,0,1,3873,76,0.545,3,1,1950.0,27,0.0005320178,1,Lower-risk active
719749083,0,2,3465,59,0.313,5,0,7098.0,54,0.0049985265,5,Lower-risk active
811762383,0,2,4908,71,0.795,4,1,2250.0,37,0.001196933,2,Lower-risk active
708710283,0,1,4067,75,0.059,6,4,34516.0,36,0.0005273344,1,Lower-risk active
708542283,0,3,4399,70,0.826,5,4,2495.0,47,0.0037301853,5,Lower-risk active
720667383,0,3,4684,81,0.717,5,1,3086.0,32,0.0012002022,2,Lower-risk active
822952158,0,2,4256,73,0.0,4,4,1520.0,49,0.0047303126,5,Lower-risk active
716922633,1,3,2600,47,0.623,6,4,4043.0,30,0.95903397,9,Dormant high-risk
709081683,0,1,4208,69,0.313,3,3,4599.0,54,0.0024671555,4,Lower-risk active
710211783,1,2,2264,39,0.0,3,2,1438.3,26,0.98133653,10,Lower-risk active
720364158,0,3,4314,83,0.159,4,3,7869.0,36,0.00130621,2,Lower-risk active
713064783,0,3,4205,83,0.384,3,4,5362.0,48,0.0015372349,3,Lower-risk active
709873683,0,2,4352,82,0.086,4,1,16541.0,53,0.0010433353,2,Lower-risk active
758106108,0,2,4604,70,0.235,3,1,7486.0,38,0.0023933903,4,Lower-risk active
711445233,0,3,4653,78,0.0,6,1,1438.3,36,0.0021715942,4,Lower-risk active
778912683,0,3,4778,88,0.18,3,1,8365.0,32,0.0011014763,2,Lower-risk active
780496833,1,2,2122,44,0.0,3,2,2846.0,43,0.9836299,10,Lower-risk active
720057183,0,1,3412,70,0.123,5,4,7789.0,42,0.0010868002,2,Lower-risk active
789081408,1,3,2527,45,0.118,6,4,1438.3,32,0.9942782,10,Dormant high-risk
720634683,1,2,2456,45,0.0,5,4,2220.0,37,0.993328,10,Contacted but fragile
808732458,0,3,2838,49,0.235,5,0,6626.0,43,0.04117694,7,Lower-risk active
719947533,0,2,4585,79,0.0,6,1,5547.0,36,0.0039020681,5,Lower-risk active
715452408,0,3,4727,67,0.569,4,3,1734.0,36,0.0075242533,6,Lower-risk active
718103733,0,3,4253,66,0.318,4,4,2934.0,31,0.0074755377,6,Lower-risk active
788705358,0,1,3965,58,0.142,4,4,14527.0,33,0.0054740985,5,Lower-risk active
772105608,0,3,4246,80,0.33,6,4,2646.0,37,0.001423986,3,Lower-risk active
718396533,0,3,4527,83,0.19,5,3,8185.0,38,0.0014645172,3,Lower-risk active
712949733,0,2,3536,61,0.313,3,3,6340.0,37,0.05334941,8,Lower-risk active
772036233,0,2,4320,72,0.0,6,3,5711.0,51,0.0051779463,5,Lower-risk active
713285058,0,3,4275,76,0.709,4,4,2258.0,34,0.001924168,3,Lower-risk active
710289783,1,2,2537,48,0.962,5,4,2086.0,25,0.91813976,9,Contacted but fragile
780390108,0,1,5079,81,0.311,3,2,3256.0,34,0.002516081,4,Lower-risk active
720585183,0,3,3659,68,0.144,3,2,14854.0,35,0.00440364,5,Lower-risk active
711831558,0,1,3244,58,0.168,3,1,7184.0,41,0.0035191101,5,Lower-risk active
710854008,0,2,3902,63,0.171,3,4,6541.0,37,0.021598661,7,Lower-risk active
717017808,0,1,4693,83,0.071,6,2,9065.0,52,0.0005860207,1,Lower-risk active
823615983,1,1,1642,35,0.684,2,3,3682.0,50,0.98498327,10,Contacted but fragile
807587433,1,6,2229,40,0.0,4,5,1438.3,51,0.9903948,10,Dormant high-risk
709987683,1,3,2798,40,0.0,4,4,2286.0,36,0.99349207,10,Dormant high-risk
714435408,0,3,3297,54,0.081,4,1,12663.0,38,0.15824111,8,Lower-risk active
718994583,0,3,4777,69,0.567,3,1,1438.3,35,0.003976241,5,Lower-risk active
793616883,0,2,5205,78,0.464,5,2,1438.3,33,0.0023816866,4,Lower-risk active
779978283,0,2,4428,78,0.0,4,1,5056.0,34,0.004380246,5,Lower-risk active
713370033,1,1,2014,53,0.0,4,4,1438.3,40,0.89216745,9,Contacted but fragile
710482533,0,2,3863,72,0.065,4,1,30928.0,17,0.00027450727,1,Lower-risk active
778830933,0,2,5308,78,0.576,3,0,1804.0,21,0.0023729526,4,Lower-risk active
736145283,0,1,3591,59,0.0,6,4,1669.0,24,0.01102752,6,Lower-risk active
778718658,0,3,4062,65,0.0,3,4,9725.0,15,0.005212878,5,Lower-risk active
719482008,0,3,3354,76,0.048,5,2,21696.0,35,0.0018848582,3,Lower-risk active
715004808,0,3,4339,84,0.617,5,1,2992.0,39,0.0013639183,2,Lower-risk active
720014358,0,2,4019,78,0.509,5,4,1934.0,26,0.00085762487,2,Lower-risk active
718208358,0,3,3789,57,0.024,4,4,34516.0,31,0.1659539,8,Lower-risk active
713380308,0,2,4092,76,0.0,6,1,1734.0,36,0.0009635354,2,Lower-risk active
716477133,0,3,3910,75,0.583,3,4,1438.3,32,0.0025194127,4,Lower-risk active
713949858,1,3,1674,42,0.616,4,4,1438.3,36,0.9329346,9,Dormant high-risk
827619933,0,1,3541,87,0.0,3,2,9673.0,44,0.0006829154,1,Lower-risk active
779135808,0,1,4318,81,0.284,5,4,3609.0,38,0.0008659311,2,Lower-risk active
719751483,1,3,2567,48,0.4,4,1,1438.3,36,0.9844438,10,Dormant high-risk
708219858,0,3,4295,70,0.0,6,2,6423.0,26,0.0036080985,5,Lower-risk active
779681433,1,3,1519,26,0.0,6,4,14899.0,31,0.9606498,9,Dormant high-risk
720169383,0,1,3707,74,0.655,3,1,3224.0,41,0.00053611514,1,Lower-risk active
718056033,0,3,3334,56,0.388,5,2,4135.0,34,0.0768109,8,Lower-risk active
789226683,0,2,3878,82,0.239,6,3,4969.0,33,0.0008367554,2,Lower-risk active
822902508,0,3,4015,77,0.146,3,3,8376.0,37,0.0014371454,3,Lower-risk active
780462183,0,5,4026,67,0.598,5,2,3454.0,31,0.002977537,4,Lower-risk active
715502808,0,3,4442,76,0.077,4,2,25944.0,36,0.0017400425,3,Lower-risk active
788755158,0,3,3016,80,0.372,4,1,1438.3,29,0.0052098203,5,Lower-risk active
780038058,1,2,2283,46,0.0,3,5,1556.0,22,0.9908852,10,Contacted but fragile
709536483,1,0,1999,41,0.025,5,3,8701.0,49,0.9722134,9,Contacted but fragile
712563408,1,1,2296,46,0.449,1,6,5600.0,18,0.9962373,10,Contacted but fragile
771222558,0,1,4467,79,0.696,6,3,2900.0,32,0.00035617824,1,Lower-risk active
708145908,0,3,3999,71,0.445,3,0,4906.0,50,0.00032505908,1,Lower-risk active
717755058,0,3,4096,76,0.49,4,4,2687.0,36,0.0019541227,3,Lower-risk active
789109983,0,1,3870,73,0.318,4,4,4464.0,28,0.0024575642,4,Lower-risk active
802600233,0,1,4124,59,0.604,5,3,1438.3,45,0.0028706165,4,Lower-risk active
720449208,0,1,4758,64,0.817,6,4,2221.0,16,0.018844804,7,Lower-risk active
719557983,0,3,4416,83,0.799,5,3,2966.0,36,0.0024934772,4,Lower-risk active
766111383,0,2,4136,67,0.685,4,4,1593.0,31,0.0035007077,4,Lower-risk active
789367083,0,3,3778,64,0.608,5,3,2450.0,31,0.0034552454,4,Lower-risk active
710538183,0,2,4220,83,0.368,3,4,1529.0,42,0.0014975343,3,Lower-risk active
708534033,0,2,4726,82,0.141,5,2,6274.0,36,0.0011834167,2,Lower-risk active
716739258,0,2,3932,62,0.0,5,4,1438.3,33,0.01229071,6,Lower-risk active
788940558,0,1,4224,75,0.508,6,2,2134.0,27,0.00050748466,1,Lower-risk active
714722808,0,3,4153,91,0.071,5,2,17158.0,33,0.00032174465,1,Lower-risk active
713249883,0,3,4572,81,0.26,6,3,3359.0,36,0.0013517065,2,Lower-risk active
714207483,0,1,4125,80,0.119,6,4,11997.0,41,0.00037026725,1,Lower-risk active
720068808,0,3,3899,65,0.6,3,2,3302.0,32,0.003720033,5,Lower-risk active
778601733,1,4,2370,34,0.629,5,3,2687.0,47,0.882739,9,Dormant high-risk
709779258,0,3,4075,71,0.0,4,4,1438.3,43,0.00921279,6,Lower-risk active
713696808,1,3,2252,42,0.175,3,0,1801.0,39,0.9939324,10,Dormant high-risk
720044658,1,2,2720,46,0.454,6,4,4573.0,46,0.8933084,9,Contacted but fragile
716373483,1,3,1544,45,0.88,4,2,2860.0,40,0.9017695,9,Dormant high-risk
714305508,0,3,3706,81,0.0,6,2,13387.0,36,0.0025825482,4,Lower-risk active
712202433,0,3,3687,68,0.447,3,4,2283.0,36,0.00268018,4,Lower-risk active
716600733,1,3,2572,43,0.112,3,3,2033.0,36,0.99498796,10,Dormant high-risk
778372158,0,3,4747,91,0.618,6,2,2506.0,33,0.00044340335,1,Lower-risk active
714176133,0,2,4220,87,0.511,5,3,1438.3,36,0.0008529676,2,Lower-risk active
708969633,0,5,4544,80,0.897,6,1,2447.0,36,0.0009772023,2,Lower-risk active
715765758,0,2,4217,72,0.566,5,4,1438.3,41,0.003199585,4,Lower-risk active
803097333,0,3,5089,82,0.139,3,4,10873.0,35,0.0031864932,4,Lower-risk active
710411358,1,2,2164,45,0.289,4,4,7596.0,28,0.8202368,9,Contacted but fragile
715660308,1,3,2612,33,0.826,5,2,2921.0,44,0.9929844,10,Dormant high-risk
711866358,0,2,4429,78,0.0,4,3,10136.0,30,0.017211188,7,Lower-risk active
710738883,0,2,4222,61,0.5,4,3,2187.0,36,0.0106124375,6,Lower-risk active
717822108,0,2,4613,85,0.762,3,3,3302.0,48,0.001939136,3,Lower-risk active
714407058,0,2,3821,81,0.075,3,1,30997.0,29,0.0006109771,1,Lower-risk active
710744433,0,2,4077,78,0.94,5,0,2578.0,38,0.00058213685,1,Lower-risk active
778959258,1,3,2585,45,0.0,5,3,1438.3,32,0.99621683,10,Dormant high-risk
713320008,0,3,4172,66,0.154,3,2,3034.0,37,0.008807345,6,Lower-risk active
766795983,0,2,4692,91,0.0,4,2,1438.3,40,0.0007716292,1,Lower-risk active
716256483,0,2,4232,80,0.699,6,4,2611.0,36,0.0008667904,2,Lower-risk active
712364283,0,3,3960,79,0.629,5,2,2222.0,43,0.0008343804,2,Lower-risk active
714620358,1,3,2196,47,0.756,3,4,3328.0,30,0.9557917,9,Dormant high-risk
709145958,1,2,1533,42,0.411,2,2,2440.0,36,0.9737379,9,Mono-product exposed
709787733,0,2,4043,76,0.134,3,2,9723.0,48,0.0006370488,1,Lower-risk active
809071083,0,1,4592,90,0.916,4,0,2346.0,55,0.00015332054,1,Lower-risk active
721165608,0,6,3969,78,0.0,3,3,26142.0,36,0.0030902885,4,Lower-risk active
716668308,1,2,3151,39,0.0,3,4,12405.0,36,0.98967654,10,Contacted but fragile
708760458,0,3,3692,79,0.0,4,4,17655.0,36,0.006024124,6,Lower-risk active
720333783,0,1,3822,50,0.159,3,4,4941.0,33,0.051809028,8,Lower-risk active
789212883,1,1,2533,44,0.0,6,2,1644.0,19,0.9207143,9,Lower-risk active
711341433,0,3,3901,77,0.649,6,3,3095.0,24,0.00063788786,1,Lower-risk active
720235608,0,3,4470,58,0.0,4,1,3828.0,36,0.12476757,8,Lower-risk active
716890533,0,2,5377,86,0.789,6,2,2182.0,36,0.0075948606,6,Lower-risk active
708491508,0,3,3856,68,0.103,3,2,13906.0,42,0.001311147,2,Lower-risk active
718542858,0,3,4623,84,0.094,6,2,10588.0,36,0.0010521159,2,Lower-risk active
717750858,0,3,3769,78,0.823,3,2,2973.0,16,0.0015035421,3,Lower-risk active
712450008,1,2,2438,41,0.0,5,4,4045.0,36,0.9952206,10,Contacted but fragile
827628408,0,3,3672,64,0.677,3,2,2165.0,36,0.00327241,4,Lower-risk active
713492583,1,2,2308,35,0.0,5,2,5845.0,29,0.98798186,10,Lower-risk active
718054833,0,3,2916,65,0.066,6,4,15341.0,37,0.0416924,7,Lower-risk active
788770908,0,2,4275,67,0.494,6,2,3035.0,26,0.004146862,5,Lower-risk active
710175783,0,2,4303,59,0.525,4,1,1986.0,25,0.0147941,7,Lower-risk active
715429608,0,3,3520,66,0.33,4,1,4602.0,37,0.0012116572,2,Lower-risk active
714058308,1,3,1941,53,0.887,5,4,2689.0,36,0.9452285,9,Dormant high-risk
717965808,0,1,5783,73,0.088,5,4,9383.0,54,0.10143685,8,Lower-risk active
709265208,0,3,4422,59,0.542,4,2,1438.3,37,0.021226132,7,Lower-risk active
713114133,1,2,2092,38,0.0,4,3,1443.0,23,0.99675363,10,Contacted but fragile
721349883,0,2,3672,59,0.731,3,1,2847.0,39,0.024047134,7,Lower-risk active
758965158,0,2,4396,83,0.111,4,3,15638.0,37,0.0013282329,2,Lower-risk active
749722908,0,3,4054,68,0.126,3,2,10700.0,36,0.0037253224,5,Lower-risk active
709495833,1,2,1944,36,0.0,5,4,1438.3,36,0.99750453,10,Contacted but fragile
717575958,1,3,2349,42,0.283,6,3,1694.0,41,0.99280775,10,Dormant high-risk
714406158,1,3,2269,42,0.0,4,6,7939.0,36,0.9990246,10,Dormant high-risk
767243208,0,2,4193,79,0.621,3,2,2555.0,35,0.00055900344,1,Lower-risk active
711515433,0,1,4320,85,0.883,3,2,2850.0,36,0.00084762956,2,Lower-risk active
720190908,0,2,4699,72,0.145,6,4,8973.0,51,0.0022463547,4,Lower-risk active
818814933,0,3,3112,79,0.221,3,1,6960.0,53,0.0067013837,6,Lower-risk active
719794383,0,2,5039,85,0.0,6,2,4167.0,41,0.0061180564,6,Lower-risk active
709766808,0,3,3819,82,0.231,4,2,5099.0,36,0.0019266733,3,Lower-risk active
709666908,0,3,4669,93,0.641,3,1,2782.0,36,0.0005739825,1,Lower-risk active
794653983,0,1,5245,80,0.687,3,4,1480.0,27,0.0020070004,3,Lower-risk active
716593533,0,1,3651,76,0.0,4,3,5070.0,45,0.004496847,5,Lower-risk active
714113658,0,3,3992,76,0.517,3,1,2757.0,41,0.0009551575,2,Lower-risk active
708776658,0,3,4444,70,0.263,6,2,5774.0,43,0.0034672618,4,Lower-risk active
712225008,0,6,3998,80,0.182,6,3,6054.0,44,0.0012119977,2,Lower-risk active
787450758,0,3,4712,88,0.0,3,1,19090.0,43,0.0034046907,4,Lower-risk active
789099783,0,3,4117,70,0.406,6,3,2069.0,31,0.00384825,5,Lower-risk active
711751533,0,1,4784,75,0.806,3,3,2447.0,37,0.0013103025,2,Lower-risk active
708367908,0,1,4390,82,0.538,6,2,3022.0,47,0.0005144307,1,Lower-risk active
714951858,0,1,4047,56,0.0,5,3,4473.0,36,0.07452385,8,Lower-risk active
720436008,0,6,4196,81,0.0,4,4,5267.0,43,0.005062337,5,Lower-risk active
718984533,0,2,4552,100,0.177,6,4,7199.0,29,0.00040007127,1,Lower-risk active
716982483,0,4,4497,79,0.0,3,2,1438.3,38,0.0029757172,4,Lower-risk active
708681708,1,3,1977,29,0.0,5,2,3245.0,43,0.9919966,10,Dormant high-risk
720202008,0,3,4377,88,0.647,4,4,3888.0,40,0.0036665727,5,Lower-risk active
714483033,0,2,4660,85,0.0,3,2,14728.0,40,0.0022519266,4,Lower-risk active
711468708,1,3,1986,52,0.0,4,2,1438.3,31,0.99424803,10,Dormant high-risk
821724483,1,3,1455,34,0.155,2,2,11272.0,43,0.97449285,9,Dormant high-risk
716402508,0,3,4265,87,0.621,4,3,2705.0,36,0.0014643722,3,Lower-risk active
721189008,0,2,4578,67,0.0,4,4,12270.0,27,0.008751785,6,Lower-risk active
712867983,0,1,5177,66,0.211,6,4,3006.0,43,0.018021854,7,Lower-risk active
713814408,0,2,3667,66,0.15,6,4,7901.0,36,0.0022733547,4,Lower-risk active
716671983,0,3,4141,65,0.315,3,2,5983.0,29,0.0027248429,4,Lower-risk active
708252108,0,3,4065,65,0.259,6,2,7362.0,53,0.0025680354,4,Lower-risk active
717212958,0,3,3153,57,0.793,6,3,3046.0,36,0.36949012,9,Lower-risk active
713048733,0,1,4054,75,0.054,3,1,34516.0,40,0.0027419417,4,Lower-risk active
779841483,1,3,2238,36,0.11,1,3,12972.0,39,0.9949896,10,Dormant high-risk
710701233,0,1,3890,72,0.071,3,1,17785.0,37,0.00032200274,1,Lower-risk active
718837683,0,3,2394,50,0.497,6,4,3029.0,49,0.81090033,9,Dormant high-risk
718127958,0,2,4174,85,0.182,4,2,9097.0,36,0.0004756738,1,Lower-risk active
718685358,0,1,4488,84,0.0,6,4,1438.3,44,0.0008724153,2,Lower-risk active
771559158,0,1,4769,80,0.49,3,3,2375.0,46,0.0019043864,3,Lower-risk active
710138883,1,2,1835,43,0.0,5,2,8109.0,36,0.8822185,9,Lower-risk active
711197658,0,1,4198,68,0.774,5,0,2618.0,43,0.00036567994,1,Lower-risk active
709045683,0,2,3921,63,0.0,3,1,3549.0,30,0.011405815,6,Lower-risk active
708272808,0,2,3542,59,0.542,4,1,2718.0,36,0.019940922,7,Lower-risk active
720292983,0,1,4929,61,0.805,6,2,2230.0,51,0.011965495,6,Lower-risk active
709112508,1,3,2165,36,0.342,3,4,3802.0,36,0.9625828,9,Dormant high-risk
712840608,0,2,4078,85,0.363,6,3,2736.0,43,0.0013421957,2,Lower-risk active
788920308,0,2,4368,75,0.554,3,1,2258.0,37,0.0011134567,2,Lower-risk active
718160358,1,3,2492,35,0.0,5,2,1438.3,39,0.99718875,10,Dormant high-risk
719325783,1,2,1909,28,0.852,4,3,2954.0,36,0.903258,9,Contacted but fragile
712885533,0,3,3291,62,0.124,6,2,11882.0,31,0.013271996,7,Lower-risk active
719268333,0,3,4205,88,0.0,5,4,1438.3,36,0.0030619376,4,Lower-risk active
721004133,0,2,4093,73,0.374,6,2,1438.3,25,0.0021070554,3,Lower-risk active
714103908,0,2,4515,74,0.267,4,2,2778.0,36,0.0040640286,5,Lower-risk active
771502383,0,5,4884,80,0.622,3,4,2474.0,42,0.0023175483,4,Lower-risk active
713014533,0,3,3557,64,0.283,6,4,5632.0,43,0.0018390425,3,Lower-risk active
713980383,1,2,1902,28,0.0,1,4,11025.0,38,0.9982152,10,Contacted but fragile
711294258,0,3,4780,88,0.9,3,3,2642.0,38,0.0011182469,2,Lower-risk active
719954733,0,6,4435,68,0.041,5,3,30357.0,28,0.0019821548,3,Lower-risk active
711561933,0,6,4256,70,0.645,6,1,2201.0,47,0.003211709,4,Lower-risk active
826077033,1,0,2423,39,0.0,1,4,2002.0,42,0.99683255,10,Contacted but fragile
711555483,0,3,4551,83,0.287,3,2,8777.0,36,0.0045578377,5,Lower-risk active
715194183,1,3,2423,43,0.16,3,4,2575.0,36,0.9958741,10,Dormant high-risk
716929233,0,3,5235,92,0.31,3,4,5182.0,24,0.0013875616,3,Lower-risk active
709014558,0,3,4383,82,0.0,3,2,3783.0,42,0.0028734857,4,Lower-risk active
710636208,0,5,3847,74,0.0,3,3,34516.0,40,0.0061807763,6,Lower-risk active
815525508,0,1,3894,60,0.0,2,4,1515.0,41,0.044525728,8,Mono-product exposed
718746933,0,3,3441,66,0.706,6,4,2865.0,47,0.002794726,4,Lower-risk active
715686183,0,2,4795,65,0.0,6,1,2711.0,34,0.030636568,7,Lower-risk active
741778458,0,2,3406,57,0.662,3,3,2341.0,47,0.0072011678,6,Lower-risk active
801056358,0,1,3851,75,0.14,6,3,13287.0,45,0.0006093337,1,Lower-risk active
709486158,0,1,4530,72,0.0,5,3,1438.3,20,0.0035044926,4,Lower-risk active
713826183,1,3,2242,44,0.0,4,4,1639.0,33,0.9970692,10,Dormant high-risk
803342358,0,1,3382,56,0.444,3,4,5668.0,49,0.04743347,8,Lower-risk active
780292683,1,4,984,24,0.096,3,4,24542.0,41,0.9711095,9,Dormant high-risk
788646858,0,3,4275,61,0.647,6,1,1959.0,29,0.0054488922,5,Lower-risk active
711116133,1,2,2461,47,0.0,3,4,1838.0,37,0.9684377,9,Contacted but fragile
708584208,1,2,2367,41,0.809,5,4,3111.0,36,0.9832055,10,Contacted but fragile
789097833,0,3,4230,93,0.183,4,3,3927.0,27,0.0003206695,1,Lower-risk active
709443633,0,1,4770,62,0.193,5,1,4345.0,26,0.017968616,7,Lower-risk active
767280633,0,2,4378,96,0.484,5,2,3003.0,39,0.00043768348,1,Lower-risk active
713096583,1,3,2294,40,0.378,4,2,1438.3,36,0.98699397,10,Dormant high-risk
721033908,0,3,4552,82,0.414,6,1,2541.0,46,0.0020877656,3,Lower-risk active
756025233,1,3,2437,44,0.419,5,2,2422.0,36,0.9752279,9,Dormant high-risk
711977508,1,2,2141,40,0.841,1,4,1440.0,43,0.99873346,10,Contacted but fragile
772076208,0,3,3677,70,0.044,6,0,26108.0,47,0.0010983606,2,Lower-risk active
710666583,1,2,2321,36,0.919,3,4,2516.0,36,0.95231277,9,Contacted but fragile
712369308,1,3,1969,38,0.287,4,2,3646.0,35,0.7601719,9,Dormant high-risk
794784633,0,1,4478,77,0.959,6,2,2214.0,55,0.00051730353,1,Lower-risk active
716437533,0,3,4101,88,0.0,5,3,11862.0,43,0.0025665725,4,Lower-risk active
715109508,0,1,5347,96,0.163,3,4,8729.0,36,0.00039547548,1,Lower-risk active
795392433,0,1,4651,69,0.0,3,1,2423.0,29,0.0032927212,4,Lower-risk active
712721358,1,3,2059,43,0.618,5,2,4073.0,36,0.98342866,10,Dormant high-risk
720118908,0,2,3477,65,0.0,5,4,9916.0,36,0.0010215334,2,Lower-risk active
799486158,0,2,4222,65,0.66,4,4,1438.3,29,0.0031246168,4,Lower-risk active
718980633,0,3,4835,84,0.178,3,3,6452.0,36,0.003514234,5,Lower-risk active
717336408,1,3,2452,44,0.723,5,1,1952.0,45,0.93978065,9,Dormant high-risk
709546608,0,5,4803,64,0.45,6,4,1438.3,36,0.027184108,7,Lower-risk active
823624158,0,2,4579,78,0.0,3,2,4500.0,49,0.0024290448,4,Lower-risk active
771688983,0,1,4201,68,0.804,4,2,2252.0,41,0.0006720841,1,Lower-risk active
708701358,0,2,4000,79,0.857,3,3,2370.0,36,0.001528411,3,Lower-risk active
712048008,0,2,4127,69,0.762,3,2,2610.0,44,0.002965364,4,Lower-risk active
710712783,0,3,3904,76,0.779,3,3,2294.0,41,0.0013175481,2,Lower-risk active
716626008,0,3,4243,102,0.328,4,4,5062.0,36,0.00051617215,1,Lower-risk active
718284408,0,2,3970,68,0.601,5,2,2415.0,30,0.0023198393,4,Lower-risk active
717414933,0,3,3818,61,0.702,3,3,2918.0,45,0.01605052,7,Lower-risk active
713032233,0,1,4812,83,0.839,5,4,2708.0,36,0.00077298924,1,Lower-risk active
714234858,0,1,4735,84,0.474,5,4,3666.0,36,0.00056812575,1,Lower-risk active
714818058,0,3,4591,74,0.0,3,1,1438.3,30,0.005099765,5,Lower-risk active
708731658,1,3,1587,42,0.0,3,4,1438.3,41,0.96820474,9,Dormant high-risk
708706833,1,3,2466,40,0.0,4,3,2809.0,36,0.9928375,10,Dormant high-risk
780100533,0,2,3586,67,0.09,5,4,26303.0,31,0.0039307596,5,Lower-risk active
711712983,0,2,4503,80,0.0,6,3,15982.0,46,0.002052961,3,Lower-risk active
712549758,0,2,3749,61,0.0,6,1,25060.0,25,0.013329599,7,Lower-risk active
713348433,0,3,4477,62,0.486,6,2,1545.0,29,0.01668788,7,Lower-risk active
820599333,0,2,4469,85,0.42,6,2,1438.3,38,0.0005083585,1,Lower-risk active
787261008,0,3,4446,75,0.274,4,4,4112.0,37,0.0021977455,4,Lower-risk active
778343958,0,3,3866,72,0.0,3,0,1451.0,27,0.0017109172,3,Lower-risk active
788407833,0,3,4025,79,0.083,5,2,16424.0,42,0.001425763,3,Lower-risk active
760807608,0,3,4751,83,0.718,5,4,2340.0,41,0.0012980804,2,Lower-risk active
771108933,0,3,4385,71,0.456,5,4,1926.0,34,0.0036311257,5,Lower-risk active
715954158,1,2,2433,29,0.315,3,4,2954.0,36,0.98490834,10,Contacted but fragile
715499058,1,3,2775,33,0.0,4,2,1848.0,36,0.9933751,10,Dormant high-risk
717995958,0,1,4397,72,0.895,5,4,1634.0,38,0.00087554695,2,Lower-risk active
718736883,0,1,3421,61,0.476,4,4,4328.0,36,0.0011064186,2,Lower-risk active
721045608,0,3,4554,75,0.724,6,3,2943.0,32,0.0026427698,4,Lower-risk active
715215108,0,3,4899,68,0.602,4,3,2611.0,46,0.038466193,7,Lower-risk active
795823383,0,1,3888,63,0.0,5,3,2419.0,37,0.003700215,5,Lower-risk active
718338708,0,2,3380,73,0.0,5,2,5481.0,38,0.0024668574,4,Lower-risk active
713588958,0,1,3655,70,0.708,4,1,2129.0,25,0.00079611334,1,Lower-risk active
710120358,0,2,2229,37,0.256,6,4,9026.0,27,0.56014353,9,Contacted but fragile
809582058,0,2,4410,73,0.709,5,2,1761.0,43,0.0032151698,4,Lower-risk active
709199358,1,3,1684,19,0.0,1,4,3316.0,36,0.9925954,10,Dormant high-risk
821889858,1,4,2493,44,0.75,6,3,1970.0,46,0.946957,9,Dormant high-risk
815324433,0,3,4200,86,0.0,6,1,1438.3,41,0.0050253873,5,Lower-risk active
793656633,0,3,5101,76,0.572,3,1,2278.0,29,0.00085761666,2,Lower-risk active
713246208,0,2,4548,54,0.099,6,4,13364.0,56,0.024217028,7,Lower-risk active
711493158,0,2,4926,90,0.881,5,2,2801.0,36,0.0010417625,2,Lower-risk active
721163133,0,3,3948,60,0.0,6,1,28292.0,36,0.07531193,8,Lower-risk active
826417233,0,3,5089,71,0.345,3,4,2933.0,31,0.007763136,6,Lower-risk active
711619608,0,3,4584,84,0.0,6,2,21630.0,36,0.002145006,3,Lower-risk active
712244733,0,1,4412,73,0.712,4,2,3132.0,45,0.00062753214,1,Lower-risk active
709638783,0,3,4056,92,0.692,4,4,2961.0,43,0.00043092933,1,Lower-risk active
720296808,1,3,2554,47,0.424,3,2,4173.0,39,0.9518205,9,Dormant high-risk
718926258,0,3,4627,90,0.261,4,2,2458.0,28,0.0008682746,2,Lower-risk active
714706083,0,3,4284,75,0.082,5,4,12229.0,36,0.0025803947,4,Lower-risk active
721473783,0,1,4614,75,0.266,3,1,2272.0,21,0.003560223,5,Lower-risk active
712230408,0,2,3700,80,0.208,3,4,6953.0,37,0.0011423342,2,Lower-risk active
716186883,0,6,4120,78,0.521,3,2,1792.0,37,0.0010876812,2,Lower-risk active
715204083,0,2,4990,80,0.326,3,2,2765.0,36,0.0029943716,4,Lower-risk active
709283358,1,2,2473,42,0.0,6,3,2895.0,29,0.99505424,10,Contacted but fragile
817887408,0,1,3485,84,0.166,3,4,6904.0,34,0.00039295084,1,Lower-risk active
789481233,1,3,2859,55,0.0,5,3,2220.0,30,0.7301345,9,Dormant high-risk
718184883,0,2,3878,63,0.0,5,2,1495.0,34,0.012247383,6,Lower-risk active
821157183,0,2,4698,88,0.55,5,3,2541.0,37,0.0007951073,1,Lower-risk active
709837308,0,1,3833,71,0.0,6,2,7531.0,19,0.006597611,6,Lower-risk active
779491908,0,2,4272,59,0.161,5,1,8644.0,29,0.056879237,8,Lower-risk active
718399233,0,3,4152,77,0.0,6,1,1531.0,36,0.004476014,5,Lower-risk active
779447358,0,3,4486,93,0.73,3,4,2884.0,32,0.00074633333,1,Lower-risk active
710661333,1,3,2513,47,0.151,4,2,10241.0,36,0.93216956,9,Dormant high-risk
789114408,0,1,4693,82,0.0,3,4,4182.0,38,0.0029190402,4,Lower-risk active
710570058,1,2,2512,37,0.0,3,4,3101.0,25,0.9972282,10,Contacted but fragile
712681608,0,4,4011,70,0.298,5,2,4542.0,36,0.005972563,6,Lower-risk active
709086933,0,2,4209,72,0.746,4,4,3372.0,22,0.0070705744,6,Lower-risk active
709179708,0,1,3622,75,0.0,3,2,3099.0,36,0.0013722361,2,Lower-risk active
711206958,0,1,4163,73,0.54,3,2,2416.0,31,0.0012130956,2,Lower-risk active
823928058,0,2,4509,79,0.109,3,4,5299.0,48,0.004802511,5,Lower-risk active
796330983,0,1,4785,85,0.6,3,4,2138.0,35,0.00057059136,1,Lower-risk active
771284658,1,2,2613,41,0.484,6,4,1850.0,35,0.9544037,9,Contacted but fragile
779307558,0,3,4806,81,0.0,4,3,3585.0,35,0.0054250574,5,Lower-risk active
788846508,0,1,4567,81,0.707,6,3,2690.0,32,0.00039177522,1,Lower-risk active
783500283,0,3,5041,74,0.042,5,2,29100.0,56,0.0022742157,4,Lower-risk active
802247658,1,5,2599,43,0.897,4,4,2699.0,53,0.9946964,10,Dormant high-risk
795573333,0,2,4142,67,0.139,6,1,8376.0,35,0.005497131,5,Lower-risk active
721366308,0,3,3702,64,0.152,4,1,13509.0,39,0.0026569953,4,Lower-risk active
720377433,0,2,4593,74,0.925,4,4,2396.0,36,0.0040410818,5,Lower-risk active
711243108,0,3,3835,78,0.116,5,3,18964.0,36,0.0017034496,3,Lower-risk active
789351783,0,2,4518,88,0.765,3,2,2114.0,30,0.0004930602,1,Lower-risk active
719699208,0,3,4423,65,0.449,5,4,1623.0,36,0.0042489343,5,Lower-risk active
720774183,0,2,4300,69,0.76,6,1,2579.0,30,0.0015395845,3,Lower-risk active
713590158,1,2,2042,40,0.412,5,4,5045.0,34,0.7066049,9,Contacted but fragile
715547058,1,3,2707,51,0.0,4,4,2089.0,36,0.9741675,9,Dormant high-risk
815596608,0,1,4615,72,0.321,4,3,2866.0,43,0.0016893992,3,Lower-risk active
718921683,0,6,4816,49,0.188,6,3,9738.0,38,0.3791462,9,Lower-risk active
720031908,0,1,4326,74,0.0,5,1,4370.0,36,0.0011958395,2,Lower-risk active
716716083,0,2,4578,84,0.56,6,3,3355.0,36,0.001058799,2,Lower-risk active
819969933,0,2,4193,67,0.0,4,2,5070.0,38,0.003996429,5,Lower-risk active
714382608,0,2,4315,85,0.451,4,0,2572.0,36,0.00073877943,1,Lower-risk active
720092283,0,2,4379,78,0.485,4,3,2016.0,31,0.0011384647,2,Lower-risk active
720531633,1,2,2665,36,0.709,4,2,3552.0,36,0.9942703,10,Lower-risk active
718508883,1,3,2306,47,0.102,6,3,2325.0,36,0.9855899,10,Dormant high-risk
708794133,0,1,3197,50,0.843,3,4,2533.0,37,0.10702768,8,Lower-risk active
713447583,0,3,5480,58,0.531,5,2,3871.0,36,0.2178852,8,Lower-risk active
716107158,1,1,3098,46,0.108,5,5,3983.0,20,0.87139374,9,Contacted but fragile
712713108,0,2,4802,85,0.925,6,3,2035.0,36,0.0013159767,2,Lower-risk active
719245083,0,3,4087,74,0.868,4,4,1773.0,39,0.0023513609,4,Lower-risk active
708269583,0,2,4014,86,0.679,6,4,2029.0,28,0.00096013607,2,Lower-risk active
720234708,1,3,2429,50,0.0,6,2,15490.0,33,0.9544147,9,Dormant high-risk
709436883,0,2,5000,87,0.55,6,2,2941.0,48,0.00218892,4,Lower-risk active
714140133,0,1,4678,74,0.669,3,2,2314.0,32,0.000474493,1,Lower-risk active
716136333,1,2,2725,41,0.598,5,1,4212.0,24,0.993525,10,Lower-risk active
715031433,0,3,4664,60,0.239,6,3,6248.0,36,0.06420987,8,Lower-risk active
810667158,0,1,4344,75,0.401,3,1,2430.0,35,0.0008580801,2,Lower-risk active
715253433,0,2,5266,79,0.248,5,3,5543.0,38,0.003590648,5,Lower-risk active
809937933,0,3,4384,82,0.815,4,2,2470.0,37,0.0028238276,4,Lower-risk active
708997833,0,3,4045,62,0.185,5,1,3255.0,39,0.0068056583,6,Lower-risk active
718296558,1,3,2345,33,0.785,4,5,1691.0,31,0.986046,10,Dormant high-risk
780086658,1,2,2060,39,0.0,3,4,18229.0,28,0.98036665,10,Contacted but fragile
708754833,0,4,4583,72,0.418,3,4,2827.0,40,0.0045971875,5,Lower-risk active
788638908,0,2,4278,71,0.905,4,4,2351.0,30,0.0015965612,3,Lower-risk active
715607958,0,1,4385,78,0.524,6,3,4202.0,36,0.00047707034,1,Lower-risk active
708515358,0,3,4216,82,0.0,6,2,4712.0,36,0.0029621234,4,Lower-risk active
716357058,0,3,2955,56,0.301,4,1,2611.0,36,0.31251413,9,Lower-risk active
714569958,0,2,3852,65,0.767,6,1,3206.0,28,0.00816808,6,Lower-risk active
716822583,0,2,3648,74,0.153,4,3,5245.0,36,0.0041452474,5,Lower-risk active
721109358,0,2,4162,87,0.0,6,1,2583.0,27,0.0011600129,2,Lower-risk active
827635083,0,3,4222,75,0.525,4,3,1438.3,55,0.0021988899,4,Lower-risk active
715492983,0,2,4348,62,0.337,4,4,7464.0,36,0.035304736,7,Lower-risk active
712234308,0,1,4767,90,0.366,6,2,4928.0,36,0.00034066846,1,Lower-risk active
708334158,0,2,3068,58,0.07,4,4,9863.0,34,0.038075082,7,Lower-risk active
812488608,0,1,4908,73,0.44,6,3,5024.0,39,0.0011504102,2,Lower-risk active
793345008,0,1,4287,80,0.0,4,3,1438.3,38,0.001063366,2,Lower-risk active
715487733,1,3,2287,42,0.0,6,3,1452.0,36,0.9949374,10,Dormant high-risk
788856408,0,5,4264,75,0.314,5,2,3317.0,34,0.002356707,4,Lower-risk active
708154833,1,3,2336,46,0.564,1,3,1438.3,27,0.99663204,10,Dormant high-risk
721147383,0,2,4087,81,0.711,4,4,2448.0,22,0.0010960762,2,Lower-risk active
803973483,0,2,4496,83,0.0,4,4,1546.0,44,0.0031966874,4,Lower-risk active
788941983,1,3,2425,50,0.0,1,1,2013.0,22,0.9824613,10,Dormant high-risk
715603233,0,1,4436,74,0.637,6,2,2293.0,42,0.0005126975,1,Lower-risk active
709945458,0,1,4791,82,0.356,3,1,1438.3,40,0.0006682618,1,Lower-risk active
714614133,1,3,2128,39,0.0,3,3,2819.0,36,0.99772996,10,Dormant high-risk
768167358,0,3,4301,86,0.598,6,0,1702.0,31,0.00046596222,1,Lower-risk active
737967708,0,1,4087,86,0.582,5,1,1611.0,45,0.00050501927,1,Lower-risk active
712920633,0,1,4348,79,0.0,4,1,1438.3,35,0.00097364676,2,Lower-risk active
780373233,0,3,4985,90,0.678,5,0,2863.0,29,0.00028480915,1,Lower-risk active
721384308,0,1,4763,86,0.71,4,4,3272.0,36,0.0007885353,1,Lower-risk active
712242633,0,1,3911,76,0.94,6,4,2677.0,36,0.0011080222,2,Lower-risk active
713610933,0,2,4277,90,0.0,3,1,2708.0,26,0.0019395484,3,Lower-risk active
714257958,0,2,4220,68,0.0,4,1,1738.0,31,0.0029815657,4,Lower-risk active
772172883,0,2,4893,93,0.22,6,1,6145.0,35,0.00076616864,1,Lower-risk active
720204558,0,1,4597,77,0.609,4,3,1640.0,36,0.00046298013,1,Lower-risk active
779635533,0,1,5125,71,0.438,5,3,2348.0,21,0.006311406,6,Lower-risk active
804658833,0,1,4068,73,0.0,5,2,1657.0,48,0.0018677794,3,Lower-risk active
756691608,0,3,4816,81,0.171,5,3,4554.0,30,0.0027012252,4,Lower-risk active
806219808,0,6,5146,88,0.385,5,3,5119.0,47,0.0026858656,4,Lower-risk active
826266483,0,2,4586,81,0.056,6,2,10600.0,35,0.00097586267,2,Lower-risk active
775152708,1,3,1835,43,0.043,2,4,20769.0,39,0.9961719,10,Dormant high-risk
787596558,0,2,4748,85,0.138,5,1,7116.0,23,0.0016024108,3,Lower-risk active
803205258,0,3,4348,86,0.983,4,4,2420.0,45,0.002620844,4,Lower-risk active
716041908,0,2,4383,75,0.387,5,4,2082.0,43,0.0020643696,3,Lower-risk active
708837858,0,2,4423,68,0.632,5,2,2718.0,34,0.002813687,4,Lower-risk active
828227433,0,2,4957,84,0.138,6,4,5626.0,46,0.0039729,5,Lower-risk active
714487458,1,4,2306,39,0.0,6,2,2920.0,40,0.99472815,10,Dormant high-risk
711390333,1,4,2331,45,0.075,5,2,6526.0,46,0.98401606,10,Dormant high-risk
787974108,1,2,2374,40,0.442,4,2,1793.0,27,0.9753669,9,Lower-risk active
714036258,0,1,4255,64,0.702,4,4,2798.0,36,0.0014017579,3,Lower-risk active
788752833,0,3,3857,69,0.651,6,4,2427.0,32,0.0019864938,3,Lower-risk active
773108958,0,1,4439,75,0.71,4,1,3011.0,48,0.0008396379,2,Lower-risk active
782437008,0,2,4717,83,0.784,6,4,2255.0,35,0.0007254283,1,Lower-risk active
710729358,1,3,2539,42,0.0,6,4,6479.0,30,0.9910216,10,Dormant high-risk
827423433,0,1,3668,67,0.187,5,4,7492.0,37,0.0014176522,3,Lower-risk active
756919683,0,1,4339,86,0.356,6,3,3632.0,41,0.0005914718,1,Lower-risk active
779219208,0,1,4811,86,0.0,5,3,1744.0,28,0.0013849812,3,Lower-risk active
712342833,0,3,4042,80,0.381,5,1,5905.0,36,0.001300078,2,Lower-risk active
721121283,0,1,4289,81,0.497,4,4,2573.0,24,0.0005069736,1,Lower-risk active
790006383,0,3,4221,67,0.211,4,2,9654.0,37,0.0036770762,5,Lower-risk active
756989583,0,2,4418,68,0.0,4,2,1605.0,24,0.006900609,6,Lower-risk active
717477783,1,2,1563,36,0.234,1,2,10195.0,37,0.9891612,10,Mono-product exposed
716614683,0,3,3847,73,0.036,5,1,34516.0,36,0.0018885138,3,Lower-risk active
789942033,1,3,2237,43,0.0,5,3,10573.0,34,0.98575056,10,Dormant high-risk
740784258,0,3,4191,90,0.608,4,3,1789.0,40,0.0009054655,2,Lower-risk active
711336033,0,3,4080,72,0.136,3,2,7595.0,36,0.0011132207,2,Lower-risk active
768141558,0,3,4220,74,0.579,4,0,3272.0,45,0.00058690325,1,Lower-risk active
717179508,0,1,4011,68,0.657,6,3,2382.0,26,0.0006240633,1,Lower-risk active
716520033,0,4,4639,61,0.731,6,1,1981.0,36,0.013839366,7,Lower-risk active
783625008,0,2,3444,71,0.0,4,2,22294.0,45,0.0032551961,4,Lower-risk active
769330908,0,3,4134,62,0.604,5,4,2574.0,43,0.00971865,6,Lower-risk active
789396783,0,3,4729,78,0.525,3,4,2112.0,20,0.0005485451,1,Lower-risk active
709310433,0,2,4480,76,0.149,3,2,5441.0,56,0.0022455503,4,Lower-risk active
713094483,0,2,4741,78,0.0,3,4,4391.0,32,0.0043515186,5,Lower-risk active
770753733,0,3,4854,85,0.613,4,2,3044.0,28,0.0016507352,3,Lower-risk active
712659408,0,3,4578,81,0.793,3,2,2721.0,45,0.0019583772,3,Lower-risk active
768475383,0,1,4007,74,0.0,6,2,4467.0,56,0.0065383664,6,Lower-risk active
779655183,0,1,4054,82,0.0,6,3,5033.0,31,0.0012313273,2,Lower-risk active
711278283,0,1,4705,65,0.125,5,2,8604.0,50,0.01523767,7,Lower-risk active
713345508,0,3,4471,83,0.715,4,2,2325.0,36,0.0009302576,2,Lower-risk active
711379083,0,3,5124,74,0.518,5,3,2758.0,42,0.0022368173,4,Lower-risk active
789144633,0,2,2001,34,0.088,3,2,9705.0,34,0.6365531,9,Lower-risk active
708393633,0,2,4625,94,0.613,4,4,2685.0,31,0.0007623789,1,Lower-risk active
708657033,0,3,3837,71,0.714,5,2,2694.0,54,0.0027252457,4,Lower-risk active
717949008,1,2,2341,43,0.265,5,3,1554.0,29,0.99626833,10,Contacted but fragile
788866983,0,2,3383,61,0.0,5,1,1438.3,48,0.005041447,5,Lower-risk active
751283658,0,3,4306,73,0.737,4,3,1786.0,35,0.0008740507,2,Lower-risk active
718243533,0,3,3880,74,0.0,3,4,2648.0,36,0.004828017,5,Lower-risk active
779754408,0,2,4349,69,0.857,3,2,2477.0,33,0.002075812,3,Lower-risk active
794866983,0,2,3812,67,0.141,6,1,7336.0,45,0.002277114,4,Lower-risk active
711832533,0,3,3748,62,0.04,3,3,34516.0,32,0.004795167,5,Lower-risk active
788552658,0,3,4562,86,0.71,3,1,2479.0,30,0.0010275582,2,Lower-risk active
715415508,0,3,4301,71,0.199,3,3,9396.0,36,0.002653905,4,Lower-risk active
719962458,0,2,4869,70,0.582,3,2,2561.0,34,0.0038617875,5,Lower-risk active
712734933,1,2,1952,39,0.0,5,3,4020.0,36,0.98035264,10,Contacted but fragile
717410508,0,3,3303,70,0.05,4,4,25856.0,30,0.005260598,5,Lower-risk active
711796683,0,4,4311,73,0.214,5,2,7398.0,38,0.004634795,5,Lower-risk active
709407933,0,3,4544,80,0.052,5,4,34516.0,38,0.0063375584,6,Lower-risk active
810493458,0,1,4388,72,0.332,6,3,4058.0,47,0.0011636867,2,Lower-risk active
720494058,0,3,4781,79,0.0,4,3,3042.0,25,0.005931466,6,Lower-risk active
717050883,0,2,4183,71,0.602,5,2,2688.0,36,0.0019812465,3,Lower-risk active
713163258,1,3,1959,52,0.0,4,3,3388.0,33,0.96521044,9,Dormant high-risk
715659333,0,3,4508,69,0.513,3,2,4902.0,36,0.09694861,8,Lower-risk active
712414908,0,2,4992,80,0.0,4,1,3241.0,37,0.00331786,4,Lower-risk active
720175008,0,1,4055,66,0.364,3,4,5069.0,34,0.0012527836,2,Lower-risk active
719876808,0,2,3902,62,0.0,5,3,13625.0,36,0.039046727,7,Lower-risk active
713334483,1,2,2263,35,0.0,5,3,8766.0,32,0.98208,10,Contacted but fragile
708360108,0,1,4869,90,0.478,3,1,2800.0,41,0.00021955548,1,Lower-risk active
720676158,0,3,5223,89,0.221,6,2,9005.0,21,0.0029440667,4,Lower-risk active
716631708,0,3,4027,67,0.734,4,1,2713.0,36,0.002945891,4,Lower-risk active
713025558,1,2,1935,47,0.0,3,3,1438.3,38,0.9978108,10,Contacted but fragile
710506683,0,1,4543,75,0.0,3,0,1746.0,39,0.00030511848,1,Lower-risk active
712428333,0,3,4041,75,0.649,3,4,2930.0,41,0.0021217593,3,Lower-risk active
718041033,0,1,5363,76,0.668,6,4,2178.0,36,0.014711704,7,Lower-risk active
709169133,0,3,3995,82,0.0,3,1,1438.3,23,0.0013750414,3,Lower-risk active
718164858,0,3,4642,97,0.634,5,2,2021.0,34,0.00057932344,1,Lower-risk active
809565183,1,3,2650,43,0.339,3,4,1842.0,47,0.99726856,10,Dormant high-risk
778377183,0,2,4846,92,0.063,5,2,18284.0,29,0.0003355988,1,Lower-risk active
712845258,0,3,4161,71,0.048,5,2,34516.0,33,0.004779242,5,Lower-risk active
716915133,0,3,4397,70,0.0,5,4,1696.0,36,0.008642474,6,Lower-risk active
771403008,0,1,4409,75,0.0,4,3,7215.0,40,0.001345153,2,Lower-risk active
787441383,0,1,3989,62,0.716,3,2,1793.0,37,0.0014443527,3,Lower-risk active
711345258,0,3,4751,85,0.0,3,1,5731.0,44,0.0030695482,4,Lower-risk active
713685033,1,2,1848,38,0.0,3,2,2417.0,33,0.9949687,10,Lower-risk active
718205283,0,3,5035,76,0.0,6,1,1438.3,37,0.0029662452,4,Lower-risk active
708337683,0,2,3820,62,0.041,4,2,21800.0,40,0.007192783,6,Lower-risk active
720941433,1,3,2312,43,0.0,3,2,1547.0,41,0.9944056,10,Dormant high-risk
710201058,0,3,4198,65,0.496,3,2,1485.0,38,0.002442384,4,Lower-risk active
785218458,0,1,4333,77,0.911,4,3,2505.0,38,0.00047807486,1,Lower-risk active
770740308,0,3,4691,92,0.646,3,2,2631.0,35,0.00039298044,1,Lower-risk active
787493808,1,2,2396,49,0.919,5,2,2700.0,36,0.9637999,9,Lower-risk active
708846183,0,2,4006,68,0.676,4,2,3307.0,30,0.002312799,4,Lower-risk active
810586833,0,2,3429,78,0.029,6,3,29638.0,33,0.0020592373,3,Lower-risk active
711151383,1,2,2157,37,0.168,3,5,2066.0,26,0.9948213,10,Contacted but fragile
712425258,0,1,4260,72,0.742,6,3,1859.0,26,0.0006048794,1,Lower-risk active
772063308,0,1,4155,79,0.0,5,1,13362.0,34,0.00058555725,1,Lower-risk active
718574808,0,3,4327,74,0.759,4,4,2431.0,17,0.0011162758,2,Lower-risk active
717131283,0,1,4712,67,0.262,5,1,6034.0,34,0.0010135106,2,Lower-risk active
798996183,0,2,4069,80,0.689,4,3,2194.0,55,0.0009629109,2,Lower-risk active
716831508,0,1,3492,59,0.776,4,3,1963.0,34,0.0018709217,3,Lower-risk active
715297908,1,2,2534,52,0.782,4,3,1438.3,22,0.9675291,9,Contacted but fragile
813234108,0,1,3895,70,0.415,4,3,2922.0,40,0.0010503002,2,Lower-risk active
711027183,0,3,4946,80,0.086,4,1,6943.0,45,0.001975368,3,Lower-risk active
718812708,1,3,1882,48,0.006,5,4,34516.0,44,0.92457783,9,Dormant high-risk
709505808,1,3,1918,31,0.506,5,4,4345.0,33,0.94279575,9,Dormant high-risk
711267633,1,4,2271,36,0.074,5,4,4248.0,40,0.9956546,10,Dormant high-risk
719613783,0,2,4211,64,0.0,3,2,1438.3,42,0.006954809,6,Lower-risk active
719035758,0,1,4917,78,0.636,5,2,2383.0,43,0.0006939215,1,Lower-risk active
708473133,0,2,4588,68,0.0,4,3,1677.0,45,0.004894652,5,Lower-risk active
712996833,0,2,4309,86,0.472,4,2,2392.0,33,0.0007121792,1,Lower-risk active
720963258,1,2,2675,37,0.0,3,3,3474.0,40,0.99702674,10,Contacted but fragile
819606258,0,3,3876,55,0.186,5,3,8737.0,43,0.029259305,7,Lower-risk active
714634983,1,3,2403,48,0.0,3,3,3517.0,36,0.9945939,10,Dormant high-risk
806428908,0,3,5049,75,0.0,3,3,13397.0,55,0.011378716,6,Lower-risk active
710903358,0,2,3709,77,0.218,5,1,6352.0,55,0.00082524965,1,Lower-risk active
712676208,0,3,4084,79,0.741,6,3,1787.0,36,0.0009499631,2,Lower-risk active
709005633,1,2,2112,52,0.0,3,4,18734.0,51,0.713122,9,Contacted but fragile
712102983,0,3,3832,87,0.0,6,3,1438.3,36,0.0024429476,4,Lower-risk active
754480233,0,2,4742,62,0.0,5,4,3525.0,43,0.19144619,8,Lower-risk active
719042208,0,3,4565,65,0.605,4,4,2067.0,33,0.0045442,5,Lower-risk active
716251608,0,1,4355,87,0.0,6,4,2051.0,36,0.0015259869,3,Lower-risk active
715537383,0,1,3934,78,0.069,5,2,27378.0,30,0.00097055285,2,Lower-risk active
709460883,1,2,2437,46,0.0,5,4,1614.0,28,0.9934841,10,Contacted but fragile
789325008,0,3,3645,82,0.253,5,1,7862.0,38,0.0011496454,2,Lower-risk active
719195733,0,1,4948,85,0.444,5,3,4284.0,36,0.0017103618,3,Lower-risk active
787665258,1,2,2393,36,0.0,1,2,1438.3,37,0.9983114,10,Mono-product exposed
710226708,0,2,4573,93,0.473,5,1,1438.3,49,0.00021828327,1,Lower-risk active
711982383,0,3,4694,79,0.081,3,2,21805.0,49,0.0049233306,5,Lower-risk active
716345283,0,1,4277,66,0.407,5,4,4712.0,36,0.0017117474,3,Lower-risk active
816850458,1,2,2448,40,0.0,6,4,1698.0,28,0.983478,10,Contacted but fragile
710842308,0,3,4150,83,0.41,4,4,2264.0,26,0.0010861952,2,Lower-risk active
713132133,0,2,5103,81,0.623,3,4,2720.0,39,0.0014070361,3,Lower-risk active
788874333,0,1,4313,67,0.083,3,4,15631.0,40,0.00096286775,2,Lower-risk active
717987258,0,2,4503,67,0.65,5,4,2594.0,36,0.0021205875,3,Lower-risk active
793712658,1,2,1821,36,0.168,4,3,15011.0,46,0.69244313,9,Contacted but fragile
708324483,0,3,4420,71,0.0,3,4,1548.0,39,0.0049115284,5,Lower-risk active
768612258,0,3,4171,78,0.601,3,3,2700.0,46,0.0020830154,3,Lower-risk active
719659758,0,1,4194,72,0.572,6,0,2919.0,35,0.00043874973,1,Lower-risk active
711313158,0,1,4962,74,0.0,5,1,10721.0,44,0.005518418,5,Lower-risk active
716483358,0,1,5481,68,0.217,5,4,6125.0,29,0.05723595,8,Lower-risk active
719829633,0,3,5026,79,0.542,5,4,3200.0,29,0.0033442099,4,Lower-risk active
812465958,0,2,4960,83,0.081,5,2,12286.0,48,0.00088407676,2,Lower-risk active
786536808,0,3,3928,82,0.0,3,1,21543.0,45,0.003599592,5,Lower-risk active
807369708,0,2,4009,74,0.0,3,4,6355.0,47,0.003555763,5,Lower-risk active
711397533,0,2,3410,62,0.429,4,2,5616.0,41,0.05022313,8,Lower-risk active
711740508,0,2,4615,82,0.592,6,2,2661.0,40,0.00077628635,1,Lower-risk active
715233108,0,1,4121,83,0.304,4,2,2836.0,36,0.00051637046,1,Lower-risk active
813807258,0,3,4670,82,0.0,6,3,1438.3,45,0.0023501597,4,Lower-risk active
769183908,0,3,4321,58,0.324,6,1,2109.0,45,0.021577077,7,Lower-risk active
718451133,0,5,3899,68,0.095,4,4,14951.0,40,0.0016174089,3,Lower-risk active
721115733,0,3,3698,79,0.562,5,2,1591.0,36,0.000777369,1,Lower-risk active
720085233,1,3,2167,38,0.282,6,4,8930.0,40,0.990288,10,Dormant high-risk
717036408,0,3,4560,81,0.347,6,1,4685.0,36,0.003365381,4,Lower-risk active
714427608,0,3,4888,78,0.267,5,1,2555.0,29,0.0018054423,3,Lower-risk active
780019908,0,3,4657,82,0.297,6,2,2172.0,43,0.0010622223,2,Lower-risk active
827898033,1,0,2465,54,0.0,4,3,2912.0,50,0.8635159,9,Contacted but fragile
720302883,0,3,4585,78,0.643,4,1,3390.0,35,0.003006166,4,Lower-risk active
715893633,0,3,4755,81,0.494,4,2,2193.0,36,0.0051777745,5,Lower-risk active
720730683,0,3,4997,84,0.042,5,3,17412.0,36,0.0041166176,5,Lower-risk active
720638283,0,3,4568,83,0.618,4,2,2801.0,20,0.0010166459,2,Lower-risk active
789053883,0,2,3692,84,0.199,4,1,11186.0,31,0.0005876007,1,Lower-risk active
719286708,0,5,4498,76,0.551,4,2,2434.0,39,0.0011313435,2,Lower-risk active
713952558,1,3,2128,40,0.823,3,2,1790.0,43,0.98737085,10,Dormant high-risk
793395933,0,3,4208,69,0.641,4,3,2716.0,53,0.005931159,6,Lower-risk active
813895458,0,3,4617,89,0.0,6,3,2874.0,43,0.0018819475,3,Lower-risk active
771733608,1,3,2276,40,0.0,3,5,1438.3,35,0.99507856,10,Dormant high-risk
710102208,0,2,4464,75,0.0,3,2,18776.0,36,0.0032325506,4,Lower-risk active
719511783,0,2,4916,78,0.832,3,2,1438.3,41,0.0015825869,3,Lower-risk active
712849158,1,3,2186,44,0.126,4,3,19793.0,44,0.97279084,9,Dormant high-risk
783070833,0,2,4408,86,0.768,5,3,2472.0,28,0.0007767192,1,Lower-risk active
713419908,0,2,4537,72,0.0,3,3,12362.0,50,0.0046987114,5,Lower-risk active
789345408,0,3,4983,53,0.502,5,2,1438.3,29,0.1333947,8,Lower-risk active
720992883,0,3,4805,76,0.584,4,3,3189.0,37,0.002022905,3,Lower-risk active
803652633,0,2,5124,70,0.753,4,2,2092.0,41,0.02073678,7,Lower-risk active
789248958,0,2,5259,89,0.854,3,3,2946.0,26,0.0047899885,5,Lower-risk active
716178483,0,3,4334,71,0.0,4,2,2430.0,29,0.009578845,6,Lower-risk active
715440558,0,1,3940,74,0.456,3,2,4143.0,36,0.0008772484,2,Lower-risk active
711535158,1,3,1955,42,0.21,5,3,2197.0,35,0.97490025,9,Dormant high-risk
713647083,0,2,3696,80,0.189,5,3,9314.0,36,0.0012542306,2,Lower-risk active
718311933,1,2,2587,43,0.677,6,2,3719.0,37,0.9896376,10,Lower-risk active
718404783,1,2,2384,33,0.0,5,4,6996.0,49,0.98718876,10,Contacted but fragile
817332483,1,4,2445,43,0.0,6,3,7306.0,47,0.9844297,10,Dormant high-risk
710015733,1,3,3142,37,0.306,3,1,2029.0,30,0.9405812,9,Dormant high-risk
794965233,1,3,1927,44,0.059,6,3,13199.0,45,0.89856017,9,Dormant high-risk
710512833,0,1,5178,79,0.405,6,1,3304.0,29,0.00050011463,1,Lower-risk active
710803008,0,3,4372,68,0.653,6,2,3125.0,30,0.0029887254,4,Lower-risk active
712987608,0,3,4263,84,0.802,3,3,1438.3,40,0.0018290995,3,Lower-risk active
716974383,0,2,1911,35,0.794,3,0,2491.0,28,0.05805152,8,Lower-risk active
720930633,1,4,2341,37,0.0,5,2,1977.0,46,0.9942542,10,Dormant high-risk
710136258,1,2,2833,43,0.0,6,3,1806.0,24,0.9862329,10,Contacted but fragile
779438208,0,3,4606,75,0.606,4,3,1938.0,22,0.0013816976,3,Lower-risk active
721017333,0,2,4606,83,0.628,4,3,3188.0,36,0.0011510503,2,Lower-risk active
720952608,0,1,4396,68,0.658,6,2,2288.0,29,0.00072711747,1,Lower-risk active
712886733,0,3,4268,87,0.752,3,3,1780.0,32,0.0019607656,3,Lower-risk active
810545733,0,3,4228,63,0.624,3,3,2373.0,42,0.005455442,5,Lower-risk active
822132858,1,2,2205,43,0.0,1,2,23250.0,37,0.9965745,10,Mono-product exposed
713526258,1,3,2020,33,0.0,3,4,34516.0,36,0.99500364,10,Dormant high-risk
712877733,0,3,4407,84,0.109,6,3,12882.0,42,0.001186297,2,Lower-risk active
713339283,0,3,4135,71,0.126,4,4,6348.0,39,0.0032929387,4,Lower-risk active
720473433,0,1,4955,78,0.948,5,3,2621.0,36,0.0013382431,2,Lower-risk active
780584658,1,2,2077,61,0.702,4,2,1843.0,22,0.8571109,9,Lower-risk active
711824358,0,3,4524,70,0.0,3,2,3228.0,31,0.007665011,6,Lower-risk active
789990333,0,2,4469,80,0.314,5,2,2303.0,35,0.0009076007,2,Lower-risk active
721332033,0,2,4411,67,0.031,4,1,29195.0,30,0.003277623,4,Lower-risk active
709612983,1,2,2265,41,0.611,5,4,2990.0,36,0.96886474,9,Contacted but fragile
771058908,0,3,4563,72,0.855,3,2,2873.0,42,0.02231116,7,Lower-risk active
715471833,0,1,4525,67,0.0,5,3,28253.0,36,0.0031478012,4,Lower-risk active
711781233,0,1,5221,87,0.0,6,3,1882.0,45,0.003719936,5,Lower-risk active
713947908,0,2,4426,91,0.0,6,2,1630.0,23,0.00084463874,2,Lower-risk active
709741608,0,1,3739,53,0.0,3,2,4546.0,36,0.061019957,8,Lower-risk active
709333608,0,2,4983,84,0.562,6,2,2395.0,46,0.0006695715,1,Lower-risk active
709688883,1,3,2174,39,0.0,4,2,3845.0,36,0.9927557,10,Dormant high-risk
716269308,0,2,4192,90,0.48,4,2,2836.0,36,0.0004447541,1,Lower-risk active
708692583,1,3,2312,44,0.112,3,3,1506.0,31,0.9975746,10,Dormant high-risk
709892658,0,3,4495,67,0.81,5,2,1605.0,38,0.0076114684,6,Lower-risk active
713815383,1,2,2147,44,0.0,3,2,11778.0,36,0.98813814,10,Lower-risk active
710183283,0,1,5032,84,0.0,5,1,2747.0,36,0.0014129746,3,Lower-risk active
711937158,0,3,4837,87,0.0,5,3,2501.0,39,0.004957103,5,Lower-risk active
771486933,0,3,3942,84,0.875,5,2,2563.0,52,0.0006764444,1,Lower-risk active
717450633,1,2,1920,39,0.931,3,4,1659.0,36,0.9691897,9,Contacted but fragile
718421808,0,3,4611,73,0.575,6,2,3068.0,43,0.002390971,4,Lower-risk active
716403633,0,3,4467,69,0.482,5,2,3426.0,50,0.0015653037,3,Lower-risk active
717646983,1,3,2720,53,0.132,4,4,3214.0,49,0.9500345,9,Dormant high-risk
778837083,1,3,2078,62,0.025,3,3,12906.0,31,0.26035047,9,Lower-risk active
768632958,1,4,2508,49,0.125,3,6,8708.0,49,0.95112646,9,Dormant high-risk
715622508,1,4,2094,32,0.0,6,3,7904.0,41,0.99014294,10,Dormant high-risk
708402333,0,2,4782,88,0.289,6,0,4549.0,37,0.00021897846,1,Lower-risk active
708946008,1,2,2445,39,0.844,5,2,1438.3,36,0.98841816,10,Lower-risk active
715625658,0,1,4603,87,0.333,3,3,4476.0,36,0.001056234,2,Lower-risk active
789599283,0,3,3406,62,0.723,5,2,2002.0,38,0.0076976395,6,Lower-risk active
708960858,0,2,4786,85,0.18,3,3,11502.0,21,0.00167018,3,Lower-risk active
814840833,1,3,2393,37,0.318,4,2,7924.0,39,0.9732656,9,Dormant high-risk
772082208,0,2,4254,82,0.0,4,2,16199.0,28,0.0015152185,3,Lower-risk active
711597183,0,3,4571,72,0.0,5,2,1452.0,34,0.00789867,6,Lower-risk active
712110333,1,1,2568,48,0.0,4,3,2179.0,18,0.95990205,9,Contacted but fragile
718673358,1,3,2137,52,0.112,5,4,13590.0,30,0.36879689,9,Lower-risk active
712479633,1,1,2428,43,0.0,3,2,1695.0,20,0.9575133,9,Lower-risk active
716108283,0,3,4833,82,0.356,6,3,4430.0,46,0.0017183969,3,Lower-risk active
779360808,0,3,4937,75,0.696,3,3,2919.0,35,0.0021286854,3,Lower-risk active
716352033,0,3,4869,78,0.37,3,3,2796.0,39,0.0016904088,3,Lower-risk active
716643033,1,3,2981,40,0.828,3,3,2580.0,31,0.9672261,9,Dormant high-risk
711567333,0,3,4581,70,0.607,5,2,2834.0,31,0.0050941505,5,Lower-risk active
788756133,0,1,4400,60,0.576,4,2,2617.0,24,0.0023529385,4,Lower-risk active
755437533,0,3,5005,77,0.836,3,2,1522.0,41,0.0010952256,2,Lower-risk active
713573508,1,2,1740,43,0.026,4,4,16509.0,32,0.98726803,10,Contacted but fragile
709430508,1,2,1849,50,0.182,1,3,7316.0,32,0.87629855,9,Contacted but fragile
710645583,0,1,4349,75,0.228,5,2,7627.0,37,0.0005872905,1,Lower-risk active
714253983,0,2,3675,59,0.0,4,3,9465.0,36,0.011381485,6,Lower-risk active
771566208,0,1,4681,74,0.15,3,2,8795.0,36,0.000912027,2,Lower-risk active
713314533,1,2,1993,41,0.0,6,3,12283.0,27,0.9918562,10,Contacted but fragile
720725883,0,2,4177,68,0.554,5,3,2715.0,20,0.0029624046,4,Lower-risk active
708539583,0,1,3979,63,0.112,6,3,19897.0,25,0.0030158842,4,Lower-risk active
716747283,0,2,5059,79,0.584,5,2,2097.0,36,0.0006952666,1,Lower-risk active
787519683,0,2,4727,78,0.75,3,2,3028.0,30,0.00079167564,1,Lower-risk active
721044333,0,2,4905,91,0.449,5,0,1695.0,22,0.00024365715,1,Lower-risk active
713679633,1,3,1813,51,0.0,6,5,1438.3,33,0.967039,9,Dormant high-risk
711126483,0,3,5136,76,0.416,4,3,1438.3,28,0.0015988225,3,Lower-risk active
814191333,1,4,2153,41,0.011,5,3,24250.0,50,0.98835105,10,Dormant high-risk
715040208,0,3,4115,72,0.172,6,3,5076.0,38,0.0032834697,4,Lower-risk active
710769258,0,2,3895,75,0.341,4,3,4438.0,27,0.001542565,3,Lower-risk active
715227633,0,2,4240,60,0.0,5,3,1964.0,36,0.13236384,8,Lower-risk active
708635058,0,1,4798,85,0.465,4,1,1904.0,44,0.00023823236,1,Lower-risk active
709051533,0,3,4956,92,0.535,6,0,2933.0,26,0.0001594071,1,Lower-risk active
718940208,0,1,3551,68,0.101,6,3,18202.0,44,0.000654187,1,Lower-risk active
712361583,0,3,3756,67,0.022,3,1,34516.0,36,0.02898395,7,Lower-risk active
708390633,0,5,4219,69,0.955,5,3,2421.0,44,0.004702037,5,Lower-risk active
720281508,0,1,4625,91,0.62,3,2,2406.0,34,0.00012022472,1,Lower-risk active
720885558,0,1,4885,74,0.926,5,1,2621.0,37,0.00079481374,1,Lower-risk active
709781208,0,3,5409,82,0.0,5,1,2291.0,26,0.0156627,7,Lower-risk active
710086308,0,2,4680,87,0.323,6,0,3645.0,38,0.00036070883,1,Lower-risk active
713282733,0,3,4341,64,0.513,4,1,3375.0,24,0.003186831,4,Lower-risk active
815812683,0,3,5072,77,0.162,5,2,8856.0,42,0.0017712478,3,Lower-risk active
708204033,0,1,4132,70,0.702,3,1,2980.0,24,0.0010526231,2,Lower-risk active
720040158,0,3,4633,71,0.0,3,2,17656.0,36,0.0033662573,4,Lower-risk active
755996583,1,0,2574,43,0.0,5,3,2475.0,50,0.9890865,10,Contacted but fragile
711359058,0,2,4622,71,0.434,3,2,3942.0,33,0.0020963158,3,Lower-risk active
714064908,0,2,4813,84,0.728,4,3,1771.0,36,0.0011988186,2,Lower-risk active
717074283,1,2,2566,49,0.0,5,6,17678.0,37,0.9730645,9,Contacted but fragile
765847383,0,5,4425,78,0.0,4,3,20958.0,43,0.004693812,5,Lower-risk active
789531633,0,1,5218,88,0.189,4,2,4117.0,46,0.0017396209,3,Lower-risk active
820593033,0,1,4496,64,0.094,3,2,18524.0,39,0.00084335444,2,Lower-risk active
710078358,0,1,4095,88,0.581,5,1,2222.0,26,0.00065323414,1,Lower-risk active
715025208,0,3,4168,63,0.57,5,3,3119.0,46,0.0082206605,6,Lower-risk active
709596783,0,1,4444,78,0.0,5,2,1611.0,34,0.0008471378,2,Lower-risk active
715960308,1,3,2016,49,0.615,3,3,4090.0,44,0.873988,9,Dormant high-risk
716653758,0,3,4226,74,0.0,3,3,1467.0,36,0.0027682078,4,Lower-risk active
787268733,0,1,4535,85,0.617,5,2,2442.0,46,0.00049207703,1,Lower-risk active
789923058,1,3,2474,44,0.0,3,3,1816.0,44,0.9940766,10,Dormant high-risk
771079833,0,3,4332,78,0.0,3,3,1438.3,27,0.0031715082,4,Lower-risk active
710507733,0,3,4038,68,0.11,3,1,14958.0,35,0.006007638,6,Lower-risk active
779269158,1,2,2237,39,0.0,4,4,21961.0,25,0.99075085,10,Contacted but fragile
711627558,0,1,3968,73,0.561,5,2,1625.0,30,0.0009697428,2,Lower-risk active
710536983,0,3,4423,67,0.837,6,3,3007.0,36,0.013556097,7,Lower-risk active
712237458,0,2,3752,78,0.069,3,2,11629.0,28,0.0015102121,3,Lower-risk active
778289883,1,3,2528,41,0.0,3,3,1507.0,32,0.99722797,10,Dormant high-risk
714154533,0,1,4478,56,0.641,6,2,3111.0,36,0.010310013,6,Lower-risk active
803657133,0,3,4757,75,0.762,6,3,1848.0,54,0.0014932409,3,Lower-risk active
769053033,1,2,2104,44,0.608,3,5,4142.0,38,0.9212476,9,Contacted but fragile
713613258,0,1,4461,71,0.0,6,2,1438.3,36,0.0009784666,2,Lower-risk active
768544833,0,2,4531,77,0.642,6,3,2202.0,39,0.00107697,2,Lower-risk active
720782658,0,2,5079,80,0.487,4,3,3591.0,36,0.0012938473,2,Lower-risk active
768162108,1,3,2451,50,0.0,5,3,4781.0,43,0.9414006,9,Dormant high-risk
710511858,0,3,4741,88,0.376,3,3,3832.0,36,0.001151795,2,Lower-risk active
714516033,0,2,4412,87,0.111,4,0,9025.0,44,0.0002468786,1,Lower-risk active
788630958,0,1,3264,67,0.0,3,2,11627.0,28,0.0074090012,6,Lower-risk active
717646008,0,2,4338,67,0.0,6,2,5686.0,46,0.008932161,6,Lower-risk active
712290258,0,1,4056,67,0.698,5,3,2636.0,40,0.0011119271,2,Lower-risk active
716292033,0,2,4815,84,0.0,6,3,1438.3,36,0.003442688,4,Lower-risk active
780372408,0,2,4317,69,0.174,6,2,4976.0,33,0.0117613375,6,Lower-risk active
720853158,0,3,4576,70,0.115,6,3,13951.0,24,0.005950643,6,Lower-risk active
823507833,0,3,4510,79,0.066,4,2,14370.0,40,0.002318553,4,Lower-risk active
711111633,0,2,3844,75,0.0,5,2,21681.0,49,0.0010908112,2,Lower-risk active
709904508,0,3,4190,71,0.624,5,3,2634.0,40,0.0008506609,2,Lower-risk active
712022883,0,1,4555,82,0.417,4,2,2204.0,27,0.000550005,1,Lower-risk active
712173108,0,1,4228,82,0.814,3,3,2447.0,36,0.0004440033,1,Lower-risk active
714156633,0,3,4533,79,0.0,3,2,3068.0,36,0.0076998468,6,Lower-risk active
714581358,1,3,2204,36,0.0,3,4,1502.0,43,0.99840313,10,Dormant high-risk
713256033,0,3,3955,74,0.384,5,3,4181.0,25,0.0016584188,3,Lower-risk active
825831933,0,2,4528,81,0.352,4,2,3136.0,48,0.0007682696,1,Lower-risk active
720274158,0,2,3879,76,0.38,4,2,4478.0,35,0.00057491165,1,Lower-risk active
772394883,1,6,2869,43,0.0,3,3,7359.0,50,0.9981415,10,Dormant high-risk
794253108,0,3,3851,78,0.0,3,2,13090.0,46,0.002163936,4,Lower-risk active
720899883,0,2,3770,82,0.0,6,2,6849.0,35,0.0016258298,3,Lower-risk active
714313608,0,3,4356,74,0.446,5,0,4228.0,36,0.0012011622,2,Lower-risk active
716602683,0,3,5092,70,0.367,3,2,5678.0,36,0.026003048,7,Lower-risk active
715928808,0,5,4580,75,0.307,3,2,3964.0,31,0.0008916359,2,Lower-risk active
771899433,1,2,1263,27,0.305,5,4,7970.0,37,0.79465955,9,Contacted but fragile
714771708,0,3,4281,69,0.0,5,3,4692.0,26,0.004644779,5,Lower-risk active
709711758,1,2,1853,31,0.0,3,2,1942.0,32,0.9975049,10,Lower-risk active
721137558,1,2,2011,42,0.154,1,3,5821.0,28,0.99707806,10,Contacted but fragile
820268358,0,1,4534,75,0.62,4,3,2357.0,43,0.0006966591,1,Lower-risk active
709273383,0,1,4136,77,0.084,3,2,8294.0,36,0.00030740234,1,Lower-risk active
822959133,0,3,4508,83,0.657,4,3,3174.0,26,0.00078012847,1,Lower-risk active
720491958,0,3,4302,74,0.0,4,3,1438.3,36,0.004780748,5,Lower-risk active
713607108,0,1,4486,61,0.771,6,2,1852.0,31,0.002053508,3,Lower-risk active
709729533,1,3,2169,49,0.253,4,1,1809.0,39,0.9728381,9,Dormant high-risk
717890583,0,1,4671,93,0.449,4,2,3503.0,38,0.00028850988,1,Lower-risk active
718384233,0,2,4258,58,0.049,4,2,17835.0,39,0.03399207,7,Lower-risk active
713401758,0,2,4897,75,0.431,6,3,3383.0,36,0.002253548,4,Lower-risk active
773257233,0,2,3534,70,0.204,4,3,7128.0,39,0.0035106926,4,Lower-risk active
713556033,0,2,3959,59,0.549,5,3,1438.3,22,0.013629904,7,Lower-risk active
719265108,0,3,4430,94,0.312,6,2,3815.0,33,0.0003660528,1,Lower-risk active
778740708,0,3,4203,69,0.506,3,2,1902.0,27,0.0024753415,4,Lower-risk active
710952933,0,2,4226,75,0.604,5,3,2077.0,36,0.00066097325,1,Lower-risk active
720991833,1,3,2603,53,0.831,4,4,2514.0,36,0.86760616,9,Dormant high-risk
779954658,0,3,4714,82,0.0,4,3,34516.0,40,0.0058588106,6,Lower-risk active
714204108,0,3,3859,55,0.696,3,0,2144.0,38,0.064244345,8,Lower-risk active
805546308,0,3,4554,83,0.423,3,2,5951.0,56,0.0037057775,5,Lower-risk active
716244933,0,5,4674,87,0.0,3,3,4806.0,36,0.003594919,5,Lower-risk active
712018233,0,3,4697,94,0.152,3,3,16612.0,34,0.0018387598,3,Lower-risk active
802878408,0,2,4116,88,0.0,6,2,2799.0,47,0.0014964987,3,Lower-risk active
719504433,0,3,3434,71,0.094,4,3,18064.0,54,0.0062201372,6,Lower-risk active
794558658,0,1,4783,86,0.559,3,3,2560.0,34,0.0005149112,1,Lower-risk active
711634008,0,2,4591,70,0.0,6,2,5821.0,36,0.0037076157,5,Lower-risk active
708260208,0,3,4321,76,0.622,4,2,2057.0,36,0.0011916261,2,Lower-risk active
713435058,0,2,4715,66,0.755,5,3,1972.0,42,0.005779408,5,Lower-risk active
719656533,0,2,4149,79,0.0,6,3,2675.0,36,0.0027716917,4,Lower-risk active
719709558,0,1,4518,79,0.342,3,2,6223.0,33,0.00047741065,1,Lower-risk active
710311233,0,3,4498,86,0.0,3,3,7632.0,37,0.003923366,5,Lower-risk active
719216508,0,2,4960,77,0.773,5,1,3258.0,36,0.006726709,6,Lower-risk active
713105508,0,3,3754,53,0.059,4,3,34516.0,29,0.021542706,7,Lower-risk active
710719683,0,3,4460,88,0.277,3,2,3054.0,43,0.00087544264,2,Lower-risk active
817892208,0,1,4006,72,0.0,5,1,1438.3,30,0.000558711,1,Lower-risk active
714102183,1,2,1872,41,0.286,1,3,7970.0,36,0.99729544,10,Contacted but fragile
715410783,1,2,2400,34,0.312,5,3,1836.0,36,0.9883456,10,Contacted but fragile
718202658,0,2,5265,98,0.085,3,3,9397.0,36,0.00085802656,2,Lower-risk active
719445633,0,2,4919,69,0.0,4,3,1601.0,36,0.00788213,6,Lower-risk active
709820658,0,2,3785,64,0.034,3,3,34516.0,36,0.0036321399,5,Lower-risk active
718481283,0,1,5210,73,0.611,5,3,1822.0,43,0.0020171613,3,Lower-risk active
789300408,0,2,4293,87,0.434,3,2,1614.0,30,0.000778304,1,Lower-risk active
711970533,0,2,4365,71,0.905,3,0,1491.0,41,0.00039689286,1,Lower-risk active
815088483,0,1,3864,64,0.455,4,3,2543.0,23,0.0006213567,1,Lower-risk active
717139608,0,2,4635,65,0.525,3,3,3462.0,36,0.00996755,6,Lower-risk active
717626508,0,3,5495,87,0.0,3,1,1699.0,36,0.011222592,6,Lower-risk active
767668908,1,4,1552,32,0.14,3,3,13095.0,40,0.91692865,9,Dormant high-risk
712484733,0,2,4674,85,0.285,6,3,8823.0,32,0.0029184544,4,Lower-risk active
716216958,0,1,4386,63,0.199,6,1,4429.0,42,0.0037976908,5,Lower-risk active
714246333,1,4,2107,39,0.334,1,3,5396.0,48,0.9931544,10,Dormant high-risk
718693683,0,1,3918,74,0.912,4,3,2418.0,53,0.0023479806,4,Lower-risk active
716298633,0,2,5774,84,0.859,5,3,2086.0,47,0.004300954,5,Lower-risk active
755661933,1,3,2434,45,0.353,5,3,1899.0,41,0.9897183,10,Dormant high-risk
712914783,0,1,4743,82,0.0,4,2,7564.0,31,0.0010654685,2,Lower-risk active
711240108,0,2,4800,61,0.093,3,2,13116.0,31,0.048711848,8,Lower-risk active
721396758,0,1,5062,80,0.421,3,3,1438.3,36,0.0006725858,1,Lower-risk active
715636533,0,1,4833,73,0.0,4,2,3716.0,36,0.011811891,6,Lower-risk active
711508608,0,5,4351,74,0.483,3,3,3069.0,36,0.0017196015,3,Lower-risk active
716669658,1,3,2760,38,0.802,6,3,2006.0,33,0.9495958,9,Dormant high-risk
718212633,0,2,3635,79,0.757,5,1,2948.0,36,0.001147554,2,Lower-risk active
708357183,0,2,3511,64,0.0,4,3,1438.3,38,0.0072483043,6,Lower-risk active
713629533,0,2,4321,83,0.466,3,3,1438.3,36,0.0013340375,2,Lower-risk active
771450708,0,3,4363,73,0.41,5,1,4669.0,46,0.0015457872,3,Lower-risk active
711311883,0,2,3299,63,0.0,5,2,13994.0,35,0.01457164,7,Lower-risk active
802673508,1,5,2460,39,0.0,3,3,8760.0,51,0.9966689,10,Dormant high-risk
708113208,0,2,4375,69,0.0,3,2,1688.0,36,0.0047332905,5,Lower-risk active
788786208,0,3,4725,85,0.182,6,3,9881.0,27,0.001616286,3,Lower-risk active
720043533,0,2,4211,66,0.202,6,0,4534.0,26,0.0031893754,4,Lower-risk active
801083133,0,3,3691,69,0.408,5,3,3545.0,51,0.002353196,4,Lower-risk active
716246733,0,2,4681,71,0.823,4,2,1857.0,49,0.0009910124,2,Lower-risk active
807157833,0,1,4284,73,0.382,5,1,3334.0,51,0.0013540842,2,Lower-risk active
721032633,1,3,2590,50,0.801,5,4,2496.0,32,0.7296716,9,Dormant high-risk
828285858,0,1,4053,66,0.532,3,2,1438.3,37,0.0010162658,2,Lower-risk active
718890933,1,2,2429,38,0.0,3,2,1438.3,27,0.99435544,10,Lower-risk active
711148308,0,2,4173,77,0.137,4,2,9357.0,46,0.00057000894,1,Lower-risk active
712810233,0,2,4258,80,0.691,3,3,2423.0,36,0.00090542366,2,Lower-risk active
714098883,0,2,4773,80,0.833,5,2,1936.0,36,0.0012605751,2,Lower-risk active
779327733,0,3,3861,81,0.569,4,3,1783.0,25,0.0013381974,2,Lower-risk active
716364408,0,1,4155,62,0.0,4,2,1438.3,36,0.0027270815,4,Lower-risk active
710461083,0,1,4333,84,0.0,4,3,1438.3,46,0.0014444229,3,Lower-risk active
709306983,0,3,4721,81,0.097,6,2,10580.0,36,0.00428485,5,Lower-risk active
769035933,0,3,3507,68,0.286,5,2,4597.0,48,0.007446268,6,Lower-risk active
813182658,0,2,4408,79,0.561,4,3,1656.0,44,0.0011274645,2,Lower-risk active
781110408,0,3,5048,75,0.0,5,2,3279.0,23,0.001980793,3,Lower-risk active
818007783,0,2,4683,89,0.617,6,3,2578.0,44,0.0006212489,1,Lower-risk active
708862233,0,3,5161,83,0.0,3,3,4068.0,30,0.0051206355,5,Lower-risk active
714006333,1,2,2289,41,0.248,5,3,2128.0,36,0.9960418,10,Contacted but fragile
770596458,1,3,2362,39,0.837,4,4,2704.0,31,0.97602737,10,Dormant high-risk
789392883,0,1,4650,71,0.664,4,0,1878.0,29,0.00053523184,1,Lower-risk active
803805483,0,3,4697,67,0.0,3,3,10600.0,40,0.029074265,7,Lower-risk active
709534083,1,2,1844,41,0.0,3,6,9909.0,36,0.9876369,10,Contacted but fragile
710579583,0,2,4420,86,0.59,3,3,1665.0,50,0.0008770553,2,Lower-risk active
708949908,1,3,2073,44,0.0,1,2,1656.0,42,0.9946516,10,Dormant high-risk
711907083,0,3,2950,64,0.073,3,4,14111.0,36,0.023914194,7,Lower-risk active
718696458,0,2,3822,68,0.611,4,3,2012.0,42,0.0018735735,3,Lower-risk active
710611683,0,1,4279,83,0.637,6,1,2837.0,31,0.00036868732,1,Lower-risk active
721511883,0,2,4981,79,0.0,6,2,1709.0,28,0.0017477866,3,Lower-risk active
779116158,0,2,4331,85,0.152,5,1,5714.0,31,0.0009811022,2,Lower-risk active
720193533,0,1,3358,62,0.206,4,3,5071.0,32,0.0017512768,3,Lower-risk active
753094533,0,3,3531,73,0.0,3,3,24028.0,44,0.00914771,6,Lower-risk active
719545983,0,3,4798,82,0.0,5,3,13882.0,13,0.0025879596,4,Lower-risk active
716494383,0,2,4399,78,0.26,3,2,3585.0,41,0.0009073197,2,Lower-risk active
769892058,0,2,4564,65,0.233,4,2,9124.0,34,0.017410453,7,Lower-risk active
709098108,0,2,4749,80,0.0,4,2,2705.0,35,0.0029248262,4,Lower-risk active
715705683,0,3,4578,70,0.569,4,2,1936.0,36,0.005689504,5,Lower-risk active
715724808,0,2,4370,83,0.266,5,3,8051.0,41,0.0010551547,2,Lower-risk active
717123858,0,1,4045,62,0.445,5,3,3635.0,36,0.0011570409,2,Lower-risk active
716236683,0,2,4143,71,0.587,4,2,2532.0,37,0.0014546529,3,Lower-risk active
771224358,0,1,4030,78,0.0,3,3,2028.0,41,0.0013767626,3,Lower-risk active
779310033,1,2,1788,36,0.0,3,3,4304.0,24,0.99799854,10,Contacted but fragile
710595783,0,1,4659,76,0.313,4,2,6644.0,39,0.001379241,3,Lower-risk active
711409833,0,1,4838,71,0.355,3,3,1830.0,33,0.00086761924,2,Lower-risk active
721174008,0,3,4495,77,0.285,4,3,7607.0,23,0.0063152206,6,Lower-risk active
714192933,1,3,1976,44,0.0,3,5,2060.0,36,0.99849474,10,Dormant high-risk
709632483,0,2,4457,84,0.63,3,2,1438.3,40,0.00076993764,1,Lower-risk active
718431258,0,3,3662,74,0.481,4,3,3126.0,28,0.0019915937,3,Lower-risk active
817029108,0,6,3804,67,0.234,4,3,6885.0,27,0.0035761576,5,Lower-risk active
796931508,1,3,2593,48,0.0,4,4,1871.0,36,0.98979723,10,Dormant high-risk
769577358,0,2,4358,89,0.632,4,3,2787.0,17,0.0005842736,1,Lower-risk active
815589558,0,3,4097,70,0.792,6,2,1867.0,45,0.0021971266,4,Lower-risk active
714287583,1,2,1852,38,0.0,3,3,1438.3,32,0.998131,10,Contacted but fragile
718975083,1,4,2133,44,0.0,6,3,2473.0,40,0.99308103,10,Dormant high-risk
715315008,0,3,3870,70,0.335,6,2,4640.0,30,0.0026938142,4,Lower-risk active
779252283,0,3,5201,82,0.889,6,0,2712.0,29,0.0012207319,2,Lower-risk active
714031083,1,2,1935,40,0.0,3,1,8869.0,30,0.9968892,10,Lower-risk active
772442883,1,3,2443,38,0.181,2,5,3853.0,41,0.99715745,10,Dormant high-risk
714533058,0,2,4606,86,0.501,4,3,1438.3,43,0.0007257533,1,Lower-risk active
716570958,1,2,2351,39,0.035,3,3,14409.0,36,0.9918047,10,Contacted but fragile
710116833,1,3,2748,40,0.0,5,3,1665.0,36,0.99513984,10,Dormant high-risk
718586133,0,1,4892,85,0.0,6,3,2639.0,31,0.003037818,4,Lower-risk active
773322558,0,1,3964,69,0.67,6,1,2338.0,48,0.0013166254,2,Lower-risk active
714554808,0,3,4802,91,0.491,3,0,2774.0,40,0.00026934457,1,Lower-risk active
717903108,0,1,4689,65,0.114,6,1,4283.0,46,0.14873132,8,Lower-risk active
815908908,1,4,2613,50,0.402,3,3,6263.0,42,0.97398245,9,Dormant high-risk
771464808,0,3,4161,71,0.562,6,3,2317.0,23,0.0008066384,1,Lower-risk active
708234558,0,2,4540,73,0.598,5,1,2239.0,43,0.001203078,2,Lower-risk active
715737258,0,3,4917,84,0.0,6,3,2225.0,32,0.013091278,7,Lower-risk active
710188308,0,2,4927,73,0.756,6,3,1519.0,41,0.001157273,2,Lower-risk active
708670608,0,2,5125,85,0.4,4,3,5495.0,36,0.0016554545,3,Lower-risk active
714839808,0,1,4317,64,0.549,6,1,2141.0,35,0.0007010097,1,Lower-risk active
811140933,0,1,5219,63,0.683,4,2,2616.0,29,0.008965549,6,Lower-risk active
788937933,0,1,3566,81,0.247,3,1,5494.0,25,0.000939153,2,Lower-risk active
721527858,1,5,2343,42,0.866,3,1,2003.0,40,0.9845561,10,Dormant high-risk
718265658,0,1,4130,80,0.717,3,2,2092.0,36,0.00022516696,1,Lower-risk active
714312708,0,3,4493,68,0.381,6,2,6606.0,36,0.010623769,6,Lower-risk active
715821183,0,3,4083,68,0.0,3,2,7102.0,23,0.0041811974,5,Lower-risk active
709487058,0,2,3723,56,0.082,6,3,13812.0,36,0.013995557,7,Lower-risk active
712675158,0,3,4160,75,0.237,5,2,7075.0,36,0.0010134788,2,Lower-risk active
826473858,0,1,4820,60,0.393,6,2,4274.0,40,0.010803298,6,Lower-risk active
817382958,0,1,4894,89,0.0,5,3,2317.0,31,0.0011246321,2,Lower-risk active
712927383,1,3,1939,49,0.446,3,3,1438.3,36,0.9739386,9,Dormant high-risk
712894308,0,3,4345,75,0.0,5,3,2888.0,37,0.005724031,5,Lower-risk active
712349808,0,1,4176,76,0.054,4,2,12310.0,34,0.0004904187,1,Lower-risk active
778780008,0,3,4164,66,0.77,4,3,1622.0,36,0.0034243697,4,Lower-risk active
711430908,1,2,2153,35,0.0,3,1,1438.3,34,0.9934524,10,Lower-risk active
779670783,0,2,4700,71,0.0,6,2,12559.0,23,0.010316851,6,Lower-risk active
718757808,0,3,3875,67,0.439,4,3,2929.0,46,0.007394151,6,Lower-risk active
779530908,1,2,1897,58,0.0,5,4,1438.3,31,0.85692924,9,Contacted but fragile
716389833,0,1,4099,74,0.442,4,2,2319.0,40,0.00092912326,2,Lower-risk active
718469658,0,3,4094,85,0.126,4,3,7927.0,22,0.0013743155,3,Lower-risk active
809849358,1,6,2719,36,0.0,2,3,1720.0,50,0.99958116,10,Dormant high-risk
719772258,0,1,4517,79,0.199,5,3,3642.0,30,0.0010563355,2,Lower-risk active
809363958,0,1,4177,66,0.0,5,2,3881.0,44,0.0019628783,3,Lower-risk active
709165533,0,2,4330,72,0.187,6,2,6143.0,41,0.0019144736,3,Lower-risk active
809846283,0,3,4154,78,0.0,3,0,1438.3,37,0.0009823383,2,Lower-risk active
708427908,0,3,4643,86,0.66,6,1,2035.0,39,0.0009348241,2,Lower-risk active
721228308,1,3,2182,40,0.0,5,3,3899.0,39,0.98876065,10,Dormant high-risk
713374533,0,2,3913,90,0.546,4,2,1981.0,43,0.0005551623,1,Lower-risk active
708708858,1,3,2548,46,0.207,1,4,2422.0,36,0.9990502,10,Dormant high-risk
721111233,0,3,4853,85,0.067,6,3,11964.0,43,0.0044351355,5,Lower-risk active
708538608,0,4,4058,81,0.0,6,3,3862.0,36,0.003267381,4,Lower-risk active
718866633,0,4,4347,63,0.0,5,2,33142.0,36,0.064925484,8,Lower-risk active
719100633,0,4,3564,73,0.042,3,2,34516.0,36,0.001441868,3,Lower-risk active
789328083,1,3,2826,39,0.0,6,3,3454.0,32,0.99240005,10,Dormant high-risk
822905058,0,3,4702,85,0.639,6,2,2732.0,25,0.0015052324,3,Lower-risk active
816549933,0,2,4342,82,0.588,4,2,1687.0,45,0.0005370206,1,Lower-risk active
716421633,1,2,3174,44,0.0,4,4,3523.0,36,0.98509294,10,Contacted but fragile
712667958,0,3,3732,71,0.351,4,2,5773.0,36,0.0033532062,4,Lower-risk active
809559933,1,5,2526,41,0.158,3,3,4462.0,40,0.9917585,10,Dormant high-risk
819979458,0,2,4419,75,0.45,5,2,3976.0,30,0.0027192144,4,Lower-risk active
708100533,0,3,4943,85,0.85,3,3,2679.0,36,0.0014585507,3,Lower-risk active
778669608,0,3,5172,78,0.0,6,2,1564.0,29,0.0034996385,4,Lower-risk active
802867683,0,2,4133,78,0.474,5,3,1536.0,47,0.0013232462,2,Lower-risk active
711893358,0,2,4087,66,0.504,6,1,2375.0,37,0.0015531938,3,Lower-risk active
785410158,0,3,4172,65,0.0,4,3,2719.0,42,0.0073026046,6,Lower-risk active
718596858,0,3,5220,78,0.72,5,1,3369.0,45,0.005394705,5,Lower-risk active
708338958,0,1,3797,75,0.54,5,1,3173.0,36,0.00067356304,1,Lower-risk active
714688833,0,2,4892,95,0.0,4,2,3139.0,36,0.00093403034,2,Lower-risk active
789662283,1,3,2915,50,0.0,3,4,2140.0,33,0.99356395,10,Dormant high-risk
712805658,0,3,4803,72,0.0,4,2,2258.0,46,0.0052788793,5,Lower-risk active
815598858,0,1,4035,74,0.734,5,1,2423.0,43,0.0006713261,1,Lower-risk active
779412783,0,3,4301,79,0.829,4,3,2376.0,37,0.0013877968,3,Lower-risk active
780036483,0,5,3928,69,0.863,4,2,1690.0,28,0.0021686596,4,Lower-risk active
711527508,1,3,1794,31,0.0,2,2,8583.0,34,0.9992686,10,Dormant high-risk
720768258,0,2,4724,66,0.717,5,1,2996.0,34,0.011208504,6,Lower-risk active
716023533,0,3,4334,81,0.693,6,2,2880.0,39,0.00092808594,2,Lower-risk active
714075708,0,3,4814,71,0.041,4,1,34516.0,38,0.0032304986,4,Lower-risk active
787475433,0,2,4855,69,0.13,5,3,6966.0,23,0.0082181655,6,Lower-risk active
787505133,1,2,2595,49,0.141,2,3,11316.0,24,0.933888,9,Contacted but fragile
712241433,0,2,4247,84,0.697,4,1,1438.3,30,0.0005722629,1,Lower-risk active
807990108,0,2,3197,61,0.0,3,3,11362.0,39,0.09035309,8,Lower-risk active
719018208,1,4,2516,36,0.0,6,3,7210.0,46,0.98047787,10,Dormant high-risk
716641983,0,3,4835,84,0.097,5,3,7790.0,36,0.0041255453,5,Lower-risk active
708989358,0,3,4391,79,0.784,3,1,2023.0,18,0.0006154783,1,Lower-risk active
708807483,0,2,3837,75,0.138,5,3,9117.0,45,0.0016079381,3,Lower-risk active
715774833,0,1,3797,74,0.522,4,2,1801.0,36,0.000634097,1,Lower-risk active
714733908,0,6,4537,75,0.124,6,3,8787.0,37,0.0017173813,3,Lower-risk active
721067658,0,1,4051,81,0.023,6,3,27436.0,36,0.0007324576,1,Lower-risk active
788997408,0,3,4205,65,0.873,6,2,2195.0,53,0.004914088,5,Lower-risk active
719835033,0,3,4283,67,0.041,5,2,13734.0,34,0.005124169,5,Lower-risk active
771854808,0,2,3915,66,0.684,6,3,2731.0,34,0.002642927,4,Lower-risk active
717299958,0,2,4185,66,0.625,3,0,2453.0,45,0.00058668456,1,Lower-risk active
720778458,0,3,4960,97,0.207,6,3,7451.0,36,0.0005134323,1,Lower-risk active
713019783,0,3,4081,72,0.679,3,3,2644.0,35,0.0024700535,4,Lower-risk active
770968383,1,2,2022,52,0.024,3,3,34516.0,28,0.67279494,9,Contacted but fragile
709747308,0,4,4726,64,0.294,4,3,4575.0,36,0.052067034,8,Lower-risk active
801366783,0,3,4329,80,0.365,3,2,4860.0,45,0.0018034728,3,Lower-risk active
798786333,0,4,3399,66,0.355,6,2,1438.3,40,0.0053357724,5,Lower-risk active
771723408,1,2,2645,60,0.0,3,4,1690.0,25,0.87433684,9,Contacted but fragile
715117008,0,2,4596,82,0.0,4,3,1438.3,36,0.0031494745,4,Lower-risk active
713944833,0,3,4561,78,0.031,3,2,24512.0,36,0.0065517733,6,Lower-risk active
713569158,1,3,2086,47,0.891,1,2,1654.0,34,0.9910693,10,Dormant high-risk
713037333,0,1,3561,57,0.0,6,2,21430.0,55,0.054447178,8,Lower-risk active
718267233,0,3,3828,65,0.055,4,3,34516.0,38,0.0013372514,2,Lower-risk active
709736658,0,3,4446,86,0.528,6,2,1438.3,27,0.00077568926,1,Lower-risk active
710929233,0,2,4253,83,0.557,5,3,2800.0,36,0.0009288162,2,Lower-risk active
714290583,0,2,4391,85,0.449,3,2,3117.0,36,0.0014193273,3,Lower-risk active
717972408,0,3,3792,78,0.788,6,3,2558.0,34,0.0015697209,3,Lower-risk active
718626033,1,3,2802,52,0.0,2,2,10061.0,39,0.9913174,10,Dormant high-risk
720008133,0,1,4121,83,0.213,4,3,3416.0,36,0.0008840771,2,Lower-risk active
710476908,0,3,4754,78,0.114,3,3,9371.0,28,0.0022977917,4,Lower-risk active
709888383,0,1,4465,82,0.779,3,2,3147.0,36,0.00053463964,1,Lower-risk active
788864508,0,2,4997,79,0.596,4,2,1554.0,37,0.0007085969,1,Lower-risk active
714010383,1,4,1895,42,0.0,5,5,3502.0,40,0.98792005,10,Dormant high-risk
719549508,0,2,4678,74,0.622,4,2,2712.0,40,0.0016986988,3,Lower-risk active
718670808,0,1,4817,81,0.0,6,0,1438.3,51,0.00036105938,1,Lower-risk active
718211208,0,3,4109,69,0.513,6,2,3281.0,36,0.0058071273,5,Lower-risk active
712578933,1,2,2500,44,0.0,3,6,1438.3,25,0.99877805,10,Contacted but fragile
709343433,0,3,3837,74,0.74,5,3,2469.0,26,0.0010579136,2,Lower-risk active
767488908,0,2,4345,72,0.0,4,3,3497.0,35,0.004986498,5,Lower-risk active
719531133,0,2,4384,80,0.0,4,3,2505.0,38,0.0032324567,4,Lower-risk active
719006508,0,1,4136,69,0.692,5,3,2763.0,36,0.00088714954,2,Lower-risk active
721287183,0,2,4863,87,0.0,5,3,2081.0,35,0.008510651,6,Lower-risk active
711144183,1,3,2618,29,0.656,1,1,2815.0,45,0.9918434,10,Dormant high-risk
709080783,0,1,4723,78,0.0,4,3,1737.0,38,0.003133111,4,Lower-risk active
710520408,0,3,4458,87,0.132,5,3,9078.0,36,0.0011814598,2,Lower-risk active
785262333,1,4,2225,45,0.317,5,3,6185.0,40,0.6711296,9,Dormant high-risk
716513358,0,3,4402,91,0.871,5,3,2069.0,36,0.00050734606,1,Lower-risk active
719073483,1,3,2586,44,0.0,3,3,9234.0,38,0.99610597,10,Dormant high-risk
715372083,0,3,4796,85,0.0,3,3,2684.0,36,0.0050291843,5,Lower-risk active
780034083,0,2,4604,86,0.0,3,2,2151.0,38,0.0019474743,3,Lower-risk active
794581533,0,3,3882,90,0.502,4,3,2749.0,37,0.000842988,2,Lower-risk active
710013258,0,2,4467,69,0.416,3,2,1980.0,31,0.0040675774,5,Lower-risk active
719084358,1,4,2312,37,0.0,6,3,4232.0,46,0.9842987,10,Dormant high-risk
789173958,0,1,4283,76,0.61,4,2,1438.3,34,0.00044984685,1,Lower-risk active
789575583,0,1,4437,64,0.199,5,0,6931.0,36,0.00023101697,1,Lower-risk active
712434708,1,3,2682,47,0.762,5,2,3302.0,39,0.9872984,10,Dormant high-risk
808675083,0,3,3862,76,0.396,5,2,4235.0,56,0.0011185884,2,Lower-risk active
710864358,0,6,5074,81,0.0,6,2,6501.0,45,0.003984321,5,Lower-risk active
712574583,0,1,5192,70,0.207,6,3,6376.0,21,0.012240664,6,Lower-risk active
708412758,1,2,2200,45,0.0,5,3,1457.0,36,0.9834245,10,Contacted but fragile
714389058,0,3,4322,85,0.0,3,2,5576.0,36,0.0030071852,4,Lower-risk active
715767033,0,1,4919,83,0.0,5,3,1438.3,36,0.001239783,2,Lower-risk active
779281233,0,3,4353,80,0.705,4,3,2478.0,27,0.0007433468,1,Lower-risk active
717147708,0,3,4250,81,0.348,6,2,3650.0,34,0.0006339647,1,Lower-risk active
715029333,0,2,4459,72,0.0,4,3,2111.0,36,0.0042110747,5,Lower-risk active
806989008,0,1,4108,82,0.09,4,2,12917.0,25,0.00029768955,1,Lower-risk active
713158083,1,4,2185,41,0.0,2,4,7327.0,46,0.99688965,10,Dormant high-risk
771037008,0,1,4245,76,0.0,3,2,13324.0,33,0.0013132391,2,Lower-risk active
710587458,0,3,4339,77,0.145,4,2,11154.0,22,0.00048343276,1,Lower-risk active
710563458,0,3,4210,81,0.069,5,3,9535.0,30,0.0027379808,4,Lower-risk active
720010608,1,2,2243,44,0.0,6,4,10226.0,24,0.95530003,9,Contacted but fragile
710343783,0,1,4610,65,0.0,6,2,2140.0,29,0.005149485,5,Lower-risk active
772578858,0,4,3848,66,0.759,3,2,2904.0,39,0.004282777,5,Lower-risk active
708559533,0,3,4442,83,0.33,6,2,1770.0,36,0.0013330646,2,Lower-risk active
711939558,1,2,2596,39,0.0,3,3,1534.0,36,0.9975478,10,Contacted but fragile
772143333,0,3,4569,79,0.69,6,3,2170.0,35,0.0010386395,2,Lower-risk active
711067383,0,2,4167,74,0.0,6,3,10001.0,45,0.0032075942,4,Lower-risk active
817041408,0,2,4519,82,0.372,3,3,4169.0,41,0.00092510635,2,Lower-risk active
771942333,0,2,3855,63,0.244,5,2,5363.0,54,0.0052765864,5,Lower-risk active
755247108,0,1,4731,82,0.0,4,0,3206.0,43,0.00042688652,1,Lower-risk active
715710708,0,3,4583,76,0.041,6,2,18085.0,37,0.0038066383,5,Lower-risk active
713858733,0,3,4344,73,0.843,4,2,2566.0,53,0.0022862756,4,Lower-risk active
717129333,0,1,4434,73,0.0,3,2,1438.3,25,0.0011283025,2,Lower-risk active
716924958,1,0,2288,48,0.283,3,3,6812.0,56,0.78208774,9,Contacted but fragile
719614758,0,2,4984,75,0.732,3,2,2700.0,34,0.0009131521,2,Lower-risk active
721537683,0,3,4002,67,0.245,3,3,5471.0,41,0.005298426,5,Lower-risk active
771500358,0,3,4093,84,0.303,5,1,4332.0,31,0.0011254895,2,Lower-risk active
711531858,1,3,2132,37,0.518,3,3,2447.0,41,0.98575646,10,Dormant high-risk
715060158,0,2,3853,76,0.719,5,2,1783.0,26,0.0011596676,2,Lower-risk active
779725833,0,3,4946,73,0.151,4,2,11761.0,26,0.005007782,5,Lower-risk active
716592558,0,3,4501,68,0.471,3,3,2340.0,36,0.0051547475,5,Lower-risk active
771020133,0,3,4440,79,0.621,3,0,2859.0,32,0.00043936502,1,Lower-risk active
709153008,0,3,4683,76,0.983,3,3,2523.0,36,0.0024927894,4,Lower-risk active
713394858,0,2,4581,60,0.0,4,2,4776.0,34,0.3131963,9,Lower-risk active
721175283,0,1,4489,58,0.523,3,1,2697.0,36,0.014195536,7,Lower-risk active
715503558,0,2,4127,71,0.682,6,3,3542.0,36,0.0137174865,7,Lower-risk active
819943458,1,4,1777,37,0.029,6,3,34516.0,52,0.5698444,9,Dormant high-risk
717094758,0,3,4453,84,0.0,5,1,8823.0,29,0.0019050175,3,Lower-risk active
772073508,1,3,2740,47,0.0,5,6,1764.0,41,0.9991862,10,Dormant high-risk
721351983,1,3,2510,47,0.721,5,3,3492.0,36,0.98066425,10,Dormant high-risk
714477408,1,3,2201,39,0.45,3,3,2977.0,36,0.9305488,9,Dormant high-risk
718471758,0,2,3193,69,0.066,5,2,30976.0,37,0.0024907663,4,Lower-risk active
711607833,0,2,4875,97,0.848,5,1,2810.0,36,0.00077757053,1,Lower-risk active
708621408,0,2,4173,82,0.0,3,1,1438.3,28,0.0020812736,3,Lower-risk active
719277033,0,3,4558,62,0.079,5,1,8997.0,34,0.026381513,7,Lower-risk active
813905508,0,3,3735,73,0.593,4,3,2002.0,52,0.001728537,3,Lower-risk active
719761458,0,2,4329,61,0.325,3,1,4998.0,36,0.009665565,6,Lower-risk active
708222558,0,2,4191,77,0.655,6,3,2310.0,36,0.0007923458,1,Lower-risk active
713937558,0,3,4318,74,0.0,3,3,3892.0,36,0.0052065197,5,Lower-risk active
709603608,0,1,4634,69,0.701,6,1,2345.0,25,0.0009661733,2,Lower-risk active
804661083,0,2,4821,77,0.705,3,2,2135.0,45,0.0014831426,3,Lower-risk active
720977358,0,2,4269,78,0.668,3,2,2528.0,36,0.00077072857,1,Lower-risk active
718420308,0,1,4208,75,0.488,3,3,3397.0,36,0.00070234906,1,Lower-risk active
714046608,0,6,3572,73,0.071,5,3,19719.0,39,0.002216955,4,Lower-risk active
718048608,0,3,5120,74,0.087,5,0,15292.0,33,0.003268086,4,Lower-risk active
718497033,0,3,3723,53,0.0,5,3,31733.0,36,0.3381963,9,Lower-risk active
711801933,1,3,2092,42,0.0,3,4,1438.3,36,0.9857405,10,Dormant high-risk
716282208,1,6,1702,36,0.0,3,3,1638.0,48,0.9957184,10,Dormant high-risk
789076083,0,3,4608,84,0.532,6,2,2775.0,38,0.0015791301,3,Lower-risk active
714045783,1,2,2160,46,0.771,2,6,2547.0,29,0.9946824,10,Contacted but fragile
769720683,0,2,4914,60,0.33,5,2,5708.0,44,0.04936351,8,Lower-risk active
721092783,0,3,3982,68,0.065,6,1,19838.0,36,0.0040222663,5,Lower-risk active
720243933,1,3,2784,49,0.0,1,6,1789.0,32,0.9994517,10,Dormant high-risk
818502708,0,3,4885,86,0.733,5,2,2284.0,46,0.0010485701,2,Lower-risk active
712942308,0,1,3730,67,0.132,6,3,11535.0,36,0.00083989353,2,Lower-risk active
714262533,0,4,4252,78,0.371,3,2,3524.0,36,0.0002457804,1,Lower-risk active
714708183,0,3,4070,74,0.0,4,3,30186.0,49,0.006591773,6,Lower-risk active
718285308,0,3,3576,55,0.0,6,1,1438.3,31,0.11441935,8,Lower-risk active
720595083,0,2,4530,69,0.789,4,3,1620.0,30,0.0016034953,3,Lower-risk active
787501758,0,2,4188,68,0.306,5,1,4038.0,39,0.003603317,5,Lower-risk active
714990633,0,3,4382,82,0.816,5,2,2078.0,36,0.0014786243,3,Lower-risk active
714652383,0,3,4580,74,0.0,5,2,1571.0,36,0.0048567466,5,Lower-risk active
788776008,0,3,4683,91,0.246,6,1,4726.0,24,0.00031181454,1,Lower-risk active
709176108,0,3,4586,79,0.135,5,3,4604.0,49,0.0027140856,4,Lower-risk active
719354433,0,3,4042,78,0.047,6,3,34516.0,36,0.0013727981,3,Lower-risk active
709368483,0,2,4323,77,0.0,5,1,1438.3,45,0.0045549134,5,Lower-risk active
717621333,0,2,4592,78,0.698,5,1,2680.0,36,0.0026011174,4,Lower-risk active
716272158,1,3,2693,56,0.584,5,4,4312.0,15,0.9247868,9,Dormant high-risk
803355408,0,3,4813,77,0.752,5,1,2205.0,44,0.0036114273,5,Lower-risk active
717073308,0,6,4804,78,0.271,5,2,2679.0,31,0.0035888439,5,Lower-risk active
789105183,0,1,4401,87,0.072,3,2,34516.0,42,0.0012753797,2,Lower-risk active
721305408,0,2,4761,81,0.0,4,1,3378.0,37,0.0036381502,5,Lower-risk active
715739733,0,1,5293,88,0.636,4,2,1793.0,25,0.00057546893,1,Lower-risk active
779217333,0,2,3922,75,0.674,6,3,2228.0,49,0.00074866763,1,Lower-risk active
712133508,0,0,4734,75,0.614,5,2,2577.0,22,0.0016380738,3,Lower-risk active
714602658,1,2,1998,36,0.0,1,3,1462.0,36,0.9995173,10,Contacted but fragile
712446783,1,3,2400,41,0.379,5,4,4038.0,30,0.9733743,9,Dormant high-risk
720049083,1,3,2355,47,0.0,5,3,1438.3,24,0.9773573,10,Dormant high-risk
824172258,0,1,4495,77,0.343,3,2,4408.0,30,0.00042692473,1,Lower-risk active
717695058,0,1,4763,76,0.0,3,3,4163.0,35,0.0017611042,3,Lower-risk active
719782458,0,3,3981,76,0.277,3,3,7201.0,39,0.0015519467,3,Lower-risk active
718141983,0,3,5187,89,0.688,6,1,1883.0,43,0.00032947262,1,Lower-risk active
718853358,0,1,5104,85,0.761,5,2,3308.0,36,0.0026035171,4,Lower-risk active
772539558,0,3,4623,65,0.0,3,0,2022.0,55,0.024567533,7,Lower-risk active
817094283,0,3,5173,78,0.105,5,3,8597.0,23,0.001413585,3,Lower-risk active
716932308,0,1,4460,79,0.135,5,3,4693.0,28,0.0013103212,2,Lower-risk active
714738858,0,1,4620,81,0.597,6,3,2873.0,36,0.0005246506,1,Lower-risk active
772409733,0,1,4742,90,0.679,4,3,3400.0,28,0.0009332271,2,Lower-risk active
717534108,0,1,4421,79,0.586,3,3,2405.0,40,0.00057061255,1,Lower-risk active
816378033,1,3,1989,47,0.032,6,2,34516.0,41,0.6114902,9,Dormant high-risk
790141308,0,3,4436,79,0.0,5,1,8241.0,37,0.0028395446,4,Lower-risk active
710770383,0,3,4915,92,0.405,4,1,1438.3,36,0.0005871995,1,Lower-risk active
711351108,0,3,4671,61,0.692,3,2,2608.0,36,0.03624848,7,Lower-risk active
713744058,0,2,5232,78,0.64,6,3,2359.0,36,0.0014186173,3,Lower-risk active
708998583,0,2,4141,87,0.0,6,2,1790.0,39,0.0023434858,4,Lower-risk active
827451333,1,6,2615,37,0.0,3,3,2247.0,50,0.9979267,10,Dormant high-risk
714228558,0,3,4749,82,0.0,5,3,3624.0,36,0.005391401,5,Lower-risk active
797668983,0,2,4396,70,0.0,6,1,1438.3,36,0.004374197,5,Lower-risk active
713023158,0,1,4239,78,0.739,3,2,2901.0,31,0.0007549717,1,Lower-risk active
709982658,0,2,4226,77,0.209,4,3,9759.0,31,0.001235954,2,Lower-risk active
715398858,0,3,4360,78,0.476,4,2,2525.0,36,0.0010276684,2,Lower-risk active
715615233,0,3,4507,86,0.662,5,3,2737.0,48,0.0013894519,3,Lower-risk active
710650608,0,3,4812,85,0.077,4,2,19262.0,36,0.0013983685,3,Lower-risk active
803214108,0,1,5055,68,0.811,6,1,2252.0,27,0.0018542742,3,Lower-risk active
717202083,1,3,2619,41,0.0,2,3,7077.0,34,0.9991435,10,Dormant high-risk
719051733,0,2,5047,64,0.329,4,1,2706.0,51,0.0066896626,6,Lower-risk active
789900633,0,3,4288,69,0.466,5,2,3263.0,40,0.0037852346,5,Lower-risk active
789122808,1,2,2907,45,0.0,5,3,3281.0,29,0.99449724,10,Contacted but fragile
709902108,0,3,4927,70,0.097,4,2,8169.0,40,0.0030340552,4,Lower-risk active
713666058,0,1,4264,76,0.585,6,3,3276.0,38,0.0005296155,1,Lower-risk active
711453783,0,2,4666,74,0.739,4,3,1966.0,29,0.0012883886,2,Lower-risk active
778936008,0,1,5103,83,0.0,3,3,5869.0,30,0.0024330541,4,Lower-risk active
708085458,0,2,3940,82,0.0,6,2,1438.3,24,0.0011696022,2,Lower-risk active
749067633,0,2,4015,77,0.0,3,3,3682.0,38,0.0060418067,6,Lower-risk active
716170308,0,1,4715,86,0.149,5,0,13439.0,36,0.00020851675,1,Lower-risk active
711507783,1,4,1930,41,0.0,3,3,1694.0,42,0.9989512,10,Dormant high-risk
819752133,0,2,4695,73,0.603,6,2,1636.0,36,0.0012869701,2,Lower-risk active
711061908,0,2,4039,50,0.517,6,3,1449.0,38,0.14968137,8,Lower-risk active
744231708,0,3,4166,71,0.521,3,3,1513.0,38,0.0018233133,3,Lower-risk active
716856408,1,2,2392,44,0.0,5,4,1438.3,28,0.99492586,10,Contacted but fragile
711780108,0,3,4792,81,0.383,4,2,4120.0,38,0.0062409104,6,Lower-risk active
715178733,0,3,4817,77,0.704,5,1,2289.0,41,0.001319893,2,Lower-risk active
721418133,0,2,4535,82,0.482,6,3,2016.0,33,0.00087599625,2,Lower-risk active
720124758,1,4,2239,47,0.179,5,3,2509.0,40,0.98718226,10,Dormant high-risk
809068983,0,1,5238,82,0.0,3,3,3511.0,35,0.0032722438,4,Lower-risk active
711052308,0,3,4453,75,0.884,6,3,2751.0,37,0.0052064653,5,Lower-risk active
718967433,0,6,4918,81,0.0,3,3,2426.0,36,0.0047321566,5,Lower-risk active
709827933,0,3,3659,76,0.098,3,2,12230.0,36,0.0019034696,3,Lower-risk active
787568433,0,1,4518,79,0.128,3,3,7328.0,33,0.0006049774,1,Lower-risk active
720256158,0,1,4279,75,0.0,5,3,2264.0,40,0.0042059687,5,Lower-risk active
715435758,0,1,4711,77,0.404,3,3,3046.0,36,0.0005239747,1,Lower-risk active
719505483,0,3,4431,89,0.0,6,2,5881.0,36,0.00092498685,2,Lower-risk active
721247883,0,2,3621,83,0.057,4,3,16207.0,41,0.0009271053,2,Lower-risk active
772220433,0,3,4484,81,0.077,6,2,15468.0,33,0.0012724549,2,Lower-risk active
789692283,0,3,4655,66,0.0,4,2,5950.0,34,0.017497774,7,Lower-risk active
815091333,0,1,4705,77,0.704,3,2,3119.0,43,0.0003081691,1,Lower-risk active
778732158,0,1,4037,83,0.0,4,3,1507.0,30,0.0012862276,2,Lower-risk active
715129233,0,3,4748,74,0.563,6,3,2902.0,36,0.0042886967,5,Lower-risk active
714083208,0,2,4656,80,0.823,5,2,1585.0,38,0.00087912864,2,Lower-risk active
716559108,0,2,4296,68,0.834,6,3,2899.0,36,0.008446729,6,Lower-risk active
715102308,0,1,2245,47,0.556,5,2,2295.0,36,0.46449494,9,Lower-risk active
768814983,0,1,4284,85,0.596,3,3,3251.0,33,0.00047510694,1,Lower-risk active
788744058,0,1,4506,80,0.339,3,2,4009.0,27,0.001046609,2,Lower-risk active
782802033,1,2,2108,55,0.432,3,2,3411.0,39,0.51917493,9,Lower-risk active
708499608,0,1,4042,78,0.084,6,2,15525.0,36,0.000614795,1,Lower-risk active
794947683,0,3,4541,60,0.561,6,0,2118.0,29,0.010233831,6,Lower-risk active
716442333,0,2,4977,88,0.645,6,2,2275.0,25,0.0003586371,1,Lower-risk active
772189308,0,2,4899,62,0.726,5,0,2601.0,48,0.0032339415,4,Lower-risk active
721529583,0,3,3532,72,0.52,6,3,4642.0,41,0.008399515,6,Lower-risk active
713578608,0,4,4082,82,0.0,6,3,1438.3,46,0.0022268242,4,Lower-risk active
718976283,0,2,4388,66,0.576,3,2,1858.0,36,0.0031869053,4,Lower-risk active
711505308,0,3,4727,83,0.614,5,3,2636.0,52,0.0020902497,3,Lower-risk active
711131958,0,3,4621,71,0.235,4,3,3743.0,42,0.0028399415,4,Lower-risk active
714687858,0,1,4538,82,0.0,6,3,1438.3,41,0.0011642494,2,Lower-risk active
780289308,1,3,2418,57,0.0,1,4,4130.0,47,0.96110666,9,Dormant high-risk
708504783,0,3,3480,62,0.122,3,3,10960.0,36,0.008512756,6,Lower-risk active
778857108,0,2,4337,81,0.0,3,0,3900.0,33,0.0006076018,1,Lower-risk active
756598833,0,3,5389,84,0.193,6,3,6236.0,31,0.00399396,5,Lower-risk active
718748133,0,1,3876,67,0.0,5,0,2591.0,23,0.0015633956,3,Lower-risk active
714503433,1,3,2212,43,0.588,1,3,1615.0,36,0.99750596,10,Dormant high-risk
710869008,0,1,5108,78,0.0,5,2,8332.0,36,0.0024738384,4,Lower-risk active
779643858,0,5,4100,82,0.51,5,2,2033.0,38,0.0006694101,1,Lower-risk active
715250583,0,2,4277,59,0.141,3,3,8082.0,48,0.01696781,7,Lower-risk active
714396558,0,2,4683,87,0.0,6,3,1511.0,51,0.0019824773,3,Lower-risk active
752766783,0,2,4106,81,0.18,5,2,11536.0,36,0.00093669863,2,Lower-risk active
715532208,0,3,3807,61,0.375,3,2,4010.0,55,0.01647271,7,Lower-risk active
719130558,0,2,4085,69,0.599,5,3,1669.0,44,0.0012772998,2,Lower-risk active
806232408,0,1,4022,65,0.0,5,2,11905.0,49,0.0024907128,4,Lower-risk active
715497558,1,3,2598,47,0.0,6,3,3052.0,36,0.98865557,10,Dormant high-risk
716303583,0,1,4858,73,0.596,5,2,2712.0,36,0.0008355806,2,Lower-risk active
713522058,0,2,4299,59,0.44,3,3,1978.0,30,0.0109616285,6,Lower-risk active
719074308,0,2,4621,73,0.478,4,0,1438.3,27,0.00052231416,1,Lower-risk active
711881733,0,3,4548,76,0.0,3,3,1606.0,46,0.00445821,5,Lower-risk active
710310108,0,3,4665,89,0.709,3,2,2406.0,29,0.0006018454,1,Lower-risk active
715814433,0,2,3565,83,0.197,6,3,5877.0,36,0.0018040894,3,Lower-risk active
717252483,1,3,2196,35,0.0,3,3,2796.0,41,0.97883695,10,Dormant high-risk
770874483,0,1,4302,74,0.441,4,2,2876.0,40,0.0011430422,2,Lower-risk active
719742108,1,2,2372,44,0.0,5,4,3554.0,26,0.98032093,10,Contacted but fragile
711064008,0,3,3616,68,0.251,4,2,9505.0,36,0.020503767,7,Lower-risk active
717208833,1,2,2703,56,0.0,2,2,1576.0,21,0.9585712,9,Mono-product exposed
709022883,0,3,4257,89,0.0,6,2,1438.3,36,0.0012934309,2,Lower-risk active
713653983,0,2,4342,87,0.382,4,1,2973.0,26,0.00070792227,1,Lower-risk active
713463708,1,2,2493,42,0.0,4,3,1438.3,25,0.9969157,10,Contacted but fragile
789143283,0,2,4868,76,0.208,4,3,5647.0,30,0.0011963254,2,Lower-risk active
778550583,0,3,4808,87,0.0,6,2,1766.0,35,0.0017775537,3,Lower-risk active
711181608,0,2,4129,68,0.0,3,3,1606.0,40,0.0064635295,6,Lower-risk active
711790308,1,3,2538,49,0.284,4,3,2223.0,34,0.9216465,9,Dormant high-risk
779791908,0,3,4970,85,0.0,6,3,2896.0,36,0.009562217,6,Lower-risk active
789515283,0,1,4784,69,0.693,6,3,2157.0,43,0.0010774615,2,Lower-risk active
712046808,1,3,2003,43,0.41,1,3,3802.0,42,0.9878861,10,Dormant high-risk
712169883,0,3,4190,74,0.078,3,2,13840.0,36,0.003665615,5,Lower-risk active
712637283,0,1,5182,78,0.739,6,2,2169.0,28,0.00035393224,1,Lower-risk active
715555833,0,3,4167,86,0.0,6,0,4862.0,34,0.0012343122,2,Lower-risk active
708712833,0,1,4483,72,0.453,4,2,2289.0,36,0.0016927344,3,Lower-risk active
717841683,0,1,3915,72,0.048,6,3,22651.0,36,0.0006962539,1,Lower-risk active
708689958,0,3,4748,88,0.725,4,2,2406.0,36,0.0008168459,1,Lower-risk active
708888633,1,3,2724,38,0.296,2,3,3022.0,36,0.99012166,10,Dormant high-risk
721012983,0,1,3528,61,0.11,6,2,12935.0,38,0.0012628568,2,Lower-risk active
812406183,1,4,2207,41,0.0,5,3,1438.3,40,0.994487,10,Dormant high-risk
714595983,1,3,2030,37,0.363,4,3,1438.3,41,0.99692625,10,Dormant high-risk
715725858,0,2,4893,76,0.597,6,2,2256.0,26,0.002122348,3,Lower-risk active
720270633,1,3,2709,54,0.0,5,1,1516.0,36,0.9793809,10,Dormant high-risk
720269283,0,2,4351,86,0.664,3,2,2485.0,33,0.0006294349,1,Lower-risk active
710142258,0,2,4665,67,0.499,5,2,1820.0,36,0.0020338518,3,Lower-risk active
708525108,0,3,4120,77,0.526,4,3,2156.0,47,0.0011878524,2,Lower-risk active
709621008,0,3,4135,76,0.254,6,2,5826.0,30,0.00087040383,2,Lower-risk active
717181833,0,2,3768,59,0.087,5,2,10190.0,30,0.004293248,5,Lower-risk active
711288558,0,2,4670,77,0.577,5,2,2035.0,28,0.0014791841,3,Lower-risk active
718653333,1,3,2037,31,0.0,1,3,1833.0,33,0.9991978,10,Dormant high-risk
766628733,0,3,4965,74,0.0,3,3,1623.0,49,0.013527897,7,Lower-risk active
711724083,1,1,1903,44,0.898,6,3,1835.0,16,0.08643835,8,Lower-risk active
719690733,0,2,4346,70,0.443,4,2,4490.0,40,0.00211049,3,Lower-risk active
770783508,0,3,4084,72,0.0,6,2,11062.0,34,0.0016523722,3,Lower-risk active
713422083,1,3,2560,59,0.0,5,3,1574.0,36,0.70947605,9,Dormant high-risk
718026858,0,2,4751,80,0.629,3,2,2370.0,36,0.00063142244,1,Lower-risk active
716028108,0,2,4667,83,0.0,6,0,2658.0,18,0.0035316902,5,Lower-risk active
712222758,1,2,2500,47,0.0,3,3,2300.0,36,0.9917121,10,Contacted but fragile
718436133,0,2,4289,71,0.525,5,3,2368.0,36,0.0021977287,4,Lower-risk active
719313633,0,2,4244,53,0.672,6,3,2883.0,36,0.09554516,8,Lower-risk active
814586958,0,3,4624,75,0.626,4,2,3264.0,38,0.0023674886,4,Lower-risk active
804344733,0,2,4303,89,0.473,3,2,1937.0,41,0.00044860117,1,Lower-risk active
717166383,0,2,5097,82,0.676,5,2,2166.0,30,0.0012416064,2,Lower-risk active
713060283,0,1,3746,81,0.163,5,3,7135.0,34,0.00020491173,1,Lower-risk active
713070033,0,3,4830,79,0.547,5,2,1438.3,43,0.0011249107,2,Lower-risk active
793625583,0,1,4674,67,0.558,6,1,3743.0,42,0.00316041,4,Lower-risk active
713918358,0,3,4900,81,0.324,6,1,5190.0,36,0.0019861138,3,Lower-risk active
714308283,0,3,4119,70,0.193,5,3,6059.0,32,0.0041017947,5,Lower-risk active
714086133,0,2,4576,83,0.563,4,3,2577.0,36,0.0011161354,2,Lower-risk active
718872858,0,1,4476,79,0.564,5,3,3761.0,36,0.00052592787,1,Lower-risk active
718148358,1,3,2447,41,0.0,2,3,1572.0,36,0.9992084,10,Dormant high-risk
709665783,0,1,4800,70,0.0,3,1,1637.0,36,0.0026874945,4,Lower-risk active
708483708,0,3,4336,66,0.0,5,2,28600.0,36,0.011099501,6,Lower-risk active
715347783,0,3,3063,57,0.346,3,1,4402.0,35,0.048242178,8,Lower-risk active
709054083,0,1,4816,79,0.721,6,3,2652.0,32,0.0006505597,1,Lower-risk active
807915408,0,2,4479,82,0.0,6,3,6602.0,36,0.0024422526,4,Lower-risk active
794507133,1,1,2880,46,0.0,4,3,1900.0,18,0.99102473,10,Contacted but fragile
712569408,0,2,4925,82,0.401,4,3,3455.0,44,0.0012354414,2,Lower-risk active
788805108,0,3,4259,80,0.098,5,3,18123.0,30,0.0010174778,2,Lower-risk active
710150208,0,1,3834,69,0.545,4,3,2295.0,26,0.002122139,3,Lower-risk active
711825558,0,2,3595,65,0.735,5,2,1518.0,19,0.0016735881,3,Lower-risk active
712891833,0,1,3875,84,0.698,3,1,2723.0,36,0.00026476113,1,Lower-risk active
719680908,0,1,4878,84,0.389,3,3,1776.0,27,0.00070530473,1,Lower-risk active
801053208,0,3,4199,84,0.645,3,1,1968.0,33,0.0016330074,3,Lower-risk active
758642733,0,1,5163,73,0.567,5,1,1860.0,41,0.0061124135,6,Lower-risk active
771201408,0,2,5299,75,0.792,3,3,2684.0,40,0.006178354,6,Lower-risk active
789523683,0,1,4348,77,0.856,3,3,2180.0,43,0.00066404307,1,Lower-risk active
767266758,1,3,2473,49,0.0,1,4,1661.0,34,0.9974953,10,Dormant high-risk
713732883,0,1,4771,81,0.0,4,2,1679.0,36,0.0009001155,2,Lower-risk active
720739083,1,2,2716,63,0.0,5,3,1691.0,25,0.8041257,9,Contacted but fragile
718010133,0,2,3703,61,0.568,4,3,2888.0,35,0.0038641987,5,Lower-risk active
771518658,0,3,4553,90,0.716,5,1,1871.0,46,0.0003811244,1,Lower-risk active
710508858,0,1,4317,81,0.78,5,3,3226.0,34,0.0010115616,2,Lower-risk active
772590408,0,3,3964,90,0.114,3,1,12114.0,31,0.0005998325,1,Lower-risk active
719334408,0,3,4286,71,0.299,6,1,4959.0,36,0.0055395653,5,Lower-risk active
717500133,0,2,4240,63,0.058,3,3,10374.0,36,0.0045968452,5,Lower-risk active
720988083,0,3,4425,79,0.751,3,2,1438.3,35,0.0010692832,2,Lower-risk active
713594883,1,3,2380,43,0.571,5,3,1486.0,32,0.94756037,9,Dormant high-risk
719848908,0,3,4087,73,0.0,3,3,2542.0,33,0.0056432034,5,Lower-risk active
714962658,1,3,2482,40,0.0,5,3,1931.0,36,0.9908409,10,Dormant high-risk
717429258,1,3,2450,45,0.304,3,4,1644.0,39,0.99788755,10,Dormant high-risk
717022533,0,1,4088,66,0.0,4,3,2283.0,36,0.0032954626,4,Lower-risk active
710853033,0,2,4024,82,0.244,3,2,4943.0,36,0.005056706,5,Lower-risk active
709548783,1,3,2100,54,0.0,5,4,1438.3,36,0.95402825,9,Dormant high-risk
780055308,0,1,4482,54,0.0,3,3,1438.3,28,0.32493618,9,Lower-risk active
714252933,0,2,4737,80,0.0,4,3,1438.3,45,0.0021614793,4,Lower-risk active
713336883,1,3,2285,46,0.0,4,4,1760.0,36,0.9924103,10,Dormant high-risk
713119308,0,4,4339,82,0.0,4,3,1852.0,39,0.0039134235,5,Lower-risk active
710815608,0,2,4521,70,0.747,3,3,2049.0,25,0.0014874876,3,Lower-risk active
809626983,1,3,2790,37,0.0,3,3,1670.0,43,0.9981646,10,Dormant high-risk
803398983,0,2,4823,64,0.572,4,3,1511.0,29,0.0066640717,6,Lower-risk active
717568308,0,2,4355,78,0.0,4,1,6018.0,36,0.0017950023,3,Lower-risk active
711694083,0,2,4724,71,0.413,4,2,3030.0,48,0.0011348159,2,Lower-risk active
712258308,0,1,4394,75,0.538,3,3,2755.0,39,0.00067798176,1,Lower-risk active
713884458,0,2,4425,83,0.244,6,2,8783.0,37,0.0008863388,2,Lower-risk active
716160708,0,3,5225,94,0.901,4,1,1861.0,36,0.0003674932,1,Lower-risk active
772728933,1,4,2511,40,0.059,6,3,13709.0,40,0.9716669,9,Dormant high-risk
815320383,1,3,2690,43,0.0,5,2,4710.0,41,0.95718026,9,Dormant high-risk
712117983,0,3,4787,60,0.107,6,2,17285.0,39,0.110757284,8,Lower-risk active
788694558,0,2,4463,87,0.46,5,3,1438.3,40,0.0010459034,2,Lower-risk active
709275558,0,3,4238,55,0.0,6,2,7866.0,44,0.2866709,9,Lower-risk active
711216933,0,3,5026,77,0.593,4,1,2190.0,36,0.003549553,5,Lower-risk active
717069033,0,1,4778,65,0.239,4,3,4829.0,30,0.006490068,6,Lower-risk active
714992733,0,1,3962,62,0.648,5,1,3210.0,36,0.0008745918,2,Lower-risk active
809445858,0,3,5000,79,0.427,6,3,1755.0,32,0.0008982791,2,Lower-risk active
708859158,0,1,4341,80,0.489,4,1,1438.3,37,0.00051703065,1,Lower-risk active
710040483,0,2,3895,87,0.147,6,1,14485.0,26,0.00063332124,1,Lower-risk active
714667608,0,3,4256,78,0.0,4,2,6043.0,36,0.0073952745,6,Lower-risk active
714475908,1,3,1732,39,0.0,5,2,6348.0,35,0.9593346,9,Dormant high-risk
713656308,0,3,4210,75,0.0,3,1,1438.3,48,0.0047633196,5,Lower-risk active
716790633,1,2,1789,38,0.0,4,3,17239.0,36,0.9846178,10,Contacted but fragile
716127333,1,2,2300,45,0.026,5,3,18432.0,36,0.9908174,10,Contacted but fragile
713017758,0,2,5056,85,0.694,6,2,1636.0,32,0.000589363,1,Lower-risk active
717893358,0,1,4452,65,0.183,6,3,7951.0,33,0.0027169783,4,Lower-risk active
780032208,1,3,2223,47,0.0,5,3,14201.0,34,0.9684397,9,Dormant high-risk
720219633,0,3,4108,70,0.567,4,2,2723.0,42,0.00070144807,1,Lower-risk active
711676008,0,2,3603,59,0.491,5,2,2019.0,44,0.0045484817,5,Lower-risk active
714192033,0,1,4018,63,0.181,5,2,10305.0,25,0.00092355633,2,Lower-risk active
713442933,0,3,5219,86,0.709,4,3,3114.0,32,0.0033264237,4,Lower-risk active
789052308,1,2,2451,38,0.0,6,2,4323.0,28,0.9731986,9,Lower-risk active
714948858,1,2,2935,58,0.69,3,2,3647.0,36,0.6905926,9,Lower-risk active
711772983,0,2,4678,71,0.699,5,2,1849.0,35,0.0014824627,3,Lower-risk active
802937058,0,3,4480,80,0.732,3,1,2540.0,47,0.0008025389,1,Lower-risk active
712493058,0,3,4524,72,0.0,6,2,4972.0,31,0.004817617,5,Lower-risk active
718808883,0,3,3705,69,0.0,3,1,13565.0,47,0.0040675197,5,Lower-risk active
719685408,1,2,2505,43,0.05,3,2,6332.0,29,0.99005413,10,Lower-risk active
708829758,0,3,3877,66,0.126,4,2,6062.0,36,0.024116507,7,Lower-risk active
710792733,0,2,4491,75,0.22,4,2,2897.0,29,0.0060389526,6,Lower-risk active
716838633,0,5,4869,84,0.1,4,0,13407.0,36,0.0017800421,3,Lower-risk active
714041283,0,2,4735,83,0.252,5,2,6610.0,40,0.0009775897,2,Lower-risk active
710284233,1,3,2439,43,0.0,5,4,1438.3,36,0.97177166,9,Dormant high-risk
752944533,0,1,5067,88,0.625,4,2,2030.0,34,0.00022289761,1,Lower-risk active
713312208,1,2,1868,38,0.0,1,3,3146.0,43,0.99864036,10,Contacted but fragile
804045933,0,3,4284,74,0.455,5,2,5302.0,30,0.0028762768,4,Lower-risk active
716662683,0,2,5069,81,0.571,6,3,3185.0,45,0.0023641707,4,Lower-risk active
713432508,0,3,4593,72,0.404,4,2,4328.0,36,0.0025621792,4,Lower-risk active
799475658,0,3,4508,79,0.581,3,3,2238.0,45,0.001289246,2,Lower-risk active
719849958,0,3,4779,83,0.709,4,3,2658.0,36,0.0015893409,3,Lower-risk active
715803933,0,2,4422,65,0.151,4,2,9090.0,36,0.0032332775,4,Lower-risk active
779486433,0,2,4209,76,0.895,3,3,2424.0,28,0.0011064358,2,Lower-risk active
708281433,0,1,3848,75,0.0,5,3,1438.3,36,0.0018157822,3,Lower-risk active
779844408,1,3,2137,40,0.0,4,3,1438.3,27,0.9962851,10,Dormant high-risk
721306908,0,3,3440,46,0.234,4,2,2303.0,44,0.7292166,9,Dormant high-risk
713964858,0,2,4074,81,0.318,4,3,2792.0,41,0.0011087877,2,Lower-risk active
717545808,0,1,4549,70,0.685,3,2,2900.0,32,0.0009383199,2,Lower-risk active
771232533,0,3,4249,81,0.566,3,3,2267.0,33,0.0010598823,2,Lower-risk active
710883483,0,3,4661,85,0.493,3,3,4189.0,34,0.0015621858,3,Lower-risk active
801715383,1,3,2216,51,0.0,6,2,12890.0,39,0.9559311,9,Dormant high-risk
719594433,0,1,4672,66,0.439,6,2,3269.0,26,0.003404335,4,Lower-risk active
716310633,0,2,5037,84,0.899,6,2,2759.0,36,0.0019749224,3,Lower-risk active
714188883,1,2,2345,36,0.0,3,2,1787.0,37,0.997122,10,Lower-risk active
772437633,0,2,4578,72,0.0,4,3,6854.0,33,0.0045016417,5,Lower-risk active
708536283,1,2,2653,46,0.867,3,2,2904.0,27,0.94059455,9,Lower-risk active
772569033,0,2,4572,90,0.234,5,2,5293.0,34,0.0006389301,1,Lower-risk active
714443883,0,2,4593,81,0.0,4,1,1781.0,49,0.0014827444,3,Lower-risk active
710369658,0,3,4488,92,0.718,4,2,3276.0,36,0.0003759975,1,Lower-risk active
788440083,0,3,3807,82,0.04,5,3,34516.0,48,0.0013480791,2,Lower-risk active
773332908,0,3,4221,83,0.13,3,2,14670.0,30,0.00086788955,2,Lower-risk active
709307808,1,3,2507,53,0.0,3,3,4375.0,36,0.9854092,10,Dormant high-risk
712507758,0,3,5471,87,0.552,6,3,3448.0,24,0.0026770832,4,Lower-risk active
715701033,1,3,2112,46,0.834,5,3,2111.0,33,0.82037663,9,Dormant high-risk
718478883,0,1,4424,81,0.0,4,3,3123.0,36,0.0024362784,4,Lower-risk active
788734158,0,3,4493,59,0.0,5,2,8374.0,19,0.10008277,8,Lower-risk active
794490858,0,1,4775,61,0.088,3,2,15713.0,28,0.054022495,8,Lower-risk active
718397658,0,3,3627,61,0.299,6,2,4115.0,36,0.0011296135,2,Lower-risk active
718826883,1,3,2506,36,0.0,6,2,6925.0,36,0.994058,10,Dormant high-risk
716733933,0,3,5051,64,0.382,5,2,1898.0,30,0.006921567,6,Lower-risk active
809307108,0,3,4209,77,0.585,4,2,2021.0,39,0.0008775577,2,Lower-risk active
778671483,0,3,4143,67,0.618,5,3,1630.0,13,0.0027601097,4,Lower-risk active
815504583,1,2,2275,43,0.0,3,4,1538.0,43,0.99671197,10,Contacted but fragile
789319458,0,2,4219,65,0.065,6,3,22639.0,38,0.005406587,5,Lower-risk active
710382108,0,1,4204,63,0.988,5,2,2452.0,19,0.012481521,6,Lower-risk active
720895533,0,3,4885,78,0.734,6,3,1438.3,22,0.0012268254,2,Lower-risk active
709891608,1,2,1949,43,0.0,5,3,9924.0,24,0.9792712,10,Contacted but fragile
717136533,0,2,4883,73,0.323,4,2,2586.0,26,0.0018172459,3,Lower-risk active
790164408,0,3,4869,77,0.907,6,3,2308.0,52,0.0012513555,2,Lower-risk active
795613233,0,2,4949,76,0.142,4,0,10514.0,42,0.00027916275,1,Lower-risk active
709009833,0,3,4621,67,0.0,3,3,1655.0,44,0.008128029,6,Lower-risk active
720054183,0,2,5112,86,0.805,4,2,2768.0,25,0.0020257267,3,Lower-risk active
713193408,0,3,3816,75,0.82,3,3,2533.0,52,0.0018891844,3,Lower-risk active
801508383,0,3,4498,85,0.067,6,2,25658.0,42,0.0012478408,2,Lower-risk active
711949683,1,2,1883,44,0.571,6,3,4410.0,36,0.7393306,9,Contacted but fragile
787747308,1,3,2494,39,0.726,6,2,3468.0,39,0.99442863,10,Dormant high-risk
720064158,0,2,4323,70,0.0,4,3,1438.3,36,0.0045146374,5,Lower-risk active
779104608,1,1,2819,48,0.0,5,3,1438.3,15,0.985388,10,Contacted but fragile
715477233,0,2,4037,69,0.205,3,3,6968.0,36,0.0031090677,4,Lower-risk active
719524383,0,1,4105,73,0.684,3,3,2441.0,22,0.0006608482,1,Lower-risk active
713804883,1,2,1799,28,0.0,3,2,1836.0,37,0.9977235,10,Lower-risk active
710359458,0,1,4456,70,0.706,5,3,2560.0,36,0.0030681344,4,Lower-risk active
716311683,0,1,3452,54,0.044,4,2,32733.0,36,0.012025007,6,Lower-risk active
753795633,1,3,2327,38,0.849,5,2,2964.0,41,0.9152616,9,Dormant high-risk
780076833,0,1,4088,66,0.121,6,2,8315.0,29,0.0014483698,3,Lower-risk active
716019333,0,3,4091,82,0.785,6,3,2279.0,56,0.0012136983,2,Lower-risk active
820657083,0,1,3819,72,0.023,5,2,34516.0,48,0.0018981474,3,Lower-risk active
716901858,0,1,3691,77,0.0,5,2,1438.3,39,0.0029721868,4,Lower-risk active
756571983,0,2,4951,85,0.546,6,3,2020.0,36,0.0015524353,3,Lower-risk active
817607358,1,3,2227,44,0.0,3,3,34516.0,35,0.9883868,10,Dormant high-risk
778268508,0,2,4448,86,0.374,5,1,5261.0,47,0.0007648654,1,Lower-risk active
778984383,0,3,4622,73,0.757,3,1,2692.0,31,0.0031983121,4,Lower-risk active
720771933,0,2,4434,69,0.0,5,1,1994.0,36,0.008467546,6,Lower-risk active
748827033,0,2,4780,84,0.0,5,3,3290.0,37,0.0067062993,6,Lower-risk active
712591983,0,2,4104,79,0.646,4,3,3035.0,41,0.0012888783,2,Lower-risk active
712181658,0,3,4983,86,0.645,4,1,2407.0,36,0.0013064631,2,Lower-risk active
712297683,1,3,2196,35,0.0,6,2,1781.0,35,0.9788582,10,Dormant high-risk
714684933,1,2,2725,41,0.0,5,3,3680.0,28,0.99236214,10,Contacted but fragile
720742083,1,3,2431,46,0.885,4,3,2740.0,36,0.99077857,10,Dormant high-risk
772310958,0,6,4965,94,0.191,4,3,4311.0,31,0.0007241184,1,Lower-risk active
715343883,0,3,4693,66,0.672,5,3,1931.0,32,0.029733712,7,Lower-risk active
720470133,0,3,4576,87,0.411,5,3,3604.0,36,0.0012271783,2,Lower-risk active
710420133,0,2,4416,68,0.0,6,2,2190.0,34,0.009944538,6,Lower-risk active
720933408,0,1,4798,89,0.216,3,2,8438.0,36,0.00033787085,1,Lower-risk active
716304483,0,2,5029,86,0.695,3,3,3413.0,36,0.0014355102,3,Lower-risk active
719534058,0,2,4380,57,0.898,3,1,2163.0,14,0.007891992,6,Lower-risk active
710515308,0,3,5025,84,0.53,4,1,3595.0,36,0.0054050568,5,Lower-risk active
797241108,0,3,4500,83,0.12,5,3,9036.0,41,0.0014889465,3,Lower-risk active
708884658,0,1,4828,90,0.676,5,1,2315.0,31,0.00031115024,1,Lower-risk active
794475483,0,3,4654,59,0.03,4,2,34516.0,27,0.15975675,8,Lower-risk active
714315858,0,1,5429,71,0.412,6,3,4008.0,37,0.1480134,8,Lower-risk active
717217983,0,2,5409,79,0.801,6,3,3143.0,30,0.018424327,7,Lower-risk active
721124658,1,2,2625,63,0.0,4,3,3427.0,27,0.7938036,9,Contacted but fragile
716753058,0,2,4813,78,0.209,6,2,2699.0,28,0.0023125766,4,Lower-risk active
711069483,0,2,4884,79,0.0,6,2,1538.0,36,0.0020840494,3,Lower-risk active
708478233,0,2,4348,90,0.222,4,2,5573.0,36,0.00065504364,1,Lower-risk active
710783358,0,3,4442,85,0.686,5,2,2570.0,35,0.00091251987,2,Lower-risk active
713710383,0,2,2659,55,0.14,4,1,18008.0,30,0.30897528,9,Lower-risk active
720815208,1,3,2395,47,0.006,5,3,34516.0,39,0.9904867,10,Dormant high-risk
721338783,0,2,3427,72,0.187,3,3,13483.0,36,0.008031581,6,Lower-risk active
714121983,0,2,4694,84,0.322,4,3,4349.0,42,0.0014016024,3,Lower-risk active
715061733,0,1,3539,81,0.091,4,3,11698.0,36,0.00021235438,1,Lower-risk active
720520308,1,2,2427,52,0.303,4,3,8318.0,28,0.9434946,9,Contacted but fragile
806908608,0,2,3942,78,0.0,5,3,1438.3,41,0.0014530697,3,Lower-risk active
798972183,1,3,2520,38,0.32,1,2,1643.0,43,0.99938047,10,Dormant high-risk
715030308,0,1,4680,67,0.618,5,2,1503.0,27,0.0020833258,3,Lower-risk active
708244458,0,3,3485,72,0.543,3,2,2793.0,35,0.0020891053,3,Lower-risk active
789479058,0,3,4459,66,0.0,5,3,1438.3,37,0.0062203077,6,Lower-risk active
784998108,0,3,4203,76,0.0,5,2,9094.0,22,0.001698727,3,Lower-risk active
711808383,0,1,4476,85,0.269,5,3,6362.0,39,0.0012547426,2,Lower-risk active
770839608,0,1,4611,82,0.596,6,1,2394.0,47,0.00034392552,1,Lower-risk active
713866308,0,2,4135,76,0.133,5,1,15100.0,36,0.0010847605,2,Lower-risk active
714250908,1,4,2231,60,0.86,3,2,2927.0,47,0.8852421,9,Dormant high-risk
739317558,0,3,4899,84,0.262,4,3,9030.0,35,0.0027761038,4,Lower-risk active
718702908,0,2,4312,84,0.675,6,1,1543.0,36,0.0013335681,2,Lower-risk active
720644883,0,2,5104,87,0.378,3,1,4941.0,40,0.00089525426,2,Lower-risk active
717182883,0,2,4169,74,0.628,3,2,2279.0,36,0.0012272086,2,Lower-risk active
719384433,1,2,2581,57,0.641,5,3,1877.0,28,0.519384,9,Contacted but fragile
787301208,0,1,3763,74,0.0,5,1,1438.3,46,0.0011788225,2,Lower-risk active
720924633,0,2,4397,73,0.0,4,1,1438.3,27,0.012137962,6,Lower-risk active
721316358,0,1,4086,62,0.066,5,1,9577.0,28,0.003164476,4,Lower-risk active
716118633,0,1,4328,73,0.401,6,1,5427.0,36,0.0008071321,1,Lower-risk active
789880533,1,3,2404,39,0.279,5,4,5913.0,36,0.95171595,9,Dormant high-risk
711221958,1,2,2646,41,0.0,3,2,2867.0,26,0.9971635,10,Lower-risk active
715510683,0,2,4665,82,0.543,3,2,2506.0,29,0.0013864362,3,Lower-risk active
718689258,0,2,4203,87,0.65,5,3,1693.0,29,0.00088361814,2,Lower-risk active
716368008,1,2,2925,41,0.306,4,2,3137.0,36,0.9399728,9,Lower-risk active
712092783,1,2,2027,42,0.0,6,3,2437.0,40,0.96374047,9,Contacted but fragile
789541458,0,0,4840,85,0.679,6,2,1438.3,28,0.000675896,1,Lower-risk active
719539458,0,3,5170,93,0.0,5,3,3913.0,41,0.0017638634,3,Lower-risk active
713082708,0,2,4183,67,0.2,6,2,4953.0,36,0.022146227,7,Lower-risk active
794665608,0,2,4510,59,0.102,4,3,5724.0,33,0.15061718,8,Lower-risk active
712827258,0,0,5046,77,0.0,5,3,1438.3,25,0.0072684805,6,Lower-risk active
714525633,0,3,4233,81,0.542,3,2,1886.0,36,0.0008542833,2,Lower-risk active
708726708,1,2,2192,35,0.413,6,3,1451.0,36,0.98444265,10,Contacted but fragile
768498258,0,2,4740,83,0.557,3,3,2950.0,41,0.0009681,2,Lower-risk active
712767858,1,2,2181,43,0.85,5,3,1438.3,30,0.97571576,10,Contacted but fragile
709231683,0,2,4861,84,0.445,6,3,2024.0,23,0.0010713745,2,Lower-risk active
712445583,1,1,2323,47,0.0,3,4,2299.0,15,0.9583388,9,Contacted but fragile
711461658,0,3,3228,82,0.364,5,2,3291.0,29,0.0012207697,2,Lower-risk active
713891133,1,2,1890,43,0.58,3,2,1438.3,36,0.9814027,10,Lower-risk active
710074458,0,1,4290,90,0.466,3,3,2137.0,34,0.0004047874,1,Lower-risk active
779279883,1,3,1628,42,0.0,3,2,1438.3,42,0.9622402,9,Dormant high-risk
719674533,0,1,4040,76,0.091,5,3,16794.0,44,0.00069847226,1,Lower-risk active
716535408,0,1,3843,69,0.12,3,3,12219.0,32,0.0010314058,2,Lower-risk active
710319108,0,2,4542,73,0.72,4,3,1804.0,47,0.0011882071,2,Lower-risk active
714777858,0,3,4858,69,0.882,6,2,2343.0,36,0.002209322,4,Lower-risk active
769974258,0,2,3830,82,0.0,5,3,19724.0,38,0.0029505107,4,Lower-risk active
717819633,0,1,4124,57,0.37,6,2,3949.0,42,0.0031345529,4,Lower-risk active
712953483,1,3,1811,39,0.0,1,4,1682.0,36,0.98875684,10,Dormant high-risk
779029458,1,3,2725,47,0.0,4,3,1724.0,35,0.9966993,10,Dormant high-risk
721321383,0,3,4418,80,0.484,3,2,2372.0,41,0.0020668898,3,Lower-risk active
716973333,0,3,5080,76,0.361,3,2,4642.0,28,0.0010150857,2,Lower-risk active
709946658,0,3,4629,58,0.438,5,3,2765.0,30,0.068709366,8,Lower-risk active
709243533,0,3,4552,75,0.71,5,2,2555.0,41,0.0029534847,4,Lower-risk active
709999308,0,2,3477,78,0.0,3,2,3150.0,40,0.0021823333,4,Lower-risk active
712389108,0,3,4058,83,0.82,6,2,2570.0,36,0.0009261801,2,Lower-risk active
712305333,0,2,4064,65,0.571,4,2,4386.0,53,0.013517967,7,Lower-risk active
812785158,0,3,4331,63,0.745,4,2,2411.0,37,0.01637539,7,Lower-risk active
765459858,1,4,2511,56,0.0,4,3,6397.0,40,0.9208064,9,Dormant high-risk
714894708,1,4,2777,45,0.105,4,2,23958.0,45,0.98261803,10,Dormant high-risk
711296508,0,2,4776,85,0.941,5,3,2608.0,42,0.0036623548,5,Lower-risk active
795713058,0,1,4292,76,0.398,3,2,4409.0,39,0.00049221376,1,Lower-risk active
789487308,0,2,4106,78,0.0,3,2,10033.0,39,0.0014170706,3,Lower-risk active
720130233,1,3,2536,45,0.0,4,1,1641.0,36,0.9910595,10,Dormant high-risk
789047208,0,1,4983,79,0.656,4,3,2454.0,45,0.0025749076,4,Lower-risk active
715864983,0,2,4870,83,0.0,5,2,1978.0,43,0.0019221762,3,Lower-risk active
708765933,0,2,4866,81,0.162,3,2,5464.0,36,0.0016766407,3,Lower-risk active
809320908,0,3,4160,84,0.0,3,3,5951.0,37,0.0033980669,4,Lower-risk active
779324358,0,1,4013,79,0.673,6,3,2381.0,31,0.00035970064,1,Lower-risk active
713730108,0,2,4686,67,0.108,3,2,11596.0,38,0.0061934916,6,Lower-risk active
711783483,0,3,3562,72,0.191,4,2,5162.0,46,0.002026441,3,Lower-risk active
719294433,0,3,4366,68,0.032,4,1,16312.0,55,0.009154005,6,Lower-risk active
718279008,1,2,2282,38,0.0,5,3,25276.0,36,0.97444296,9,Contacted but fragile
721238508,0,3,4790,77,0.765,3,3,1939.0,26,0.0010623717,2,Lower-risk active
709365483,0,3,4437,67,0.655,5,3,2788.0,36,0.0067698597,6,Lower-risk active
718477983,0,2,4776,90,0.77,4,3,1438.3,42,0.00053451455,1,Lower-risk active
719809533,0,1,5066,84,0.804,6,4,2448.0,36,0.0003693635,1,Lower-risk active
717239133,0,3,3939,60,0.062,5,1,10317.0,40,0.009230775,6,Lower-risk active
814091058,1,2,2492,50,0.807,6,3,3119.0,33,0.955723,9,Contacted but fragile
710555433,1,2,2216,40,0.0,6,2,2803.0,36,0.9789155,10,Lower-risk active
770956158,0,2,4140,68,0.897,3,1,2397.0,30,0.0049769063,5,Lower-risk active
718263108,1,3,2829,42,0.861,3,2,1693.0,32,0.9721176,9,Dormant high-risk
715984908,0,3,4850,84,0.657,4,2,2866.0,36,0.0013453413,2,Lower-risk active
711020358,0,2,4434,79,0.661,5,2,2498.0,36,0.00056024146,1,Lower-risk active
788769783,0,1,4707,74,0.545,6,3,1878.0,23,0.0005411013,1,Lower-risk active
715496808,0,3,4159,69,0.917,6,3,2712.0,36,0.012116162,6,Lower-risk active
779931783,1,3,2213,47,0.0,6,3,34516.0,38,0.9881379,10,Dormant high-risk
818763033,0,1,4794,71,0.408,6,1,6169.0,29,0.0029457454,4,Lower-risk active
711953358,0,2,4605,88,0.365,4,2,6205.0,35,0.00064491155,1,Lower-risk active
716485308,0,3,5008,93,0.866,4,3,1780.0,36,0.00057010236,1,Lower-risk active
716432658,0,2,4490,65,0.0,5,1,1438.3,36,0.0065043187,6,Lower-risk active
712691883,1,2,2245,41,0.855,3,2,2811.0,36,0.99351114,10,Lower-risk active
712611108,1,6,2280,49,0.336,5,2,7501.0,53,0.9652254,9,Dormant high-risk
716245833,0,3,4473,67,0.881,6,2,2856.0,36,0.042375203,8,Lower-risk active
780052008,0,2,3883,68,0.047,4,2,29898.0,22,0.004984821,5,Lower-risk active
709759908,0,2,4327,84,0.353,4,2,1939.0,36,0.0014549271,3,Lower-risk active
788667408,0,1,4475,66,0.613,6,1,2965.0,21,0.0008382449,2,Lower-risk active
721449408,0,2,4763,74,0.722,6,1,2812.0,25,0.0012820251,2,Lower-risk active
708316008,1,2,1792,29,0.0,3,3,10031.0,36,0.99513334,10,Contacted but fragile
714655758,0,3,4003,73,0.0,6,2,4049.0,36,0.0022320237,4,Lower-risk active
711846183,1,2,2271,31,0.0,3,3,2669.0,26,0.9782456,10,Contacted but fragile
720612333,1,2,2697,45,0.0,6,2,1951.0,28,0.98422444,10,Lower-risk active
714673833,0,3,4411,77,0.0,3,1,1528.0,36,0.0026826104,4,Lower-risk active
710525508,1,3,2090,50,0.316,6,3,1438.3,36,0.9539279,9,Dormant high-risk
757854858,1,3,2297,37,0.0,4,4,3143.0,43,0.988247,10,Dormant high-risk
714658233,0,3,3916,79,0.504,4,3,1438.3,37,0.0010870653,2,Lower-risk active
716381808,0,4,3820,75,0.0,4,1,8406.0,36,0.0034887814,4,Lower-risk active
720831783,0,2,4708,81,0.396,3,1,2242.0,36,0.001018435,2,Lower-risk active
714319233,1,3,2132,33,0.0,3,6,6538.0,36,0.99861073,10,Dormant high-risk
718178583,0,3,4663,78,0.341,3,1,4710.0,29,0.0011953822,2,Lower-risk active
708886533,0,1,4348,77,0.131,4,3,13032.0,41,0.0006649164,1,Lower-risk active
716239383,0,2,4138,85,0.0,5,2,2225.0,36,0.0026702695,4,Lower-risk active
714672933,0,4,4417,84,0.722,6,2,3143.0,36,0.0006497137,1,Lower-risk active
809954133,0,1,5223,84,0.0,6,3,5013.0,44,0.005675702,5,Lower-risk active
714855108,0,0,4073,69,0.281,6,1,3466.0,50,0.003075459,4,Lower-risk active
718730283,0,3,4891,68,0.715,5,3,1686.0,18,0.008738186,6,Lower-risk active
709232808,1,3,1588,37,0.0,2,2,1689.0,34,0.9980324,10,Dormant high-risk
804428958,0,2,4847,78,0.0,3,1,1626.0,42,0.0016578141,3,Lower-risk active
711474333,1,5,1690,38,0.0,3,2,1614.0,51,0.9918207,10,Dormant high-risk
720070383,0,3,4775,84,0.809,6,3,2429.0,29,0.0029530495,4,Lower-risk active
720322008,0,2,4551,82,0.58,4,1,1438.3,15,0.0009415393,2,Lower-risk active
714527433,1,2,1974,54,0.0,5,2,17523.0,30,0.94541043,9,Lower-risk active
789267633,0,4,4404,93,0.684,3,1,2573.0,43,0.00031312887,1,Lower-risk active
714523383,0,2,4656,59,0.732,3,2,2900.0,33,0.0097518945,6,Lower-risk active
713996283,0,5,5209,93,0.925,4,1,2352.0,36,0.0004860272,1,Lower-risk active
714557583,0,4,4976,79,0.86,6,0,2212.0,36,0.00027344492,1,Lower-risk active
714014733,1,3,2172,33,0.148,4,2,9642.0,36,0.8300784,9,Dormant high-risk
779065458,0,1,4212,72,0.0,4,3,9257.0,37,0.0011633133,2,Lower-risk active
712733958,1,3,2304,46,0.0,6,3,1731.0,36,0.9720054,9,Dormant high-risk
719231583,0,2,4799,79,0.109,6,2,16929.0,49,0.0021972468,4,Lower-risk active
778801608,0,4,3568,92,0.516,6,2,3606.0,39,0.00030339454,1,Lower-risk active
720728133,0,3,4180,71,0.0,4,3,1714.0,33,0.005321859,5,Lower-risk active
718153233,0,2,3764,60,0.066,3,2,23512.0,36,0.008821055,6,Lower-risk active
716122008,1,3,2544,27,0.0,3,2,1855.0,35,0.9754426,9,Dormant high-risk
714960408,1,3,2722,45,0.555,4,1,1605.0,34,0.986827,10,Dormant high-risk
772382283,1,3,2689,49,0.692,3,3,2302.0,36,0.93974423,9,Dormant high-risk
817236708,0,2,3943,73,0.127,6,3,13546.0,25,0.0013831267,3,Lower-risk active
714266883,1,3,2334,51,0.206,5,3,2440.0,44,0.9945234,10,Dormant high-risk
792795933,0,6,3847,65,0.898,5,2,2669.0,30,0.013256136,7,Lower-risk active
717219933,1,3,1930,48,0.261,4,6,2402.0,35,0.950701,9,Dormant high-risk
719986758,1,3,2577,39,0.0,5,6,3001.0,33,0.99929273,10,Dormant high-risk
712326708,0,2,4437,61,0.87,6,3,2552.0,31,0.00605884,6,Lower-risk active
721505358,0,6,4682,81,0.826,3,2,2679.0,34,0.0077003464,6,Lower-risk active
804337233,0,2,4890,61,0.0,3,2,1502.0,35,0.10812247,8,Lower-risk active
785351133,0,3,4518,81,0.0,4,3,1438.3,55,0.0045928652,5,Lower-risk active
714034158,0,2,3946,69,0.392,5,3,3331.0,38,0.0025464164,4,Lower-risk active
720349983,0,2,4593,79,0.0,3,1,1438.3,19,0.0020599037,3,Lower-risk active
720155583,0,2,5175,82,0.655,3,3,2426.0,39,0.0010414469,2,Lower-risk active
806140383,1,2,2658,43,0.858,3,2,2791.0,54,0.99320203,10,Lower-risk active
799031958,0,2,4122,70,0.054,5,2,18379.0,43,0.0036459195,5,Lower-risk active
719556558,0,3,3972,67,0.503,6,1,3499.0,34,0.004311614,5,Lower-risk active
771455508,0,1,4104,83,0.0,5,3,1438.3,48,0.00140358,3,Lower-risk active
712214283,0,3,4827,70,0.0,6,3,18295.0,28,0.0044208034,5,Lower-risk active
712667058,0,1,4531,76,0.635,4,3,1568.0,29,0.0007049301,1,Lower-risk active
715393908,0,0,4520,79,0.533,3,1,2712.0,36,0.0007726774,1,Lower-risk active
751518633,1,3,2260,50,0.073,5,1,34516.0,41,0.86526364,9,Dormant high-risk
769100508,0,2,5228,77,0.676,6,1,2177.0,49,0.0010785218,2,Lower-risk active
720582558,0,3,5108,87,0.0,3,1,2296.0,34,0.0030625593,4,Lower-risk active
710773533,0,3,5268,88,0.655,5,3,2435.0,35,0.0022094587,4,Lower-risk active
712395408,1,3,2552,42,0.462,5,3,1495.0,41,0.98900884,10,Dormant high-risk
818459733,1,2,2276,32,0.0,3,2,9220.0,26,0.9848824,10,Lower-risk active
708867408,1,4,2050,35,0.085,3,2,23128.0,40,0.67198783,9,Dormant high-risk
772457583,0,0,5385,93,0.283,3,1,4254.0,37,0.0007741444,1,Lower-risk active
810271083,1,5,2164,53,0.0,1,3,14897.0,42,0.9978806,10,Dormant high-risk
712649058,0,2,4121,82,0.0,3,2,3554.0,36,0.0039250134,5,Lower-risk active
788737083,0,2,4551,84,0.463,6,2,1798.0,13,0.00084366713,2,Lower-risk active
714012258,0,2,4122,74,0.695,3,1,2429.0,34,0.0007687737,1,Lower-risk active
757662258,0,1,5138,77,0.597,3,1,2477.0,39,0.0003284956,1,Lower-risk active
714388158,0,2,4746,73,0.049,3,1,14304.0,36,0.0039054987,5,Lower-risk active
720067083,0,1,3904,74,0.521,5,1,1536.0,36,0.00071178505,1,Lower-risk active
814529508,0,3,4106,71,0.045,4,2,15370.0,34,0.0019611341,3,Lower-risk active
794068308,0,1,4141,73,0.07,5,2,23981.0,39,0.0007467606,1,Lower-risk active
824812983,0,1,4166,86,0.221,5,1,6318.0,38,0.0004782011,1,Lower-risk active
713396358,0,1,4878,71,0.229,5,3,3558.0,13,0.012611974,6,Lower-risk active
719420883,1,3,2477,45,0.0,5,3,1677.0,44,0.9959637,10,Dormant high-risk
785500533,0,2,4064,66,0.763,3,2,2734.0,47,0.0018689514,3,Lower-risk active
712138008,0,3,4569,70,0.694,5,1,2396.0,36,0.0030575146,4,Lower-risk active
709279608,0,2,3813,71,0.231,5,3,9852.0,35,0.0027582124,4,Lower-risk active
788771733,0,3,4354,70,0.57,5,3,1579.0,30,0.0029949397,4,Lower-risk active
753365883,1,2,2298,45,0.0,3,3,1900.0,37,0.9953595,10,Contacted but fragile
770717883,0,2,4592,67,0.0,6,1,1820.0,28,0.0035990772,5,Lower-risk active
716919633,0,1,4450,73,0.0,5,1,2406.0,39,0.0035333084,5,Lower-risk active
717915783,1,1,2829,44,0.228,5,3,4541.0,47,0.6757607,9,Contacted but fragile
720099708,0,3,4716,68,0.806,6,2,3124.0,43,0.01994351,7,Lower-risk active
711004533,0,3,4399,80,0.743,6,1,2240.0,26,0.00061465177,1,Lower-risk active
709482633,0,1,5400,84,0.497,4,3,1773.0,31,0.0011258187,2,Lower-risk active
717381183,0,2,4513,57,0.449,3,2,1674.0,36,0.013018615,7,Lower-risk active
719716983,0,3,4042,85,0.0,4,3,3257.0,39,0.0049840147,5,Lower-risk active
711117108,0,2,3916,61,0.053,4,3,32611.0,36,0.013178733,7,Lower-risk active
780567408,0,1,3912,77,0.552,5,2,3027.0,38,0.0006969791,1,Lower-risk active
778810083,0,3,4175,58,0.0,4,3,4210.0,35,0.14300776,8,Lower-risk active
778696608,0,2,4802,73,0.21,5,3,10931.0,27,0.0025124443,4,Lower-risk active
771469758,0,1,4131,66,0.0,5,3,34516.0,43,0.003923055,5,Lower-risk active
714172158,0,2,4525,83,0.383,3,1,2637.0,36,0.0007187685,1,Lower-risk active
713713983,0,2,4906,94,0.673,4,2,2899.0,33,0.0003417836,1,Lower-risk active
787454133,0,2,4776,82,0.0,3,3,1438.3,26,0.002368508,4,Lower-risk active
709597983,0,1,3349,77,0.415,6,3,1573.0,56,0.00074139563,1,Lower-risk active
708298233,1,2,1756,49,0.0,4,1,6184.0,37,0.83457243,9,Lower-risk active
779885358,0,1,4587,82,0.068,5,2,34516.0,35,0.0003180129,1,Lower-risk active
709938708,0,1,4576,78,0.614,4,2,1822.0,47,0.0014242153,3,Lower-risk active
719620983,0,3,4406,80,0.681,6,0,2701.0,29,0.0002240856,1,Lower-risk active
712329933,1,3,1998,44,0.0,6,2,3654.0,41,0.95741,9,Dormant high-risk
798280683,0,3,4714,93,0.661,6,3,2626.0,31,0.00044041665,1,Lower-risk active
715265208,0,3,3868,80,0.565,4,3,1438.3,36,0.0013692315,2,Lower-risk active
826069983,0,0,4515,63,0.122,4,3,13376.0,42,0.02602854,7,Lower-risk active
708890958,0,3,4231,68,0.08,3,2,31636.0,42,0.009147049,6,Lower-risk active
708818508,0,2,4386,68,0.729,5,2,3453.0,26,0.009716883,6,Lower-risk active
795784008,1,2,1718,37,0.647,4,3,3889.0,38,0.963427,9,Contacted but fragile
714965958,0,2,4711,83,0.812,6,3,2216.0,36,0.0010900736,2,Lower-risk active
716328558,0,5,4520,83,0.0,4,2,11434.0,38,0.0044265874,5,Lower-risk active
780747033,0,1,4149,66,0.257,5,3,3146.0,34,0.0015016333,3,Lower-risk active
713923233,0,3,3392,86,0.783,6,3,2790.0,36,0.0009981546,2,Lower-risk active
710962308,0,6,4826,88,0.19,3,3,4396.0,36,0.0010798126,2,Lower-risk active
713254983,0,2,4355,70,0.046,5,2,14314.0,50,0.0021015932,3,Lower-risk active
720275358,1,3,2479,46,0.0,4,2,1889.0,30,0.9899183,10,Dormant high-risk
715964058,0,2,5105,79,0.39,5,1,1862.0,31,0.00080636406,1,Lower-risk active
721461258,0,2,4399,88,0.581,5,2,2875.0,39,0.0004957306,1,Lower-risk active
710727333,1,2,2813,43,0.0,4,2,1763.0,36,0.99507743,10,Lower-risk active
717325158,0,1,4474,63,0.614,3,1,1438.3,33,0.0017655425,3,Lower-risk active
825856083,0,1,4078,70,0.809,5,1,2623.0,35,0.0007787529,1,Lower-risk active
807136758,1,0,2412,40,0.0,3,2,1944.0,53,0.99333984,10,Lower-risk active
715400733,1,4,2116,38,0.0,6,3,1438.3,36,0.9852042,10,Dormant high-risk
713927283,0,1,4809,87,0.873,3,1,2884.0,34,0.0009812743,2,Lower-risk active
711594858,0,3,4509,70,0.442,3,2,2936.0,36,0.0042162687,5,Lower-risk active
711389358,1,3,2516,64,0.435,5,2,5791.0,23,0.09800633,8,Lower-risk active
720769533,0,0,4427,63,0.474,4,1,1438.3,36,0.0013543391,2,Lower-risk active
715736283,0,1,4666,98,0.0,3,1,1912.0,44,0.00026419124,1,Lower-risk active
768949983,0,3,4370,83,0.759,5,1,3288.0,25,0.0009608842,2,Lower-risk active
711253383,1,2,2446,34,0.0,6,3,4382.0,38,0.9954787,10,Contacted but fragile
798457833,0,1,4534,71,0.302,5,3,3595.0,40,0.001915858,3,Lower-risk active
794554683,1,2,2925,46,0.0,4,2,3159.0,26,0.98875403,10,Lower-risk active
789996783,0,3,4769,102,0.465,5,2,5393.0,28,0.0009525742,2,Lower-risk active
712220283,0,2,4215,63,0.0,3,3,12222.0,28,0.04938307,8,Lower-risk active
751150233,0,2,4459,65,0.0,3,2,1438.3,36,0.018847814,7,Lower-risk active
715815783,0,2,4591,85,0.0,3,2,3429.0,29,0.002149028,3,Lower-risk active
712599783,0,2,4768,82,0.126,4,1,12618.0,36,0.0010249228,2,Lower-risk active
719653308,0,2,4468,71,0.132,5,2,6049.0,40,0.00417587,5,Lower-risk active
708928908,0,3,5128,74,0.0,4,3,2533.0,23,0.006351991,6,Lower-risk active
709780158,0,4,4812,79,0.572,4,2,2411.0,35,0.0017990487,3,Lower-risk active
768675483,0,3,4455,82,0.0,5,2,2001.0,35,0.0033080052,4,Lower-risk active
714243408,0,6,4917,73,0.666,4,2,2042.0,36,0.0012165577,2,Lower-risk active
711323283,1,3,2767,43,0.408,3,2,2527.0,41,0.96822774,9,Dormant high-risk
713499408,0,2,4109,71,0.0,5,2,1438.3,35,0.0021663816,4,Lower-risk active
719245983,0,3,4238,73,0.069,6,2,13816.0,38,0.0024071834,4,Lower-risk active
810789708,0,2,4587,92,0.0,4,1,2256.0,33,0.0007135552,1,Lower-risk active
710301858,0,2,3820,72,0.058,6,2,34516.0,36,0.0017152808,3,Lower-risk active
718611333,0,1,4475,91,0.309,6,0,6400.0,36,5.8199006e-05,1,Lower-risk active
787557258,0,3,4957,78,0.0,5,2,1816.0,42,0.003188393,4,Lower-risk active
711533058,0,2,5533,85,0.669,6,3,3347.0,29,0.008101839,6,Lower-risk active
715805133,0,2,5532,81,0.584,6,2,2705.0,43,0.004475757,5,Lower-risk active
708680583,0,1,4940,68,0.778,4,2,2043.0,36,0.0027044178,4,Lower-risk active
789454683,0,2,5046,79,0.67,4,2,1912.0,36,0.0007654619,1,Lower-risk active
711428733,0,2,4144,64,0.442,3,2,3028.0,39,0.0042473995,5,Lower-risk active
715842183,0,4,4004,69,0.492,5,3,1514.0,35,0.0033649635,4,Lower-risk active
815772333,0,3,4059,89,0.0,6,3,1438.3,43,0.001142461,2,Lower-risk active
778255083,0,3,4641,80,0.811,5,3,3103.0,42,0.0060772025,6,Lower-risk active
715571583,0,1,4847,86,0.765,5,2,2504.0,47,0.0014883194,3,Lower-risk active
720711483,1,2,2608,45,0.685,5,3,3674.0,42,0.9562686,9,Contacted but fragile
827436483,0,1,4336,72,0.0,6,3,2916.0,44,0.0025383763,4,Lower-risk active
710715783,0,2,4436,75,0.0,5,3,1633.0,45,0.0035257295,5,Lower-risk active
758367933,0,3,4435,79,0.0,5,2,5466.0,49,0.0025121134,4,Lower-risk active
721399833,0,1,4736,86,0.496,3,3,2032.0,34,0.00066551927,1,Lower-risk active
708727983,0,1,3048,54,0.0,6,3,3933.0,36,0.20434605,8,Lower-risk active
802822833,0,2,3825,76,0.0,5,2,21328.0,45,0.0014293472,3,Lower-risk active
713276733,0,1,4490,90,0.592,3,3,3562.0,36,0.0008048437,1,Lower-risk active
809440008,1,3,2716,43,0.266,3,1,2069.0,34,0.99740416,10,Dormant high-risk
716959833,0,2,3973,66,0.0,5,2,3534.0,31,0.0065615075,6,Lower-risk active
714432108,0,3,4610,76,0.788,5,3,2402.0,46,0.0012968767,2,Lower-risk active
772580958,0,2,4930,80,0.682,3,2,3136.0,47,0.00066646567,1,Lower-risk active
715071483,0,2,4392,81,0.898,4,3,2802.0,52,0.002191809,4,Lower-risk active
712410858,0,1,4143,65,0.577,4,3,2315.0,40,0.00091905054,2,Lower-risk active
715395933,0,2,5302,70,0.208,5,2,11238.0,35,0.31914777,9,Lower-risk active
711237633,1,3,2329,36,0.0,3,3,1460.0,29,0.9904552,10,Dormant high-risk
781337658,0,1,5532,85,0.62,3,2,2602.0,44,0.0016213114,3,Lower-risk active
718913358,1,3,2659,43,0.596,3,3,4225.0,36,0.9919235,10,Dormant high-risk
715784808,0,2,3913,86,0.651,4,1,2576.0,48,0.0004983226,1,Lower-risk active
718452633,1,3,2569,46,0.0,4,3,1931.0,36,0.9889135,10,Dormant high-risk
769883733,1,4,2098,31,0.0,3,2,2344.0,40,0.99864215,10,Dormant high-risk
709375158,0,3,3759,69,0.252,6,2,7270.0,36,0.0014578216,3,Lower-risk active
801977733,0,2,4481,82,0.6,4,2,2395.0,34,0.0005629897,1,Lower-risk active
709175208,0,3,4686,79,0.808,4,2,2835.0,43,0.0017172373,3,Lower-risk active
788990508,0,1,3714,56,0.517,4,1,1540.0,49,0.005286023,5,Lower-risk active
720835308,0,1,4389,72,0.0,6,3,3017.0,34,0.0024625491,4,Lower-risk active
717365958,0,2,4765,71,0.0,4,3,1438.3,36,0.002773072,4,Lower-risk active
779577108,0,3,4052,65,0.0,3,2,1438.3,32,0.008078482,6,Lower-risk active
801497508,0,3,4203,73,0.828,4,2,1584.0,50,0.0019102778,3,Lower-risk active
716131083,0,1,4640,69,0.806,6,3,2676.0,35,0.0038891658,5,Lower-risk active
784734258,0,2,4060,55,0.331,5,2,5084.0,50,0.0722583,8,Lower-risk active
711122958,1,3,2105,57,0.0,5,3,1764.0,33,0.92280406,9,Dormant high-risk
779508333,0,2,3677,55,0.062,6,2,23925.0,46,0.013050299,7,Lower-risk active
717699408,0,3,4884,89,0.872,3,3,2886.0,36,0.004457097,5,Lower-risk active
720210483,0,2,5049,85,0.319,6,3,6720.0,28,0.0013651865,2,Lower-risk active
709329558,0,3,4566,73,0.1,4,2,15569.0,34,0.004990633,5,Lower-risk active
721222833,0,3,4798,73,0.603,3,3,1565.0,36,0.0013475104,2,Lower-risk active
712682583,0,2,4984,90,0.167,3,2,5947.0,35,0.00051324687,1,Lower-risk active
710051658,0,3,4402,75,0.041,6,3,18821.0,37,0.0039905016,5,Lower-risk active
708606633,1,3,1902,35,0.0,6,4,1544.0,44,0.98354894,10,Dormant high-risk
710862258,0,2,4786,73,0.0,3,2,1755.0,36,0.005978828,6,Lower-risk active
720072933,0,3,4759,90,0.463,3,3,1438.3,36,0.0008406666,2,Lower-risk active
757527033,0,5,4628,69,0.0,3,2,2153.0,46,0.0044977544,5,Lower-risk active
713115483,1,3,2275,45,0.0,6,3,1684.0,36,0.9927441,10,Dormant high-risk
816078708,0,4,4014,61,0.345,3,3,5662.0,40,0.03337046,7,Lower-risk active
713985183,0,5,4634,91,0.862,4,2,2799.0,38,0.0012255891,2,Lower-risk active
789601308,0,5,4228,93,0.0,4,3,12398.0,52,0.0014703465,3,Lower-risk active
720133908,0,1,4204,77,0.202,4,3,4461.0,27,0.0008321901,2,Lower-risk active
803197833,0,5,3637,69,0.72,6,2,2597.0,44,0.0043939175,5,Lower-risk active
812222208,0,4,5228,71,0.089,6,3,9733.0,49,0.29406303,9,Lower-risk active
757634583,0,3,4456,68,0.498,4,1,2261.0,45,0.0032317624,4,Lower-risk active
719362458,0,3,5064,74,0.0,5,3,2822.0,36,0.0065465826,6,Lower-risk active
789331908,0,2,5342,64,0.104,5,2,8793.0,30,0.28528646,9,Lower-risk active
715616358,0,4,4405,67,0.199,5,3,5843.0,36,0.001985524,3,Lower-risk active
711784908,0,5,3913,86,0.758,5,2,3322.0,34,0.0016994437,3,Lower-risk active
806900508,0,3,4161,75,0.843,5,3,2036.0,48,0.0018129591,3,Lower-risk active
710098233,0,2,4513,66,0.0,3,2,2387.0,13,0.0020528096,3,Lower-risk active
713508333,0,4,4591,85,0.645,5,3,1884.0,33,0.0014803206,3,Lower-risk active
712176708,0,3,4609,87,0.605,5,3,3747.0,36,0.0021308863,3,Lower-risk active
719724933,0,4,4396,78,0.559,5,2,2220.0,51,0.002069248,3,Lower-risk active
716537433,0,4,5170,68,0.826,5,1,2428.0,36,0.017231453,7,Lower-risk active
713186058,1,2,2191,51,0.0,4,3,1438.3,36,0.9863664,10,Contacted but fragile
787558683,0,5,4234,74,0.336,3,2,1850.0,35,0.0022475275,4,Lower-risk active
718002633,0,3,3667,52,0.13,6,1,16002.0,41,0.081372514,8,Lower-risk active
789241308,1,3,2145,41,0.0,4,3,1438.3,39,0.9939586,10,Dormant high-risk
713941158,0,5,4433,81,0.482,6,1,5222.0,36,0.00380134,5,Lower-risk active
808950108,0,5,4409,72,0.597,4,2,1438.3,34,0.0021028365,3,Lower-risk active
719050458,0,3,4041,67,0.592,6,3,2582.0,56,0.008035377,6,Lower-risk active
718021608,0,5,4659,83,0.475,4,2,1533.0,34,0.0023283684,4,Lower-risk active
788870283,0,4,3778,72,0.0,5,1,1438.3,41,0.0013194084,2,Lower-risk active
778272408,1,4,2310,48,0.0,4,2,5763.0,42,0.9540978,9,Dormant high-risk
720079758,0,4,5253,82,0.749,6,2,1910.0,42,0.0039041892,5,Lower-risk active
787457883,0,3,4324,89,0.657,4,2,1515.0,37,0.00056407467,1,Lower-risk active
719884983,0,4,4808,64,0.433,3,2,1538.0,44,0.01586274,7,Lower-risk active
822056583,0,5,4996,80,0.556,6,3,1572.0,40,0.0021389553,3,Lower-risk active
714585033,0,5,4532,78,0.734,3,1,1438.3,36,0.0021067997,3,Lower-risk active
713981283,0,5,4271,88,0.768,6,3,2814.0,46,0.000708682,1,Lower-risk active
715328658,1,3,2622,70,0.0,5,3,1495.0,36,0.6763641,9,Dormant high-risk
708918558,1,3,3046,52,0.338,5,2,1959.0,36,0.7450979,9,Dormant high-risk
748194633,0,5,4555,76,0.431,5,3,2903.0,53,0.0029940768,4,Lower-risk active
719323683,0,5,4093,77,0.226,6,2,4543.0,35,0.00096248946,2,Lower-risk active
708611733,0,4,4659,82,0.426,4,3,3119.0,33,0.0024921314,4,Lower-risk active
771219033,0,3,4199,73,0.113,4,3,17506.0,29,0.0033986077,4,Lower-risk active
721480158,1,3,2370,44,0.633,3,2,1438.3,43,0.9894974,10,Dormant high-risk
708086958,0,5,4369,59,0.239,3,2,3128.0,41,0.069685675,8,Lower-risk active
709100283,1,2,2828,46,0.423,3,2,5956.0,26,0.98412675,10,Lower-risk active
719350908,0,3,3553,66,0.501,3,2,4177.0,35,0.005710018,5,Lower-risk active
714124983,0,4,3303,66,0.078,6,3,13457.0,48,0.0071533066,6,Lower-risk active
718031508,0,5,5168,76,0.0,6,1,1535.0,37,0.0027702856,4,Lower-risk active
709732608,0,3,4282,82,0.739,4,3,3203.0,36,0.0016470145,3,Lower-risk active
713466033,1,2,2015,33,0.0,5,3,2092.0,36,0.997357,10,Contacted but fragile
716369208,0,5,4954,82,0.505,6,3,2420.0,36,0.0010187911,2,Lower-risk active
781143933,0,3,5006,76,0.573,5,3,2313.0,36,0.0012002616,2,Lower-risk active
711337158,0,5,4774,81,0.78,3,3,3059.0,49,0.002388702,4,Lower-risk active
714724908,0,4,4633,79,0.755,3,1,2235.0,36,0.0010374439,2,Lower-risk active
719973033,0,5,4531,86,0.0,5,2,3208.0,37,0.0061254604,6,Lower-risk active
714196008,0,3,4685,79,0.0,5,1,7534.0,25,0.0016158281,3,Lower-risk active
780272208,0,2,4139,69,0.597,4,3,2006.0,25,0.002230733,4,Lower-risk active
717849708,0,3,4368,87,0.513,5,3,1438.3,32,0.0011701793,2,Lower-risk active
712437108,0,3,4889,89,0.0,3,1,14044.0,42,0.0015913759,3,Lower-risk active
767802483,0,3,5066,71,0.194,6,3,5005.0,38,0.010081813,6,Lower-risk active
709064208,1,3,2219,49,0.169,4,6,1628.0,32,0.9965243,10,Dormant high-risk
714343608,0,4,4921,90,0.0,5,2,3033.0,36,0.0035881158,5,Lower-risk active
709668408,0,4,5285,82,0.0,5,1,5204.0,36,0.055167362,8,Lower-risk active
712753758,0,4,4313,75,0.696,4,3,2442.0,41,0.0030704208,4,Lower-risk active
807722658,0,3,4761,99,0.515,3,3,2429.0,46,0.0009855476,2,Lower-risk active
826808208,0,5,4210,84,0.375,3,2,2213.0,56,0.0027147944,4,Lower-risk active
757224108,0,3,3929,67,0.426,6,1,2624.0,32,0.0030261872,4,Lower-risk active
816091608,0,2,4424,73,0.0,4,3,1976.0,32,0.004571913,5,Lower-risk active
819684183,0,5,3043,53,0.443,4,3,3492.0,41,0.009515868,6,Lower-risk active
719630358,1,3,2616,47,0.0,1,2,3546.0,36,0.9983664,10,Dormant high-risk
712399308,1,3,2143,67,0.799,5,3,2989.0,36,0.8646889,9,Dormant high-risk
721282908,0,1,3971,60,0.0,3,2,1438.3,29,0.004742703,5,Lower-risk active
820848408,0,5,5053,74,0.536,5,2,1438.3,48,0.0017710144,3,Lower-risk active
710888883,0,4,4824,83,0.442,6,2,1438.3,36,0.0017326798,3,Lower-risk active
711338058,0,3,4851,86,0.835,6,2,1438.3,33,0.00084457715,2,Lower-risk active
721317333,0,2,4759,75,0.767,4,1,2383.0,31,0.0015577371,3,Lower-risk active
711350133,0,4,4995,88,0.175,5,1,13587.0,34,0.0006755357,1,Lower-risk active
803606958,0,5,3946,73,0.0,5,0,3085.0,52,0.0018849515,3,Lower-risk active
721039308,0,3,4400,71,0.026,4,2,32431.0,36,0.0026037213,4,Lower-risk active
713440833,0,3,4348,84,0.915,5,3,2207.0,36,0.0012382618,2,Lower-risk active
780814158,0,4,4577,81,0.357,6,2,2781.0,39,0.0010778583,2,Lower-risk active
717255333,1,2,2729,44,0.0,1,2,6921.0,36,0.9985555,10,Mono-product exposed
714368883,0,5,4338,73,0.152,6,2,7596.0,36,0.0015534104,3,Lower-risk active
788797983,0,1,4869,85,0.443,5,3,4568.0,24,0.0010801001,2,Lower-risk active
720642633,0,1,3837,65,0.26,6,1,6475.0,24,0.000924316,2,Lower-risk active
708793008,1,3,2207,40,0.0,5,3,9949.0,35,0.9945716,10,Dormant high-risk
819351258,0,4,5339,86,0.756,5,2,2238.0,37,0.0039826934,5,Lower-risk active
715212108,0,5,4565,84,0.0,5,1,1438.3,36,0.0026202782,4,Lower-risk active
720046458,0,4,4491,65,0.728,6,2,2670.0,43,0.0030085123,4,Lower-risk active
779942808,0,2,4482,74,0.0,6,1,1438.3,28,0.0039984793,5,Lower-risk active
713709258,0,3,4424,88,0.639,3,2,2142.0,32,0.0007001704,1,Lower-risk active
779961408,0,4,4854,74,0.428,4,2,3382.0,43,0.002266425,4,Lower-risk active
798699033,0,3,4408,80,0.154,3,3,8961.0,46,0.0013019001,2,Lower-risk active
754968033,0,5,4899,87,0.695,4,3,1762.0,33,0.0009789099,2,Lower-risk active
710163633,0,3,4996,92,0.452,3,2,1919.0,36,0.00044435472,1,Lower-risk active
781675983,0,5,4706,84,0.824,4,1,3054.0,53,0.004013033,5,Lower-risk active
720418383,0,1,4854,80,0.0,4,2,1877.0,27,0.00082281313,1,Lower-risk active
778486008,0,4,3669,62,0.529,4,1,4223.0,40,0.0028139614,4,Lower-risk active
718303683,1,2,2622,60,0.488,4,2,1666.0,23,0.20260173,8,Lower-risk active
716756133,0,3,5079,80,0.511,4,2,2422.0,33,0.003952008,5,Lower-risk active
711363258,0,3,4680,77,0.0,6,1,4821.0,39,0.0033185994,4,Lower-risk active
708551508,0,4,4966,78,0.768,4,2,3264.0,37,0.0063847867,6,Lower-risk active
715019883,0,3,4139,67,0.276,5,1,4565.0,42,0.0022701782,4,Lower-risk active
711125358,0,4,4803,72,0.96,4,0,1765.0,39,0.00086494687,2,Lower-risk active
708453408,0,2,3721,62,0.0,6,3,16050.0,31,0.05445031,8,Lower-risk active
716370258,0,3,4537,66,0.488,5,3,2188.0,36,0.014212709,7,Lower-risk active
803880108,0,5,4474,58,0.787,6,3,1721.0,41,0.012008516,6,Lower-risk active
708660408,1,2,2459,43,0.972,4,4,1737.0,36,0.97398436,9,Contacted but fragile
709822008,0,3,4317,66,0.43,5,2,2369.0,31,0.003855655,5,Lower-risk active
716411358,0,5,4676,78,0.0,5,3,2652.0,36,0.0050796755,5,Lower-risk active
717524433,0,3,4700,92,0.0,5,1,1438.3,40,0.0008340644,2,Lower-risk active
721011858,0,3,3913,78,0.0,6,3,1438.3,52,0.0051560267,5,Lower-risk active
719734533,0,2,4921,65,0.479,6,2,1438.3,28,0.0052479273,5,Lower-risk active
712285908,0,4,5228,73,0.776,5,1,2481.0,49,0.008041423,6,Lower-risk active
713675658,0,3,4636,85,0.086,6,2,9817.0,22,0.0003975406,1,Lower-risk active
712869783,0,5,4606,79,0.0,5,2,4255.0,36,0.008206925,6,Lower-risk active
708545058,0,4,5136,81,0.686,5,3,1438.3,36,0.0011525687,2,Lower-risk active
817240833,0,3,5023,78,0.32,4,1,4970.0,36,0.0015958119,3,Lower-risk active
711671058,1,2,2171,38,0.0,5,2,1438.3,38,0.9941512,10,Lower-risk active
719815383,0,4,5137,89,0.606,4,1,2333.0,39,0.00079559383,1,Lower-risk active
808747233,1,3,2573,55,0.0,6,3,34516.0,45,0.82742757,9,Dormant high-risk
713084208,1,3,2397,46,0.0,6,3,4373.0,32,0.9897816,10,Dormant high-risk
806652483,0,5,4391,67,0.749,4,3,1561.0,36,0.0049883416,5,Lower-risk active
709803258,1,2,2400,52,0.0,5,3,12073.0,28,0.94051766,9,Contacted but fragile
717765183,0,5,4956,72,0.0,4,3,1438.3,42,0.0049400525,5,Lower-risk active
779041983,0,2,4439,81,0.0,6,2,1438.3,22,0.002061769,3,Lower-risk active
709868433,0,3,4409,69,0.878,3,1,2525.0,33,0.0042324536,5,Lower-risk active
818699208,1,4,2400,43,0.0,4,4,6451.0,42,0.9961908,10,Dormant high-risk
717395733,0,4,4512,81,0.166,4,3,4142.0,36,0.0019104377,3,Lower-risk active
719516208,1,2,2329,47,0.0,3,3,34516.0,36,0.99045116,10,Contacted but fragile
717026658,1,3,2866,47,0.0,6,3,1897.0,32,0.99578094,10,Dormant high-risk
801516183,0,3,4610,90,0.686,3,3,3231.0,46,0.0012188108,2,Lower-risk active
716231133,0,5,3453,52,0.815,5,1,1577.0,36,0.07873729,8,Lower-risk active
779625858,0,1,5032,89,0.822,6,3,3061.0,27,0.0012570561,2,Lower-risk active
709575858,0,5,4527,79,0.0,4,3,2300.0,36,0.0045831767,5,Lower-risk active
720927183,0,5,4536,81,0.0,3,2,2796.0,36,0.004868362,5,Lower-risk active
772198983,0,5,4463,89,0.545,3,1,3024.0,42,0.00058308867,1,Lower-risk active
721122258,0,5,4377,62,0.195,5,3,5293.0,36,0.01662868,7,Lower-risk active
758875908,0,4,4699,81,0.922,4,3,1964.0,33,0.0013361737,2,Lower-risk active
716501133,0,4,3912,79,0.563,6,0,2051.0,36,0.0004574668,1,Lower-risk active
719250783,0,2,4637,68,0.0,4,1,1998.0,31,0.0033252647,4,Lower-risk active
789179583,0,3,4865,87,0.125,5,2,11881.0,17,0.00023868048,1,Lower-risk active
708254733,0,4,5171,85,0.631,5,1,2968.0,36,0.0021719506,4,Lower-risk active
719758758,0,2,4917,66,0.695,4,3,2797.0,23,0.029012464,7,Lower-risk active
805458933,0,4,4727,83,0.045,6,2,13984.0,34,0.0012271573,2,Lower-risk active
720408708,0,4,4109,61,0.0,3,1,2505.0,36,0.02089591,7,Lower-risk active
788911458,0,1,3840,69,0.0,3,1,2972.0,26,0.001417346,3,Lower-risk active
771862308,0,3,4916,87,0.343,4,2,5856.0,39,0.0014997078,3,Lower-risk active
714616308,0,4,4294,67,0.247,6,1,7182.0,38,0.0031061,4,Lower-risk active
721221783,0,3,3546,65,0.344,6,2,5844.0,48,0.004830744,5,Lower-risk active
766021083,1,5,2578,42,0.258,3,3,2114.0,48,0.9959096,10,Dormant high-risk
771918033,0,4,4824,83,0.153,3,3,8208.0,43,0.0020865004,3,Lower-risk active
719756133,1,2,3257,53,0.351,3,6,3940.0,20,0.8202133,9,Contacted but fragile
711777633,0,2,4173,80,0.0,5,2,5784.0,27,0.0027525222,4,Lower-risk active
713261133,1,2,2221,40,0.0,5,3,8632.0,22,0.98262167,10,Contacted but fragile
788519958,0,5,4815,62,0.609,6,2,1438.3,50,0.014604852,7,Lower-risk active
768412608,0,3,4309,79,0.558,6,2,2255.0,33,0.0012490513,2,Lower-risk active
709972908,0,1,4369,70,0.107,5,2,9874.0,25,0.0010184932,2,Lower-risk active
713029683,0,4,4738,82,0.25,5,1,1873.0,36,0.002523836,4,Lower-risk active
768243858,1,4,2717,46,0.766,3,3,3288.0,48,0.9928122,10,Dormant high-risk
711685758,0,2,4791,101,0.345,3,1,3334.0,42,0.00027052144,1,Lower-risk active
714528258,0,1,4904,75,0.264,3,1,3299.0,39,0.0008137256,1,Lower-risk active
818930808,0,2,3937,70,0.653,3,1,2754.0,31,0.001349663,2,Lower-risk active
713310558,0,2,4130,74,0.796,5,2,2035.0,28,0.0019246542,3,Lower-risk active
719995008,0,2,5024,69,0.196,6,2,3979.0,36,0.025676677,7,Lower-risk active
811713408,0,2,4897,81,0.473,4,3,2642.0,53,0.0010455567,2,Lower-risk active
709649958,1,5,2281,45,0.01,4,6,28229.0,46,0.9968586,10,Dormant high-risk
708822783,0,3,4862,77,0.847,4,1,2973.0,36,0.011815236,6,Lower-risk active
771869508,0,3,4924,81,0.516,4,3,1612.0,40,0.0013389081,2,Lower-risk active
804413508,0,2,4506,90,0.136,6,3,12084.0,36,0.00096335646,2,Lower-risk active
815756058,0,2,4752,72,0.773,3,2,2930.0,49,0.0012194936,2,Lower-risk active
712278108,0,3,4821,67,0.566,6,1,1963.0,38,0.005660746,5,Lower-risk active
717072108,1,3,2571,44,0.0,3,2,2762.0,36,0.99782014,10,Dormant high-risk
721460283,1,1,2144,51,0.413,5,2,2214.0,35,0.62468076,9,Lower-risk active
784827108,0,3,4043,72,0.802,6,2,2292.0,33,0.001467168,3,Lower-risk active
717862308,0,3,3835,78,0.822,6,2,2901.0,27,0.0017108456,3,Lower-risk active
716726058,0,1,4609,79,0.532,4,1,2865.0,30,0.0004557523,1,Lower-risk active
717405408,0,2,4143,82,0.486,3,0,3934.0,18,0.0005925154,1,Lower-risk active
718734408,0,4,4823,62,0.384,3,3,2428.0,45,0.022018244,7,Lower-risk active
771666783,0,1,4883,68,0.214,5,1,5302.0,31,0.004729056,5,Lower-risk active
789301458,0,2,4675,78,0.177,5,2,9139.0,30,0.0008618433,2,Lower-risk active
772329183,0,4,3481,78,0.207,4,1,5219.0,38,0.001762586,3,Lower-risk active
713792583,0,2,4572,76,0.131,5,3,10351.0,43,0.0007255728,1,Lower-risk active
719577258,1,3,1937,39,0.0,3,4,6811.0,30,0.9701828,9,Dormant high-risk
770878458,0,2,3855,73,0.688,3,2,1438.3,13,0.00036653207,1,Lower-risk active
798308058,0,1,4412,81,0.0,6,2,2255.0,33,0.00096241425,2,Lower-risk active
772528158,1,3,2546,42,0.0,4,4,1741.0,45,0.99753416,10,Dormant high-risk
718707933,1,3,2750,51,0.175,4,4,2189.0,35,0.9722679,9,Dormant high-risk
709791333,0,1,4751,80,0.531,6,3,2040.0,36,0.0003807402,1,Lower-risk active
710090958,0,3,4182,71,0.668,6,3,1844.0,40,0.0016146086,3,Lower-risk active
772687983,0,3,4811,56,0.178,5,3,8404.0,43,0.75354004,9,Dormant high-risk
714707133,0,1,4443,86,0.0,5,1,1438.3,36,0.00072648923,1,Lower-risk active
720126033,0,3,4682,90,0.928,3,3,1944.0,28,0.0006062427,1,Lower-risk active
713995233,0,4,4707,88,0.0,6,3,1438.3,36,0.0015086276,3,Lower-risk active
771638733,1,2,2750,59,0.0,5,3,4354.0,37,0.7297724,9,Contacted but fragile
715009833,0,4,5149,90,0.556,3,2,1857.0,36,0.0020421136,3,Lower-risk active
711497283,0,6,4237,87,0.597,5,1,2708.0,36,0.0010730436,2,Lower-risk active
803418783,0,4,4680,87,0.219,5,1,9974.0,35,0.0017588029,3,Lower-risk active
814611633,0,1,4150,69,0.948,3,2,2271.0,42,0.0008469695,2,Lower-risk active
709411383,0,4,4275,78,0.58,6,1,2811.0,37,0.0010222011,2,Lower-risk active
825753258,0,3,4495,81,0.234,4,1,6519.0,43,0.0015691373,3,Lower-risk active
713930433,1,3,1920,53,0.0,5,3,4316.0,36,0.9808472,10,Dormant high-risk
715941633,0,3,3800,69,0.0,3,3,1438.3,36,0.00824804,6,Lower-risk active
772162683,1,2,2768,45,0.0,6,2,3116.0,23,0.96478814,9,Lower-risk active
712531008,1,3,2510,32,0.032,4,2,24868.0,34,0.987039,10,Dormant high-risk
711583458,0,3,4913,82,0.0,4,1,1438.3,36,0.002742595,4,Lower-risk active
714418983,0,2,4509,80,0.0,4,1,1438.3,33,0.0026577243,4,Lower-risk active
708699108,0,3,4890,53,0.594,4,3,1438.3,36,0.25202164,8,Lower-risk active
771749733,0,2,3680,81,0.061,5,3,17706.0,30,0.00086737494,2,Lower-risk active
715235808,0,3,4636,75,0.679,3,2,1819.0,36,0.001700117,3,Lower-risk active
716666133,0,4,4657,70,0.0,6,1,19350.0,39,0.01388534,7,Lower-risk active
716709858,1,2,2721,54,0.0,1,3,3074.0,25,0.9889866,10,Contacted but fragile
715356258,0,2,4384,78,0.679,4,1,2281.0,36,0.0005415027,1,Lower-risk active
720389283,0,3,4999,83,0.586,6,3,3035.0,46,0.0019445291,3,Lower-risk active
778131333,0,3,5154,80,0.0,6,3,3222.0,31,0.004175767,5,Lower-risk active
708286683,0,3,4884,86,0.145,6,1,12045.0,43,0.00092094735,2,Lower-risk active
814765533,1,3,2971,54,0.238,4,3,10587.0,39,0.91392714,9,Dormant high-risk
814195758,0,1,4642,78,0.466,4,1,2596.0,37,0.00059918483,1,Lower-risk active
717121758,0,3,4627,68,0.837,5,1,3008.0,36,0.009334974,6,Lower-risk active
768720708,0,4,4268,84,0.709,4,2,3280.0,30,0.0010301032,2,Lower-risk active
718032483,0,3,4688,89,0.425,5,2,1438.3,16,0.0005777604,1,Lower-risk active
809966058,0,4,4569,81,0.656,4,2,2835.0,37,0.00129745,2,Lower-risk active
711553308,0,1,4542,88,0.521,3,3,1438.3,48,0.0005160002,1,Lower-risk active
708253458,0,2,4857,81,0.33,4,3,5528.0,48,0.0012771009,2,Lower-risk active
711276933,0,4,4851,84,0.622,6,2,2030.0,44,0.0015037776,3,Lower-risk active
718165758,0,3,5466,85,0.674,6,1,2413.0,32,0.0024048337,4,Lower-risk active
780089658,0,2,5638,86,0.218,4,3,7381.0,21,0.0040641422,5,Lower-risk active
826421958,1,4,1843,44,0.0,5,1,1438.3,42,0.835064,9,Dormant high-risk
778712658,0,4,4026,86,0.48,4,3,2001.0,34,0.0011228332,2,Lower-risk active
708158133,1,2,2188,50,0.83,3,2,3031.0,36,0.99094146,10,Lower-risk active
712514508,0,4,3073,49,0.0,6,2,11354.0,37,0.219329,8,Lower-risk active
710725383,0,2,3282,66,0.0,3,1,2012.0,36,0.03898543,7,Lower-risk active
772601283,0,2,2514,32,0.086,6,2,23034.0,29,0.55725485,9,Lower-risk active
716371308,0,6,4497,84,0.0,6,1,4947.0,36,0.0016380255,3,Lower-risk active
718518858,0,3,5056,81,0.753,4,3,1844.0,39,0.0018260559,3,Lower-risk active
712579983,0,2,2258,59,0.0,5,3,1438.3,30,0.8542655,9,Contacted but fragile
716511483,0,3,3404,54,0.295,3,3,4752.0,39,0.023316018,7,Lower-risk active
708653958,1,2,2608,36,0.239,5,2,6114.0,36,0.9084796,9,Lower-risk active
712161858,1,2,2244,54,0.0,4,3,1438.3,36,0.90932465,9,Contacted but fragile
716761308,0,3,5199,83,0.0,3,3,2286.0,36,0.004623025,5,Lower-risk active
710547783,0,4,4912,82,0.341,3,2,4784.0,36,0.0013640606,2,Lower-risk active
772118583,0,2,4596,85,0.596,6,2,2667.0,32,0.00078436657,1,Lower-risk active
712154883,0,2,4823,72,0.706,3,2,2473.0,48,0.0010302283,2,Lower-risk active
793842558,0,4,4509,69,0.715,6,2,2001.0,33,0.0026224784,4,Lower-risk active
792695808,0,4,4775,84,0.063,5,2,18232.0,35,0.0007460215,1,Lower-risk active
798047583,0,3,4596,71,0.0,6,1,1438.3,39,0.004198269,5,Lower-risk active
719453283,0,4,4454,76,0.547,3,3,2918.0,36,0.0019187434,3,Lower-risk active
717637908,0,3,4951,96,0.505,4,3,1924.0,23,0.00034124558,1,Lower-risk active
708303108,0,3,4940,94,0.964,5,0,1770.0,42,0.00013377325,1,Lower-risk active
788876208,0,3,3826,71,0.0,5,3,2265.0,27,0.0076190033,6,Lower-risk active
772069683,0,1,4716,79,0.358,3,3,3868.0,48,0.0008104858,1,Lower-risk active
780143283,1,3,2678,37,0.925,4,3,2701.0,32,0.9868838,10,Dormant high-risk
805453908,0,1,4355,79,0.635,6,3,2507.0,28,0.0003437056,1,Lower-risk active
780897858,0,3,3770,76,0.279,4,3,2420.0,20,0.0010390591,2,Lower-risk active
719881533,1,3,1561,41,0.0,5,4,16547.0,34,0.9747864,9,Dormant high-risk
717346833,0,2,3764,76,0.0,3,2,1621.0,33,0.0044999435,5,Lower-risk active
718555308,0,4,4845,88,0.187,3,3,3808.0,51,0.0018633434,3,Lower-risk active
771783333,1,2,2379,57,0.0,6,2,2173.0,37,0.7217633,9,Lower-risk active
709208808,0,2,4275,71,0.795,5,1,2178.0,36,0.0013624454,2,Lower-risk active
818901708,0,1,4539,90,0.0,3,1,1438.3,36,0.0006000735,1,Lower-risk active
713247408,0,1,4333,68,0.465,3,2,1750.0,36,0.0009940322,2,Lower-risk active
715617333,0,3,4957,88,0.0,3,2,1438.3,26,0.0010910799,2,Lower-risk active
714230808,0,4,5005,76,0.71,6,1,2466.0,36,0.0008985466,2,Lower-risk active
715866033,0,2,3840,72,0.533,5,1,2535.0,36,0.0015504734,3,Lower-risk active
718065333,0,4,3711,81,0.826,4,3,2385.0,29,0.00085803313,2,Lower-risk active
710756133,0,6,4290,73,0.453,5,1,1811.0,31,0.0018672585,3,Lower-risk active
713873658,0,3,4767,76,0.735,4,3,2701.0,37,0.0022819235,4,Lower-risk active
771499233,0,1,4374,76,0.21,6,3,5387.0,34,0.00079757464,1,Lower-risk active
711274458,1,3,2478,45,0.0,4,3,1438.3,27,0.98901725,10,Dormant high-risk
790108908,0,1,4043,57,0.0,5,1,34058.0,37,0.047161546,8,Lower-risk active
797389758,0,2,4232,79,0.0,6,1,16290.0,36,0.0012703278,2,Lower-risk active
827100333,0,3,5208,93,0.505,3,2,1438.3,45,0.000349628,1,Lower-risk active
711647808,0,1,4414,82,0.497,4,3,2069.0,36,0.0005343403,1,Lower-risk active
714035283,1,2,2371,46,0.805,6,2,2802.0,36,0.84707725,9,Lower-risk active
720553158,0,2,5001,82,0.655,5,1,3390.0,31,0.00086710806,2,Lower-risk active
717924933,0,4,4956,88,0.345,3,2,3745.0,37,0.0006269971,1,Lower-risk active
802856508,0,3,4363,76,0.0,6,1,26690.0,36,0.0013407813,2,Lower-risk active
708376983,1,2,2119,37,0.094,5,2,8513.0,50,0.9716157,9,Lower-risk active
712673283,0,2,4886,85,0.0,3,3,1438.3,26,0.0027522158,4,Lower-risk active
711862533,1,3,2500,42,0.886,5,2,2258.0,36,0.95182747,9,Dormant high-risk
772407333,1,3,1730,30,0.0,5,3,1654.0,30,0.99240464,10,Dormant high-risk
778356408,0,2,4275,78,0.48,6,2,2768.0,31,0.00060855254,1,Lower-risk active
716791908,0,2,4480,77,0.072,5,1,14566.0,23,0.0037785373,5,Lower-risk active
757761033,0,6,4673,73,0.48,5,2,3250.0,28,0.001093596,2,Lower-risk active
758186433,0,2,5038,84,0.465,3,3,2353.0,30,0.0021473335,3,Lower-risk active
786546783,0,2,4457,79,0.0,3,0,1438.3,53,0.0010394645,2,Lower-risk active
789634983,0,1,4911,86,0.525,5,2,4188.0,53,0.0016562563,3,Lower-risk active
720654183,1,3,2152,46,0.056,2,3,23542.0,35,0.9952466,10,Dormant high-risk
715880283,0,4,4649,89,0.106,4,2,9272.0,47,0.0007548699,1,Lower-risk active
719990358,0,1,4620,77,0.0,3,1,1967.0,28,0.00086692016,2,Lower-risk active
779348358,1,3,3004,46,0.0,5,4,1717.0,37,0.9802259,10,Dormant high-risk
715130808,0,1,4912,80,0.048,5,1,34516.0,34,0.0006228791,1,Lower-risk active
713818158,0,4,5173,64,0.196,5,2,5068.0,41,0.08586653,8,Lower-risk active
709728183,0,2,4370,79,0.0,3,3,1438.3,39,0.0022791787,4,Lower-risk active
715797783,0,2,4615,81,0.691,3,3,2697.0,47,0.0008555288,2,Lower-risk active
710879283,0,4,4312,81,0.0,3,3,1438.3,41,0.0034660988,4,Lower-risk active
827051808,1,4,2478,45,0.144,5,2,7499.0,40,0.88865876,9,Dormant high-risk
710484408,1,3,2306,50,0.2,6,3,8700.0,29,0.8536544,9,Dormant high-risk
817108083,1,3,1625,34,0.094,3,3,14266.0,35,0.5809401,9,Dormant high-risk
715995933,0,2,4619,83,0.606,6,1,2692.0,36,0.0018521114,3,Lower-risk active
713567958,0,4,4280,82,0.476,4,2,2957.0,36,0.001042828,2,Lower-risk active
779118708,0,3,4598,78,0.0,4,1,1438.3,32,0.0023481771,4,Lower-risk active
721484283,0,2,4985,84,0.837,4,1,3007.0,36,0.001791309,3,Lower-risk active
708817608,0,1,4218,74,0.414,3,1,3427.0,24,0.000533192,1,Lower-risk active
789231858,0,3,5177,79,0.446,5,3,1438.3,48,0.0030888342,4,Lower-risk active
788661408,0,5,4757,79,0.298,4,2,2990.0,33,0.0013359237,2,Lower-risk active
813449508,1,2,2485,40,0.086,6,3,9918.0,56,0.94673735,9,Contacted but fragile
789925833,0,1,4402,64,0.279,3,1,8159.0,41,0.0011440313,2,Lower-risk active
709296558,0,2,5364,90,0.077,3,2,18551.0,36,0.0036685958,5,Lower-risk active
780180033,0,1,4397,86,0.0,5,1,1438.3,20,0.0006906419,1,Lower-risk active
713474733,1,3,1783,40,0.227,5,2,1438.3,31,0.95222163,9,Dormant high-risk
771527508,0,4,3488,66,0.105,3,1,10886.0,48,0.0041907183,5,Lower-risk active
709614333,0,3,4649,74,0.205,4,1,10457.0,36,0.0015219578,3,Lower-risk active
767005683,0,2,3527,66,0.871,6,1,1781.0,46,0.0011297173,2,Lower-risk active
718686558,0,2,3974,65,0.033,3,1,34516.0,43,0.0030727936,4,Lower-risk active
715655283,0,3,4420,65,0.633,6,3,2363.0,33,0.0036908395,5,Lower-risk active
819631158,0,3,5924,88,0.792,3,2,2802.0,49,0.0013273192,2,Lower-risk active
710866758,0,1,4074,73,0.541,5,2,1640.0,31,0.00047164352,1,Lower-risk active
790119408,1,3,2430,48,0.0,5,2,4960.0,41,0.98173195,10,Dormant high-risk
771332283,0,1,5056,80,0.547,5,3,4601.0,38,0.0030952722,4,Lower-risk active
771408483,0,1,3584,61,0.477,4,2,4100.0,36,0.0019547215,3,Lower-risk active
811912608,0,2,5077,87,0.598,3,0,2741.0,47,0.00026618637,1,Lower-risk active
708684108,1,3,2218,30,0.348,5,1,4152.0,34,0.94421434,9,Dormant high-risk
768638208,0,1,4890,65,0.743,3,2,3386.0,44,0.015931722,7,Lower-risk active
803115258,1,6,2113,40,0.0,2,2,3477.0,56,0.9981047,10,Dormant high-risk
708869283,0,3,3530,71,0.056,6,3,23209.0,41,0.003657816,5,Lower-risk active
720892833,0,3,4199,67,0.089,5,2,12610.0,39,0.007951652,6,Lower-risk active
709762008,0,1,4619,78,0.379,5,1,2090.0,38,0.0005017986,1,Lower-risk active
708600033,0,3,4958,87,0.0,4,1,1610.0,39,0.0035077175,4,Lower-risk active
708736608,1,3,2108,39,0.0,5,2,2269.0,27,0.9851659,10,Dormant high-risk
713047608,1,1,2134,41,0.843,6,3,2387.0,36,0.63547826,9,Contacted but fragile
711717258,0,4,5315,82,0.329,3,1,4036.0,39,0.0029116024,4,Lower-risk active
711886383,1,3,2426,46,0.113,5,3,5342.0,44,0.98931366,10,Dormant high-risk
713058858,1,3,2130,48,0.539,5,2,1695.0,46,0.9774665,10,Dormant high-risk
713993208,0,5,4314,82,0.0,3,2,1438.3,36,0.0042332537,5,Lower-risk active
717855933,0,2,4350,71,0.893,3,3,1776.0,27,0.0014810786,3,Lower-risk active
713436183,0,3,4739,80,0.0,4,2,5640.0,29,0.002984429,4,Lower-risk active
778360608,0,3,4186,77,0.46,5,2,2403.0,22,0.0008813986,2,Lower-risk active
710914158,0,1,4405,55,0.752,5,2,3349.0,36,0.014552794,7,Lower-risk active
714789033,1,3,2763,51,0.793,3,3,3173.0,50,0.9147167,9,Dormant high-risk
809811858,1,3,2530,43,0.0,3,2,1504.0,38,0.99425757,10,Dormant high-risk
826709658,1,3,2214,43,0.0,1,3,1477.0,41,0.99854064,10,Dormant high-risk
752648883,0,3,4842,69,0.677,6,1,2018.0,41,0.01681323,7,Lower-risk active
715771608,0,3,4147,76,0.042,3,2,34516.0,36,0.008809639,6,Lower-risk active
719061933,0,4,4190,67,0.0,6,2,2105.0,34,0.0038791606,5,Lower-risk active
792345258,0,2,4620,70,0.0,5,3,20080.0,40,0.007991539,6,Lower-risk active
711765708,0,4,3875,60,0.286,3,1,6690.0,36,0.014917509,7,Lower-risk active
783393633,0,4,4256,78,0.0,6,3,1530.0,37,0.0032152464,4,Lower-risk active
779667408,0,2,4235,73,0.513,4,1,2915.0,41,0.0015987541,3,Lower-risk active
805461783,0,4,4735,87,0.0,3,0,1438.3,42,0.0009227849,2,Lower-risk active
719098308,1,4,2516,59,0.111,5,2,2423.0,42,0.78893983,9,Dormant high-risk
771433608,0,2,4053,70,0.0,5,2,11742.0,42,0.008019216,6,Lower-risk active
825811158,0,2,4512,83,0.82,5,3,3069.0,47,0.0028975068,4,Lower-risk active
715252383,0,4,3595,52,0.054,5,3,34516.0,36,0.1602569,8,Lower-risk active
809092458,0,2,5211,83,0.531,5,3,2517.0,31,0.0017468676,3,Lower-risk active
713706258,0,2,4890,63,0.537,6,1,1438.3,43,0.011980025,6,Lower-risk active
714693708,0,3,4103,77,0.899,3,1,2216.0,36,0.001109045,2,Lower-risk active
721072908,0,2,5102,69,0.416,6,3,3232.0,36,0.013886705,7,Lower-risk active
716675358,0,2,4607,83,0.271,5,2,3478.0,41,0.0010739932,2,Lower-risk active
708128733,0,4,5014,99,0.0,5,3,1814.0,36,0.0014770854,3,Lower-risk active
711392508,0,2,4513,75,0.0,4,1,1438.3,25,0.0027141657,4,Lower-risk active
771420708,0,2,4860,68,0.429,3,1,1446.0,30,0.0054546297,5,Lower-risk active
721207908,0,2,4655,95,0.0,5,3,1493.0,37,0.0012742049,2,Lower-risk active
715798608,0,4,4016,89,0.251,4,2,4244.0,34,0.0007890813,1,Lower-risk active
716758008,0,2,4813,83,0.63,5,1,2984.0,20,0.001168984,2,Lower-risk active
714847983,0,4,4220,79,0.811,3,2,2713.0,36,0.0009769812,2,Lower-risk active
716975583,0,4,4406,62,0.671,4,3,2471.0,34,0.0106057655,6,Lower-risk active
804434058,0,4,4660,79,0.0,6,2,27437.0,42,0.0056132986,5,Lower-risk active
714293358,0,2,4584,70,0.237,3,1,4166.0,46,0.003496738,4,Lower-risk active
710989008,0,6,3201,78,0.11,5,0,13100.0,27,0.00062081683,1,Lower-risk active
757194408,1,3,1707,38,0.0,2,3,1438.3,36,0.9302973,9,Dormant high-risk
711459483,0,2,4845,66,0.0,6,3,2242.0,36,0.030054389,7,Lower-risk active
762020133,1,3,2446,47,0.0,3,3,9874.0,30,0.99239117,10,Dormant high-risk
719256483,0,3,4144,79,0.301,5,3,4432.0,30,0.0017610135,3,Lower-risk active
717211608,0,4,4776,68,0.245,6,2,4975.0,34,0.0026786663,4,Lower-risk active
717125958,0,5,4747,80,0.596,6,1,2652.0,38,0.00096645224,2,Lower-risk active
779261433,0,1,3553,61,0.782,3,2,2043.0,36,0.0017266809,3,Lower-risk active
780720258,1,2,2684,39,0.721,4,3,3489.0,34,0.9874313,10,Contacted but fragile
715593783,0,2,4286,72,0.107,4,2,14858.0,36,0.0018170063,3,Lower-risk active
770858283,0,2,5371,93,0.773,5,2,2822.0,27,0.00067215937,1,Lower-risk active
718570158,0,3,4731,83,0.868,3,2,2901.0,44,0.0026061807,4,Lower-risk active
711039633,0,3,4653,65,0.0,5,3,1594.0,36,0.06722407,8,Lower-risk active
714074808,0,3,4653,75,0.745,3,1,2241.0,36,0.0014316508,3,Lower-risk active
710439483,0,4,4431,79,0.667,3,2,2581.0,39,0.0010241064,2,Lower-risk active
717516333,0,4,4125,82,0.062,6,1,14713.0,33,0.00050778996,1,Lower-risk active
788835408,1,3,2648,41,0.0,6,3,2910.0,33,0.99529845,10,Dormant high-risk
716414958,0,3,3659,66,0.814,3,3,2366.0,36,0.00353065,5,Lower-risk active
712327608,1,3,2321,45,0.0,4,2,2708.0,36,0.98627615,10,Dormant high-risk
796326483,0,4,5416,82,0.0,5,3,1681.0,36,0.048433673,8,Lower-risk active
714146208,0,1,3872,71,0.832,6,1,2594.0,32,0.00096310495,2,Lower-risk active
779166783,0,1,3968,81,0.65,5,2,2128.0,31,0.00033541518,1,Lower-risk active
720818658,0,3,4594,86,0.0,3,3,1438.3,38,0.0032793619,4,Lower-risk active
712982808,1,3,2388,42,0.0,1,3,1438.3,32,0.9996346,10,Dormant high-risk
718657083,0,3,4828,62,0.0,4,1,4696.0,36,0.057836834,8,Lower-risk active
715222533,1,3,2340,36,0.42,5,3,2566.0,36,0.9703592,9,Dormant high-risk
718187508,0,4,4208,68,0.526,3,3,2592.0,36,0.002333718,4,Lower-risk active
802455633,0,4,4371,74,0.0,4,1,1698.0,50,0.0052135605,5,Lower-risk active
714493983,0,2,4322,83,0.216,5,2,4682.0,47,0.0007060556,1,Lower-risk active
780664758,0,1,4532,95,0.341,6,2,4439.0,44,0.00012955174,1,Lower-risk active
718466883,0,1,4237,79,0.602,6,2,2689.0,25,0.00044300832,1,Lower-risk active
771338658,0,3,4277,89,0.078,6,1,11670.0,30,0.0007271996,1,Lower-risk active
709052883,0,1,5678,81,0.0,3,1,1596.0,36,0.004227571,5,Lower-risk active
708373083,1,3,2032,39,0.75,1,4,3356.0,30,0.9964922,10,Dormant high-risk
716157408,0,4,4229,73,0.0,4,2,1590.0,46,0.0019622573,3,Lower-risk active
713305233,0,5,4802,81,0.0,5,2,4994.0,46,0.0046553663,5,Lower-risk active
713000058,0,2,4075,75,0.0,4,3,16406.0,44,0.004034717,5,Lower-risk active
714909858,0,3,5283,90,0.707,6,1,2451.0,36,0.0012855614,2,Lower-risk active
804371733,0,2,3991,84,0.148,5,3,9109.0,29,0.00097064715,2,Lower-risk active
772846383,0,4,4787,89,0.562,3,1,2632.0,36,0.0006890272,1,Lower-risk active
712552608,1,3,2658,43,0.0,3,1,1438.3,34,0.9960829,10,Dormant high-risk
719887008,0,4,4121,81,0.769,5,3,1757.0,36,0.0034582133,4,Lower-risk active
773342808,0,4,5084,79,0.661,6,3,2711.0,40,0.0016047698,3,Lower-risk active
708375858,0,4,4318,68,0.483,5,2,2776.0,36,0.0020663284,3,Lower-risk active
789417708,0,2,4988,90,0.759,3,1,1438.3,35,0.000456292,1,Lower-risk active
794675058,1,3,2491,43,0.391,5,2,5015.0,21,0.57015127,9,Dormant high-risk
718034058,0,2,4252,68,0.106,3,2,8529.0,36,0.005851636,6,Lower-risk active
778919583,0,2,4253,68,0.693,3,0,1604.0,30,0.00047673736,1,Lower-risk active
713850783,0,2,4876,70,0.0,6,2,4263.0,36,0.0023843835,4,Lower-risk active
814785108,0,3,4473,76,0.664,5,2,2493.0,40,0.0024437911,4,Lower-risk active
809616108,1,3,2812,59,0.0,3,3,1568.0,33,0.93247235,9,Dormant high-risk
809378133,0,1,4880,79,0.0,6,2,1521.0,38,0.0017934053,3,Lower-risk active
779658408,0,3,4242,65,0.531,6,3,3261.0,31,0.0034774507,4,Lower-risk active
717954333,0,2,5093,77,0.525,4,1,1781.0,25,0.0012079829,2,Lower-risk active
737052258,0,1,4525,63,0.476,6,1,5284.0,55,0.07888894,8,Lower-risk active
708108333,1,3,1507,32,0.0,3,1,5590.0,36,0.9855839,10,Dormant high-risk
715047333,0,2,4313,92,0.565,5,3,1734.0,36,0.0002444371,1,Lower-risk active
714390858,0,2,5016,73,0.122,4,3,7645.0,36,0.0070967344,6,Lower-risk active
717107808,0,4,4600,76,0.847,6,2,1438.3,39,0.0011779284,2,Lower-risk active
713564208,0,1,4159,64,0.692,4,1,2207.0,23,0.0007642159,1,Lower-risk active
720357483,0,2,4112,82,0.586,5,1,1723.0,23,0.0005677027,1,Lower-risk active
803339583,0,4,4898,82,0.0,4,2,1644.0,44,0.01794776,7,Lower-risk active
708972783,1,2,2297,44,0.0,3,3,1745.0,37,0.9939573,10,Contacted but fragile
710157108,0,2,4629,75,0.492,6,3,3376.0,33,0.0017808336,3,Lower-risk active
721483158,0,3,4512,72,0.0,4,3,7298.0,29,0.0051986123,5,Lower-risk active
767553333,1,3,2600,44,0.0,1,3,8383.0,39,0.99916255,10,Dormant high-risk
710436108,0,4,4184,61,0.207,5,2,3600.0,29,0.006960888,6,Lower-risk active
779870883,0,2,3746,68,0.388,3,1,4595.0,29,0.0033879133,4,Lower-risk active
817188408,0,4,4679,67,0.655,4,3,2795.0,39,0.0053878245,5,Lower-risk active
719723658,0,1,4628,90,0.0,6,3,1768.0,39,0.00059921085,1,Lower-risk active
806189658,0,2,4630,73,0.502,4,3,1780.0,45,0.0017394951,3,Lower-risk active
789070233,0,4,4339,72,0.591,5,3,2987.0,39,0.0028456727,4,Lower-risk active
712013808,0,3,4196,71,0.633,6,2,2717.0,24,0.00187853,3,Lower-risk active
708602283,0,3,3941,82,0.0,3,1,2887.0,36,0.0022466637,4,Lower-risk active
809452383,0,1,4733,89,0.0,6,3,1438.3,32,0.00066056015,1,Lower-risk active
714413283,0,1,4629,69,0.079,6,1,10879.0,40,0.00428718,5,Lower-risk active
712407783,0,3,4452,83,0.653,5,3,1809.0,28,0.0007568316,1,Lower-risk active
720062508,1,2,2527,41,0.0,6,2,1628.0,28,0.9911607,10,Lower-risk active
717878883,0,4,4463,71,0.0,3,0,1438.3,36,0.001139865,2,Lower-risk active
714013983,1,3,2109,41,0.0,3,3,1586.0,36,0.99690443,10,Dormant high-risk
753208833,0,3,3967,71,0.571,5,2,2311.0,36,0.0019110679,3,Lower-risk active
721241583,0,3,2935,60,0.571,5,2,2109.0,43,0.11115319,8,Lower-risk active
713695158,0,4,5019,78,0.677,5,3,1562.0,40,0.0015246957,3,Lower-risk active
711540108,1,3,2316,48,0.0,5,6,1438.3,33,0.99842715,10,Dormant high-risk
823878408,0,2,4824,76,0.254,6,1,2981.0,35,0.0010778722,2,Lower-risk active
779533983,0,1,4412,90,0.137,3,3,5295.0,31,0.00048430724,1,Lower-risk active
713583408,1,3,2179,50,0.195,2,2,4708.0,37,0.9073412,9,Dormant high-risk
714037308,0,1,4798,86,0.453,3,3,2210.0,50,0.0015160454,3,Lower-risk active
715581633,0,3,5085,73,0.0,4,1,1972.0,45,0.007504111,6,Lower-risk active
795684783,0,4,3149,59,0.669,5,2,2384.0,42,0.019779962,7,Lower-risk active
718645308,0,3,4730,89,0.529,3,3,2311.0,36,0.0008475149,2,Lower-risk active
717870108,0,4,4841,81,0.613,6,2,1912.0,37,0.0007635269,1,Lower-risk active
815515158,0,1,4240,69,0.653,6,3,2147.0,44,0.00069113827,1,Lower-risk active
713957283,1,2,2119,44,0.0,3,3,3214.0,23,0.99768305,10,Contacted but fragile
715058433,0,3,5125,87,0.292,5,3,3006.0,36,0.0020713224,3,Lower-risk active
794771208,0,1,3724,66,0.71,5,2,2735.0,46,0.0014434033,3,Lower-risk active
720180633,0,2,4128,73,0.704,3,3,3390.0,36,0.0037674948,5,Lower-risk active
815539233,1,3,1201,22,0.006,1,4,34516.0,49,0.9935393,10,Dormant high-risk
778933983,0,3,3882,55,0.179,4,3,11249.0,39,0.017796377,7,Lower-risk active
717960033,0,3,4084,86,0.602,6,1,2484.0,44,0.0013159317,2,Lower-risk active
825368658,0,5,4795,82,0.568,5,3,2932.0,36,0.0018937051,3,Lower-risk active
721154208,0,4,4933,103,0.722,3,3,2882.0,36,0.0003942104,1,Lower-risk active
718572408,0,2,4774,92,0.261,5,3,2658.0,36,0.0007442981,1,Lower-risk active
749571633,0,3,4262,75,0.239,4,3,5589.0,37,0.0024429334,4,Lower-risk active
713914683,0,4,4819,74,0.596,3,2,1484.0,36,0.0048630424,5,Lower-risk active
713301633,0,1,4402,87,0.692,5,1,1678.0,36,0.00033698604,1,Lower-risk active
711399408,1,3,2462,40,0.0,2,4,12373.0,25,0.99734265,10,Dormant high-risk
711494208,0,3,5092,86,0.564,3,3,2846.0,36,0.0017316978,3,Lower-risk active
711716133,1,3,2360,40,0.871,6,1,1585.0,34,0.9841201,10,Dormant high-risk
713906508,0,3,3892,69,0.294,6,3,2837.0,36,0.019360606,7,Lower-risk active
708768258,0,1,4678,91,0.521,6,2,2066.0,43,0.00012919928,1,Lower-risk active
719538183,0,4,4105,67,0.0,4,3,20789.0,36,0.006428776,6,Lower-risk active
718957083,0,2,4797,88,0.0,5,2,1449.0,35,0.0007992214,1,Lower-risk active
720872433,1,3,2867,42,0.0,5,6,3911.0,28,0.99728787,10,Dormant high-risk
779403558,0,1,4611,73,0.0,5,1,1737.0,45,0.000798886,1,Lower-risk active
788994783,0,4,4519,76,0.307,3,3,1815.0,35,0.0025610097,4,Lower-risk active
715530258,1,3,2353,53,0.519,1,3,4848.0,37,0.98909575,10,Dormant high-risk
803380383,0,3,4615,90,0.581,3,3,1592.0,40,0.0007728869,1,Lower-risk active
716766033,0,2,4439,65,0.702,5,3,1768.0,31,0.0020056588,3,Lower-risk active
757300008,0,3,4251,80,0.288,4,3,8128.0,37,0.0010675687,2,Lower-risk active
810986883,0,4,4808,83,0.742,5,0,2557.0,40,0.00047346516,1,Lower-risk active
819200133,0,4,4646,62,0.215,5,3,2991.0,39,0.08321524,8,Lower-risk active
710410158,1,4,1592,35,0.0,3,3,34516.0,38,0.9739842,9,Dormant high-risk
714488433,0,2,4837,77,0.132,5,3,19099.0,36,0.004118385,5,Lower-risk active
714267858,0,2,4934,76,0.369,6,1,4559.0,37,0.0008735362,2,Lower-risk active
827062158,0,3,4192,66,0.074,6,2,22981.0,54,0.007671583,6,Lower-risk active
710669733,0,2,4922,80,0.833,4,2,2358.0,36,0.0012877451,2,Lower-risk active
716498883,0,4,3577,64,0.031,6,1,22067.0,36,0.0019660317,3,Lower-risk active
780529908,0,3,5098,79,0.658,3,2,2023.0,30,0.0009772144,2,Lower-risk active
714028083,0,1,4095,65,0.0,6,2,2222.0,31,0.0019990925,3,Lower-risk active
714572208,0,3,4297,65,0.548,6,2,1438.3,36,0.004120429,5,Lower-risk active
708976908,1,4,2131,43,0.0,4,3,8958.0,36,0.9948362,10,Dormant high-risk
721409358,0,2,4547,73,0.378,3,1,1937.0,21,0.0016152714,3,Lower-risk active
809311758,0,3,4429,87,0.06,6,2,25219.0,35,0.0021193558,3,Lower-risk active
712602708,1,1,2039,34,0.0,4,2,1815.0,36,0.93741214,9,Lower-risk active
789087858,0,2,4589,69,0.736,4,1,3361.0,48,0.006780481,6,Lower-risk active
711264033,0,2,4973,74,0.317,4,3,4786.0,36,0.0049878187,5,Lower-risk active
770180808,0,3,5001,91,0.0,3,2,1438.3,31,0.002211701,4,Lower-risk active
789271533,0,3,4653,74,0.631,5,2,1438.3,40,0.0016952584,3,Lower-risk active
720152058,0,1,4965,85,0.897,5,3,2725.0,35,0.0022497068,4,Lower-risk active
826490133,0,3,4685,76,0.159,6,2,10039.0,38,0.0013163207,2,Lower-risk active
717966933,0,1,5024,81,0.586,3,1,2467.0,37,0.0003408283,1,Lower-risk active
808669083,0,1,5015,68,0.0,3,3,1438.3,47,0.012872772,7,Lower-risk active
771422883,1,4,2705,35,0.106,1,2,1759.0,45,0.9993622,10,Dormant high-risk
717570258,0,2,4455,67,0.781,6,2,2206.0,35,0.004900541,5,Lower-risk active
708703308,1,4,2183,39,0.835,6,4,2045.0,26,0.80742145,9,Dormant high-risk
789508758,0,2,3669,67,0.154,3,3,4170.0,46,0.0059008896,6,Lower-risk active
780653208,0,4,3784,55,0.763,5,2,3300.0,36,0.041817334,7,Lower-risk active
709077933,0,3,4460,62,0.126,5,2,5422.0,18,0.0054515055,5,Lower-risk active
715200783,0,2,5209,76,0.4,6,3,2015.0,36,0.0010522247,2,Lower-risk active
710526633,0,3,4855,88,0.781,3,2,2048.0,34,0.0005817877,1,Lower-risk active
714186108,0,5,4126,71,0.782,6,2,2152.0,19,0.0013671194,2,Lower-risk active
820047858,1,4,2096,50,0.619,1,2,3017.0,39,0.95618683,9,Dormant high-risk
708894183,0,4,4485,86,0.031,4,2,34516.0,44,0.002286068,4,Lower-risk active
708186933,1,3,2254,45,0.399,4,2,1819.0,36,0.92287105,9,Dormant high-risk
778937583,0,1,4382,83,0.65,5,1,2228.0,29,0.00031016633,1,Lower-risk active
708498033,1,4,2789,52,0.806,3,6,2279.0,36,0.9731049,9,Dormant high-risk
815315058,1,2,2520,45,0.0,4,2,1438.3,43,0.9927442,10,Lower-risk active
751607058,0,3,4413,77,0.0,4,3,1686.0,38,0.004179933,5,Lower-risk active
718194858,0,2,4940,88,0.766,5,3,1942.0,35,0.00059610605,1,Lower-risk active
827123883,0,1,4472,92,0.0,5,2,3858.0,49,0.00080694555,1,Lower-risk active
711473058,0,3,3870,64,0.117,6,2,11651.0,32,0.005598559,5,Lower-risk active
715197633,0,4,4658,93,0.203,5,2,9449.0,38,0.0005479658,1,Lower-risk active
713512308,1,3,2229,45,0.0,2,1,3423.0,41,0.99819845,10,Dormant high-risk
790023408,0,2,4037,83,0.831,6,1,2915.0,39,0.001624759,3,Lower-risk active
720403008,0,4,4918,79,0.0,4,1,11486.0,38,0.014908465,7,Lower-risk active
709581483,1,2,2373,53,0.843,1,1,2984.0,21,0.99119604,10,Mono-product exposed
711201108,1,3,2284,35,0.0,3,3,1653.0,29,0.9977749,10,Dormant high-risk
708784083,0,2,4307,83,0.583,5,1,2723.0,36,0.0010616457,2,Lower-risk active
712838358,0,2,4702,84,0.0,5,3,1438.3,31,0.0028273785,4,Lower-risk active
714887808,1,3,2279,50,0.0,1,2,1818.0,36,0.9930768,10,Dormant high-risk
716581983,0,2,4792,91,0.212,5,3,4384.0,36,0.0004921199,1,Lower-risk active
716930133,0,3,4594,86,0.0,3,2,1824.0,36,0.0023628408,4,Lower-risk active
808981608,0,1,4220,66,0.099,4,0,5452.0,45,0.0008794516,2,Lower-risk active
709714008,1,3,2325,45,0.0,6,3,9248.0,39,0.9876737,10,Dormant high-risk
811942983,0,2,4836,74,0.1,3,3,17627.0,50,0.001286665,2,Lower-risk active
715565058,0,1,4479,70,0.0,3,2,1438.3,16,0.004867803,5,Lower-risk active
714519408,1,3,1979,48,0.399,2,3,5357.0,36,0.97500926,9,Dormant high-risk
719153433,0,2,4972,79,0.334,4,1,2542.0,38,0.0011684279,2,Lower-risk active
809127858,0,1,4807,72,0.536,4,3,2275.0,46,0.0013030557,2,Lower-risk active
712740108,1,3,2371,45,0.0,6,1,1706.0,33,0.99449325,10,Dormant high-risk
720251358,1,3,2313,43,0.701,6,1,3591.0,36,0.99142927,10,Dormant high-risk
713935533,0,1,3966,78,0.045,5,3,19360.0,29,0.0010832094,2,Lower-risk active
710243208,0,3,4846,80,0.0,3,2,1707.0,44,0.0030106928,4,Lower-risk active
708870408,0,3,4271,56,0.541,6,1,3844.0,43,0.03104395,7,Lower-risk active
795844983,0,4,3916,64,0.0,6,1,2851.0,39,0.010481804,6,Lower-risk active
828294933,1,2,2519,36,0.826,3,3,2951.0,45,0.97835255,10,Contacted but fragile
713531808,0,1,4475,74,0.0,6,1,1438.3,28,0.0014238837,3,Lower-risk active
712307283,1,2,2239,43,0.277,6,3,9090.0,37,0.91985184,9,Contacted but fragile
715778358,0,3,3643,59,0.023,6,2,34516.0,26,0.0027324243,4,Lower-risk active
778910883,1,3,2169,43,0.476,4,2,1837.0,34,0.93987834,9,Dormant high-risk
710637183,0,3,4538,71,0.829,3,3,2300.0,40,0.0027353663,4,Lower-risk active
712781883,0,1,5121,83,0.206,6,3,2611.0,36,0.0021109208,3,Lower-risk active
709664658,0,3,4071,69,0.041,4,2,22863.0,27,0.002911875,4,Lower-risk active
717574683,0,3,4756,85,0.523,6,1,2192.0,46,0.0008675068,2,Lower-risk active
771497283,0,6,4736,79,0.449,4,3,2917.0,28,0.00072052074,1,Lower-risk active
714991608,0,3,4300,68,0.635,3,2,1438.3,31,0.014240206,7,Lower-risk active
779848383,1,2,2348,47,0.323,4,2,1784.0,21,0.98914194,10,Lower-risk active
715495308,0,4,3923,73,0.25,5,1,8919.0,36,0.0023624361,4,Lower-risk active
712431183,0,3,5282,80,0.0,4,1,2164.0,37,0.01167441,6,Lower-risk active
714895608,0,4,4364,62,0.492,4,3,2792.0,38,0.0052040825,5,Lower-risk active
718324983,0,3,4522,83,0.707,5,3,1634.0,49,0.0008917098,2,Lower-risk active
713541033,0,2,4571,85,0.726,4,3,2144.0,32,0.0007611746,1,Lower-risk active
771989733,0,1,4413,65,0.395,4,2,3664.0,26,0.0018740881,3,Lower-risk active
789698733,0,3,4438,78,0.227,5,1,4788.0,27,0.00072417886,1,Lower-risk active
787514433,0,3,5075,71,0.543,3,3,2164.0,23,0.0059605855,6,Lower-risk active
811081083,0,4,4359,78,0.772,5,2,1532.0,43,0.0010629203,2,Lower-risk active
717371583,1,3,1954,45,0.212,1,5,1883.0,36,0.9988186,10,Dormant high-risk
715579233,0,1,4861,74,0.371,4,3,3659.0,40,0.0009951247,2,Lower-risk active
781930233,0,1,4717,70,0.794,6,1,2946.0,37,0.0012725125,2,Lower-risk active
716825808,0,1,4063,75,0.822,5,0,2697.0,36,0.00016415713,1,Lower-risk active
757053408,0,1,3578,76,0.517,3,3,3811.0,40,0.00048890896,1,Lower-risk active
788418933,0,2,5000,85,0.673,5,3,1613.0,27,0.00087100087,2,Lower-risk active
788898933,0,2,5198,77,0.0,6,1,2043.0,27,0.015457956,7,Lower-risk active
712163433,1,2,2164,36,0.382,1,4,1684.0,29,0.9925114,10,Contacted but fragile
717343833,0,1,4518,86,0.67,4,3,3127.0,34,0.0005742649,1,Lower-risk active
820868508,0,4,5192,75,0.104,3,1,7106.0,43,0.0044470476,5,Lower-risk active
789240258,0,3,4904,81,0.883,4,1,2784.0,35,0.0021522196,3,Lower-risk active
716951658,0,3,4281,82,0.0,5,1,5536.0,38,0.0028919794,4,Lower-risk active
718932633,0,2,4301,64,0.673,3,2,1717.0,35,0.0021777072,4,Lower-risk active
711487533,1,3,1687,38,0.0,3,2,1438.3,38,0.99567777,10,Dormant high-risk
715306983,1,2,2833,42,0.0,1,3,1866.0,36,0.99886596,10,Contacted but fragile
712771233,0,4,4461,80,0.504,3,1,2516.0,36,0.0007143329,1,Lower-risk active
789637308,1,3,2580,50,0.0,4,4,3076.0,39,0.9903143,10,Dormant high-risk
717247383,0,2,4789,69,0.0,5,3,7514.0,36,0.03652453,7,Lower-risk active
714842208,0,4,4357,69,0.636,6,2,2804.0,36,0.0022596163,4,Lower-risk active
794172033,1,1,2347,45,0.0,4,3,1817.0,52,0.9870667,10,Contacted but fragile
713592408,0,3,3391,66,0.0,3,2,2590.0,28,0.0037485745,5,Lower-risk active
709314408,0,3,4516,82,0.323,5,1,4938.0,29,0.0011337337,2,Lower-risk active
715957233,0,1,4694,75,0.101,5,1,19940.0,36,0.0013971453,3,Lower-risk active
719414658,0,4,4880,76,0.0,3,1,12366.0,36,0.002487366,4,Lower-risk active
719632683,0,3,4500,83,0.865,6,3,2583.0,30,0.0032904889,4,Lower-risk active
708136908,0,2,4655,68,0.306,5,2,2616.0,53,0.0064851386,6,Lower-risk active
721393083,0,3,5035,64,0.095,5,1,6053.0,45,0.068017386,8,Lower-risk active
714520233,1,3,1992,38,0.0,2,2,1708.0,36,0.99396896,10,Dormant high-risk
709455108,0,2,3768,79,0.697,3,1,2393.0,33,0.0012363943,2,Lower-risk active
767058183,0,4,4485,61,0.389,5,3,3424.0,46,0.017642843,7,Lower-risk active
770800683,0,3,4956,72,0.808,3,3,2640.0,35,0.009212368,6,Lower-risk active
779651058,0,2,4797,65,0.73,6,2,1931.0,42,0.009780407,6,Lower-risk active
710443833,0,4,4516,78,0.469,4,2,2123.0,38,0.0015812931,3,Lower-risk active
717725433,1,4,2258,37,0.0,3,2,1606.0,44,0.99292725,10,Dormant high-risk
720600858,0,2,3695,75,0.248,5,2,5633.0,26,0.0017850955,3,Lower-risk active
717797658,0,2,4970,87,0.514,6,2,1438.3,45,0.00049208547,1,Lower-risk active
779458383,0,2,4248,73,0.806,6,3,2590.0,32,0.0012693778,2,Lower-risk active
788767983,0,1,4273,82,0.0,3,3,4556.0,24,0.0033738199,4,Lower-risk active
711994458,0,4,4234,75,0.0,6,0,1537.0,39,0.0011812673,2,Lower-risk active
713948808,0,2,4873,97,0.6,3,2,1602.0,47,0.00023428924,1,Lower-risk active
710456658,0,2,5130,82,0.865,4,1,2080.0,31,0.00089851103,2,Lower-risk active
771531708,0,3,4683,87,0.117,6,1,7565.0,34,0.0010422778,2,Lower-risk active
713546883,0,2,5039,76,0.324,5,3,4786.0,29,0.0010726746,2,Lower-risk active
711447783,0,2,5000,76,0.57,4,3,2375.0,38,0.0010921723,2,Lower-risk active
713746608,0,2,4240,67,0.108,3,2,8446.0,37,0.002618499,4,Lower-risk active
718020408,0,4,4393,72,0.276,3,3,1977.0,36,0.0044377493,5,Lower-risk active
719475633,0,2,4319,81,0.0,6,3,13908.0,30,0.002424274,4,Lower-risk active
719654283,0,3,4642,81,0.0,3,2,19220.0,42,0.012689211,6,Lower-risk active
720114633,0,3,5056,89,0.637,3,1,2709.0,30,0.0006777001,1,Lower-risk active
816315558,0,4,4439,77,0.585,5,1,1503.0,33,0.0014797223,3,Lower-risk active
712567083,0,2,4986,88,0.0,5,2,9186.0,36,0.001294384,2,Lower-risk active
711302883,0,2,4194,72,0.643,3,2,2165.0,46,0.0008661617,2,Lower-risk active
719775408,0,2,5020,85,0.0,4,3,1438.3,36,0.003156379,4,Lower-risk active
712070208,0,4,4141,82,0.368,4,1,6673.0,50,0.0054141106,5,Lower-risk active
718641483,0,1,4519,72,0.461,3,1,2404.0,42,0.0007017446,1,Lower-risk active
710690733,1,3,2816,38,0.0,4,2,1666.0,35,0.99421024,10,Dormant high-risk
718441308,0,1,4933,68,0.235,3,3,8228.0,31,0.0052992827,5,Lower-risk active
772243833,0,1,4077,75,0.304,4,3,3186.0,43,0.001054696,2,Lower-risk active
711992133,0,2,4801,72,0.334,4,2,2596.0,41,0.0018800094,3,Lower-risk active
779084208,1,2,2326,31,0.369,4,2,1662.0,24,0.9858046,10,Lower-risk active
715304958,1,2,3053,50,0.0,6,2,2053.0,27,0.97155964,9,Lower-risk active
713179083,0,2,4419,75,0.48,3,1,3193.0,25,0.0025673697,4,Lower-risk active
709836258,0,1,5127,81,0.694,5,2,1927.0,41,0.00038716706,1,Lower-risk active
715950483,1,3,2397,35,0.257,3,3,2821.0,27,0.9784037,10,Dormant high-risk
798281808,0,4,5158,79,0.313,5,3,3879.0,42,0.005051383,5,Lower-risk active
720414558,0,2,4827,84,0.468,6,1,1971.0,36,0.00057463965,1,Lower-risk active
713509908,0,1,4719,90,0.603,3,1,1755.0,35,0.00021668924,1,Lower-risk active
711919608,1,3,2702,32,0.847,4,2,2031.0,36,0.95911777,9,Dormant high-risk
709993158,0,2,3917,71,0.68,5,0,2330.0,31,0.00031860647,1,Lower-risk active
767815233,0,4,4283,88,0.0,6,2,1438.3,40,0.0012360245,2,Lower-risk active
717624708,1,5,2589,49,0.0,6,3,1438.3,51,0.96932745,9,Dormant high-risk
720015183,0,3,4601,88,0.399,6,1,5130.0,46,0.00042177486,1,Lower-risk active
778236858,0,1,5547,87,0.086,4,1,11794.0,42,0.0043782275,5,Lower-risk active
789095958,1,3,2497,42,0.098,4,3,7603.0,38,0.9770881,10,Dormant high-risk
713736333,1,3,1829,41,0.0,1,4,3606.0,36,0.999514,10,Dormant high-risk
717836733,0,2,4274,81,0.267,6,1,5153.0,36,0.00066065113,1,Lower-risk active
712619808,0,2,4265,87,0.468,3,1,2500.0,36,0.0005521428,1,Lower-risk active
712221408,0,3,4767,82,0.561,5,2,2654.0,33,0.0017017963,3,Lower-risk active
714213708,1,3,2178,45,0.697,4,2,3611.0,25,0.9631812,9,Dormant high-risk
720289533,0,2,4536,85,0.607,5,3,1882.0,42,0.0006257342,1,Lower-risk active
709469658,0,1,4353,75,0.0,3,2,7421.0,36,0.0010108487,2,Lower-risk active
772323033,0,2,4363,78,0.338,3,2,4606.0,33,0.00082658837,1,Lower-risk active
742572558,0,3,4905,82,0.095,5,1,12268.0,25,0.00063789333,1,Lower-risk active
718848183,0,1,4613,82,0.129,6,1,9873.0,42,0.0002862181,1,Lower-risk active
719034183,0,1,5490,86,0.878,5,3,1555.0,38,0.0009305785,2,Lower-risk active
720142308,1,3,2360,56,0.0,5,4,2160.0,36,0.93325365,9,Dormant high-risk
771872733,0,2,4666,69,0.399,5,1,3809.0,26,0.0014621315,3,Lower-risk active
718816158,0,3,3851,87,0.37,3,3,5362.0,33,0.0012516094,2,Lower-risk active
720003558,0,4,5653,79,0.772,4,3,1834.0,32,0.020524831,7,Lower-risk active
818993508,0,4,5021,75,0.341,4,2,2577.0,47,0.0029127572,4,Lower-risk active
715672458,0,3,4557,71,0.465,6,2,2721.0,36,0.001648745,3,Lower-risk active
789820308,0,2,3913,47,0.706,3,2,2925.0,40,0.06711524,8,Lower-risk active
819688458,1,3,2646,39,0.0,6,2,1545.0,39,0.9975145,10,Dormant high-risk
710785383,1,3,2394,55,0.0,3,1,2212.0,39,0.8115101,9,Dormant high-risk
712837233,0,1,3671,55,0.114,3,3,13001.0,36,0.013729,7,Lower-risk active
713597658,1,3,2021,57,0.854,3,1,2784.0,22,0.36682403,9,Lower-risk active
713953383,1,3,2214,41,0.0,4,2,2317.0,36,0.98756427,10,Dormant high-risk
716891583,0,2,4537,60,0.52,5,0,1867.0,36,0.0020358379,3,Lower-risk active
716510658,1,3,2526,41,0.907,4,3,2595.0,38,0.9512879,9,Dormant high-risk
708125733,0,3,4311,77,0.0,4,1,1438.3,36,0.0043185675,5,Lower-risk active
716484333,0,1,4410,84,0.694,6,2,1696.0,40,0.00027822534,1,Lower-risk active
708519108,1,3,2041,57,0.585,3,2,2694.0,24,0.68847424,9,Dormant high-risk
719740008,1,3,2584,49,0.337,3,4,2791.0,41,0.9693685,9,Dormant high-risk
717087858,0,3,4253,74,0.451,3,1,2146.0,36,0.0031026923,4,Lower-risk active
711605208,1,3,1958,47,0.0,3,5,1438.3,43,0.9090023,9,Dormant high-risk
714882258,0,1,4583,67,0.508,6,2,1438.3,36,0.0016588492,3,Lower-risk active
792300858,0,2,4178,75,0.434,3,2,4269.0,38,0.0014167696,3,Lower-risk active
766550808,0,6,4430,72,0.582,3,1,4195.0,38,0.014329512,7,Lower-risk active
718941183,0,2,4376,87,0.408,5,2,1832.0,38,0.0008836742,2,Lower-risk active
708516558,0,2,4159,83,0.689,3,1,2588.0,36,0.00066675793,1,Lower-risk active
709350783,0,1,4712,76,0.383,6,1,4847.0,36,0.00035470948,1,Lower-risk active
771230508,0,1,4717,80,0.177,4,1,2423.0,33,0.00094869774,2,Lower-risk active
710978058,0,2,4651,71,0.226,6,3,7507.0,41,0.0009949261,2,Lower-risk active
713405133,0,2,4976,93,0.368,5,3,5232.0,43,0.00054817245,1,Lower-risk active
710723958,0,1,5016,86,0.341,5,1,1438.3,32,0.0011246203,2,Lower-risk active
823840458,0,2,4542,82,0.83,4,2,1828.0,43,0.0007863723,1,Lower-risk active
791754258,0,3,4342,73,0.919,4,2,2557.0,43,0.0009428046,2,Lower-risk active
789472833,0,3,4377,64,0.74,3,1,2283.0,33,0.011763272,6,Lower-risk active
711099408,0,2,4657,76,0.618,5,3,2684.0,25,0.0011804546,2,Lower-risk active
745853283,0,1,5198,75,0.0,3,3,7234.0,31,0.0024161325,4,Lower-risk active
717790233,0,2,4730,80,0.517,3,3,1438.3,26,0.0011664502,2,Lower-risk active
818791833,0,2,4750,76,0.477,4,1,2730.0,37,0.0010011737,2,Lower-risk active
714981483,0,2,5137,81,0.613,4,1,2808.0,38,0.0014741023,3,Lower-risk active
719373558,0,1,4308,75,0.0,6,1,6275.0,36,0.0010189275,2,Lower-risk active
823609383,0,1,4528,83,0.0,4,3,1438.3,39,0.0008100774,1,Lower-risk active
714408933,1,2,2249,51,0.0,4,2,10834.0,36,0.9599873,9,Lower-risk active
713661933,0,1,4835,70,0.0,5,3,1522.0,33,0.005190954,5,Lower-risk active
716218908,0,1,2635,43,0.323,6,1,2845.0,39,0.4120981,9,Lower-risk active
818710233,0,2,4382,70,0.546,6,3,2329.0,36,0.0021506154,3,Lower-risk active
719463708,0,1,4471,80,0.555,5,3,2099.0,34,0.00033754326,1,Lower-risk active
817958733,0,1,4025,73,0.188,6,1,5099.0,37,0.0010152763,2,Lower-risk active
708397008,0,2,4326,67,0.216,3,3,3805.0,43,0.0028261864,4,Lower-risk active
720547533,0,2,4346,90,0.0,3,1,11438.0,32,0.0008904159,2,Lower-risk active
708780783,0,3,4739,76,0.48,4,3,2434.0,33,0.0015085571,3,Lower-risk active
758178558,0,2,4127,89,0.331,3,1,4703.0,37,0.0012694618,2,Lower-risk active
716237508,0,3,4501,64,0.477,4,2,5254.0,36,0.025273254,7,Lower-risk active
714735033,0,2,4376,84,0.341,4,2,1438.3,34,0.0012628501,2,Lower-risk active
709726158,0,3,5196,92,0.503,5,0,2206.0,26,0.00016595727,1,Lower-risk active
770909433,0,2,4946,75,0.529,6,1,3600.0,37,0.0022411367,4,Lower-risk active
822121608,0,3,4759,81,0.097,3,2,7116.0,42,0.0014225357,3,Lower-risk active
717278808,0,2,3511,56,0.0,4,1,1788.0,28,0.09275389,8,Lower-risk active
712640583,0,1,4950,70,0.286,4,3,7508.0,51,0.015513607,7,Lower-risk active
716099958,1,3,3348,50,0.56,3,6,3333.0,31,0.9606827,9,Dormant high-risk
788772708,0,1,4432,61,0.0,5,3,13745.0,31,0.06361356,8,Lower-risk active
712795833,1,2,2270,40,0.501,2,4,5021.0,36,0.9946913,10,Contacted but fragile
718892283,0,2,4771,78,0.0,3,1,4396.0,34,0.0019389016,3,Lower-risk active
720294258,0,2,4635,82,0.0,4,2,2558.0,30,0.002939384,4,Lower-risk active
721181883,0,2,4710,75,0.0,4,3,9641.0,18,0.0061682644,6,Lower-risk active
712098033,0,3,4945,78,0.072,3,1,12621.0,36,0.0022784674,4,Lower-risk active
712593933,1,3,2249,42,0.0,3,4,2313.0,36,0.99227554,10,Dormant high-risk
711343233,0,1,4551,65,0.822,3,3,1438.3,36,0.0010777556,2,Lower-risk active
712394283,0,3,5109,79,0.734,4,2,1791.0,30,0.001265824,2,Lower-risk active
790021233,0,3,4287,84,0.695,3,2,2300.0,44,0.0008842545,2,Lower-risk active
711890808,0,2,4267,72,0.811,4,2,2526.0,36,0.0010810632,2,Lower-risk active
714164808,1,3,2056,54,0.0,4,2,2918.0,33,0.96242535,9,Dormant high-risk
825850383,0,2,4303,77,0.0,4,3,6074.0,49,0.003620944,5,Lower-risk active
789533133,0,1,4389,82,0.354,5,2,4995.0,37,0.00031034913,1,Lower-risk active
779523258,0,2,4610,78,0.32,6,1,3323.0,17,0.0010219028,2,Lower-risk active
719617758,0,1,4610,76,0.728,3,3,2464.0,48,0.00072924857,1,Lower-risk active
779858058,0,1,4530,72,0.0,4,3,2730.0,18,0.0131944865,7,Lower-risk active
710423358,0,3,5249,81,0.672,4,3,1438.3,29,0.0033788483,4,Lower-risk active
710500983,1,4,1779,35,0.224,2,3,4617.0,34,0.9920873,10,Dormant high-risk
711851583,0,2,4794,77,0.123,6,1,8220.0,42,0.0016260659,3,Lower-risk active
779405133,0,3,4387,79,0.109,4,1,5716.0,29,0.001154875,2,Lower-risk active
719410083,0,3,4807,56,0.746,4,0,1635.0,36,0.017020058,7,Lower-risk active
796196733,0,2,4389,80,0.0,4,3,4259.0,46,0.0038899328,5,Lower-risk active
711904008,1,3,2203,41,0.0,4,5,5869.0,36,0.98624647,10,Dormant high-risk
717666783,1,3,2354,49,0.594,1,3,2272.0,46,0.9338849,9,Dormant high-risk
719911458,0,2,4396,78,0.711,4,3,2598.0,36,0.0009704359,2,Lower-risk active
787506558,0,1,4509,71,0.065,4,1,10762.0,38,0.0022146916,4,Lower-risk active
719046558,0,3,4313,62,0.883,6,3,1982.0,36,0.005322038,5,Lower-risk active
708291633,0,3,5097,79,0.537,3,3,4651.0,21,0.0025934945,4,Lower-risk active
720731808,1,3,3068,53,0.0,2,4,2437.0,38,0.9867813,10,Dormant high-risk
745124658,0,2,4838,70,0.616,5,1,2563.0,35,0.005518797,5,Lower-risk active
789907533,1,2,3100,54,0.042,4,3,4576.0,40,0.8334042,9,Contacted but fragile
716466483,0,3,4624,87,0.598,3,3,2245.0,34,0.001176534,2,Lower-risk active
715919283,1,2,2201,31,0.0,3,3,1776.0,36,0.9972625,10,Contacted but fragile
756736008,0,2,4450,62,0.505,3,3,2911.0,38,0.013957548,7,Lower-risk active
772857558,0,2,4618,94,0.397,4,3,2257.0,30,0.00080510176,1,Lower-risk active
709246683,0,1,3603,69,0.122,5,1,18457.0,36,0.0010256706,2,Lower-risk active
714559458,1,2,1953,48,0.0,4,1,1681.0,36,0.95559037,9,Lower-risk active
778405458,0,1,4633,80,0.0,6,3,1461.0,32,0.0010839108,2,Lower-risk active
772150983,1,2,2635,40,0.414,4,1,2363.0,37,0.97532123,9,Lower-risk active
715128408,0,3,4482,67,0.6,5,3,1438.3,36,0.0028372353,4,Lower-risk active
717856983,0,2,4515,76,0.689,3,3,1840.0,29,0.001463036,3,Lower-risk active
778231983,0,2,4792,65,0.18,6,3,7382.0,39,0.015814034,7,Lower-risk active
823908858,0,3,4816,81,0.161,4,2,3861.0,47,0.0020364358,3,Lower-risk active
798011733,0,1,4574,81,0.481,4,2,1562.0,47,0.0011759016,2,Lower-risk active
717945108,0,1,5095,77,0.478,6,2,3088.0,36,0.0004477704,1,Lower-risk active
712560558,0,2,4660,87,0.0,5,1,1438.3,42,0.0013121795,2,Lower-risk active
711391308,0,3,4584,92,0.786,6,3,2168.0,34,0.00047201768,1,Lower-risk active
717688233,0,1,4760,69,0.35,6,0,2432.0,28,0.0012792203,2,Lower-risk active
721093608,0,1,4548,64,0.0,5,1,2197.0,31,0.04486531,8,Lower-risk active
712669983,0,3,4347,75,0.16,5,3,10009.0,30,0.004780231,5,Lower-risk active
790017858,0,1,4598,67,0.331,6,2,3979.0,36,0.002381391,4,Lower-risk active
712012758,0,1,4195,81,0.85,5,3,2189.0,41,0.0005475059,1,Lower-risk active
720249183,0,2,4503,90,0.112,5,3,8243.0,31,0.0010867749,2,Lower-risk active
821813058,0,2,4862,77,0.098,4,1,11946.0,38,0.0007451746,1,Lower-risk active
778152108,0,2,4986,83,0.561,4,3,2239.0,23,0.0007448888,1,Lower-risk active
720563958,0,1,4445,92,0.0,6,3,4025.0,38,0.00080204307,1,Lower-risk active
719633508,0,1,4875,86,0.0,3,1,1663.0,39,0.00064807764,1,Lower-risk active
716689383,0,1,3964,77,0.255,4,1,3649.0,26,0.0006225153,1,Lower-risk active
711420258,0,3,4432,71,0.0,5,2,1438.3,36,0.0048408364,5,Lower-risk active
713177808,0,1,5405,87,0.0,5,0,2894.0,51,0.0077979416,6,Lower-risk active
708897408,0,2,4719,73,0.486,4,3,1621.0,36,0.0018397719,3,Lower-risk active
710855508,0,3,4327,70,0.652,4,1,2740.0,33,0.0008554436,2,Lower-risk active
710115108,0,2,4568,76,0.28,5,3,5562.0,37,0.0014351938,3,Lower-risk active
713920158,1,3,1591,30,0.0,2,1,13733.0,36,0.9846624,10,Dormant high-risk
715303608,0,2,4253,81,0.561,5,1,2374.0,36,0.0007500984,1,Lower-risk active
710897133,0,2,4464,85,0.599,5,2,2267.0,36,0.0006663783,1,Lower-risk active
772813458,0,1,4264,63,0.284,3,2,6130.0,39,0.001731908,3,Lower-risk active
712998033,1,2,2109,44,0.0,3,2,7361.0,36,0.97286654,9,Lower-risk active
712843983,1,3,2288,45,0.164,3,4,1569.0,36,0.9982803,10,Dormant high-risk
717947508,0,1,5262,83,0.623,5,3,1626.0,34,0.0011042173,2,Lower-risk active
719279208,0,1,4946,73,0.602,3,2,2158.0,36,0.0005508555,1,Lower-risk active
711365133,0,3,5100,76,0.644,4,1,2283.0,31,0.0037952256,5,Lower-risk active
720328008,0,1,4518,88,0.741,3,1,2542.0,42,0.00031085283,1,Lower-risk active
718183833,0,2,4322,68,0.0,4,1,1438.3,18,0.0058272756,5,Lower-risk active
717985158,0,3,4267,81,0.588,3,1,2335.0,37,0.0014371406,3,Lower-risk active
771928608,0,1,4110,74,0.901,6,1,2033.0,23,0.00072880357,1,Lower-risk active
713355708,0,6,5238,84,0.396,4,3,4739.0,31,0.002489094,4,Lower-risk active
816761433,0,2,5291,96,0.131,5,3,5821.0,31,0.0013506938,2,Lower-risk active
714245358,0,3,3935,77,0.718,3,2,2182.0,36,0.0011745179,2,Lower-risk active
716313858,0,4,4560,84,0.275,6,0,3319.0,36,0.00023916799,1,Lower-risk active
714868608,0,3,4105,76,0.506,6,1,3021.0,36,0.000978889,2,Lower-risk active
717273333,0,2,4575,84,0.0,3,2,29219.0,37,0.0016929471,3,Lower-risk active
711631158,0,2,4664,77,0.604,6,2,1438.3,42,0.00058828073,1,Lower-risk active
714127383,1,3,2185,48,0.568,3,2,4431.0,36,0.9937628,10,Dormant high-risk
790204983,0,5,4507,93,0.0,4,3,3131.0,40,0.002155973,4,Lower-risk active
822051858,0,1,4535,82,0.0,3,3,1486.0,22,0.00044871558,1,Lower-risk active
715144383,0,3,4413,83,0.319,3,2,6384.0,36,0.0022476623,4,Lower-risk active
717971208,0,3,3647,69,0.0,3,2,2077.0,28,0.0027994611,4,Lower-risk active
718829358,0,1,4977,76,0.49,3,2,1956.0,32,0.00043091594,1,Lower-risk active
779380908,1,3,1709,37,0.039,4,4,24462.0,39,0.708349,9,Dormant high-risk
714144258,0,2,4430,66,0.924,6,1,2725.0,34,0.011788747,6,Lower-risk active
797666358,0,3,4452,65,0.572,6,1,1474.0,40,0.0011755348,2,Lower-risk active
709965858,0,3,4609,80,0.181,4,3,9880.0,28,0.0017703039,3,Lower-risk active
779980758,0,2,4744,73,0.477,6,0,2467.0,46,0.0003246899,1,Lower-risk active
811775883,0,2,4734,96,0.433,4,1,5397.0,41,0.00037936523,1,Lower-risk active
799720158,0,3,4726,86,0.336,3,2,3370.0,44,0.0014562807,3,Lower-risk active
713011683,1,2,2055,43,0.0,4,4,11239.0,24,0.99643457,10,Contacted but fragile
713503983,0,1,3623,71,0.55,5,3,2240.0,36,0.00053537625,1,Lower-risk active
712137033,0,1,4725,63,0.628,5,2,2737.0,45,0.0050319606,5,Lower-risk active
715910883,0,4,4532,94,0.332,5,3,4170.0,40,0.00067332207,1,Lower-risk active
718142958,0,3,5623,94,0.044,3,2,21839.0,27,0.0021941368,4,Lower-risk active
719359458,0,3,4527,66,0.0,6,2,1991.0,42,0.026653292,7,Lower-risk active
714869958,0,2,3949,71,0.079,6,3,29795.0,36,0.0014199906,3,Lower-risk active
771163533,0,2,4617,79,0.441,3,1,1438.3,39,0.0008027469,1,Lower-risk active
709028208,0,3,3361,63,0.053,6,2,24221.0,37,0.007089497,6,Lower-risk active
719834208,0,1,4264,81,0.604,6,2,2131.0,35,0.00021988858,1,Lower-risk active
779305008,0,2,4949,76,0.737,3,2,2787.0,23,0.0011346531,2,Lower-risk active
714506583,0,3,4601,78,0.0,4,1,1438.3,38,0.0038454325,5,Lower-risk active
712677633,1,3,2307,28,0.0,3,4,2712.0,31,0.99597543,10,Dormant high-risk
708450033,0,2,5298,79,0.871,6,1,2605.0,13,0.004932541,5,Lower-risk active
719606133,0,2,4656,88,0.444,3,1,5169.0,31,0.0004643642,1,Lower-risk active
789772983,0,3,3798,56,0.0,3,3,4694.0,38,0.043088265,8,Lower-risk active
720656883,0,3,4600,69,0.271,3,1,1848.0,40,0.0059850966,6,Lower-risk active
718108758,0,1,4538,86,0.291,3,2,6039.0,36,0.0006055713,1,Lower-risk active
709408983,0,2,5078,91,0.169,3,3,5256.0,42,0.0006179732,1,Lower-risk active
771592458,0,2,4880,79,0.62,6,3,1708.0,36,0.0006475936,1,Lower-risk active
778932633,0,3,4897,83,0.727,5,2,1629.0,40,0.0010093292,2,Lower-risk active
708669408,0,1,4637,75,0.0,6,3,20401.0,45,0.0040913303,5,Lower-risk active
779947908,0,3,4327,66,0.435,3,1,3296.0,45,0.0073192925,6,Lower-risk active
716007708,0,1,4814,73,0.143,3,2,8956.0,37,0.0009340659,2,Lower-risk active
767574108,0,3,4094,64,0.546,4,2,1438.3,43,0.006588423,6,Lower-risk active
720777558,0,2,4519,79,0.641,6,2,2671.0,38,0.00065897405,1,Lower-risk active
816841083,0,3,4867,90,0.628,4,1,2493.0,53,0.0007083501,1,Lower-risk active
778849908,0,3,4697,81,0.913,3,1,2687.0,40,0.00166003,3,Lower-risk active
708745983,0,2,4686,81,0.706,4,2,2208.0,36,0.0011281418,2,Lower-risk active
713381433,1,3,1868,30,0.174,3,3,4196.0,28,0.9404204,9,Dormant high-risk
779404383,0,2,4427,76,0.098,6,3,12581.0,36,0.0006375849,1,Lower-risk active
718607883,0,2,4831,81,0.141,4,2,17890.0,30,0.012831733,7,Lower-risk active
710542983,0,6,5033,87,0.0,4,0,1930.0,21,0.0012240491,2,Lower-risk active
709769283,0,3,4162,70,0.0,6,3,8513.0,16,0.0023451752,4,Lower-risk active
721253508,0,3,4754,84,0.245,6,1,9599.0,36,0.0008364142,2,Lower-risk active
801037833,0,2,4236,87,0.789,6,3,3192.0,32,0.002148339,3,Lower-risk active
711452583,0,5,4575,60,0.906,6,1,2778.0,36,0.06905906,8,Lower-risk active
716697708,1,2,3121,56,0.0,3,4,3293.0,52,0.65992415,9,Contacted but fragile
708176208,0,4,4199,80,0.0,4,1,7268.0,36,0.0020294809,3,Lower-risk active
716474358,0,3,4853,74,0.424,5,2,1721.0,35,0.006861552,6,Lower-risk active
713121408,0,3,4372,69,0.419,5,2,3976.0,30,0.0070806816,6,Lower-risk active
794567133,0,2,4897,70,0.414,5,3,1954.0,35,0.0023129552,4,Lower-risk active
717609633,0,2,4139,58,0.138,6,2,12725.0,32,0.03583346,7,Lower-risk active
708899283,0,3,4917,81,0.719,3,3,2690.0,28,0.0009234502,2,Lower-risk active
772415808,0,3,4219,78,0.245,3,1,2926.0,38,0.004981655,5,Lower-risk active
716176683,0,1,4460,78,0.737,5,1,2371.0,33,0.0002714262,1,Lower-risk active
709245783,0,1,4543,90,0.254,5,1,7751.0,27,0.00029927492,1,Lower-risk active
720507108,1,3,2339,41,0.0,3,2,1601.0,28,0.9965616,10,Dormant high-risk
716751858,1,3,2597,40,0.207,2,3,2401.0,36,0.9976841,10,Dormant high-risk
712829808,1,3,2031,40,0.0,4,4,2187.0,29,0.9822912,10,Dormant high-risk
711900033,0,2,5242,81,0.372,5,1,4661.0,46,0.00092356507,2,Lower-risk active
712566258,0,3,4486,77,0.238,6,1,8494.0,27,0.001181278,2,Lower-risk active
712732908,0,3,4116,84,0.641,5,1,2262.0,36,0.00093888375,2,Lower-risk active
717908208,0,1,4859,82,0.632,6,2,2525.0,36,0.00029160018,1,Lower-risk active
826136283,0,3,4352,66,0.809,3,2,2450.0,34,0.002845701,4,Lower-risk active
778714833,0,3,4890,92,0.448,4,2,3926.0,18,0.000511235,1,Lower-risk active
779302233,1,2,2502,45,0.0,4,3,1438.3,22,0.9955771,10,Contacted but fragile
778659108,0,2,4718,81,0.46,6,1,4789.0,31,0.0019100067,3,Lower-risk active
720374808,0,3,4641,78,0.673,6,3,2864.0,34,0.001331606,2,Lower-risk active
719592483,0,6,4825,77,0.53,6,3,4607.0,34,0.003633797,5,Lower-risk active
714702033,0,3,5446,75,0.497,5,3,1971.0,34,0.081163794,8,Lower-risk active
717042333,1,3,2836,48,0.0,3,3,1473.0,44,0.99197865,10,Dormant high-risk
779122908,0,1,4511,82,0.451,5,2,3187.0,37,0.0003780684,1,Lower-risk active
710676483,0,2,4064,77,0.0,4,2,5589.0,36,0.0023634983,4,Lower-risk active
827712108,0,1,4432,72,0.585,5,2,2346.0,38,0.00049079186,1,Lower-risk active
769200858,0,2,4626,86,0.0,3,3,1438.3,28,0.002257381,4,Lower-risk active
779114283,0,1,4528,65,0.517,3,2,1826.0,22,0.0013372864,2,Lower-risk active
771061008,1,2,2659,56,0.0,4,3,2208.0,27,0.86126983,9,Contacted but fragile
716201133,0,3,4279,76,0.0,4,1,1476.0,36,0.003104196,4,Lower-risk active
817968783,0,3,4670,70,0.512,6,1,2927.0,46,0.002229328,4,Lower-risk active
826480308,0,2,5489,74,0.391,5,1,4778.0,49,0.037816714,7,Lower-risk active
720307683,0,2,4484,78,0.517,3,2,1438.3,36,0.0008024437,1,Lower-risk active
709618308,0,3,3838,48,0.092,4,1,16239.0,40,0.4891246,9,Lower-risk active
710119233,0,2,4186,63,0.164,5,1,11726.0,26,0.0045427335,5,Lower-risk active
789419658,0,2,4503,89,0.0,3,1,1438.3,38,0.0016424959,3,Lower-risk active
789800358,0,1,4730,78,0.487,6,3,2647.0,34,0.00045152794,1,Lower-risk active
715466133,0,3,4374,75,0.566,3,1,2492.0,40,0.002881037,4,Lower-risk active
717659883,0,3,3541,64,0.457,3,3,2418.0,36,0.0056113796,5,Lower-risk active
781942983,0,3,5010,88,0.0,5,1,17827.0,44,0.002872786,4,Lower-risk active
712755783,0,2,3886,77,0.0,3,3,1438.3,40,0.0028921857,4,Lower-risk active
779551533,0,3,4857,92,0.0,4,3,1764.0,39,0.0009665061,2,Lower-risk active
714405183,0,2,4295,60,0.855,4,2,1776.0,36,0.033673167,7,Lower-risk active
801783108,0,3,4833,69,0.0,6,3,1438.3,40,0.007295595,6,Lower-risk active
779839758,0,2,4634,92,0.0,3,3,1491.0,31,0.00087350333,2,Lower-risk active
820648608,0,1,4153,79,0.736,3,3,2552.0,41,0.00055297336,1,Lower-risk active
787587033,0,1,4463,87,0.665,3,2,2996.0,32,0.00065130054,1,Lower-risk active
813967983,0,1,4471,71,0.456,4,2,1701.0,39,0.00154722,3,Lower-risk active
718067658,0,3,4223,79,0.0,6,1,3998.0,40,0.002790563,4,Lower-risk active
709952658,0,3,4460,62,0.823,6,2,3025.0,33,0.10246415,8,Lower-risk active
720824883,1,1,2483,50,0.774,3,2,3251.0,40,0.8323175,9,Lower-risk active
789631908,0,1,4690,85,0.59,3,2,3031.0,45,0.0020833444,3,Lower-risk active
789089958,0,2,3662,81,0.0,5,3,33211.0,45,0.0021576704,4,Lower-risk active
715847058,1,3,2462,40,0.995,3,3,1863.0,36,0.99418664,10,Dormant high-risk
721256808,0,1,4365,86,0.719,6,2,2691.0,20,0.00038952535,1,Lower-risk active
721269108,0,3,4504,87,0.546,5,3,2288.0,33,0.0016611004,3,Lower-risk active
712770408,1,3,2285,40,0.0,6,2,3413.0,36,0.9946219,10,Dormant high-risk
767958933,0,2,3993,77,0.083,3,1,15471.0,34,0.0005797134,1,Lower-risk active
779866458,0,1,3513,67,0.389,6,1,2038.0,24,0.0010909915,2,Lower-risk active
721246833,0,2,4636,70,0.558,6,3,1953.0,36,0.0025376494,4,Lower-risk active
710752233,1,2,2742,49,0.497,3,2,4430.0,24,0.92821914,9,Lower-risk active
709813008,0,3,4509,93,0.711,5,0,3398.0,35,0.00066708843,1,Lower-risk active
710219658,0,3,4633,74,0.587,4,3,2021.0,44,0.0021159018,3,Lower-risk active
789121233,0,1,4609,76,0.983,5,3,2329.0,41,0.00074389426,1,Lower-risk active
715146558,1,3,2325,56,0.0,1,2,1696.0,36,0.9732327,9,Dormant high-risk
720205608,0,1,4487,77,0.0,6,1,4222.0,36,0.0012696226,2,Lower-risk active
778606308,1,2,3016,51,0.284,2,3,6614.0,25,0.8936746,9,Contacted but fragile
710438358,1,3,2152,43,0.0,4,3,3241.0,35,0.9967963,10,Dormant high-risk
712562433,1,3,2316,43,0.0,3,3,4204.0,30,0.99433607,10,Dormant high-risk
718186233,0,2,3989,71,0.3,4,3,3234.0,26,0.0018869765,3,Lower-risk active
713717283,1,3,1738,32,0.943,3,3,2473.0,29,0.97472125,9,Dormant high-risk
713822208,1,3,1870,45,0.102,3,3,4836.0,33,0.9888081,10,Dormant high-risk
710466633,0,1,4755,76,0.0,5,1,1438.3,44,0.00094877946,2,Lower-risk active
711153783,0,3,4173,70,0.376,5,1,1438.3,36,0.0013714345,2,Lower-risk active
718230933,1,2,1253,29,0.737,5,3,1438.3,36,0.8506069,9,Contacted but fragile
788885133,0,1,3912,63,0.191,6,1,12675.0,42,0.007731564,6,Lower-risk active
711637458,1,3,2523,45,0.0,2,3,2228.0,36,0.99862826,10,Dormant high-risk
719532108,0,2,4491,68,0.785,4,2,2813.0,31,0.0043322793,5,Lower-risk active
757643733,0,3,4916,79,0.0,6,2,3223.0,35,0.0041192593,5,Lower-risk active
715122858,0,3,5052,81,0.0,5,3,2653.0,36,0.009524384,6,Lower-risk active
708384033,1,3,2466,39,0.897,3,3,2745.0,35,0.9956189,10,Dormant high-risk
708273858,0,2,3734,80,0.0,3,1,34516.0,30,0.0013861153,3,Lower-risk active
803952408,0,3,3987,77,0.591,6,2,2516.0,47,0.0012433307,2,Lower-risk active
778394358,0,3,4347,88,0.955,4,1,1870.0,26,0.0006733747,1,Lower-risk active
713180433,0,3,4837,87,0.64,5,2,3934.0,48,0.0047055623,5,Lower-risk active
787458783,0,3,4784,83,0.702,5,2,3038.0,35,0.0015702979,3,Lower-risk active
720315933,0,2,5136,76,0.644,3,3,1982.0,39,0.0016600672,3,Lower-risk active
713677158,1,2,2126,45,0.0,2,3,1623.0,22,0.99735427,10,Contacted but fragile
739828308,0,2,3906,68,0.564,5,2,3088.0,48,0.0021644393,4,Lower-risk active
720959058,0,3,4412,67,0.3,5,1,8064.0,33,0.014548877,7,Lower-risk active
718090233,1,3,2804,37,0.187,3,3,10016.0,36,0.9581154,9,Dormant high-risk
789939558,0,3,5112,87,0.407,5,2,4523.0,45,0.0019396483,3,Lower-risk active
714169908,0,2,4921,82,0.586,5,1,1944.0,34,0.00057517446,1,Lower-risk active
796145133,0,2,4528,86,0.282,3,2,6083.0,40,0.0010524051,2,Lower-risk active
789233808,0,2,4568,74,0.576,6,2,2425.0,27,0.0023587134,4,Lower-risk active
709071408,0,2,4949,74,0.653,4,1,2607.0,37,0.0011950083,2,Lower-risk active
815830083,0,2,4253,72,0.622,6,1,1953.0,48,0.0007679848,1,Lower-risk active
715932708,0,3,4365,75,0.278,4,1,5813.0,36,0.001737543,3,Lower-risk active
715281933,0,3,4401,73,0.0,3,2,1438.3,36,0.003954134,5,Lower-risk active
787529583,1,2,2561,61,0.0,5,3,1588.0,30,0.8789544,9,Contacted but fragile
717446208,0,2,5083,69,0.528,6,1,3749.0,36,0.0068478337,6,Lower-risk active
715236783,0,3,4792,87,0.674,4,2,3734.0,36,0.005367958,5,Lower-risk active
804583833,0,1,4316,87,0.692,4,3,1796.0,51,0.00053112145,1,Lower-risk active
713772333,1,3,1979,38,0.075,4,1,3223.0,34,0.9941738,10,Dormant high-risk
715321983,0,2,4314,75,0.679,4,1,2748.0,36,0.0008862705,2,Lower-risk active
717773433,0,1,5464,98,0.0,6,2,2448.0,45,0.0012668311,2,Lower-risk active
778632933,0,1,4702,79,0.784,6,2,2548.0,29,0.00038436445,1,Lower-risk active
808527183,0,1,4669,94,0.637,4,1,1489.0,41,0.00014419165,1,Lower-risk active
714514008,1,3,1982,43,0.0,3,3,8953.0,29,0.9970138,10,Dormant high-risk
711669258,1,3,2381,47,0.309,2,3,3187.0,36,0.99568534,10,Dormant high-risk
797218233,0,1,4550,82,0.0,5,0,1757.0,45,0.00066610693,1,Lower-risk active
710612583,0,3,5037,80,0.67,6,2,2597.0,36,0.0010368228,2,Lower-risk active
712613808,0,3,4283,69,0.11,3,3,5999.0,32,0.006710013,6,Lower-risk active
807173358,0,2,5416,76,0.243,4,3,3617.0,51,0.022367744,7,Lower-risk active
778349883,0,3,4188,75,0.657,4,1,3219.0,36,0.0015050797,3,Lower-risk active
720592533,1,3,2535,44,0.044,3,2,19782.0,31,0.9845302,10,Dormant high-risk
714668433,0,3,4122,67,0.753,4,1,2522.0,36,0.003059246,4,Lower-risk active
720967233,0,1,4901,88,0.757,4,1,3327.0,29,0.00054774,1,Lower-risk active
718629858,0,5,4597,89,0.0,5,3,4708.0,32,0.0022214614,4,Lower-risk active
737962608,0,3,4550,78,0.672,4,2,3745.0,41,0.0046484973,5,Lower-risk active
778207083,1,3,2153,39,0.189,3,2,11561.0,44,0.94869554,9,Dormant high-risk
778781508,1,3,2455,41,0.297,4,3,8477.0,32,0.98417354,10,Dormant high-risk
714142158,0,2,3882,92,0.666,2,1,2120.0,48,0.0001828742,1,Mono-product exposed
715390608,0,3,5311,81,0.422,5,2,2867.0,39,0.00424472,5,Lower-risk active
715243458,0,3,5047,94,0.569,5,1,2293.0,36,0.00035151717,1,Lower-risk active
715418508,0,1,4399,72,0.068,2,3,8671.0,36,0.0034018864,4,Mono-product exposed
711164508,0,3,3941,71,0.034,1,1,34516.0,43,0.0032858176,4,Mono-product exposed
713239308,0,3,4640,85,0.632,2,3,2679.0,36,0.0015050288,3,Mono-product exposed
712323183,0,2,3738,63,0.0,2,1,3224.0,22,0.071536675,8,Mono-product exposed
797410983,0,2,5020,83,0.518,1,2,1438.3,39,0.0010876765,2,Mono-product exposed
721167783,0,3,4272,69,0.317,1,3,7773.0,39,0.022098625,7,Mono-product exposed
712130058,1,3,2415,41,0.039,3,4,8075.0,36,0.9975585,10,Dormant high-risk
714060408,0,1,4210,82,0.525,3,2,3052.0,37,0.00032123007,1,Lower-risk active
715515333,0,1,4024,92,0.27,2,3,7932.0,42,0.00032679574,1,Mono-product exposed
806970033,0,2,4588,77,0.818,2,3,1753.0,43,0.00092924555,2,Mono-product exposed
817337958,0,1,3796,74,0.202,2,3,5814.0,33,0.0008951115,2,Mono-product exposed
788132208,0,2,5070,70,0.504,3,1,1989.0,38,0.0035365664,5,Lower-risk active
812653383,0,3,4729,92,0.825,3,3,1843.0,50,0.0004977726,1,Lower-risk active
709762908,0,2,4991,78,0.854,2,1,1438.3,40,0.0008281391,2,Mono-product exposed
717114708,0,3,4414,77,0.612,3,2,2991.0,26,0.00060015614,1,Lower-risk active
767388783,0,3,4601,66,0.0,3,1,9560.0,36,0.015352275,7,Lower-risk active
794719983,1,2,2576,42,0.958,2,3,2616.0,38,0.99907947,10,Contacted but fragile
778378983,1,2,2476,42,0.732,5,2,2939.0,34,0.9694205,9,Lower-risk active
773275083,0,3,4765,79,0.313,2,0,3085.0,37,0.00056315796,1,Mono-product exposed
719971458,0,3,4213,74,0.282,2,2,5275.0,41,0.0022570773,4,Mono-product exposed
721001883,0,1,3357,47,0.83,3,2,1950.0,30,0.10309974,8,Lower-risk active
778245633,0,3,4356,70,0.777,3,1,2341.0,33,0.0050830315,5,Lower-risk active
718535733,0,3,4928,79,0.545,3,1,3758.0,25,0.0028603233,4,Lower-risk active
711909933,0,3,4815,83,0.381,3,1,1621.0,42,0.0027685896,4,Lower-risk active
709253433,0,1,2448,58,0.175,2,2,10946.0,41,0.4767826,9,Mono-product exposed
719797758,0,1,4922,84,0.736,3,1,3422.0,36,0.0027347524,4,Lower-risk active
789420933,0,1,4130,87,0.25,3,3,3108.0,30,0.00070787803,1,Lower-risk active
709850508,1,2,2917,37,0.0,3,5,3202.0,20,0.9749614,9,Contacted but fragile
715335558,0,1,4191,81,0.489,2,2,1855.0,36,0.00034323914,1,Mono-product exposed
711516783,0,1,5441,91,0.519,2,1,2155.0,36,0.00020197571,1,Mono-product exposed
798917883,0,3,4620,76,0.607,2,2,4150.0,36,0.0025160979,4,Mono-product exposed
721525758,0,2,4928,77,0.552,2,2,2226.0,35,0.0009376715,2,Mono-product exposed
716249508,0,2,4243,85,0.0,3,1,1610.0,36,0.006891834,6,Lower-risk active
716953083,0,2,4228,81,0.616,3,2,2046.0,41,0.00051701494,1,Lower-risk active
712448658,1,3,2281,55,0.0,3,2,1795.0,36,0.94135463,9,Dormant high-risk
711766758,0,2,4373,67,0.645,3,1,1531.0,30,0.0021567785,4,Lower-risk active
709432833,0,2,4859,73,0.812,2,3,1472.0,36,0.0011124056,2,Mono-product exposed
719964933,0,2,4550,78,0.0,3,2,1438.3,41,0.0016929422,3,Lower-risk active
719857008,0,3,4531,81,0.762,3,1,2886.0,36,0.0011489076,2,Lower-risk active
758340108,0,3,3906,78,0.091,3,2,10024.0,29,0.00152156,3,Lower-risk active
708276183,1,4,1554,35,0.0,2,1,1760.0,45,0.997498,10,Dormant high-risk
716481408,0,1,4769,76,0.0,3,1,1461.0,36,0.00080907485,1,Lower-risk active
720590058,1,3,2839,47,0.203,3,3,8840.0,36,0.8681755,9,Dormant high-risk
789347133,0,1,4690,79,0.536,2,1,4468.0,28,0.0010743098,2,Mono-product exposed
719112258,0,3,4692,79,0.541,3,3,2516.0,35,0.001875034,3,Lower-risk active
717748608,1,2,2252,51,0.561,3,4,1555.0,24,0.82054764,9,Contacted but fragile
710740008,0,1,5140,82,0.446,3,1,1438.3,39,0.00089390203,2,Lower-risk active
716694108,1,3,2682,48,0.09,2,3,5195.0,34,0.9987783,10,Dormant high-risk
719372583,0,2,4077,90,0.069,2,1,17268.0,36,0.0004883603,1,Mono-product exposed
719981508,1,2,2574,51,0.0,2,3,1649.0,24,0.9960517,10,Contacted but fragile
751350558,0,2,4770,85,0.0,3,2,1609.0,50,0.0014036488,3,Lower-risk active
715123983,0,2,5848,81,0.753,3,2,3342.0,36,0.105980024,8,Lower-risk active
709250508,0,1,4877,88,0.361,3,2,6973.0,56,0.0020044604,3,Lower-risk active
716754783,1,2,2229,44,0.077,3,3,17228.0,30,0.9575348,9,Contacted but fragile
719025333,0,2,3513,59,0.0,3,0,1898.0,42,0.021781791,7,Lower-risk active
718566858,0,2,5005,79,0.0,3,2,1438.3,36,0.0017295624,3,Lower-risk active
710675508,0,3,5149,98,0.513,2,1,2321.0,28,0.00034042366,1,Mono-product exposed
818729208,0,3,4525,77,0.115,3,3,8185.0,47,0.003348531,4,Lower-risk active
709068183,0,3,4709,87,0.0,3,3,3096.0,42,0.0042796307,5,Lower-risk active
715358283,0,3,4509,73,0.535,2,2,2129.0,46,0.010352121,6,Mono-product exposed
710966433,0,2,3785,67,0.537,3,2,2615.0,36,0.0012610898,2,Lower-risk active
708575058,1,3,3300,58,0.306,2,2,3157.0,39,0.70219225,9,Dormant high-risk
713929533,1,2,2060,52,0.0,2,2,1707.0,36,0.99900985,10,Mono-product exposed
714087258,0,3,5156,72,0.0,2,2,1838.0,36,0.030948538,7,Mono-product exposed
756383283,0,1,4170,80,0.456,3,3,5523.0,31,0.0017135808,3,Lower-risk active
720766908,1,2,2814,37,0.0,2,2,3021.0,28,0.9989285,10,Mono-product exposed
718133733,0,1,4100,76,0.21,3,1,7317.0,36,0.0004110844,1,Lower-risk active
720823458,0,6,4658,85,0.365,2,2,5218.0,46,0.0016825709,3,Mono-product exposed
720027258,0,1,4978,73,0.0,3,3,1438.3,40,0.0041642543,5,Lower-risk active
807604233,0,3,5044,81,0.223,2,3,11114.0,49,0.007495351,6,Mono-product exposed
801786483,0,2,4930,89,0.236,3,3,10648.0,45,0.0036090654,5,Lower-risk active
789138258,0,3,4799,83,0.797,2,2,2976.0,34,0.001489633,3,Mono-product exposed
805524708,1,3,2599,50,0.38,3,1,6629.0,47,0.9735386,9,Dormant high-risk
779642733,0,1,4823,77,0.796,3,1,2812.0,25,0.0004152538,1,Lower-risk active
771735933,0,1,4731,82,0.16,2,1,10761.0,36,0.0003831842,1,Mono-product exposed
789917208,0,3,5087,69,0.905,2,3,1968.0,31,0.059524983,8,Mono-product exposed
779608083,0,2,3681,62,0.32,2,2,3897.0,44,0.018536873,7,Mono-product exposed
711287733,0,2,3856,74,0.273,3,1,4721.0,36,0.0011945348,2,Lower-risk active
774675933,0,1,3510,62,0.059,2,3,34516.0,34,0.013930104,7,Mono-product exposed
716741508,0,1,4460,65,0.412,2,3,2831.0,21,0.0037213461,5,Mono-product exposed
721106133,0,4,5104,82,0.774,3,1,2312.0,36,0.0016332694,3,Lower-risk active
716698608,0,1,4441,87,0.0,2,1,8924.0,39,0.0013216881,2,Mono-product exposed
716299608,1,2,1990,31,0.0,2,3,1508.0,36,0.99908864,10,Contacted but fragile
718116933,0,3,4704,79,0.438,2,1,1438.3,36,0.0014699376,3,Mono-product exposed
720513333,0,1,4878,78,0.081,2,3,21350.0,39,0.0012150198,2,Mono-product exposed
802460433,1,5,2607,37,0.0,2,2,1438.3,51,0.99878556,10,Dormant high-risk
720482583,0,3,4598,69,0.207,3,1,10431.0,43,0.0035854008,5,Lower-risk active
719584608,0,1,4215,79,0.0,3,1,1438.3,32,0.0007157957,1,Lower-risk active
709477233,0,2,4287,79,0.691,3,1,2346.0,36,0.00062867976,1,Lower-risk active
719512983,1,3,2295,51,0.0,3,6,1438.3,39,0.9974195,10,Dormant high-risk
714923583,1,3,1924,48,0.0,2,2,2369.0,36,0.99032646,10,Dormant high-risk
779397183,0,1,4068,61,0.0,2,1,3659.0,31,0.02596227,7,Mono-product exposed
714671658,0,5,4268,85,0.647,2,2,2153.0,31,0.0008024368,1,Mono-product exposed
779218233,0,3,4115,75,0.0,2,3,9430.0,37,0.0095953755,6,Mono-product exposed
713456583,0,2,3247,70,0.043,3,2,34516.0,37,0.003735319,5,Lower-risk active
790221633,0,3,4627,77,0.589,3,3,3897.0,38,0.0020452014,3,Lower-risk active
721299483,0,1,4168,71,0.112,2,1,11671.0,32,0.0009339441,2,Mono-product exposed
711701958,0,3,4175,63,0.176,3,3,11367.0,38,0.009358865,6,Lower-risk active
783573408,0,1,5267,83,0.83,3,2,2575.0,36,0.0008422875,2,Lower-risk active
709641933,0,1,4504,84,0.544,3,2,3433.0,36,0.0006382622,1,Lower-risk active
718755483,0,2,5082,86,0.131,3,1,7317.0,36,0.0009190728,2,Lower-risk active
720914358,0,2,4894,84,0.302,3,3,4416.0,36,0.0013744307,3,Lower-risk active
714811533,0,2,5910,91,0.0,3,2,1715.0,32,0.0058349133,6,Lower-risk active
719898108,0,3,5322,79,0.221,2,3,3667.0,41,0.0054626022,5,Mono-product exposed
720719883,1,3,2535,55,0.0,3,3,1874.0,41,0.977363,10,Dormant high-risk
780338733,0,1,5102,83,0.341,2,2,1438.3,37,0.0007652806,1,Mono-product exposed
709810458,0,2,4241,72,0.486,3,0,1579.0,44,0.0004352779,1,Lower-risk active
821356083,0,1,4830,87,0.0,3,3,1626.0,49,0.0019099315,3,Lower-risk active
793428408,0,2,5235,76,0.742,2,1,1596.0,44,0.0011246111,2,Mono-product exposed
746453583,0,2,4498,85,0.536,2,2,2604.0,49,0.0007498633,1,Mono-product exposed
771799008,0,3,4871,79,0.418,3,1,3359.0,50,0.001305991,2,Lower-risk active
719075883,0,3,3904,66,0.86,2,3,2363.0,27,0.012462786,6,Mono-product exposed
714986583,0,2,5025,62,0.185,3,2,4978.0,46,0.08453271,8,Lower-risk active
753233733,0,3,3781,61,0.599,3,3,2155.0,29,0.0049390467,5,Lower-risk active
806914158,1,3,2134,34,0.0,4,1,4047.0,33,0.9830899,10,Dormant high-risk
812671758,1,5,2458,44,0.501,3,3,4345.0,42,0.98400104,10,Dormant high-risk
789191358,0,3,4035,80,0.428,2,2,1854.0,44,0.0021529244,3,Mono-product exposed
772111083,0,3,4338,75,0.259,3,2,5384.0,39,0.0019238759,3,Lower-risk active
714961383,0,3,4182,81,0.671,3,3,1438.3,36,0.0013496754,2,Lower-risk active
817288458,0,2,5859,82,0.338,3,3,5141.0,19,0.07202506,8,Lower-risk active
719163108,0,2,4076,62,0.333,2,3,3977.0,31,0.020755723,7,Mono-product exposed
713922183,0,2,4461,73,0.502,3,1,2507.0,36,0.0016170663,3,Lower-risk active
716443608,0,3,4050,78,0.172,2,1,7199.0,36,0.0015476282,3,Mono-product exposed
827953683,0,2,5369,75,0.309,1,1,3786.0,37,0.01210915,6,Mono-product exposed
789678483,0,3,4773,77,0.0,1,2,13384.0,37,0.004972986,5,Mono-product exposed
793630083,1,3,1804,34,0.855,1,4,1726.0,33,0.9989349,10,Dormant high-risk
756306183,0,1,4897,71,0.876,2,3,2873.0,35,0.00362087,5,Mono-product exposed
736893108,0,3,4196,87,0.0,2,2,1438.3,26,0.0026455515,4,Mono-product exposed
712900308,1,3,2078,37,0.0,4,3,1751.0,34,0.99620384,10,Dormant high-risk
798045708,0,1,4182,76,0.0,2,1,7434.0,36,0.0008172367,1,Mono-product exposed
715657833,0,3,4956,89,0.547,2,2,1438.3,41,0.0009430526,2,Mono-product exposed
712111608,0,1,4919,72,0.0,1,3,1438.3,54,0.008151147,6,Mono-product exposed
711792783,0,1,4479,80,0.588,1,2,2032.0,26,0.00030141533,1,Mono-product exposed
716067333,0,3,4553,84,0.136,2,3,6959.0,36,0.0020308634,3,Mono-product exposed
780660183,1,3,2613,46,0.0,2,2,8203.0,32,0.99411243,10,Dormant high-risk
720761208,1,4,2496,41,0.075,2,2,4789.0,47,0.9984732,10,Dormant high-risk
788794758,1,2,2061,38,0.0,2,4,2979.0,28,0.997577,10,Contacted but fragile
711150333,1,3,2857,40,0.0,5,2,2391.0,31,0.99375147,10,Dormant high-risk
714418158,0,2,3527,69,0.117,2,2,7264.0,56,0.008697453,6,Mono-product exposed
713634108,0,2,4293,66,0.421,1,2,4348.0,36,0.01912262,7,Mono-product exposed
717231558,0,2,4851,74,0.482,2,2,3002.0,43,0.0019520965,3,Mono-product exposed
711589758,0,2,3967,75,0.394,1,2,4162.0,32,0.0019060902,3,Mono-product exposed
787481208,0,3,5006,78,0.649,1,1,2762.0,34,0.004231867,5,Mono-product exposed
715516458,1,3,2602,43,0.898,5,2,2705.0,36,0.99456537,10,Dormant high-risk
714998508,0,2,5326,62,0.389,2,0,3742.0,36,0.18156634,8,Mono-product exposed
713328108,0,2,5189,79,0.627,2,2,1671.0,36,0.0007245022,1,Mono-product exposed
716229108,0,3,4674,84,0.689,2,3,3282.0,46,0.0020319384,3,Mono-product exposed
820925433,0,3,4751,81,0.464,2,2,1529.0,45,0.001576402,3,Mono-product exposed
816129258,0,3,4837,74,0.756,2,3,2509.0,29,0.0068374863,6,Mono-product exposed
808903308,1,3,2519,35,0.0,4,6,2471.0,49,0.9987551,10,Dormant high-risk
713809833,0,3,4684,86,0.088,2,2,9749.0,32,0.0026644163,4,Mono-product exposed
713542008,0,2,4236,83,0.0,1,3,1438.3,37,0.0035454654,5,Mono-product exposed
717385083,0,2,4813,87,0.228,2,3,4916.0,35,0.0012559217,2,Mono-product exposed
708652908,0,6,4498,81,0.619,1,1,2291.0,36,0.0010795281,2,Mono-product exposed
715644633,0,2,5212,88,0.537,1,1,1528.0,34,0.0019352952,3,Mono-product exposed
708761733,0,2,4419,63,0.191,2,2,8279.0,36,0.0153639205,7,Mono-product exposed
714600258,0,2,3645,70,0.339,1,2,5945.0,36,0.0024585896,4,Mono-product exposed
823566408,0,2,4625,93,0.0,2,1,1438.3,40,0.0007086134,1,Mono-product exposed
713373708,1,3,2464,57,0.0,2,3,1857.0,36,0.99664646,10,Dormant high-risk
708307533,0,2,4129,81,0.0,1,3,3086.0,30,0.0043691993,5,Mono-product exposed
820085808,0,1,4692,86,0.517,1,2,2598.0,49,0.0006565133,1,Mono-product exposed
716685033,0,1,5344,82,0.288,1,2,5559.0,19,0.0032524418,4,Mono-product exposed
713063958,0,1,5010,85,0.143,1,3,7562.0,39,0.0011714246,2,Mono-product exposed
708371733,0,1,4931,81,0.0,1,2,4662.0,15,0.006239154,6,Mono-product exposed
780277458,0,2,4503,89,0.867,2,3,2904.0,38,0.0022277187,4,Mono-product exposed
797232183,0,1,5020,75,0.733,2,1,2676.0,36,0.0006180298,1,Mono-product exposed
720789933,0,1,5027,82,0.117,2,1,5798.0,32,0.000839114,2,Mono-product exposed
808281483,0,3,4249,76,0.809,2,3,2665.0,41,0.00083633774,2,Mono-product exposed
712968708,0,3,5167,78,0.76,2,1,2343.0,47,0.0013413447,2,Mono-product exposed
711263058,0,1,4660,80,0.68,1,2,2763.0,36,0.00040340752,1,Mono-product exposed
788813658,0,2,4755,88,0.0,2,3,10503.0,45,0.0040201116,5,Mono-product exposed
721444758,0,3,4980,78,0.797,1,3,2780.0,36,0.0018464503,3,Mono-product exposed
711448983,1,2,2313,37,0.906,2,2,2234.0,34,0.996166,10,Mono-product exposed
712664658,1,2,2549,54,0.0,2,2,1649.0,30,0.98954403,10,Mono-product exposed
714237033,1,2,2299,39,0.404,6,3,5557.0,36,0.9710305,9,Contacted but fragile
718370733,0,3,4504,90,0.0,2,3,6074.0,35,0.0030388753,4,Mono-product exposed
713726958,1,2,2191,38,0.0,5,2,1728.0,21,0.99830294,10,Lower-risk active
794160408,0,1,4747,73,0.648,1,1,3044.0,40,0.0021729697,4,Mono-product exposed
716009883,0,3,4245,74,0.069,1,1,8482.0,28,0.0052438136,5,Mono-product exposed
711873033,1,2,2549,56,0.0,4,3,1438.3,29,0.90454113,9,Contacted but fragile
712715208,1,3,2387,51,0.0,1,2,3770.0,44,0.9976821,10,Dormant high-risk
778899708,1,2,2919,47,0.0,2,3,2963.0,37,0.9984273,10,Contacted but fragile
771865908,1,2,2532,48,0.041,4,3,11750.0,37,0.9829092,10,Contacted but fragile
716273133,0,2,4853,78,0.0,2,3,1593.0,36,0.0040080333,5,Mono-product exposed
709927458,0,3,4042,77,0.147,1,3,10486.0,20,0.00093160535,2,Mono-product exposed
715162608,1,2,2499,38,0.61,4,3,2168.0,41,0.95556784,9,Contacted but fragile
719862258,0,3,5015,90,0.246,2,3,5666.0,28,0.0013491265,2,Mono-product exposed
788719533,0,2,4060,61,0.0,1,3,13679.0,34,0.058877144,8,Mono-product exposed
715566408,0,2,4404,77,0.69,1,2,2143.0,36,0.00081980164,1,Mono-product exposed
717359208,0,3,4037,72,0.36,2,1,4945.0,47,0.002128176,3,Mono-product exposed
721410858,0,3,4512,90,0.694,1,0,1921.0,36,0.00026459078,1,Mono-product exposed
779420583,0,1,4662,70,0.685,2,3,3001.0,33,0.0030979011,4,Mono-product exposed
714222183,0,1,4874,78,0.508,1,1,2132.0,36,0.000558935,1,Mono-product exposed
709079883,1,3,2729,38,0.609,5,3,1663.0,36,0.9855084,10,Dormant high-risk
721406658,1,3,2479,43,0.0,6,3,1732.0,36,0.99116653,10,Dormant high-risk
713782608,0,3,5329,83,0.9,1,1,2652.0,36,0.0038804046,5,Mono-product exposed
720236433,0,2,4379,67,0.332,1,3,5037.0,22,0.007394798,6,Mono-product exposed
785106933,0,2,4505,71,0.334,2,3,6519.0,45,0.0040519414,5,Mono-product exposed
716673258,0,1,3977,83,0.634,1,3,2347.0,36,0.0005071609,1,Mono-product exposed
708341958,0,2,4480,86,0.924,2,3,2061.0,21,0.0011178582,2,Mono-product exposed
797150733,1,2,1754,39,0.0,5,2,1643.0,38,0.8219228,9,Lower-risk active
718279983,0,3,4770,74,0.494,1,2,5039.0,36,0.018125514,7,Mono-product exposed
718548558,0,1,4272,70,0.7,1,3,2915.0,42,0.002892337,4,Mono-product exposed
780360558,0,2,4698,87,0.0,2,2,1507.0,20,0.0022914263,4,Mono-product exposed
715012833,0,3,4858,77,0.819,1,3,3073.0,36,0.008860557,6,Mono-product exposed
772388508,0,3,5028,80,0.162,2,3,8314.0,32,0.0027453494,4,Mono-product exposed
788199858,0,3,5758,87,0.375,1,1,2798.0,34,0.0070925285,6,Mono-product exposed
769578108,0,2,4001,76,0.079,2,3,20929.0,26,0.0012562368,2,Mono-product exposed
719843958,0,3,4874,79,0.51,2,3,1754.0,34,0.0014164008,3,Mono-product exposed
767197983,0,1,5938,83,0.0,1,1,4209.0,45,0.0757073,8,Mono-product exposed
711874833,0,3,5497,88,0.0,1,2,2449.0,37,0.0074422807,6,Mono-product exposed
714930333,1,3,2476,49,0.0,2,3,4618.0,30,0.9931096,10,Dormant high-risk
720989133,0,1,4596,82,0.661,2,2,1654.0,36,0.00038063966,1,Mono-product exposed
720893958,0,3,4215,53,0.647,1,3,1544.0,36,0.18408024,8,Mono-product exposed
769709058,0,2,4228,63,0.269,1,1,3618.0,54,0.14066136,8,Mono-product exposed
711005583,0,2,5110,76,0.31,1,3,3437.0,24,0.0030937057,4,Mono-product exposed
826548708,0,3,4637,91,0.104,2,2,5965.0,46,0.00082165905,1,Mono-product exposed
711093408,0,3,4815,83,0.574,2,1,2644.0,33,0.0013919829,3,Mono-product exposed
712831908,0,2,4556,81,0.173,2,1,3481.0,49,0.0020509474,3,Mono-product exposed
780222408,0,3,4444,83,0.637,1,2,3272.0,36,0.005121321,5,Mono-product exposed
714181008,0,2,4509,71,0.484,1,2,3019.0,36,0.001461828,3,Mono-product exposed
772346358,0,1,5047,79,0.0,2,2,1801.0,41,0.0014604095,3,Mono-product exposed
717489033,1,1,2641,40,0.0,6,4,1438.3,18,0.87104666,9,Contacted but fragile
710969433,0,2,4230,68,0.413,2,2,2909.0,31,0.0052624894,5,Mono-product exposed
715807383,0,3,5248,89,0.0,1,3,4688.0,36,0.01245814,6,Mono-product exposed
711807333,0,1,3948,84,0.0,1,2,1438.3,26,0.0011499341,2,Mono-product exposed
816086508,0,3,4624,73,0.0,1,3,1438.3,42,0.015138312,7,Mono-product exposed
714424533,1,2,2156,37,0.0,6,2,1655.0,36,0.9974164,10,Lower-risk active
779536233,0,1,4669,83,0.418,1,1,1438.3,30,0.0017813871,3,Mono-product exposed
710794983,0,1,4705,78,0.244,2,1,4745.0,32,0.0016615228,3,Mono-product exposed
779890833,0,1,4866,65,0.0,2,1,1438.3,36,0.038559917,7,Mono-product exposed
779837808,0,4,5012,85,0.482,1,3,5182.0,37,0.008638415,6,Mono-product exposed
713748708,1,2,1757,44,0.0,1,4,1438.3,37,0.99939907,10,Contacted but fragile
709123908,0,3,4874,82,0.0,2,2,4287.0,36,0.005390442,5,Mono-product exposed
816476658,1,4,2921,44,0.992,2,3,1812.0,49,0.9942088,10,Dormant high-risk
743800833,0,1,4505,85,0.497,2,1,2304.0,46,0.00042991503,1,Mono-product exposed
806415183,0,3,4534,83,0.105,1,3,13623.0,46,0.0020232373,3,Mono-product exposed
794054058,0,1,4010,59,0.0,1,1,2765.0,44,0.2787376,9,Mono-product exposed
771907158,0,1,4667,88,0.51,1,3,3731.0,42,0.0010456364,2,Mono-product exposed
815789883,0,3,4728,81,0.346,1,2,2485.0,41,0.00225601,4,Mono-product exposed
712177908,0,3,4310,75,0.721,1,1,2446.0,36,0.0018192009,3,Mono-product exposed
711234783,1,2,2621,45,0.0,5,3,2020.0,28,0.9949597,10,Contacted but fragile
793379058,0,2,5084,82,0.463,2,1,2214.0,42,0.0010128388,2,Mono-product exposed
720480183,0,2,4882,80,0.435,1,1,1811.0,34,0.00062496954,1,Mono-product exposed
712974558,0,3,4546,89,0.0,1,1,5254.0,43,0.0027720793,4,Mono-product exposed
717409533,1,2,2824,43,0.816,1,3,1821.0,26,0.99682957,10,Contacted but fragile
712200033,0,3,4983,78,0.0,1,3,3024.0,36,0.0070774807,6,Mono-product exposed
713563383,0,3,3862,80,0.493,1,3,1930.0,36,0.0019516941,3,Mono-product exposed
802795608,0,3,4981,82,0.367,1,2,1517.0,48,0.0025101572,4,Mono-product exposed
787452333,1,2,2870,36,0.0,2,1,2024.0,25,0.9978929,10,Mono-product exposed
709520058,1,2,2028,43,0.0,4,2,19138.0,38,0.98408127,10,Lower-risk active
819690933,0,3,4059,80,0.053,2,1,16835.0,51,0.0017766207,3,Mono-product exposed
820694133,1,1,2412,38,0.0,4,3,5549.0,55,0.9722972,9,Contacted but fragile
711800658,1,3,2465,42,0.0,2,3,2145.0,36,0.9993868,10,Dormant high-risk
717722958,0,3,4277,71,0.29,1,2,4654.0,36,0.0033792323,4,Mono-product exposed
712279683,1,3,2740,52,0.0,2,3,9114.0,36,0.99490464,10,Dormant high-risk
716606733,0,2,4833,85,0.675,2,3,3043.0,18,0.0009772112,2,Mono-product exposed
716060358,0,2,4952,82,0.198,2,2,4621.0,45,0.004025863,5,Mono-product exposed
709158333,0,2,4244,96,0.167,2,1,2758.0,28,0.00078973727,1,Mono-product exposed
721113333,0,2,4751,93,0.0,1,3,1740.0,36,0.00087694085,2,Mono-product exposed
712620858,0,2,4572,60,0.233,1,2,7744.0,36,0.2743921,9,Mono-product exposed
712855683,0,2,4906,89,0.399,1,2,3350.0,36,0.0008082323,1,Mono-product exposed
715463133,0,1,3699,64,0.041,1,3,34516.0,31,0.005859319,6,Mono-product exposed
716551533,0,1,4779,86,0.766,2,3,2874.0,36,0.0005170445,1,Mono-product exposed
771220758,0,1,4614,83,0.725,1,2,2896.0,27,0.0004144095,1,Mono-product exposed
709920258,0,1,4531,73,0.19,1,3,9294.0,28,0.0040601934,5,Mono-product exposed
708959583,0,2,3415,84,0.077,1,2,9389.0,39,0.0021562972,4,Mono-product exposed
712510833,0,3,4121,81,0.091,2,3,9317.0,30,0.0027792486,4,Mono-product exposed
710840433,0,1,3339,51,0.222,2,3,7452.0,20,0.26348767,9,Mono-product exposed
712853358,1,3,2216,44,0.0,2,2,1817.0,36,0.99670416,10,Dormant high-risk
788502858,0,2,4431,68,0.195,2,1,10021.0,51,0.0055675115,5,Mono-product exposed
721139808,0,2,3889,80,0.461,1,1,2344.0,36,0.0012151494,2,Mono-product exposed
711375558,0,3,4540,78,0.564,2,1,3072.0,34,0.0013895326,3,Mono-product exposed
713798958,0,3,4643,87,0.735,2,1,1946.0,36,0.001265692,2,Mono-product exposed
709362033,1,5,2253,48,0.0,1,3,1471.0,42,0.99868315,10,Dormant high-risk
719860308,1,3,2418,48,0.0,2,3,1438.3,36,0.9980647,10,Dormant high-risk
714443058,1,2,1664,39,0.0,5,4,1484.0,28,0.988415,10,Contacted but fragile
716315508,1,2,1339,32,0.779,2,5,3233.0,36,0.99333984,10,Contacted but fragile
717651333,0,3,4562,67,0.669,1,1,1745.0,43,0.00636238,6,Mono-product exposed
798489258,0,3,5557,82,0.323,1,1,3709.0,53,0.0054868152,5,Mono-product exposed
710742408,0,1,4518,93,0.952,2,3,2160.0,43,0.00027142465,1,Mono-product exposed
812089383,0,2,4426,88,0.62,1,3,1438.3,36,0.0009855058,2,Mono-product exposed
711968358,0,2,4153,77,0.539,1,1,2638.0,44,0.000966408,2,Mono-product exposed
794227308,0,1,4493,79,0.14,1,3,10214.0,50,0.0008908308,2,Mono-product exposed
719845908,0,1,4803,83,0.0,2,3,3240.0,36,0.0022259927,4,Mono-product exposed
716851908,0,3,4784,70,0.539,1,3,2038.0,47,0.0055754134,5,Mono-product exposed
720599658,0,2,5104,75,0.0,2,1,1438.3,36,0.0071036182,6,Mono-product exposed
720401658,1,3,1985,38,0.716,5,5,1438.3,34,0.9255135,9,Dormant high-risk
827442858,0,3,3719,69,0.253,2,1,8111.0,52,0.018733246,7,Mono-product exposed
779034708,0,3,4939,71,0.09,1,1,10730.0,41,0.0036840616,5,Mono-product exposed
718806783,1,3,2629,41,0.124,2,1,2872.0,36,0.99854374,10,Dormant high-risk
714484008,1,3,2138,41,0.0,4,2,1567.0,31,0.9980355,10,Dormant high-risk
719176308,1,3,2120,43,0.0,6,2,7278.0,32,0.982128,10,Dormant high-risk
769662033,0,2,5025,85,0.0,2,3,1438.3,29,0.0025544078,4,Mono-product exposed
721020858,0,2,4220,66,0.614,2,2,3190.0,20,0.0073410543,6,Mono-product exposed
714630858,1,3,2383,39,0.312,2,2,1470.0,36,0.99907035,10,Dormant high-risk
710838108,0,4,4317,72,0.817,1,1,3081.0,36,0.0075915367,6,Mono-product exposed
712662783,1,2,2577,57,0.664,1,6,3793.0,36,0.9973953,10,Contacted but fragile
713160258,0,2,4349,90,0.67,1,3,3034.0,44,0.0006011772,1,Mono-product exposed
778163508,0,1,4938,70,0.199,2,2,5245.0,27,0.008046098,6,Mono-product exposed
713785608,0,2,4918,63,0.0,1,3,2960.0,40,0.73920107,9,Contacted but fragile
779905008,1,2,2660,41,0.0,2,1,1779.0,38,0.9991186,10,Mono-product exposed
789491058,0,3,4570,82,0.0,2,1,1620.0,34,0.0031949135,4,Mono-product exposed
793736958,0,2,4410,86,0.073,1,1,21680.0,43,0.00075892097,1,Mono-product exposed
720961383,1,3,2907,60,0.0,2,4,2952.0,36,0.8917017,9,Dormant high-risk
714202008,1,3,2115,42,0.642,6,2,3918.0,36,0.98869634,10,Dormant high-risk
721479108,0,1,3332,64,0.0,1,3,12764.0,41,0.01432459,7,Mono-product exposed
715549158,0,2,4769,84,0.0,2,0,1438.3,36,0.00095706724,2,Mono-product exposed
710308983,0,1,4148,83,0.766,1,3,3287.0,39,0.0016514921,3,Mono-product exposed
710981583,0,1,5131,86,0.261,2,2,3891.0,36,0.0006832116,1,Mono-product exposed
712704933,1,3,2227,41,0.0,4,3,4048.0,43,0.99418503,10,Dormant high-risk
716165508,0,1,4498,94,0.0,2,1,3559.0,40,0.00056686543,1,Mono-product exposed
710630583,0,1,3738,77,0.616,2,1,2843.0,39,0.0004132304,1,Mono-product exposed
709571958,0,1,4401,65,0.0,1,2,2127.0,47,0.017257262,7,Mono-product exposed
790115358,0,1,4588,77,0.559,2,2,4325.0,32,0.0011802786,2,Mono-product exposed
715904433,1,3,2055,46,0.0,1,2,1695.0,34,0.99908376,10,Dormant high-risk
709078908,0,2,4926,89,0.581,1,3,2648.0,32,0.0014814064,3,Mono-product exposed
717541308,0,2,4838,85,0.554,2,3,2602.0,45,0.0011946191,2,Mono-product exposed
779916408,0,3,4934,70,0.0,1,2,1811.0,23,0.018105492,7,Mono-product exposed
714979383,0,2,5255,77,0.6,1,2,1891.0,46,0.0009878225,2,Mono-product exposed
711691608,1,3,2450,49,0.85,2,3,2881.0,36,0.9972783,10,Dormant high-risk
788930358,0,2,3891,81,0.671,2,2,2827.0,28,0.00091234373,2,Mono-product exposed
716351208,0,3,4175,77,0.615,1,2,4095.0,38,0.005517852,5,Mono-product exposed
708266883,1,2,2312,35,0.0,1,3,1666.0,36,0.9983865,10,Contacted but fragile
718858683,0,3,4511,76,0.0,2,2,1438.3,36,0.0039207987,5,Mono-product exposed
771617883,0,2,4904,82,0.595,1,2,2205.0,42,0.0021788762,4,Mono-product exposed
718001508,0,1,4377,84,0.744,1,2,2890.0,29,0.00041612523,1,Mono-product exposed
708995283,0,1,4871,75,0.22,1,3,10417.0,36,0.0013997622,3,Mono-product exposed
721173183,0,1,4984,85,0.794,2,2,2363.0,43,0.00040463306,1,Mono-product exposed
711102858,1,2,1618,34,0.274,4,3,3137.0,36,0.9252344,9,Contacted but fragile
711722808,1,3,2520,40,0.0,5,3,1483.0,44,0.9978502,10,Dormant high-risk
787466808,0,2,5329,82,0.836,2,3,3009.0,22,0.0035307084,5,Mono-product exposed
716116383,0,2,4682,77,0.495,1,1,5087.0,36,0.002858318,4,Mono-product exposed
713257083,0,3,4343,66,0.624,1,1,1925.0,36,0.0058885696,6,Mono-product exposed
772661808,0,1,5051,83,0.284,2,2,7234.0,46,0.00089627213,2,Mono-product exposed
713382558,0,1,4304,81,0.462,1,2,2063.0,42,0.0009415945,2,Mono-product exposed
717596883,0,3,5270,78,0.223,4,2,5530.0,39,0.007172806,6,Lower-risk active
712993008,0,3,4533,68,0.493,4,1,3819.0,48,0.0029574274,4,Lower-risk active
824763783,0,2,4251,76,0.426,2,3,2645.0,55,0.001728876,3,Mono-product exposed
771730758,0,3,4443,75,0.0,4,2,5448.0,39,0.0035652032,5,Lower-risk active
780265458,0,2,4466,85,0.408,4,2,3495.0,42,0.0008656823,2,Lower-risk active
714256758,0,1,4347,66,0.0,3,1,8074.0,36,0.004810949,5,Lower-risk active
710292333,1,3,2618,52,0.0,3,4,7772.0,36,0.98754555,10,Dormant high-risk
712171158,0,1,4986,79,0.0,6,1,3124.0,30,0.0017876151,3,Lower-risk active
787339158,1,6,2361,41,0.0,3,3,8688.0,50,0.99634874,10,Dormant high-risk
788782008,0,3,4146,69,0.0,4,2,15987.0,30,0.01178837,6,Lower-risk active
714848958,1,2,2315,43,0.059,6,1,15109.0,37,0.9816595,10,Lower-risk active
714987633,0,2,4026,53,0.412,2,3,4953.0,36,0.39932245,9,Mono-product exposed
717684858,0,3,5002,60,0.06,6,3,22304.0,38,0.30509833,9,Lower-risk active
767376483,0,3,5176,91,0.0,5,3,1893.0,20,0.00027554407,1,Lower-risk active
709901058,0,2,4185,80,0.521,2,1,2232.0,30,0.0011144095,2,Mono-product exposed
823149483,0,5,4643,76,0.0,1,3,1766.0,48,0.006220373,6,Mono-product exposed
780073158,0,1,4455,85,0.303,2,1,3790.0,44,0.0004291618,1,Mono-product exposed
779998083,0,2,4069,66,0.224,1,3,6392.0,23,0.0054838182,5,Mono-product exposed
713144208,1,4,2053,49,0.057,1,4,9989.0,42,0.9977779,10,Dormant high-risk
771594783,1,4,2264,37,0.0,2,4,1438.3,44,0.9981085,10,Dormant high-risk
816613158,0,3,4117,69,0.592,2,1,2559.0,43,0.0064315023,6,Mono-product exposed
770774133,0,2,4826,70,0.035,1,3,34516.0,39,0.0063172136,6,Mono-product exposed
712300683,0,2,4897,96,0.0,2,1,1438.3,32,0.00060958666,1,Mono-product exposed
714536208,0,2,4203,73,0.677,1,3,2473.0,36,0.0017214253,3,Mono-product exposed
784880958,0,3,3776,84,0.418,2,1,4022.0,28,0.00075642637,1,Mono-product exposed
713784558,0,2,4833,77,0.268,1,3,3510.0,36,0.0021519382,3,Mono-product exposed
719305608,1,3,2447,47,0.81,4,3,2347.0,36,0.9158168,9,Dormant high-risk
720190083,1,3,2509,47,0.0,1,4,1632.0,39,0.99931157,10,Dormant high-risk
708323208,1,2,2241,36,0.0,4,4,1522.0,36,0.9914681,10,Contacted but fragile
781183233,0,1,3805,79,0.733,2,1,2085.0,25,0.000285291,1,Mono-product exposed
718825908,0,1,4575,78,0.381,1,1,3803.0,47,0.0012739853,2,Mono-product exposed
716963283,1,2,2751,49,0.795,2,3,3165.0,38,0.96435094,9,Contacted but fragile
714924483,0,3,4226,92,0.503,2,2,4628.0,46,0.0007050497,1,Mono-product exposed
779922183,0,2,4758,81,0.879,2,2,2253.0,36,0.0011487987,2,Mono-product exposed
719449533,1,2,2386,49,0.86,1,3,2655.0,38,0.99328846,10,Contacted but fragile
712559058,0,3,4765,76,0.073,1,2,20882.0,45,0.0014545877,3,Mono-product exposed
717853233,0,1,4772,76,0.214,1,3,3306.0,31,0.0010166193,2,Mono-product exposed
790069233,0,1,4289,72,0.0,2,2,2052.0,37,0.0019388952,3,Mono-product exposed
794576058,0,2,4070,76,0.158,1,3,8480.0,26,0.0021901722,4,Mono-product exposed
779877858,0,3,4428,80,0.645,2,2,2081.0,37,0.0042978106,5,Mono-product exposed
772334133,0,1,4583,86,0.0,2,3,4637.0,42,0.0029408587,4,Mono-product exposed
714139308,0,5,4722,81,0.0,2,1,1438.3,42,0.008290939,6,Mono-product exposed
806634783,0,3,4267,75,0.411,1,2,3420.0,33,0.0055730524,5,Mono-product exposed
720101658,0,1,4614,70,0.325,2,2,3416.0,19,0.001853743,3,Mono-product exposed
719925483,0,1,4531,88,0.48,2,1,2171.0,36,0.00029136284,1,Mono-product exposed
719572833,0,2,5440,83,0.555,2,2,2791.0,46,0.0014879962,3,Mono-product exposed
720729108,0,2,5373,87,0.243,1,1,4445.0,17,0.00400165,5,Mono-product exposed
819214233,0,2,5138,84,0.0,2,2,1530.0,38,0.0020560992,3,Mono-product exposed
718896108,0,1,5014,84,0.0,2,1,1438.3,36,0.0016021179,3,Mono-product exposed
713723433,0,1,4188,79,0.0,1,3,5721.0,44,0.0028887156,4,Mono-product exposed
708514383,0,1,4314,81,0.308,2,0,3809.0,29,0.0005730947,1,Mono-product exposed
716961033,0,3,3630,78,0.611,1,3,3520.0,40,0.0019416692,3,Mono-product exposed
778819083,1,3,2264,47,0.0,1,3,1604.0,33,0.9990206,10,Dormant high-risk
714773508,1,4,2532,43,0.215,6,3,1632.0,46,0.99735415,10,Dormant high-risk
814181433,0,3,4242,64,0.43,1,2,3914.0,41,0.010625217,6,Mono-product exposed
711984633,0,2,4373,89,0.839,1,3,2328.0,27,0.0014010625,3,Mono-product exposed
710662158,0,3,2051,41,0.073,1,3,34516.0,34,0.9878879,10,Dormant high-risk
711356733,0,2,4667,90,0.218,2,3,3883.0,36,0.002942053,4,Mono-product exposed
711456108,1,3,2488,44,0.569,5,3,1438.3,39,0.97320867,9,Dormant high-risk
780727833,0,4,4526,95,0.779,1,3,3229.0,41,0.0016425013,3,Mono-product exposed
771471708,0,1,5097,77,0.577,2,3,3080.0,32,0.0013078407,2,Mono-product exposed
714320358,0,1,4126,56,0.501,2,2,2569.0,33,0.15341875,8,Mono-product exposed
720700008,0,1,4686,81,0.495,1,3,4517.0,36,0.0007375962,1,Mono-product exposed
713027058,1,2,2595,31,0.0,2,3,2292.0,36,0.9992156,10,Contacted but fragile
778228458,0,3,4943,70,0.768,2,3,2510.0,42,0.25455436,8,Mono-product exposed
781137783,1,3,2478,43,0.079,1,4,2420.0,33,0.99909234,10,Dormant high-risk
719821908,1,1,2752,43,0.0,2,2,2703.0,16,0.99832076,10,Mono-product exposed
720537633,0,3,4961,85,0.702,2,1,3047.0,36,0.003044406,4,Mono-product exposed
712378983,1,6,2599,61,0.127,5,5,7570.0,47,0.104139164,8,Lower-risk active
763681908,0,2,5674,78,0.159,1,1,5795.0,27,0.054101188,8,Mono-product exposed
721164483,0,1,4894,84,0.446,2,3,1441.0,34,0.0009260217,2,Mono-product exposed
715447008,0,3,5119,83,0.606,2,2,2999.0,36,0.0015555011,3,Mono-product exposed
769676358,0,1,5066,76,0.91,1,2,1438.3,32,0.0009006634,2,Mono-product exposed
710487033,0,3,4445,78,0.0,2,3,1438.3,28,0.0046620904,5,Mono-product exposed
714197133,1,3,2811,52,0.0,2,3,4762.0,36,0.9982622,10,Dormant high-risk
718488783,0,2,4821,66,0.354,2,2,4802.0,30,0.034781057,7,Mono-product exposed
715663458,0,3,5016,88,0.287,2,1,2268.0,39,0.0012433692,2,Mono-product exposed
717865008,0,1,4425,81,0.325,2,1,1438.3,36,0.0005405763,1,Mono-product exposed
771400608,0,1,4727,76,0.168,2,2,8204.0,44,0.001680884,3,Mono-product exposed
708148158,0,3,4207,86,0.0,2,2,1827.0,21,0.0030887506,4,Mono-product exposed
720589008,0,3,4317,83,0.391,1,2,4072.0,38,0.0016086908,3,Mono-product exposed
784795083,0,1,4794,73,0.0,2,3,1984.0,25,0.00870968,6,Mono-product exposed
809844108,0,1,4775,78,0.0,2,1,8086.0,43,0.0014088476,3,Mono-product exposed
711521958,0,2,4660,68,0.948,2,2,1588.0,36,0.006097906,6,Mono-product exposed
711833508,0,3,4643,89,0.0,2,2,1536.0,27,0.005320309,5,Mono-product exposed
713146683,0,3,5473,79,0.0,2,2,4460.0,36,0.07206909,8,Mono-product exposed
716968683,0,2,5157,72,0.134,2,3,11287.0,38,0.00788711,6,Mono-product exposed
716279508,1,3,2639,46,0.734,2,3,3430.0,41,0.9952614,10,Dormant high-risk
771336783,0,3,4351,81,0.765,1,2,1759.0,38,0.0012426435,2,Mono-product exposed
717502083,1,2,2718,44,0.0,4,3,6314.0,28,0.98554176,10,Contacted but fragile
714843483,0,1,5063,83,0.208,1,2,7176.0,48,0.0009859045,2,Mono-product exposed
709745508,1,4,2140,40,0.0,1,3,2295.0,47,0.9996908,10,Dormant high-risk
711382458,1,3,2389,49,0.0,2,5,1438.3,38,0.99829715,10,Dormant high-risk
712190358,0,3,5199,73,0.978,1,2,1843.0,29,0.005361905,5,Mono-product exposed
788805858,0,3,4997,89,0.558,2,1,2181.0,31,0.00056208164,1,Mono-product exposed
709102458,1,3,2607,41,0.0,4,5,4754.0,36,0.99643564,10,Dormant high-risk
712533708,0,2,4894,85,0.0,2,2,11247.0,36,0.0022394005,4,Mono-product exposed
720326733,0,3,3761,58,0.053,2,1,16258.0,47,0.15584117,8,Mono-product exposed
713605908,0,1,3863,69,0.038,1,1,34516.0,37,0.0024774948,4,Mono-product exposed
711598533,0,2,3607,75,0.406,1,3,4255.0,36,0.0046687797,5,Mono-product exposed
795855258,0,3,5045,82,0.0,2,2,1438.3,42,0.0035910169,5,Mono-product exposed
826783233,0,3,4750,89,0.731,1,2,3029.0,53,0.0021297368,3,Mono-product exposed
789228108,0,2,4378,86,0.144,2,3,9091.0,45,0.0010032797,2,Mono-product exposed
785230083,0,2,4905,80,0.708,1,1,3318.0,44,0.001917157,3,Mono-product exposed
807946833,1,3,2771,36,0.0,6,3,1791.0,39,0.9975224,10,Dormant high-risk
711011508,0,3,4387,91,0.476,1,2,1620.0,35,0.0004674909,1,Mono-product exposed
718632933,0,5,4731,71,0.0,1,1,1552.0,46,0.009644213,6,Mono-product exposed
717284133,0,2,4520,84,0.725,1,3,3472.0,41,0.0025836944,4,Mono-product exposed
711701058,0,2,4892,94,0.134,2,3,10973.0,36,0.00047628948,1,Mono-product exposed
712228458,0,3,4302,63,0.042,2,1,25645.0,32,0.053270463,8,Mono-product exposed
717146208,1,4,2828,50,0.591,1,4,4257.0,51,0.97623956,10,Dormant high-risk
719028783,0,3,4486,74,0.0,2,3,3422.0,29,0.017714381,7,Mono-product exposed
713274183,0,1,4182,85,0.284,1,3,4977.0,35,0.0006046293,1,Mono-product exposed
789218433,0,3,4528,86,0.0,2,2,1438.3,22,0.0020573393,3,Mono-product exposed
790139583,0,2,4386,64,0.557,2,1,1438.3,32,0.0047212793,5,Mono-product exposed
720218658,0,3,4501,96,0.224,2,1,3369.0,26,0.0010174555,2,Mono-product exposed
747074058,0,3,4758,81,0.23,1,0,7114.0,40,0.0009205263,2,Mono-product exposed
719170683,0,2,4401,73,0.0,2,3,10972.0,29,0.008890087,6,Mono-product exposed
708753633,0,1,4462,77,0.0,2,1,1438.3,32,0.0008943816,2,Mono-product exposed
710780883,0,2,4610,78,0.597,1,3,2446.0,38,0.0013459931,2,Mono-product exposed
785237958,1,3,2661,35,0.0,2,3,3439.0,39,0.99903715,10,Dormant high-risk
711333933,0,1,4586,72,0.552,2,1,3005.0,36,0.0014655538,3,Mono-product exposed
710797833,0,3,4360,95,0.414,1,2,2033.0,30,0.00053050293,1,Mono-product exposed
720154533,0,3,5063,78,0.68,2,2,2415.0,39,0.0045227325,5,Mono-product exposed
719123958,1,2,2137,45,0.0,2,3,5051.0,27,0.9961366,10,Contacted but fragile
780942633,0,1,3552,68,0.38,2,3,3519.0,32,0.004607317,5,Mono-product exposed
720034983,0,1,4258,68,0.0,2,1,10254.0,13,0.0054056053,5,Mono-product exposed
717307158,0,1,5331,79,0.709,2,3,1853.0,36,0.0013409384,2,Mono-product exposed
708876183,0,3,3722,69,0.0,2,2,28673.0,43,0.020924075,7,Mono-product exposed
712660308,1,3,2472,40,0.0,2,3,1895.0,36,0.99946827,10,Dormant high-risk
715958583,0,2,3588,63,0.567,1,2,2041.0,43,0.029439708,7,Mono-product exposed
771546708,0,2,5013,81,0.0,2,1,1438.3,34,0.0016086134,3,Mono-product exposed
711252258,0,3,4148,54,0.627,1,2,1572.0,36,0.4748518,9,Mono-product exposed
772585008,0,3,5111,90,0.608,2,1,3187.0,38,0.0007907403,1,Mono-product exposed
751143858,0,1,4636,91,0.326,2,1,7427.0,52,0.0009524195,2,Mono-product exposed
708824958,0,1,4265,63,0.0,2,2,1460.0,42,0.020590609,7,Mono-product exposed
819612933,0,3,5472,70,0.0,1,3,25410.0,47,0.830946,9,Dormant high-risk
712804383,0,1,4684,82,0.557,1,2,2143.0,38,0.00039700302,1,Mono-product exposed
790149483,0,3,4195,89,0.173,2,3,8566.0,35,0.00090705045,2,Mono-product exposed
712121508,0,2,5200,89,0.0,1,0,1438.3,30,0.00043576118,1,Mono-product exposed
778853358,0,3,4783,91,0.0,1,3,3297.0,40,0.0025191994,4,Mono-product exposed
716512383,0,3,4817,87,0.894,1,1,2816.0,36,0.0024887163,4,Mono-product exposed
823548858,1,5,2585,48,0.031,5,4,10533.0,49,0.9761529,10,Dormant high-risk
712144158,1,6,2164,45,0.492,6,3,2370.0,48,0.8943789,9,Dormant high-risk
824560758,1,3,2475,61,0.0,1,4,1678.0,31,0.9577749,9,Dormant high-risk
757710783,1,2,2516,63,0.0,4,3,1493.0,29,0.7982617,9,Contacted but fragile
713081583,0,2,4647,86,0.541,2,3,2350.0,32,0.0018376242,3,Mono-product exposed
710481333,1,3,2272,57,0.6,5,5,2690.0,36,0.7754899,9,Dormant high-risk
721060083,0,1,4653,71,0.261,1,1,7226.0,27,0.0010374078,2,Mono-product exposed
713759583,0,1,4883,71,0.574,1,1,3173.0,36,0.0008495026,2,Mono-product exposed
717547383,0,3,4233,77,0.482,2,1,2890.0,32,0.0012177466,2,Mono-product exposed
711683358,1,3,2135,44,0.0,2,4,3313.0,41,0.99916005,10,Dormant high-risk
710044308,0,2,2480,47,0.607,2,2,2625.0,27,0.954564,9,Mono-product exposed
713101383,0,1,5402,87,0.0,1,1,1834.0,36,0.002304248,4,Mono-product exposed
757685733,0,2,5066,75,0.665,1,2,3226.0,36,0.0023452167,4,Mono-product exposed
717823383,0,1,4268,81,0.537,1,3,3426.0,47,0.00094709103,2,Mono-product exposed
796029483,0,3,3890,78,0.361,2,2,2174.0,43,0.0025786317,4,Mono-product exposed
710099358,0,3,4935,92,0.0,2,1,3959.0,36,0.0014549916,3,Mono-product exposed
713872008,0,3,4656,72,0.608,1,1,2215.0,42,0.0025711714,4,Mono-product exposed
788802483,0,2,4766,87,0.567,2,3,2814.0,29,0.0012601904,2,Mono-product exposed
817988433,0,2,4097,78,0.146,2,2,6941.0,51,0.0018124431,3,Mono-product exposed
823554783,0,1,5022,85,0.0,2,3,3269.0,40,0.0023499283,4,Mono-product exposed
710643183,0,2,4163,83,0.366,2,3,3172.0,23,0.0010798265,2,Mono-product exposed
779859558,1,2,2398,29,0.413,2,4,2452.0,38,0.99658126,10,Contacted but fragile
798238008,0,1,4644,85,0.0,2,2,5070.0,30,0.0019179792,3,Mono-product exposed
811974483,0,3,5110,86,0.493,1,1,1466.0,51,0.0014622374,3,Mono-product exposed
778471758,0,3,4663,85,0.973,1,3,2427.0,37,0.0020531367,3,Mono-product exposed
718513233,0,3,4740,78,0.103,1,3,17999.0,48,0.002187423,4,Mono-product exposed
718147233,0,2,4999,95,0.338,2,3,4553.0,31,0.0010120036,2,Mono-product exposed
713700258,0,3,4644,79,0.642,1,3,2953.0,42,0.0019791196,3,Mono-product exposed
780670083,1,2,2596,48,0.0,1,3,4363.0,28,0.9951793,10,Contacted but fragile
711438033,0,3,5750,73,0.0,1,2,1894.0,45,0.24078654,8,Mono-product exposed
712253058,0,2,4189,83,0.598,1,1,2097.0,40,0.00078583666,1,Mono-product exposed
713519508,0,1,5065,80,0.499,1,1,1983.0,36,0.00035902794,1,Mono-product exposed
789992733,0,1,4937,75,0.696,1,2,2210.0,42,0.0013014055,2,Mono-product exposed
710110683,0,1,4844,83,0.128,1,3,7879.0,36,0.00087033625,2,Mono-product exposed
720260433,0,3,5577,95,0.506,2,2,3336.0,34,0.0007606054,1,Mono-product exposed
714148758,0,3,5228,68,0.81,2,3,1726.0,27,0.0861472,8,Mono-product exposed
715522233,0,6,4878,92,0.522,1,3,2917.0,27,0.0003835316,1,Mono-product exposed
712790358,1,3,2219,44,0.446,6,4,3023.0,30,0.95922226,9,Dormant high-risk
714943233,0,2,3911,80,0.807,2,2,1915.0,31,0.000734758,1,Mono-product exposed
789579033,0,3,5021,84,0.43,2,3,4878.0,36,0.0019066365,3,Mono-product exposed
708952758,0,1,4887,76,0.746,2,2,2066.0,35,0.00038659727,1,Mono-product exposed
721374033,0,3,4341,69,0.515,2,3,2164.0,39,0.007097413,6,Mono-product exposed
808891983,0,3,4042,60,0.294,2,2,6250.0,37,0.041931078,8,Mono-product exposed
794516508,0,2,4838,81,0.0,2,1,1484.0,24,0.0031711813,4,Mono-product exposed
714032883,0,1,4598,80,0.337,1,1,4718.0,36,0.0016145303,3,Mono-product exposed
778722033,0,2,5626,77,0.556,2,0,2275.0,28,0.0013311907,2,Mono-product exposed
823578483,0,1,4429,78,0.813,2,2,1438.3,40,0.00050141965,1,Mono-product exposed
715148658,0,3,4684,86,0.282,1,3,3683.0,43,0.002511564,4,Mono-product exposed
709669533,0,3,4488,88,0.479,2,2,2722.0,30,0.0035439278,5,Mono-product exposed
787467858,0,1,4081,54,0.059,1,3,34516.0,30,0.29355836,9,Mono-product exposed
708671733,0,3,4091,71,0.723,2,3,2072.0,36,0.0023443867,4,Mono-product exposed
709790058,0,1,4985,87,0.237,1,3,6383.0,40,0.0009833534,2,Mono-product exposed
712714008,0,3,4714,81,0.845,2,2,2725.0,28,0.0020647144,3,Mono-product exposed
715191258,0,2,4138,64,0.747,1,3,2675.0,41,0.008448219,6,Mono-product exposed
757722708,0,3,4246,83,0.0,1,1,1438.3,35,0.0058564614,6,Mono-product exposed
718086783,0,2,4738,56,0.0,2,1,13478.0,36,0.8721325,9,Mono-product exposed
815253708,0,2,4144,73,0.636,1,2,2841.0,41,0.002418422,4,Mono-product exposed
715083633,0,2,5271,76,0.971,2,3,1830.0,23,0.0023371796,4,Mono-product exposed
792098883,0,1,3696,82,0.51,2,3,2360.0,31,0.000622208,1,Mono-product exposed
711873858,0,3,4667,91,0.506,2,2,3717.0,35,0.00042356626,1,Mono-product exposed
713931258,1,3,1988,42,0.0,2,4,1438.3,45,0.998676,10,Dormant high-risk
787591008,0,1,4955,83,0.522,2,1,2289.0,34,0.00045764647,1,Mono-product exposed
801518958,0,3,4139,69,0.0,2,3,5338.0,50,0.026718948,7,Mono-product exposed
713068833,0,2,4687,85,0.622,2,1,1438.3,32,0.0007729569,1,Mono-product exposed
710566533,0,3,4159,67,0.603,1,3,2276.0,27,0.0050129523,5,Mono-product exposed
789151983,0,3,5244,87,0.271,2,3,4091.0,31,0.0032545063,4,Mono-product exposed
766673433,0,3,4512,80,0.413,2,3,3798.0,38,0.004028919,5,Mono-product exposed
807589908,0,2,4189,80,0.462,1,1,1778.0,42,0.0008591085,2,Mono-product exposed
708190158,1,3,2750,41,0.831,2,0,2920.0,26,0.98902494,10,Dormant high-risk
784895358,1,3,2870,49,0.0,5,3,1938.0,43,0.97031903,9,Dormant high-risk
710090133,0,3,3908,80,0.416,1,3,4049.0,51,0.0024604215,4,Mono-product exposed
799242033,0,3,4598,86,0.808,2,2,1438.3,39,0.0016997997,3,Mono-product exposed
719377383,0,2,4957,90,0.186,1,3,10880.0,28,0.0006284359,1,Mono-product exposed
710371683,0,1,4097,67,0.581,2,2,3451.0,36,0.0031413455,4,Mono-product exposed
719926683,0,2,4754,77,0.105,2,2,20749.0,33,0.001880447,3,Mono-product exposed
793597833,0,3,4466,69,0.632,1,1,2481.0,43,0.004925639,5,Mono-product exposed
713739708,0,3,4479,71,0.849,1,3,2415.0,53,0.0072053904,6,Mono-product exposed
709389558,0,3,4641,85,0.0,1,0,1438.3,36,0.0028829295,4,Mono-product exposed
811907583,0,2,4240,67,0.207,1,2,7600.0,40,0.014652257,7,Mono-product exposed
709087983,0,2,5020,94,0.0,2,3,1438.3,27,0.0010584197,2,Mono-product exposed
712774908,0,2,5111,83,0.715,2,2,2601.0,29,0.0008488375,2,Mono-product exposed
820639908,0,2,4378,81,0.959,1,1,2625.0,44,0.001867687,3,Mono-product exposed
713497983,0,2,3459,53,0.0,1,2,5578.0,36,0.81568295,9,Mono-product exposed
713489358,0,3,3763,82,0.0,2,2,3698.0,40,0.0048847264,5,Mono-product exposed
711381183,0,3,4485,85,0.793,2,2,1438.3,36,0.0012857713,2,Mono-product exposed
814989933,0,2,5575,73,0.589,1,1,1795.0,40,0.0068889726,6,Mono-product exposed
711847833,0,2,4833,71,0.583,2,2,1933.0,32,0.0016467472,3,Mono-product exposed
772837083,0,3,3906,87,0.0,2,1,27169.0,32,0.003784154,5,Mono-product exposed
713652783,0,1,5568,90,0.515,1,1,2367.0,36,0.004201222,5,Mono-product exposed
719202708,0,2,4633,84,0.096,2,1,5642.0,36,0.0021224762,3,Mono-product exposed
714566133,0,2,4621,91,0.727,1,2,3239.0,36,0.00036432323,1,Mono-product exposed
717553683,0,1,4608,61,0.828,1,3,3040.0,36,0.050929673,8,Mono-product exposed
814987983,0,1,4835,77,0.186,2,3,3680.0,32,0.0023006292,4,Mono-product exposed
789588933,0,1,3912,79,0.0,1,1,1787.0,37,0.0015056266,3,Mono-product exposed
714317058,0,3,3946,63,0.513,2,1,4752.0,36,0.06529844,8,Mono-product exposed
772271508,1,3,2320,42,0.0,2,3,1706.0,35,0.99910897,10,Dormant high-risk
716366208,0,1,5221,82,0.0,2,3,8103.0,36,0.011193178,6,Mono-product exposed
710971908,0,3,4898,80,0.473,2,3,3764.0,31,0.0015676216,3,Mono-product exposed
711412533,1,3,2416,45,0.286,6,5,5492.0,35,0.83062744,9,Dormant high-risk
720593583,0,2,5152,90,0.21,1,2,3554.0,32,0.0009796483,2,Mono-product exposed
720165258,0,3,5357,91,0.735,2,1,3170.0,29,0.001973935,3,Mono-product exposed
716147658,0,3,4739,86,0.65,2,1,2464.0,40,0.0011442695,2,Mono-product exposed
778436283,0,3,4015,76,0.439,2,1,3429.0,21,0.00090322306,2,Mono-product exposed
711492258,0,1,5298,71,0.781,2,0,2021.0,45,0.0011857564,2,Mono-product exposed
771106458,0,5,4609,61,0.537,1,2,2444.0,41,0.08984491,8,Mono-product exposed
713183508,0,3,4861,82,0.421,1,2,2751.0,36,0.0014693995,3,Mono-product exposed
710832108,0,3,4552,81,0.262,2,3,9017.0,44,0.005079095,5,Mono-product exposed
719940483,0,2,4841,88,0.789,2,2,2107.0,43,0.00057449756,1,Mono-product exposed
715207458,0,2,4802,90,0.529,2,1,2029.0,39,0.00067176967,1,Mono-product exposed
716839983,0,3,4520,75,0.0,2,2,32777.0,36,0.008050206,6,Mono-product exposed
781073733,0,3,4793,88,0.0,1,3,4607.0,41,0.010492601,6,Mono-product exposed
757594083,0,4,4530,74,0.0,2,0,23486.0,45,0.0028401995,4,Mono-product exposed
764496708,0,3,4961,82,0.0,2,3,1997.0,47,0.004235767,5,Mono-product exposed
714080433,0,3,4758,67,0.568,2,2,3144.0,36,0.037542358,7,Mono-product exposed
757675158,0,2,4904,85,0.679,2,3,2725.0,40,0.0011164922,2,Mono-product exposed
715361433,0,2,4194,78,0.53,2,3,1874.0,36,0.0007541609,1,Mono-product exposed
778191933,1,3,2305,42,0.353,2,5,7135.0,35,0.99843603,10,Dormant high-risk
718792758,0,3,5121,80,0.174,2,2,3379.0,25,0.0015768921,3,Mono-product exposed
709738008,0,6,5033,81,0.377,1,2,2804.0,36,0.0018002918,3,Mono-product exposed
799020258,0,1,4797,82,0.0,2,2,16553.0,38,0.0022531066,4,Mono-product exposed
718152333,1,3,3607,51,0.0,2,6,2246.0,36,0.98319906,10,Dormant high-risk
716324583,0,4,4577,81,0.658,1,1,2875.0,36,0.0011452874,2,Mono-product exposed
720887058,0,2,4753,87,0.0,1,3,3668.0,35,0.0058833775,6,Mono-product exposed
714825408,0,3,4971,65,0.882,2,3,2853.0,36,0.16376787,8,Mono-product exposed
788620083,0,2,4563,89,0.596,2,2,2382.0,41,0.00041999525,1,Mono-product exposed
719490108,0,3,4854,74,0.629,1,1,2830.0,36,0.0049765054,5,Mono-product exposed
709044183,0,3,3995,64,0.033,1,3,24987.0,27,0.03650645,7,Mono-product exposed
756944133,0,1,4452,89,0.585,1,3,3705.0,45,0.0007211307,1,Mono-product exposed
785285883,1,3,2622,53,0.0,6,4,1675.0,43,0.9605525,9,Dormant high-risk
779770683,0,3,5047,79,0.0,2,3,1439.0,36,0.0042282576,5,Mono-product exposed
718510983,0,3,3720,89,0.0,1,2,4440.0,41,0.0028357303,4,Mono-product exposed
710322033,0,1,4515,77,0.689,1,1,2563.0,44,0.0007317041,1,Mono-product exposed
710560008,0,3,4588,75,0.917,1,0,1896.0,33,0.0006647079,1,Mono-product exposed
711298458,1,2,2338,40,0.0,5,5,2190.0,26,0.983942,10,Contacted but fragile
789164283,0,1,4726,87,0.743,1,3,2596.0,44,0.0004673209,1,Mono-product exposed
715773783,1,3,2558,38,0.134,2,4,4196.0,35,0.9990024,10,Dormant high-risk
779158533,0,3,4774,74,0.598,2,3,1616.0,25,0.0022439118,4,Mono-product exposed
720463833,0,1,5022,76,0.263,1,2,6618.0,36,0.0005641561,1,Mono-product exposed
712747758,1,2,2037,43,0.0,2,3,2477.0,36,0.99892384,10,Contacted but fragile
771067308,0,1,5616,73,0.628,1,2,3040.0,25,0.0060618846,6,Mono-product exposed
750995508,1,3,1679,29,0.223,1,3,4697.0,32,0.9881434,10,Dormant high-risk
716171358,0,3,4460,85,0.501,2,1,4436.0,36,0.001582303,3,Mono-product exposed
794637333,0,2,3881,77,0.0,2,2,13138.0,25,0.004220469,5,Mono-product exposed
718437033,1,3,2527,38,0.473,4,2,1438.3,30,0.9783766,10,Dormant high-risk
718492908,0,2,4636,86,0.471,1,3,3297.0,36,0.0010247047,2,Mono-product exposed
716033508,0,3,4514,66,0.229,1,2,6272.0,34,0.0026732667,4,Mono-product exposed
717603858,0,2,4325,77,0.317,1,1,5608.0,42,0.0011499461,2,Mono-product exposed
714741933,0,1,4033,76,0.178,1,2,9906.0,32,0.00047214102,1,Mono-product exposed
716558283,0,2,5247,84,0.645,2,2,1621.0,36,0.0010438847,2,Mono-product exposed
719022558,0,3,5106,74,0.509,1,3,2305.0,38,0.0038920748,5,Mono-product exposed
717334233,0,3,4804,79,0.264,1,2,9525.0,43,0.0052308757,5,Mono-product exposed
709222008,1,3,2422,41,0.468,1,4,4742.0,32,0.99805367,10,Dormant high-risk
719192808,0,1,4674,71,0.678,2,1,3168.0,36,0.0008305573,2,Mono-product exposed
719281533,0,1,5076,84,0.472,2,3,2939.0,27,0.0005647393,1,Mono-product exposed
710877108,0,1,4171,75,0.473,1,2,2724.0,32,0.0005825679,1,Mono-product exposed
714155283,0,3,4861,77,0.125,2,0,6990.0,36,0.000814893,1,Mono-product exposed
771214083,0,2,4891,65,0.0,1,3,1870.0,32,0.108792886,8,Mono-product exposed
770581983,0,1,4885,88,0.0,1,3,1438.3,41,0.0012910032,2,Mono-product exposed
718742808,1,4,2877,49,0.153,2,3,4629.0,46,0.9919269,10,Dormant high-risk
710257683,0,2,4520,73,0.033,1,2,34516.0,33,0.0032113164,4,Mono-product exposed
721426383,1,3,2424,40,0.168,4,0,1558.0,36,0.99299353,10,Dormant high-risk
721041483,1,2,2032,39,0.192,1,2,13093.0,37,0.9978002,10,Mono-product exposed
719922558,0,2,5346,84,0.0,2,3,1438.3,33,0.011449281,6,Mono-product exposed
715072533,0,6,4456,75,0.0,2,2,4451.0,36,0.006045,6,Mono-product exposed
716214108,0,2,4892,80,0.0,1,1,6426.0,36,0.0029322961,4,Mono-product exposed
772216833,0,2,4510,88,0.706,1,1,2761.0,36,0.00073562295,1,Mono-product exposed
708553008,0,2,4711,64,0.514,1,3,2148.0,36,0.020234574,7,Mono-product exposed
778880358,0,3,4208,71,0.663,1,3,2485.0,30,0.0027852962,4,Mono-product exposed
720258183,0,3,5421,75,0.742,2,3,3394.0,25,0.02886413,7,Mono-product exposed
720689583,0,3,5657,91,0.519,1,3,3367.0,40,0.001369722,2,Mono-product exposed
758168133,0,3,4325,86,0.255,2,1,4154.0,43,0.0012752964,2,Mono-product exposed
716322783,0,2,4538,74,0.756,2,2,2154.0,37,0.0016684715,3,Mono-product exposed
711118083,0,2,4504,80,0.712,1,1,2506.0,43,0.00057342666,1,Mono-product exposed
709591533,0,1,3474,60,0.629,1,3,1774.0,38,0.008107105,6,Mono-product exposed
794556333,0,3,5236,77,0.516,1,3,3287.0,27,0.0023335046,4,Mono-product exposed
771630783,0,1,4786,87,0.513,1,2,1821.0,30,0.00039539725,1,Mono-product exposed
708672708,0,3,3990,65,0.073,2,3,34516.0,31,0.038038924,7,Mono-product exposed
715590258,0,1,4700,69,0.528,1,3,3918.0,36,0.0028835943,4,Mono-product exposed
714241083,0,1,4349,58,0.383,1,3,5455.0,39,0.061176766,8,Mono-product exposed
708416433,1,3,2499,41,0.0,4,2,2372.0,36,0.99667895,10,Dormant high-risk
779183958,1,3,2469,38,0.0,1,4,1492.0,33,0.9996431,10,Dormant high-risk
709061658,0,2,4534,87,0.462,2,3,1550.0,31,0.0012309813,2,Mono-product exposed
717384183,0,3,4863,79,0.767,1,1,2669.0,53,0.0010626839,2,Mono-product exposed
778921908,0,3,4559,80,0.254,2,1,3311.0,23,0.0011521237,2,Mono-product exposed
714745608,0,4,5524,71,0.675,2,3,3068.0,33,0.062830456,8,Mono-product exposed
709200633,0,4,5443,73,0.0,1,3,2721.0,49,0.47797248,9,Mono-product exposed
714714558,0,3,4698,75,0.825,1,2,3050.0,27,0.0026565706,4,Mono-product exposed
801363633,0,2,5200,81,0.496,1,2,3356.0,54,0.002516918,4,Mono-product exposed
778847808,0,2,4911,82,0.47,1,3,2647.0,23,0.0012107654,2,Mono-product exposed
713015433,0,4,4543,71,0.458,2,3,2407.0,36,0.0031163192,4,Mono-product exposed
711666708,1,3,2888,50,0.802,1,4,2233.0,39,0.9849931,10,Dormant high-risk
809631483,0,1,4452,83,0.0,1,3,32106.0,37,0.0019371234,3,Mono-product exposed
808967883,0,1,5069,76,0.604,1,0,2089.0,43,0.00025640606,1,Mono-product exposed
710532258,0,1,4906,83,0.684,1,1,2185.0,36,0.000901683,2,Mono-product exposed
812235108,0,3,4301,58,0.186,2,3,4057.0,39,0.13799132,8,Mono-product exposed
817293258,0,1,4017,63,0.791,1,2,3183.0,27,0.014910705,7,Mono-product exposed
714695883,0,2,4071,75,0.587,1,3,2699.0,36,0.002327984,4,Mono-product exposed
738062658,0,3,4231,62,0.103,2,3,17096.0,50,0.068957984,8,Mono-product exposed
709518858,0,1,4891,87,0.0,1,1,2897.0,38,0.0012781522,2,Mono-product exposed
819634233,1,2,1507,33,0.0,5,2,6568.0,40,0.9624945,9,Lower-risk active
711272058,0,3,4216,71,0.599,1,3,1622.0,28,0.0019981063,3,Mono-product exposed
716262708,0,3,4447,71,0.499,1,2,1438.3,36,0.0036521102,5,Mono-product exposed
708928008,0,3,4035,87,0.0,2,1,1677.0,36,0.0041367565,5,Mono-product exposed
765755283,0,1,4588,74,0.094,1,3,7884.0,41,0.0028991618,4,Mono-product exposed
711922158,0,3,5109,62,0.0,1,3,1860.0,45,0.49949387,9,Mono-product exposed
773177358,0,2,5372,93,0.3,1,2,8074.0,41,0.0014783477,3,Mono-product exposed
779638983,0,3,4592,83,0.741,2,3,2124.0,30,0.0015427867,3,Mono-product exposed
708723858,0,1,3843,67,0.502,1,3,3413.0,37,0.0036310307,5,Mono-product exposed
712184133,0,3,5089,80,0.646,2,3,2178.0,24,0.0015681053,3,Mono-product exposed
709948233,0,4,5347,87,0.776,1,3,2446.0,35,0.0021600793,4,Mono-product exposed
709415583,0,1,4490,66,0.372,1,1,3967.0,21,0.0019566594,3,Mono-product exposed
714005508,0,2,4323,64,0.489,2,2,4146.0,36,0.005813609,5,Mono-product exposed
712407033,0,2,4174,59,0.07,1,3,34516.0,13,0.08741944,8,Mono-product exposed
716333283,0,2,5269,80,0.671,1,2,1869.0,52,0.0023993796,4,Mono-product exposed
715534083,0,3,4043,73,0.615,2,1,2168.0,33,0.0019361473,3,Mono-product exposed
789492558,0,2,4926,82,0.609,1,1,2096.0,40,0.00060540804,1,Mono-product exposed
770929383,0,1,4828,82,0.136,2,1,7293.0,28,0.0008958354,2,Mono-product exposed
708890133,0,2,4659,74,0.0,2,2,1438.3,35,0.002766143,4,Mono-product exposed
788595183,0,1,3499,80,0.477,1,3,1438.3,36,0.00098293,2,Mono-product exposed
713167383,0,2,5154,81,0.67,1,2,2298.0,46,0.00083107507,2,Mono-product exposed
717704433,0,2,4313,85,0.218,1,1,3829.0,37,0.001724684,3,Mono-product exposed
718590183,0,3,5067,69,0.606,1,3,1517.0,47,0.016054317,7,Mono-product exposed
719019483,0,3,4266,63,0.112,2,1,13427.0,36,0.024976011,7,Mono-product exposed
710401458,0,2,4350,76,0.0,2,3,16747.0,40,0.004456327,5,Mono-product exposed
720783558,0,3,4937,73,0.223,2,1,9926.0,48,0.006111359,6,Mono-product exposed
772364358,0,1,4413,80,0.301,1,1,2691.0,44,0.0006033844,1,Mono-product exposed
719868183,1,3,2843,42,0.0,5,2,1456.0,30,0.99701476,10,Dormant high-risk
709388058,0,3,4906,80,0.63,2,2,2005.0,34,0.001079044,2,Mono-product exposed
717004533,0,3,4544,81,0.248,2,0,4790.0,36,0.00071275904,1,Mono-product exposed
714969183,0,3,4117,76,0.525,2,1,3123.0,36,0.000795024,1,Mono-product exposed
720837708,0,2,5103,94,0.46,1,3,5471.0,28,0.0031765564,4,Mono-product exposed
759947433,0,2,4812,81,0.0,1,2,13670.0,46,0.0024654134,4,Mono-product exposed
767404083,1,3,2355,47,0.0,2,3,3460.0,45,0.9985482,10,Dormant high-risk
781926633,0,3,4675,88,0.786,1,3,3202.0,42,0.002190465,4,Mono-product exposed
772127508,1,2,2614,49,0.0,6,2,1438.3,20,0.942146,9,Lower-risk active
720518283,0,3,5483,77,0.597,1,2,2296.0,36,0.004301342,5,Mono-product exposed
715380483,0,3,4462,75,0.0,2,2,1476.0,49,0.006978792,6,Mono-product exposed
789296133,0,1,4601,65,0.063,1,3,12287.0,24,0.023089722,7,Mono-product exposed
711029358,0,3,5011,61,0.634,2,2,2470.0,36,0.09191935,8,Mono-product exposed
712615008,0,3,3457,66,0.037,1,2,24431.0,34,0.08469873,8,Mono-product exposed
816826008,0,1,4630,84,0.512,1,2,1950.0,36,0.00042417983,1,Mono-product exposed
715488483,0,3,4575,75,0.0,1,1,6615.0,36,0.008554605,6,Mono-product exposed
717759783,0,3,5298,72,0.149,1,2,5756.0,34,0.064582,8,Mono-product exposed
796083783,1,0,2278,57,0.0,1,6,1438.3,49,0.9962937,10,Contacted but fragile
709925733,0,3,5099,80,0.496,1,2,1438.3,22,0.00075489614,1,Mono-product exposed
715309083,0,3,4851,87,0.0,2,2,1912.0,36,0.0039061867,5,Mono-product exposed
778441533,1,2,2240,34,0.359,6,2,4549.0,26,0.9286706,9,Lower-risk active
715891533,0,2,5458,84,0.659,1,1,1979.0,33,0.0011863908,2,Mono-product exposed
788848458,0,1,5089,71,0.623,1,2,2803.0,24,0.0176864,7,Mono-product exposed
708399858,0,2,4747,77,0.883,2,1,2548.0,35,0.0010015515,2,Mono-product exposed
711944733,0,2,5401,93,0.568,1,2,1457.0,36,0.0007822187,1,Mono-product exposed
712683633,1,3,2464,37,0.0,5,3,1438.3,36,0.9890176,10,Dormant high-risk
785487783,0,2,5350,96,0.712,2,0,1980.0,53,0.00023206911,1,Mono-product exposed
718951683,0,3,4763,83,0.569,2,1,2216.0,35,0.0015088675,3,Mono-product exposed
718329183,0,3,3943,75,0.591,1,2,4262.0,47,0.011253657,6,Mono-product exposed
788960658,0,2,4649,88,0.677,1,3,2573.0,28,0.0007511353,1,Mono-product exposed
713120433,0,2,4569,82,0.37,2,3,5431.0,42,0.0011780082,2,Mono-product exposed
720980958,0,3,4797,87,0.294,1,2,3092.0,30,0.003446744,4,Mono-product exposed
709606158,0,3,4878,86,0.0,1,3,2984.0,31,0.0055083465,5,Mono-product exposed
714168183,0,3,4629,77,0.465,1,3,2186.0,38,0.0019043111,3,Mono-product exposed
712524858,0,6,4314,74,0.618,1,3,2669.0,28,0.0019856724,3,Mono-product exposed
815072283,0,3,5110,75,0.646,1,1,1789.0,45,0.002435399,4,Mono-product exposed
715980258,0,2,4811,77,0.886,1,3,2835.0,25,0.003415016,4,Mono-product exposed
788715483,0,2,4805,86,0.564,2,2,1558.0,28,0.0013917933,3,Mono-product exposed
809276808,0,1,4678,83,0.0,1,3,7299.0,42,0.002315936,4,Mono-product exposed
708885558,1,5,2220,45,0.0,1,2,3556.0,48,0.99805164,10,Dormant high-risk
789373683,0,2,4976,70,0.58,1,2,1438.3,35,0.008685353,6,Mono-product exposed
714216858,0,1,4679,85,0.0,2,2,1507.0,36,0.0011541542,2,Mono-product exposed
719150658,1,3,2977,46,0.0,2,2,7551.0,34,0.99776566,10,Dormant high-risk
712302783,0,3,4426,76,0.353,2,1,2468.0,25,0.002865007,4,Mono-product exposed
799717458,0,3,4025,74,0.578,2,3,2515.0,36,0.00317238,4,Mono-product exposed
716354883,1,3,3048,53,0.0,2,2,9076.0,49,0.97902256,10,Dormant high-risk
719601708,0,1,5052,61,0.103,1,2,10699.0,35,0.053990375,8,Mono-product exposed
720150858,1,2,2932,44,0.0,6,0,1439.0,25,0.9180852,9,Lower-risk active
824915208,0,1,5169,82,0.14,2,1,7212.0,40,0.0005608492,1,Mono-product exposed
798777708,0,4,5237,75,0.381,2,1,3089.0,48,0.019591294,7,Mono-product exposed
805229133,0,2,4514,70,0.0,1,2,11250.0,41,0.027396327,7,Mono-product exposed
716365233,0,3,4881,75,0.579,1,3,1665.0,36,0.009670678,6,Mono-product exposed
796544133,0,3,4468,84,0.673,1,1,2456.0,48,0.0016512579,3,Mono-product exposed
778143183,0,2,5098,58,0.0,2,3,11773.0,40,0.6844241,9,Contacted but fragile
717011958,0,1,4494,82,0.0,2,1,1438.3,23,0.0007885901,1,Mono-product exposed
778264008,0,1,4699,77,0.63,2,2,3104.0,32,0.0008462265,2,Mono-product exposed
789507408,0,6,5203,90,0.0,2,1,2337.0,40,0.0019705289,3,Mono-product exposed
788842008,0,2,5173,87,0.575,2,2,4060.0,34,0.0038545656,5,Mono-product exposed
714742758,0,2,4751,87,0.644,2,2,3428.0,24,0.0013237668,2,Mono-product exposed
717742908,0,1,4520,74,0.194,1,1,12967.0,36,0.0021922386,4,Mono-product exposed
712874433,0,1,5413,90,0.276,2,0,2326.0,36,0.00024145783,1,Mono-product exposed
711092658,1,2,2862,52,0.195,2,3,4376.0,26,0.9815186,10,Contacted but fragile
720299283,0,2,4380,80,0.0,2,1,12745.0,33,0.0030513695,4,Mono-product exposed
719237058,0,2,4498,96,0.498,2,1,1790.0,36,0.00048670173,1,Mono-product exposed
719671383,0,3,4109,70,0.0,2,2,2969.0,30,0.010027563,6,Mono-product exposed
788290383,0,6,4436,83,0.32,2,3,4970.0,35,0.0014404256,3,Mono-product exposed
779701983,0,3,4643,80,0.264,1,3,5400.0,32,0.0020215097,3,Mono-product exposed
779247483,1,2,2754,55,0.0,5,6,2069.0,28,0.9858212,10,Contacted but fragile
767093133,0,2,4191,80,0.0,2,1,3192.0,45,0.0031511022,4,Mono-product exposed
717979008,0,2,4833,81,0.509,2,1,2105.0,37,0.0008559052,2,Mono-product exposed
712132383,0,2,5056,82,0.459,2,3,1876.0,34,0.002223718,4,Mono-product exposed
772306383,1,3,2299,42,0.0,5,2,1462.0,43,0.9955695,10,Dormant high-risk
714469008,0,3,5115,84,0.569,1,3,2351.0,29,0.0011638297,2,Mono-product exposed
812446158,0,2,4869,65,0.0,2,2,1719.0,49,0.35222715,9,Mono-product exposed
779401233,0,1,5216,78,0.0,1,0,1438.3,36,0.00060634786,1,Mono-product exposed
784994883,0,2,4746,75,0.945,2,2,2516.0,20,0.0030535897,4,Mono-product exposed
721080183,0,2,4613,82,0.0,2,3,4883.0,20,0.0055509144,5,Mono-product exposed
712572858,0,1,3831,45,0.528,2,3,3413.0,29,0.5183181,9,Contacted but fragile
719759733,1,4,2851,49,0.0,2,3,1852.0,52,0.9973124,10,Dormant high-risk
780371433,0,3,4725,83,0.603,2,3,3339.0,25,0.0008237659,1,Mono-product exposed
822170733,1,3,2401,54,0.665,6,2,3785.0,41,0.93546516,9,Dormant high-risk
708224133,0,2,4431,71,0.664,1,3,2228.0,49,0.0024443343,4,Mono-product exposed
719299533,1,3,2954,42,0.219,2,2,3626.0,36,0.9958021,10,Dormant high-risk
780633483,0,2,4962,81,0.593,2,1,2194.0,47,0.00053658953,1,Mono-product exposed
771356508,0,3,4500,71,0.726,2,1,2665.0,28,0.0014751309,3,Mono-product exposed
823629333,0,4,4220,50,0.0,1,1,2444.0,38,0.4382727,9,Mono-product exposed
712961658,0,1,5321,78,0.671,1,1,3335.0,32,0.00088545925,2,Mono-product exposed
710464683,0,3,5578,89,0.78,2,2,2726.0,32,0.0016896462,3,Mono-product exposed
716688183,1,3,2878,45,0.914,4,3,1665.0,43,0.98751175,10,Dormant high-risk
789082758,0,3,4981,90,0.608,1,3,2734.0,28,0.00086449494,2,Mono-product exposed
709140858,0,3,5112,82,0.577,1,1,1727.0,47,0.0010265054,2,Mono-product exposed
822127008,0,2,4351,79,0.032,2,1,19349.0,46,0.0013980278,3,Mono-product exposed
720496158,0,2,4031,82,0.087,1,0,13409.0,42,0.00026759147,1,Mono-product exposed
774588633,0,2,4928,84,0.0,2,3,1438.3,39,0.0027380434,4,Mono-product exposed
788465583,0,3,3029,52,0.248,2,3,6330.0,35,0.9316508,9,Dormant high-risk
741517458,1,4,1874,40,0.977,2,3,2575.0,42,0.9975211,10,Dormant high-risk
709935708,0,1,4291,77,0.5,2,2,3391.0,43,0.0005309914,1,Mono-product exposed
721112508,0,3,4834,80,0.0,2,1,5298.0,40,0.0041545685,5,Mono-product exposed
720734583,0,3,5039,82,0.615,1,3,2540.0,32,0.0032596134,4,Mono-product exposed
772286658,1,4,2083,56,0.175,6,3,14324.0,52,0.91396946,9,Dormant high-risk
807149058,0,1,4752,80,0.566,1,3,2876.0,43,0.00060514355,1,Mono-product exposed
771045708,1,3,2801,51,0.645,2,3,1504.0,28,0.9493764,9,Dormant high-risk
711733308,0,2,4930,91,0.0,2,2,1839.0,36,0.0007241722,1,Mono-product exposed
710518308,0,4,4155,85,0.0,1,2,1685.0,35,0.0049738353,5,Mono-product exposed
716586408,0,1,4187,86,0.211,1,3,4850.0,36,0.00080552,1,Mono-product exposed
713152383,0,1,4405,82,0.886,1,1,2840.0,27,0.0010122113,2,Mono-product exposed
771935283,0,2,5217,88,0.647,1,1,2977.0,36,0.00094820885,2,Mono-product exposed
720460083,1,2,2198,42,0.0,1,3,34516.0,27,0.999724,10,Contacted but fragile
825838908,0,5,4846,92,0.0,1,1,1961.0,35,0.0009897782,2,Mono-product exposed
709082808,0,3,5092,95,0.556,2,2,2156.0,36,0.00042985933,1,Mono-product exposed
710937783,0,3,5313,68,0.871,1,3,2772.0,40,0.04564057,8,Mono-product exposed
789540108,0,1,4761,75,0.642,2,3,2832.0,21,0.0009582033,2,Mono-product exposed
709824633,0,5,5064,80,0.886,2,3,1552.0,35,0.0038685254,5,Mono-product exposed
717874533,1,2,1968,51,0.0,5,2,6362.0,36,0.7391889,9,Lower-risk active
712571883,0,3,4677,58,0.145,1,2,11409.0,36,0.6452085,9,Dormant high-risk
716926758,0,6,4268,91,0.0,2,2,1965.0,27,0.00075110944,1,Mono-product exposed
716181858,0,2,4633,67,0.0,1,2,1622.0,29,0.018394824,7,Mono-product exposed
779613933,0,3,5045,86,0.76,1,1,1736.0,27,0.0006690609,1,Mono-product exposed
712136058,1,3,2643,50,0.0,1,3,8827.0,36,0.9973683,10,Dormant high-risk
709678608,0,3,4269,69,0.044,2,3,24256.0,36,0.014033496,7,Mono-product exposed
714276408,1,3,2264,39,0.755,2,3,1915.0,36,0.99710435,10,Dormant high-risk
719953383,0,3,4564,79,0.0,2,3,1438.3,27,0.0025043862,4,Mono-product exposed
718795083,0,1,5337,85,0.513,2,3,2006.0,26,0.0010481832,2,Mono-product exposed
720503508,0,2,5220,75,0.221,1,3,5594.0,37,0.008179852,6,Mono-product exposed
770762133,0,1,5034,79,0.718,2,2,3505.0,38,0.0011252643,2,Mono-product exposed
713555133,1,3,2424,40,0.357,4,2,1667.0,44,0.9973079,10,Dormant high-risk
711232608,1,3,2235,35,0.0,2,2,1636.0,36,0.9986002,10,Dormant high-risk
780322908,0,2,4431,67,0.278,1,3,3281.0,38,0.004089598,5,Mono-product exposed
708207783,0,3,4680,80,0.0,1,2,1477.0,42,0.0037225115,5,Mono-product exposed
719590458,1,3,3120,46,0.0,6,3,1905.0,36,0.9777035,10,Dormant high-risk
778679883,0,2,3645,76,0.0,1,1,6146.0,19,0.010976693,6,Mono-product exposed
780230208,0,3,4766,75,0.6,2,0,2672.0,40,0.000473219,1,Mono-product exposed
827703258,0,2,4674,66,0.0,2,2,13426.0,38,0.06403538,8,Mono-product exposed
807379833,1,3,2563,34,0.016,2,3,9104.0,43,0.9992448,10,Dormant high-risk
711178383,0,3,4146,64,0.038,1,1,30300.0,35,0.0071866806,6,Mono-product exposed
712203333,0,2,4691,76,0.247,1,1,7088.0,39,0.0010356628,2,Mono-product exposed
709261383,0,3,4970,81,0.353,2,2,1872.0,36,0.0014678639,3,Mono-product exposed
715829358,0,2,4794,88,0.876,1,3,2874.0,26,0.0021446592,3,Mono-product exposed
713213133,0,2,4972,76,0.245,2,1,6763.0,36,0.0012832988,2,Mono-product exposed
778860783,1,2,2836,41,0.046,1,4,24379.0,38,0.99350315,10,Contacted but fragile
779442783,0,2,4445,89,0.476,1,1,2867.0,21,0.001010232,2,Mono-product exposed
780008358,1,6,2598,47,0.0,2,2,13172.0,48,0.9951768,10,Dormant high-risk
721274208,1,3,2408,38,0.956,4,3,2201.0,36,0.979871,10,Dormant high-risk
714076683,1,1,2461,54,0.772,2,2,3261.0,19,0.8882773,9,Mono-product exposed
788791383,0,2,4850,70,0.0,1,1,5027.0,21,0.015925653,7,Mono-product exposed
709459608,0,3,5390,87,0.0,1,3,1811.0,36,0.018531628,7,Mono-product exposed
711560058,0,3,4806,83,0.541,2,2,2465.0,36,0.0046757716,5,Mono-product exposed
717657333,0,3,4783,65,0.242,1,3,7584.0,36,0.05104533,8,Mono-product exposed
812218908,1,3,2899,51,0.619,2,2,4065.0,36,0.98285794,10,Dormant high-risk
787482033,1,5,2251,27,0.0,1,3,28930.0,48,0.9988759,10,Dormant high-risk
779141658,0,3,4989,78,0.426,1,2,4963.0,33,0.0017813253,3,Mono-product exposed
813810333,1,4,2703,54,0.0,6,3,2049.0,45,0.80204844,9,Dormant high-risk
789613083,0,3,5108,81,0.0,2,3,1943.0,41,0.0070409924,6,Mono-product exposed
794540883,0,2,4776,87,0.42,1,1,3485.0,38,0.0010185087,2,Mono-product exposed
811889808,0,5,7279,83,0.098,3,1,23459.0,38,0.014445294,7,Lower-risk active
720509433,0,1,3776,70,0.706,2,3,2306.0,31,0.0018700244,3,Mono-product exposed
715091208,0,3,8512,94,0.046,2,3,18177.0,36,0.021989902,7,Mono-product exposed
719269308,0,1,7418,90,0.774,3,3,3252.0,36,0.018878553,7,Lower-risk active
718200333,0,3,7471,87,0.732,3,0,2894.0,41,0.0041915923,5,Lower-risk active
713487633,0,4,7663,91,0.052,3,2,34516.0,32,0.0015963515,3,Lower-risk active
789363408,0,1,7427,83,0.073,3,2,34516.0,34,0.011042314,6,Lower-risk active
713916708,0,1,7758,98,0.071,3,3,34516.0,43,0.0014470574,3,Lower-risk active
823833483,0,3,7904,83,0.197,3,2,7839.0,37,0.03823779,7,Lower-risk active
717756258,0,6,7761,84,0.07,3,3,16494.0,38,0.02986934,7,Lower-risk active
712879158,0,2,7693,70,0.354,2,3,6224.0,36,0.62340856,9,Contacted but fragile
709474683,0,2,8442,95,0.243,3,3,6078.0,13,0.0065275687,6,Lower-risk active
772313358,0,3,8693,91,0.104,3,2,21322.0,39,0.016245263,7,Lower-risk active
711856683,0,3,7352,80,0.801,2,3,1590.0,36,0.035468873,7,Mono-product exposed
718530258,0,1,7249,86,0.71,3,2,1986.0,36,0.0020613894,3,Lower-risk active
716288208,0,1,7549,77,0.0,2,1,15618.0,36,0.23783503,8,Mono-product exposed
718712583,0,1,8092,80,0.048,3,1,34496.0,33,0.09156033,8,Lower-risk active
806432433,0,1,8006,88,0.673,2,2,2544.0,35,0.0019730155,3,Mono-product exposed
720074583,0,1,7380,76,0.318,2,2,4765.0,36,0.025689157,7,Mono-product exposed
768848658,0,3,7823,87,0.108,2,1,16583.0,37,0.18190996,8,Mono-product exposed
709895508,0,2,7434,92,0.158,2,1,6153.0,36,0.0016031876,3,Mono-product exposed
711542358,0,3,7471,88,0.074,2,2,15987.0,36,0.007638063,6,Mono-product exposed
718773333,0,2,7548,89,0.35,3,2,5139.0,40,0.05558156,8,Lower-risk active
816832383,0,2,6932,75,0.662,3,2,3421.0,56,0.08618853,8,Lower-risk active
714042108,0,2,7302,86,0.092,3,2,11000.0,36,0.011019696,6,Lower-risk active
714664683,0,3,8178,91,0.0,3,3,2490.0,37,0.04653861,8,Lower-risk active
713894358,0,3,7889,98,0.024,2,2,34516.0,46,0.0036525612,5,Mono-product exposed
715436883,0,2,7719,86,0.635,2,1,2490.0,36,0.0077253813,6,Mono-product exposed
715260558,0,2,7674,80,0.0,3,2,2055.0,36,0.69910544,9,Lower-risk active
713664258,0,2,7359,85,0.14,2,1,14344.0,48,0.0077923248,6,Mono-product exposed
713364783,0,3,8108,85,0.292,3,0,3453.0,28,0.0071954126,6,Lower-risk active
718078008,0,2,7494,85,0.0,3,1,20304.0,36,0.15366201,8,Lower-risk active
798546408,0,3,7553,104,0.174,2,2,8283.0,55,0.0021488646,3,Mono-product exposed
779018508,0,2,7179,93,0.184,2,2,11318.0,35,0.00093410385,2,Mono-product exposed
802668333,1,3,3512,50,0.805,2,3,2384.0,43,0.9391791,9,Dormant high-risk
718320933,0,3,8257,96,0.197,2,1,11919.0,36,0.0034576154,4,Mono-product exposed
789016983,0,5,7834,86,0.328,2,1,2948.0,32,0.22275317,8,Mono-product exposed
713907633,0,1,7791,84,0.234,2,2,5397.0,36,0.00508292,5,Mono-product exposed
708474333,0,3,7906,87,0.205,3,1,12294.0,29,0.03425265,7,Lower-risk active
778894233,0,2,7595,83,0.0,3,3,7253.0,23,0.59530276,9,Contacted but fragile
717244683,0,3,7409,89,0.067,3,3,21922.0,36,0.0073824846,6,Lower-risk active
711410958,0,2,7582,69,0.187,2,3,13452.0,28,0.71728873,9,Contacted but fragile
799711833,0,1,7910,95,0.093,2,3,24735.0,44,0.0006254036,1,Mono-product exposed
714047733,0,2,7460,85,0.429,2,1,4942.0,45,0.012813093,6,Mono-product exposed
710061783,1,1,4517,59,0.0,6,4,14973.0,40,0.7212565,9,Contacted but fragile
711082908,0,2,8385,97,0.066,3,3,19719.0,31,0.0048939907,5,Lower-risk active
721190358,0,2,7640,86,0.085,2,2,29690.0,29,0.030898975,7,Mono-product exposed
712760208,0,2,7921,93,0.177,3,1,6751.0,31,0.0010967014,2,Lower-risk active
751563933,0,3,7242,95,0.258,3,2,9484.0,36,0.0053303572,5,Lower-risk active
815498733,0,2,7643,85,0.426,3,2,4333.0,46,0.020834051,7,Lower-risk active
718433508,0,5,8097,88,0.854,2,2,2481.0,30,0.005344774,5,Mono-product exposed
720935658,0,2,7709,89,0.57,2,3,3059.0,45,0.010781145,6,Mono-product exposed
714754533,0,2,8012,87,0.056,3,3,34516.0,44,0.027557526,7,Lower-risk active
714713508,0,3,7836,87,0.072,3,1,25178.0,36,0.018575164,7,Lower-risk active
715038033,0,3,8216,80,0.088,3,1,7169.0,54,0.24199344,8,Lower-risk active
809169858,0,3,7728,93,0.076,2,2,18224.0,56,0.0014575856,3,Mono-product exposed
718379358,0,1,8453,90,0.058,3,3,34516.0,28,0.048303857,8,Lower-risk active
779456508,0,1,7477,91,0.0,2,1,4813.0,34,0.0051976163,5,Mono-product exposed
708907833,0,2,7866,84,0.101,2,2,24965.0,27,0.35592437,9,Mono-product exposed
708693558,0,2,7344,95,0.172,3,2,12569.0,38,0.00092127343,2,Lower-risk active
718665933,0,1,7437,86,0.073,3,2,34516.0,30,0.010884494,6,Lower-risk active
816073983,0,2,7957,88,0.143,2,2,8259.0,48,0.0070520653,6,Mono-product exposed
715851333,0,3,7376,97,0.138,2,2,13804.0,27,0.0010064044,2,Mono-product exposed
712884408,0,2,7939,95,0.334,3,0,5700.0,30,0.0005063499,1,Lower-risk active
715404783,0,3,7546,88,0.227,3,0,6448.0,35,0.001693588,3,Lower-risk active
773356008,0,3,7960,86,0.219,2,3,5479.0,51,0.049393266,8,Mono-product exposed
789525408,0,4,7990,89,0.425,3,2,3749.0,42,0.010756102,6,Lower-risk active
721212258,0,3,7403,88,0.064,2,3,30210.0,40,0.06413626,8,Mono-product exposed
719625933,0,2,8000,96,0.197,2,1,5807.0,36,0.0014151764,3,Mono-product exposed
714304458,0,2,6800,78,0.0,2,1,3605.0,36,0.6093988,9,Mono-product exposed
819975183,0,1,7391,75,0.128,2,3,17077.0,39,0.10577075,8,Mono-product exposed
785515533,0,3,8947,93,0.249,3,1,5380.0,37,0.0042200983,5,Lower-risk active
720712533,0,1,7499,88,0.022,2,3,34516.0,36,0.008167358,6,Mono-product exposed
709861008,0,3,8520,89,0.087,3,1,27720.0,30,0.02241078,7,Lower-risk active
713911233,0,2,7584,85,0.058,3,1,18341.0,39,0.017670857,7,Lower-risk active
712580958,0,1,7399,91,0.077,2,1,27712.0,30,0.00039092833,1,Mono-product exposed
719473458,0,2,7205,84,0.164,3,1,8285.0,42,0.009491172,6,Lower-risk active
711764733,0,2,7766,81,0.0,3,3,19704.0,36,0.48399398,9,Lower-risk active
794124708,0,2,7053,69,0.103,2,2,21325.0,41,0.3756984,9,Mono-product exposed
780707733,0,3,6832,87,0.061,3,2,34516.0,30,0.010081408,6,Lower-risk active
780620883,0,1,7381,98,0.184,2,3,7045.0,37,0.00055193756,1,Mono-product exposed
720849708,0,3,7042,85,0.175,3,1,14388.0,37,0.02560781,7,Lower-risk active
789312033,1,3,4921,51,0.119,3,3,3874.0,38,0.9853849,10,Dormant high-risk
778742358,0,2,7517,76,0.0,2,2,4752.0,24,0.6220355,9,Mono-product exposed
719658858,0,2,7042,73,0.061,3,1,34516.0,36,0.21103856,8,Lower-risk active
713425383,1,3,4923,56,0.259,2,2,7484.0,46,0.97939324,10,Dormant high-risk
770842833,1,3,4777,51,0.037,2,3,34516.0,36,0.98234415,10,Dormant high-risk
712029783,0,2,7836,93,0.065,2,1,34516.0,36,0.0023455995,4,Mono-product exposed
718893333,0,3,7509,84,0.113,3,2,18336.0,36,0.016888617,7,Lower-risk active
711203658,0,6,7745,88,0.596,3,1,2259.0,34,0.0049028927,5,Lower-risk active
718567758,0,4,7332,92,0.125,3,2,10682.0,32,0.00092970557,2,Lower-risk active
771719283,0,1,8854,92,0.154,2,1,8587.0,27,0.0032034074,4,Mono-product exposed
717926358,0,1,8328,78,0.39,3,0,5494.0,30,0.29290944,9,Lower-risk active
779751258,0,1,8423,82,0.608,2,2,1946.0,31,0.008099042,6,Mono-product exposed
774491958,0,1,8284,77,0.279,2,3,6228.0,47,0.1347832,8,Mono-product exposed
713428833,0,1,7613,90,0.164,2,3,7537.0,32,0.005776822,5,Mono-product exposed
714166833,0,3,7796,77,0.105,3,2,13609.0,34,0.4329328,9,Lower-risk active
809464608,1,3,2691,42,0.073,3,2,34516.0,31,0.99541676,10,Dormant high-risk
789681708,0,1,7750,82,0.021,3,3,34516.0,33,0.037251577,7,Lower-risk active
713102733,0,3,8195,94,0.11,2,2,15987.0,31,0.0015679874,3,Mono-product exposed
715195383,0,2,7649,101,0.68,3,2,2391.0,36,0.0006762726,1,Lower-risk active
812408058,0,2,7845,92,0.031,2,2,34516.0,34,0.001572412,3,Mono-product exposed
787226508,0,3,7192,82,0.063,2,3,20811.0,41,0.02911757,7,Mono-product exposed
713537733,0,2,7582,95,0.041,2,3,34516.0,36,0.0013209198,2,Mono-product exposed
715170183,0,1,7059,82,0.566,2,3,3735.0,36,0.007791455,6,Mono-product exposed
717109983,0,2,7768,83,0.94,3,2,2275.0,39,0.011777205,6,Lower-risk active
713208033,0,3,7679,64,0.185,2,0,7350.0,36,0.26523596,9,Mono-product exposed
712788258,0,2,7265,80,0.734,2,1,1913.0,34,0.026519038,7,Mono-product exposed
758382183,0,3,8186,93,0.186,2,3,4249.0,43,0.02111723,7,Mono-product exposed
715469583,0,1,7782,88,0.585,3,2,2136.0,36,0.0012620018,2,Lower-risk active
709235058,0,2,8032,88,0.089,3,2,18956.0,36,0.008510353,6,Lower-risk active
714786483,0,2,7377,82,0.088,2,3,13445.0,35,0.02784794,7,Mono-product exposed
713299758,0,3,7422,87,0.144,3,3,8979.0,36,0.016646039,7,Lower-risk active
771912408,0,3,7468,92,0.21,3,1,6674.0,38,0.0011179546,2,Lower-risk active
721445658,0,3,8162,89,0.268,3,3,6265.0,34,0.019006448,7,Lower-risk active
719787633,0,2,7535,92,0.055,3,1,34516.0,36,0.0018009577,3,Lower-risk active
713697933,0,2,7827,77,0.037,3,2,34516.0,36,0.10072778,8,Lower-risk active
712208658,0,2,8126,95,0.095,1,1,13165.0,33,0.0006034833,1,Mono-product exposed
708219108,0,3,7300,77,0.115,2,3,9959.0,38,0.1218199,8,Mono-product exposed
709065483,0,2,7841,82,0.218,2,3,9243.0,28,0.029378526,7,Mono-product exposed
715237683,0,1,7802,88,0.348,1,3,4737.0,44,0.0071019637,6,Mono-product exposed
712925808,1,3,4724,60,0.0,2,2,2710.0,36,0.96543336,9,Dormant high-risk
788931558,0,2,7694,85,0.87,1,2,2000.0,32,0.009097147,6,Mono-product exposed
717521508,0,2,6932,87,0.061,2,0,34516.0,28,0.0028613121,4,Mono-product exposed
713688933,0,1,8020,74,0.172,1,1,8798.0,28,0.3170586,9,Mono-product exposed
712405908,0,2,7772,76,0.066,1,3,24670.0,40,0.09487005,8,Mono-product exposed
789298833,0,2,7555,96,0.0,1,3,23453.0,40,0.007705037,6,Mono-product exposed
715729683,0,2,7936,76,0.032,1,2,34516.0,36,0.21871935,8,Mono-product exposed
717682233,0,2,7906,80,0.258,1,2,6139.0,36,0.022981664,7,Mono-product exposed
712266633,0,2,8796,94,0.069,2,1,14800.0,36,0.008615148,6,Mono-product exposed
719272458,0,1,7962,89,0.173,2,3,9815.0,41,0.005189851,5,Mono-product exposed
780769308,0,3,7685,85,0.581,1,2,3919.0,29,0.02781967,7,Mono-product exposed
721468533,0,5,7470,82,0.115,1,2,12265.0,36,0.035791054,7,Mono-product exposed
816615633,0,3,7075,89,0.625,2,1,3256.0,42,0.0034459925,4,Mono-product exposed
720167508,0,2,7664,74,0.126,1,1,19000.0,35,0.27467847,9,Mono-product exposed
711152658,0,2,7219,86,0.047,2,1,34516.0,36,0.008684115,6,Mono-product exposed
771772083,0,1,8424,84,0.0,2,1,13197.0,37,0.21455455,8,Mono-product exposed
708419733,1,3,4739,55,0.0,5,2,22599.0,39,0.9904975,10,Dormant high-risk
709372608,0,1,7370,96,0.107,1,2,23457.0,31,0.0011060638,2,Mono-product exposed
788907033,0,3,7321,73,0.397,1,1,5238.0,26,0.12846914,8,Mono-product exposed
711136008,0,1,7641,93,0.041,1,3,31560.0,33,0.0006153182,1,Mono-product exposed
716691783,0,2,7689,84,0.405,2,3,6218.0,36,0.07263708,8,Mono-product exposed
812618883,0,2,7774,95,0.058,1,2,34516.0,42,0.00073744013,1,Mono-product exposed
715908558,0,1,7566,88,0.054,1,1,29572.0,36,0.0015212015,3,Mono-product exposed
718024908,0,1,6993,97,0.622,2,3,2743.0,40,0.00070877624,1,Mono-product exposed
709558608,0,2,7345,73,0.726,2,3,2844.0,31,0.04778012,8,Mono-product exposed
824177733,0,2,7682,90,0.177,1,3,9678.0,49,0.0057191434,5,Mono-product exposed
719784708,0,2,7409,89,0.062,1,1,26882.0,36,0.003173559,4,Mono-product exposed
717535083,0,2,7153,84,0.215,2,1,5207.0,40,0.010338578,6,Mono-product exposed
712453308,0,2,7737,84,0.09,2,3,15034.0,36,0.027413437,7,Mono-product exposed
721008933,0,1,7535,87,0.642,1,2,3107.0,36,0.0037289008,5,Mono-product exposed
720859533,0,1,8426,105,0.195,2,1,12214.0,39,0.0010452688,2,Mono-product exposed
789556533,0,2,8070,81,0.074,2,3,23070.0,45,0.1432459,8,Mono-product exposed
717656433,0,2,7199,83,0.456,1,2,2167.0,40,0.009904047,6,Mono-product exposed
792524358,0,1,7917,95,0.023,2,3,34516.0,49,0.0023789532,4,Mono-product exposed
758211483,0,2,8778,85,0.336,1,3,6895.0,38,0.28115195,9,Mono-product exposed
801380808,1,2,4847,49,0.097,1,1,25894.0,38,0.9836511,10,Mono-product exposed
716329383,1,2,4724,56,0.314,4,3,3138.0,36,0.27358663,9,Lower-risk active
716871633,0,2,7222,93,0.154,2,3,12055.0,38,0.0024536208,4,Mono-product exposed
718491708,0,3,7642,89,0.086,2,3,16592.0,38,0.0066770227,6,Mono-product exposed
787502883,0,2,7443,98,0.045,1,1,34516.0,48,0.0014901217,3,Mono-product exposed
715183308,0,1,7190,93,0.026,2,2,33184.0,38,0.0008865657,2,Mono-product exposed
713872833,0,1,7302,80,0.172,2,3,10753.0,41,0.01709005,7,Mono-product exposed
708535158,0,1,8505,86,0.151,1,3,9959.0,29,0.023649756,7,Mono-product exposed
711658758,0,5,7307,82,0.532,6,1,2069.0,35,0.023185367,7,Lower-risk active
717248583,0,2,7849,88,0.165,4,2,11362.0,34,0.04423959,8,Lower-risk active
713087958,0,3,7919,85,0.039,3,2,34516.0,36,0.022367794,7,Lower-risk active
721495458,0,1,8094,96,0.0,2,1,20001.0,32,0.0023474882,4,Mono-product exposed
786097158,0,3,8575,92,0.177,2,2,8786.0,42,0.009754046,6,Mono-product exposed
712219083,0,3,7892,83,0.268,1,3,7142.0,28,0.027149735,7,Mono-product exposed
715327683,1,3,4996,55,0.562,1,3,4477.0,36,0.9973623,10,Dormant high-risk
715624533,0,2,7730,97,0.237,1,3,5357.0,30,0.0014454762,3,Mono-product exposed
715599633,0,3,7686,89,0.0,2,2,34516.0,38,0.08830108,8,Mono-product exposed
718958583,1,3,4506,59,0.678,5,2,2367.0,36,0.4519822,9,Lower-risk active
717397983,0,2,7570,98,0.041,2,3,23402.0,29,0.002205412,4,Mono-product exposed
715037133,0,1,7479,83,0.386,1,3,4587.0,36,0.0114132855,6,Mono-product exposed
818767458,0,3,7729,97,0.172,2,2,6565.0,36,0.0011364374,2,Mono-product exposed
778863258,1,2,4983,62,0.0,1,3,6030.0,27,0.9861296,10,Contacted but fragile
712075083,1,3,4830,50,0.0,4,3,6982.0,41,0.96109587,9,Dormant high-risk
711963183,0,3,7588,98,0.0,2,3,5128.0,36,0.011355321,6,Mono-product exposed
720903258,1,2,4801,47,0.0,2,1,9405.0,28,0.99749017,10,Mono-product exposed
772404633,0,1,7734,74,0.032,1,2,34516.0,39,0.13453342,8,Mono-product exposed
713302758,0,4,8160,92,0.099,2,1,14646.0,40,0.007609736,6,Mono-product exposed
717859233,0,3,8362,82,0.2,1,2,12578.0,37,0.43002325,9,Mono-product exposed
712955433,0,2,7223,90,0.28,1,2,4370.0,16,0.0044156397,5,Mono-product exposed
718292283,0,3,8254,75,0.577,1,1,3416.0,42,0.18944398,8,Mono-product exposed
713197308,0,2,7612,82,0.0,1,1,6224.0,33,0.3591191,9,Mono-product exposed
789175683,0,3,8352,71,0.234,2,2,10741.0,38,0.85411155,9,Dormant high-risk
811700058,1,3,4822,57,0.02,2,3,34516.0,36,0.97987384,10,Dormant high-risk
818476383,0,2,7333,72,0.044,2,0,34516.0,45,0.09639853,8,Mono-product exposed
720164358,1,3,4754,60,0.0,1,2,6058.0,43,0.98342794,10,Dormant high-risk
710357208,0,3,7341,79,0.107,2,2,8561.0,39,0.16207062,8,Mono-product exposed
711325308,1,3,4859,64,0.0,4,3,9959.0,34,0.8758366,9,Dormant high-risk
721486908,0,1,7710,75,0.272,1,1,7645.0,36,0.117964014,8,Mono-product exposed
711210633,0,4,8049,76,0.585,2,1,1922.0,42,0.06437021,8,Mono-product exposed
712570458,0,1,7890,75,0.292,2,3,5625.0,33,0.594747,9,Contacted but fragile
712058133,0,3,7735,74,0.311,1,3,2274.0,36,0.18801413,8,Mono-product exposed
708153558,0,2,7936,101,0.052,1,2,34516.0,31,0.004054921,5,Mono-product exposed
709893858,1,2,4633,58,0.224,6,2,9422.0,36,0.6146705,9,Lower-risk active
709225758,0,1,8213,86,0.331,2,3,7469.0,37,0.02805481,7,Mono-product exposed
709984083,0,2,7930,90,0.333,2,2,3849.0,36,0.0061395587,6,Mono-product exposed
711854808,1,2,4734,57,0.0,2,1,34516.0,32,0.97720975,10,Mono-product exposed
822125283,0,1,7590,74,0.283,2,1,4778.0,45,0.085029624,8,Mono-product exposed
717340608,0,1,7703,104,0.054,1,2,34516.0,39,0.00035752237,1,Mono-product exposed
711084183,0,2,8211,80,0.438,2,3,5168.0,42,0.16309935,8,Mono-product exposed
720891633,1,1,4805,59,0.0,6,2,3199.0,46,0.8460805,9,Lower-risk active
719607183,0,3,7653,95,0.077,2,2,21046.0,42,0.001023922,2,Mono-product exposed
715839708,0,3,7111,82,0.071,2,2,34516.0,39,0.03728737,7,Mono-product exposed
717008358,0,2,7919,88,0.0,1,2,6540.0,36,0.086128354,8,Mono-product exposed
769152783,1,6,5043,53,0.222,1,2,8141.0,54,0.98815745,10,Dormant high-risk
788240358,0,1,8452,83,0.021,2,2,33441.0,24,0.042359397,8,Mono-product exposed
716098683,0,3,7985,93,0.33,2,1,5496.0,36,0.0012499897,2,Mono-product exposed
802675983,0,3,7872,80,0.407,2,1,3794.0,33,0.03296337,7,Mono-product exposed
712716108,0,1,7950,86,0.368,1,1,5785.0,36,0.0057950187,5,Mono-product exposed
709238358,0,3,7604,87,0.042,1,2,19387.0,39,0.037437536,7,Mono-product exposed
708682908,0,2,8644,87,0.681,2,1,2838.0,28,0.15100285,8,Mono-product exposed
812794983,0,2,7932,87,0.483,2,2,4086.0,31,0.014888184,7,Mono-product exposed
708968733,0,3,7926,83,0.0,1,2,31987.0,38,0.2767452,9,Mono-product exposed
779315508,1,2,4638,48,0.218,1,2,9043.0,25,0.9682216,9,Mono-product exposed
740065833,0,2,8526,93,0.226,1,2,11128.0,40,0.0039064633,5,Mono-product exposed
721063533,0,3,7289,75,0.672,1,3,3062.0,41,0.1004195,8,Mono-product exposed
718189908,0,2,7885,86,0.089,2,3,23981.0,31,0.024868976,7,Mono-product exposed
780064983,0,1,7665,86,0.027,2,3,34516.0,29,0.022517143,7,Mono-product exposed
770920908,0,1,8055,82,0.052,1,1,22054.0,26,0.0366296,7,Mono-product exposed
718046433,0,2,7342,86,0.315,1,3,2199.0,35,0.023407035,7,Mono-product exposed
711842508,0,3,7825,87,0.17,2,3,9303.0,33,0.17704916,8,Mono-product exposed
772869033,0,4,7283,89,0.039,2,3,34516.0,38,0.006114972,6,Mono-product exposed
715298808,0,3,7570,88,0.214,1,2,7566.0,32,0.00609649,6,Mono-product exposed
708877458,0,3,8027,94,0.0,2,3,11343.0,34,0.025164468,7,Mono-product exposed
787496733,0,1,7724,79,0.085,2,1,15155.0,35,0.08188409,8,Mono-product exposed
789469083,0,1,7855,81,0.0,2,1,10795.0,46,0.34782156,9,Mono-product exposed
709497108,0,1,8396,106,0.199,2,0,6633.0,36,0.00016569764,1,Mono-product exposed
784819758,0,1,7850,94,0.248,1,2,8572.0,48,0.001099141,2,Mono-product exposed
720412308,0,1,7635,75,0.068,2,1,34516.0,36,0.061439067,8,Mono-product exposed
719178183,0,3,8186,85,0.073,2,3,34516.0,42,0.10415061,8,Mono-product exposed
789560433,1,4,5147,53,0.0,2,2,14895.0,42,0.9974017,10,Dormant high-risk
712931733,0,1,7136,82,0.477,1,3,2636.0,36,0.0053830254,5,Mono-product exposed
714417183,0,3,7041,95,0.233,1,1,9511.0,31,0.00155727,3,Mono-product exposed
771097683,1,2,4935,58,0.231,1,2,10896.0,30,0.9902242,10,Mono-product exposed
713824983,0,1,7697,98,0.129,1,0,8401.0,35,0.00019940945,1,Mono-product exposed
715360458,0,3,8113,90,0.16,2,2,12406.0,36,0.013126707,7,Mono-product exposed
711736083,1,3,4885,54,0.04,4,3,6769.0,36,0.99205106,10,Dormant high-risk
714821433,0,1,7587,80,0.0,2,1,2737.0,36,0.056624934,8,Mono-product exposed
779263533,0,2,7564,76,0.054,2,1,32292.0,16,0.11223621,8,Mono-product exposed
773988708,0,2,7512,81,0.046,1,2,34516.0,43,0.024543377,7,Mono-product exposed
719623083,0,3,8302,81,0.125,2,2,15987.0,24,0.13227803,8,Mono-product exposed
718304583,1,3,4805,54,0.031,1,2,34516.0,33,0.9794719,10,Dormant high-risk
720198183,0,3,8028,77,0.705,1,1,2437.0,27,0.024660984,7,Mono-product exposed
780545133,0,3,7333,91,0.216,2,1,4557.0,36,0.0017789402,3,Mono-product exposed
711128433,0,3,7685,91,0.076,1,3,10949.0,36,0.003863648,5,Mono-product exposed
789960783,0,2,7702,81,0.157,1,3,10398.0,30,0.037204493,7,Mono-product exposed
709556208,0,1,7586,94,0.084,2,2,22361.0,28,0.00039861395,1,Mono-product exposed
712053033,0,3,8444,81,0.367,1,2,3841.0,34,0.07693596,8,Mono-product exposed
794482158,0,1,7594,69,0.057,2,3,34516.0,32,0.26052043,9,Mono-product exposed
780450708,1,3,4864,48,0.0,1,2,34516.0,45,0.99681157,10,Dormant high-risk
710016708,0,3,7974,90,0.166,1,1,10877.0,26,0.006213479,6,Mono-product exposed
709434408,0,1,8417,95,0.253,2,2,5848.0,26,0.0007117077,1,Mono-product exposed
778716783,0,2,7180,96,0.171,1,1,11552.0,32,0.0008616097,2,Mono-product exposed
712447758,0,2,7998,82,0.211,2,3,11901.0,39,0.084162965,8,Mono-product exposed
779435883,0,2,7899,79,0.0,1,2,2273.0,19,0.25088292,8,Mono-product exposed
719918358,0,2,7787,89,0.813,2,1,3082.0,36,0.018108817,7,Mono-product exposed
720474408,0,2,8427,87,0.204,1,2,9298.0,41,0.033688735,7,Mono-product exposed
719401158,0,2,7739,97,0.0,1,3,4136.0,53,0.012850506,7,Mono-product exposed
778430733,0,5,7855,82,0.118,1,1,12399.0,25,0.01583326,7,Mono-product exposed
717583908,0,6,7603,81,0.093,1,1,15030.0,45,0.03763354,7,Mono-product exposed
823519458,0,1,7123,94,0.334,1,3,6441.0,40,0.00077196566,1,Mono-product exposed
712381683,0,4,8281,80,0.112,1,2,7469.0,36,0.16846868,8,Mono-product exposed
716045508,0,2,7963,85,0.295,2,3,3569.0,36,0.03982064,7,Mono-product exposed
820936533,0,3,9331,93,0.701,1,3,2781.0,43,0.020124462,7,Mono-product exposed
721227258,0,5,7520,79,0.058,2,2,34516.0,31,0.060215455,8,Mono-product exposed
771304383,0,2,7905,86,0.601,1,3,4174.0,33,0.17764843,8,Mono-product exposed
717600483,0,2,7358,87,0.027,2,1,23223.0,43,0.050712757,8,Mono-product exposed
778865583,0,2,7510,89,0.216,1,2,6954.0,27,0.0035358593,5,Mono-product exposed
709871658,0,3,7729,86,0.329,2,3,7136.0,36,0.043874882,8,Mono-product exposed
818280108,0,1,7714,91,0.0,1,1,1820.0,38,0.0017637543,3,Mono-product exposed
716350008,0,2,8235,102,0.556,2,3,2937.0,36,0.0027927242,4,Mono-product exposed
778172583,0,3,7023,86,0.362,1,2,6636.0,36,0.024486003,7,Mono-product exposed
719121708,0,3,7685,92,0.07,2,3,31497.0,31,0.00406638,5,Mono-product exposed
714342033,1,3,4863,56,0.0,2,1,34516.0,34,0.9958579,10,Dormant high-risk
788811558,0,3,7847,65,0.522,1,3,1959.0,35,0.3426863,9,Mono-product exposed
788943333,1,2,4810,55,0.029,6,2,34516.0,37,0.95032424,9,Lower-risk active
719258433,0,1,7561,91,0.259,2,3,7801.0,42,0.0008322654,2,Mono-product exposed
717895833,0,2,8001,99,0.285,2,3,6455.0,44,0.0014011994,3,Mono-product exposed
711550983,0,2,8313,107,0.104,1,2,11343.0,37,0.00085573556,2,Mono-product exposed
714077583,1,3,4758,65,0.025,2,4,23981.0,31,0.91523916,9,Dormant high-risk
720939933,1,3,4684,56,0.0,5,5,2879.0,33,0.98305374,10,Dormant high-risk
716725008,0,3,7886,94,0.286,2,2,7667.0,40,0.0012974964,2,Mono-product exposed
788824083,0,2,8202,88,0.03,2,1,34516.0,24,0.04935713,8,Mono-product exposed
716335983,0,2,7946,85,0.237,1,3,6713.0,36,0.06657533,8,Mono-product exposed
719157933,0,3,7850,85,0.13,1,1,10984.0,40,0.016969815,7,Mono-product exposed
716704158,0,3,8087,86,0.073,2,2,34516.0,39,0.08688145,8,Mono-product exposed
716258358,0,1,7009,82,0.067,1,3,23058.0,36,0.0052011553,5,Mono-product exposed
827904183,0,2,8104,83,0.078,2,2,17606.0,36,0.07365739,8,Mono-product exposed
820394733,0,1,7690,87,0.042,2,1,34516.0,47,0.00776563,6,Mono-product exposed
716574033,0,2,7149,86,0.102,2,2,18000.0,36,0.0061289156,6,Mono-product exposed
736786908,0,2,6984,85,0.454,2,2,5550.0,41,0.032928023,7,Mono-product exposed
774099708,0,1,7400,86,0.0,2,2,1621.0,33,0.04071617,7,Mono-product exposed
714282333,0,1,7495,97,0.0,1,2,3244.0,36,0.0026182912,4,Mono-product exposed
717471933,0,2,8202,89,0.247,2,3,5800.0,27,0.014482126,7,Mono-product exposed
818316108,0,2,8063,72,0.557,2,1,2550.0,38,0.045328185,8,Mono-product exposed
709838508,0,1,7167,91,0.044,2,3,34516.0,31,0.0006323035,1,Mono-product exposed
716212383,1,3,4619,59,0.222,5,3,10874.0,30,0.93264675,9,Dormant high-risk
757667133,1,2,4738,53,0.0,2,2,13769.0,47,0.996236,10,Mono-product exposed
794571108,1,2,4691,63,0.017,5,3,17894.0,23,0.8219025,9,Contacted but fragile
711370458,0,2,7685,84,0.134,1,2,15016.0,38,0.016610945,7,Mono-product exposed
788528958,0,1,8356,79,0.0,1,3,9036.0,38,0.5586067,9,Contacted but fragile
716745408,0,2,7803,81,0.156,1,3,12813.0,36,0.081983395,8,Mono-product exposed
771752508,0,1,8571,84,0.396,1,1,4660.0,29,0.27813452,9,Mono-product exposed
788916933,0,2,8095,81,0.031,1,2,34516.0,35,0.060688335,8,Mono-product exposed
714938733,1,2,4890,49,0.0,4,2,13174.0,38,0.98821974,10,Lower-risk active
761818758,0,1,7206,86,0.096,1,2,11210.0,36,0.0026666094,4,Mono-product exposed
714422058,0,2,7119,86,0.077,1,3,31639.0,36,0.022792002,7,Mono-product exposed
712191783,0,1,7788,94,0.047,1,1,34516.0,36,0.0005405709,1,Mono-product exposed
716319258,0,1,7360,82,0.05,1,3,34516.0,36,0.013609079,7,Mono-product exposed
719813058,0,1,8065,88,0.496,2,3,2490.0,34,0.0043800715,5,Mono-product exposed
712351908,0,2,8029,81,0.063,1,3,26438.0,34,0.2803466,9,Mono-product exposed
716742483,0,3,7525,100,0.151,2,3,7504.0,29,0.0020721524,3,Mono-product exposed
708160008,0,2,7412,84,0.031,2,3,34516.0,33,0.034486763,7,Mono-product exposed
709269708,0,2,7281,95,0.043,2,1,34516.0,34,0.001406053,3,Mono-product exposed
779098308,0,3,7592,96,0.167,1,2,15048.0,32,0.005347353,5,Mono-product exposed
717257658,0,2,7971,84,0.208,2,1,9357.0,29,0.026813617,7,Mono-product exposed
775112958,0,3,7781,72,0.0,2,3,11548.0,45,0.94977516,9,Dormant high-risk
788812608,0,2,8066,79,0.192,1,3,8767.0,39,0.15709169,8,Mono-product exposed
711002058,0,3,7437,94,0.454,1,1,5306.0,33,0.0029721486,4,Mono-product exposed
716199408,1,3,4907,53,0.698,2,3,3608.0,41,0.99381703,10,Dormant high-risk
718100808,0,3,7395,100,0.129,2,1,15987.0,37,0.0011836485,2,Mono-product exposed
790051758,1,1,4800,53,0.0,2,2,31782.0,42,0.9845916,10,Mono-product exposed
772430733,0,1,7168,88,0.042,1,1,34516.0,32,0.0012432354,2,Mono-product exposed
713460258,0,1,8987,89,0.049,1,3,19107.0,36,0.054417334,8,Mono-product exposed
820036533,0,1,7223,87,0.042,2,3,34516.0,45,0.0054243575,5,Mono-product exposed
719785683,0,2,8332,102,0.072,1,2,21751.0,36,0.0024672106,4,Mono-product exposed
711830433,0,2,7677,87,0.133,1,1,7926.0,32,0.01523707,7,Mono-product exposed
807393558,1,3,4615,49,0.037,2,3,34516.0,46,0.9689943,9,Dormant high-risk
718306308,0,2,8147,81,0.064,1,3,27984.0,36,0.05938419,8,Mono-product exposed
772725408,0,3,7667,84,0.103,2,2,24499.0,30,0.053302687,8,Mono-product exposed
711183558,0,1,8618,98,0.581,2,3,2221.0,39,0.0009235937,2,Mono-product exposed
720317658,0,2,7916,82,0.164,2,2,5858.0,35,0.03256807,7,Mono-product exposed
710596983,0,3,7481,96,0.088,1,2,27318.0,37,0.015184013,7,Mono-product exposed
716986458,0,3,7605,101,0.161,1,2,9766.0,36,0.0010740447,2,Mono-product exposed
717382608,0,2,8780,86,0.094,2,2,26692.0,36,0.1819196,8,Mono-product exposed
825767658,0,3,7711,80,0.026,2,1,34516.0,45,0.16901161,8,Mono-product exposed
717513933,0,2,7385,90,0.0,2,1,14938.0,26,0.045294285,8,Mono-product exposed
789186858,0,5,7796,97,0.028,2,1,33256.0,41,0.0027043996,4,Mono-product exposed
717658758,0,2,7962,99,0.0,2,2,34516.0,36,0.01064719,6,Mono-product exposed
715575258,0,6,7823,93,0.338,1,3,5791.0,35,0.0019070922,3,Mono-product exposed
714975633,0,1,7558,85,0.581,2,2,2319.0,36,0.0035277975,5,Mono-product exposed
715396983,0,3,8056,95,0.1,2,2,17698.0,36,0.0012056258,2,Mono-product exposed
712624383,0,1,7707,99,0.049,1,2,34516.0,41,0.0005360316,1,Mono-product exposed
721335558,0,2,7544,101,0.26,1,3,6482.0,36,0.0013355,2,Mono-product exposed
711167808,1,3,4803,65,0.0,4,6,18975.0,30,0.9505784,9,Dormant high-risk
713761608,0,3,8450,90,0.048,2,3,34516.0,34,0.051978134,8,Mono-product exposed
713367858,0,2,8042,85,0.705,2,2,2479.0,36,0.044917054,8,Mono-product exposed
710489583,0,1,7631,91,0.21,1,1,4941.0,36,0.0006046336,1,Mono-product exposed
720422358,0,1,7485,90,0.066,1,2,34516.0,36,0.0012888316,2,Mono-product exposed
772098858,0,2,7736,84,0.162,1,1,8230.0,33,0.013912057,7,Mono-product exposed
789304983,0,1,8753,97,0.084,2,2,22226.0,34,0.0011886593,2,Mono-product exposed
779257233,0,3,7432,90,0.068,2,2,28852.0,29,0.003720003,5,Mono-product exposed
717579258,1,3,4782,50,0.212,2,3,6893.0,36,0.9862299,10,Dormant high-risk
709418508,0,2,7508,93,0.221,1,3,7653.0,35,0.0011476978,2,Mono-product exposed
778439883,0,2,7969,93,0.029,1,2,26840.0,31,0.0018083664,3,Mono-product exposed
716063583,0,2,8642,85,0.464,1,1,4549.0,32,0.3849237,9,Mono-product exposed
716609433,1,3,4939,63,0.15,5,2,16828.0,46,0.9546738,9,Dormant high-risk
721053633,0,2,8904,101,0.218,2,1,6530.0,31,0.0012028265,2,Mono-product exposed
711559008,0,1,9137,92,0.129,2,2,11642.0,28,0.0045652296,5,Mono-product exposed
718698558,0,2,7739,106,0.246,2,2,5390.0,34,0.0020053622,3,Mono-product exposed
770190258,0,1,7678,93,0.0,2,1,7037.0,43,0.004754092,5,Mono-product exposed
709008708,0,1,8316,92,0.0,2,2,8390.0,34,0.0051188553,5,Mono-product exposed
823922208,0,1,7404,103,0.519,1,1,2122.0,45,0.0005712316,1,Mono-product exposed
718457058,0,1,7801,74,0.731,1,1,3442.0,35,0.054471035,8,Mono-product exposed
708472008,0,3,7632,95,0.275,2,3,6680.0,36,0.0019605667,3,Mono-product exposed
710395233,0,2,8657,98,0.031,2,3,34516.0,36,0.006175158,6,Mono-product exposed
716732958,0,2,7925,90,0.28,2,3,7244.0,32,0.013596768,7,Mono-product exposed
780108408,0,3,7745,82,0.04,1,1,34516.0,37,0.02645704,7,Mono-product exposed
720962208,1,2,4659,48,0.909,2,2,2476.0,27,0.980589,10,Mono-product exposed
714019083,0,1,8426,102,0.398,1,3,2019.0,30,0.0014471427,3,Mono-product exposed
721225083,0,2,7680,89,0.173,1,1,8758.0,36,0.0071047517,6,Mono-product exposed
819109308,0,3,8080,92,0.412,1,3,6103.0,56,0.011659955,6,Mono-product exposed
721029858,0,1,8215,109,0.673,2,2,2166.0,36,0.0003498581,1,Mono-product exposed
716762733,0,1,8300,94,0.474,2,1,3449.0,40,0.0006123906,1,Mono-product exposed
710260983,0,3,8296,91,0.842,2,2,2984.0,36,0.009645156,6,Mono-product exposed
793608258,1,5,4909,50,0.0,1,2,13432.0,48,0.9970686,10,Dormant high-risk
719677758,0,1,8814,88,0.202,2,3,10830.0,36,0.06473806,8,Mono-product exposed
771411408,1,3,4929,54,0.0,2,4,2673.0,38,0.9975394,10,Dormant high-risk
794191008,0,2,7552,87,0.048,1,2,34516.0,40,0.012282325,6,Mono-product exposed
708905733,0,2,7570,91,0.096,1,1,20633.0,32,0.0009385716,2,Mono-product exposed
788327358,0,1,8440,102,0.231,1,3,9070.0,54,0.001470378,3,Mono-product exposed
751974258,0,2,7345,93,0.0,2,3,11954.0,44,0.013243973,7,Mono-product exposed
805516608,0,1,7755,84,0.027,2,3,34516.0,45,0.036563832,7,Mono-product exposed
720006333,1,3,4520,63,0.0,4,3,4479.0,40,0.78300893,9,Dormant high-risk
780114558,0,1,12535,118,0.571,2,3,3968.0,35,0.0025263522,4,Mono-product exposed
713090658,0,2,8061,98,0.541,1,2,2599.0,44,0.00089179655,2,Mono-product exposed
718889508,0,3,8256,99,0.121,1,1,10074.0,37,0.0043268506,5,Mono-product exposed
824799108,0,2,7498,90,0.172,2,1,10901.0,42,0.0048572216,5,Mono-product exposed
788618208,0,3,8198,90,0.0,2,3,8325.0,30,0.53962845,9,Contacted but fragile
713133258,0,2,8872,86,0.058,2,3,34516.0,36,0.24958102,8,Mono-product exposed
717370533,0,2,6453,89,0.06,1,1,34516.0,26,0.0034509022,4,Mono-product exposed
720425508,0,1,8689,93,0.097,1,3,7196.0,36,0.017048074,7,Mono-product exposed
712948383,0,6,7396,100,0.0,1,1,34516.0,36,0.007394683,6,Mono-product exposed
712839633,0,1,8871,97,0.046,2,3,34516.0,22,0.0015618912,3,Mono-product exposed
820330008,0,1,8231,98,0.047,1,3,32926.0,42,0.001002416,2,Mono-product exposed
826150608,0,1,8199,98,0.076,1,2,18072.0,40,0.00043957992,1,Mono-product exposed
779187783,0,3,8436,77,0.074,2,1,24533.0,38,0.31916285,9,Mono-product exposed
720809358,0,1,7776,98,0.475,1,3,4874.0,32,0.001123612,2,Mono-product exposed
714054408,0,2,8272,79,0.141,1,3,12889.0,42,0.56142336,9,Contacted but fragile
789827208,0,3,7768,92,0.225,2,1,7531.0,31,0.0023735838,4,Mono-product exposed
718308558,0,6,7688,93,0.628,2,1,1838.0,37,0.0010670089,2,Mono-product exposed
801064833,0,1,7930,91,0.071,1,2,30117.0,36,0.0005829261,1,Mono-product exposed
719838558,0,1,7432,92,0.289,1,1,5131.0,35,0.0004080128,1,Mono-product exposed
714510483,0,3,7640,87,0.073,2,3,34516.0,36,0.068117514,8,Mono-product exposed
718246458,0,1,8241,105,0.082,2,2,24262.0,45,0.00056541123,1,Mono-product exposed
710822808,0,3,7854,89,0.036,1,1,34516.0,33,0.0071092844,6,Mono-product exposed
791730183,1,2,5070,50,0.246,2,6,7385.0,32,0.99745494,10,Contacted but fragile
709722858,0,2,8503,88,0.066,2,2,20708.0,37,0.040458877,7,Mono-product exposed
712582983,1,3,4729,54,0.098,4,1,14057.0,36,0.8390997,9,Dormant high-risk
714999483,0,1,9389,106,0.033,2,2,34516.0,36,0.001617801,3,Mono-product exposed
711388458,0,5,8591,99,0.089,2,1,17072.0,36,0.0025525677,4,Mono-product exposed
796174983,0,3,7722,94,0.045,2,3,25737.0,46,0.0030117491,4,Mono-product exposed
712918083,0,3,7527,88,0.347,1,1,2211.0,33,0.0058491956,6,Mono-product exposed
715459158,0,1,7821,97,0.0,2,2,16950.0,26,0.0026937337,4,Mono-product exposed
712687083,0,1,7234,83,0.0,1,3,15043.0,24,0.10551262,8,Mono-product exposed
713003358,1,2,4983,40,0.005,2,2,29338.0,30,0.9984774,10,Mono-product exposed
812443458,0,3,7794,94,0.0,2,2,25808.0,52,0.031912573,7,Mono-product exposed
712984983,0,3,7739,101,0.824,1,2,2248.0,30,0.0016920302,3,Mono-product exposed
708826158,0,2,8608,100,0.459,2,1,3670.0,27,0.0017785947,3,Mono-product exposed
788725608,0,2,8387,102,0.13,1,3,8861.0,17,0.0016965807,3,Mono-product exposed
717559533,0,3,8212,100,0.034,1,1,34516.0,42,0.0014458245,3,Mono-product exposed
720443358,0,3,6950,84,0.156,1,1,8014.0,36,0.008246773,6,Mono-product exposed
806694333,0,1,8268,73,0.642,1,1,2771.0,39,0.05895235,8,Mono-product exposed
709770408,0,1,8652,98,0.049,1,2,34516.0,36,0.001367596,2,Mono-product exposed
718259433,1,4,5460,63,0.0,1,2,8383.0,40,0.99334055,10,Dormant high-risk
770705208,0,3,7890,91,0.041,1,3,15365.0,30,0.008972199,6,Mono-product exposed
720655833,1,3,4955,56,0.0,2,2,2913.0,30,0.9867306,10,Dormant high-risk
797898858,0,2,7288,88,0.439,1,1,4748.0,34,0.0037048317,5,Mono-product exposed
779548008,0,2,7745,83,0.0,1,3,34516.0,35,0.418228,9,Mono-product exposed
718388733,0,3,8677,96,0.483,2,3,2609.0,32,0.004208582,5,Mono-product exposed
711742758,1,3,5242,74,0.0,2,1,11508.0,32,0.8652157,9,Dormant high-risk
757863258,0,2,7480,84,0.37,2,1,2396.0,38,0.024142867,7,Mono-product exposed
711947358,0,3,7716,83,0.064,2,1,18991.0,38,0.036027983,7,Mono-product exposed
712157958,1,3,4883,42,0.0,1,2,10908.0,36,0.9985567,10,Dormant high-risk
814760358,0,2,7766,82,0.137,2,2,14627.0,48,0.013296383,7,Mono-product exposed
710192283,0,2,8686,91,0.532,1,2,2219.0,36,0.0022213326,4,Mono-product exposed
718977483,0,3,7209,91,0.054,2,1,25736.0,46,0.0012800357,2,Mono-product exposed
712129158,0,3,7747,104,0.137,2,1,7997.0,36,0.001416164,3,Mono-product exposed
714880533,0,2,8669,99,0.611,2,3,2849.0,36,0.0025843594,4,Mono-product exposed
808287408,0,2,8420,100,0.039,1,0,29227.0,40,0.0007985808,1,Mono-product exposed
709619433,0,2,8604,108,0.04,1,2,34516.0,44,0.0018038015,3,Mono-product exposed
708881583,0,3,8752,95,0.107,1,1,12458.0,43,0.0039003785,5,Mono-product exposed
711332883,1,3,5294,73,0.328,2,3,7547.0,46,0.8350103,9,Dormant high-risk
717696333,1,3,5425,60,0.0,4,3,34516.0,36,0.9906211,10,Dormant high-risk
820587258,0,5,8637,94,0.0,2,2,10677.0,40,0.13352886,8,Mono-product exposed
768733533,0,3,8851,88,0.689,2,2,2340.0,47,0.03545747,7,Mono-product exposed
779779083,0,2,7872,103,0.0,2,1,23981.0,26,0.0056779785,5,Mono-product exposed
720735408,0,3,8514,109,0.26,1,1,6329.0,30,0.0016761242,3,Mono-product exposed
819160158,0,3,8218,88,0.348,2,3,4960.0,37,0.22372332,8,Mono-product exposed
804601833,0,2,7491,86,0.046,1,3,34516.0,39,0.015752539,7,Mono-product exposed
714823308,0,3,7345,98,0.123,2,3,15987.0,35,0.002294904,4,Mono-product exposed
711577458,0,2,8087,95,0.572,2,1,3244.0,36,0.0011829709,2,Mono-product exposed
787539333,0,2,7973,88,0.345,1,3,7298.0,37,0.09489685,8,Mono-product exposed
716806383,0,1,9042,122,0.053,1,3,28307.0,40,0.0005946508,1,Mono-product exposed
812230308,0,3,8444,100,0.682,2,3,2430.0,42,0.0017596058,3,Mono-product exposed
778420383,0,3,8609,109,0.267,2,2,7650.0,29,0.004055761,5,Mono-product exposed
774012933,0,2,9277,92,0.322,1,1,6443.0,41,0.0019930322,3,Mono-product exposed
718756533,0,2,8963,105,0.112,1,1,13356.0,41,0.00083298574,2,Mono-product exposed
812224983,0,1,8037,100,0.287,1,2,4675.0,51,0.001354646,2,Mono-product exposed
714284358,0,1,7037,82,0.61,2,1,2177.0,52,0.0036762466,5,Mono-product exposed
709530408,0,3,8007,96,0.041,1,1,34516.0,36,0.0020751562,3,Mono-product exposed
750690258,0,3,8220,103,0.707,2,3,2821.0,39,0.0010943136,2,Mono-product exposed
716283108,0,2,7986,88,0.167,2,3,6769.0,36,0.012959421,7,Mono-product exposed
718353633,1,3,5547,75,0.0,2,2,34516.0,36,0.96684474,9,Dormant high-risk
718528833,0,3,8879,101,0.06,2,2,30172.0,43,0.0015694952,3,Mono-product exposed
718006608,0,3,9081,100,0.15,1,1,7742.0,36,0.004130744,5,Mono-product exposed
710569233,0,1,9185,100,0.122,2,1,11814.0,35,0.00050461607,1,Mono-product exposed
718694658,0,1,7523,90,0.056,2,3,28687.0,32,0.0019392374,3,Mono-product exposed
779293308,0,3,8305,103,0.08,1,3,25653.0,33,0.0014150896,3,Mono-product exposed
718276758,0,1,8226,97,0.189,2,2,4705.0,40,0.0011044771,2,Mono-product exposed
712654233,0,3,8327,85,0.057,1,1,19150.0,27,0.019148676,7,Mono-product exposed
719296383,0,2,7885,85,0.043,1,3,34516.0,18,0.02417935,7,Mono-product exposed
808279158,0,3,8914,99,0.121,1,1,11765.0,46,0.0022667989,4,Mono-product exposed
780497958,0,3,7996,99,0.127,1,3,16627.0,28,0.0010396136,2,Mono-product exposed
715519983,0,1,8751,94,0.107,1,3,13553.0,34,0.0037369786,5,Mono-product exposed
708568983,0,3,8110,113,0.206,2,1,11476.0,28,0.00095060456,2,Mono-product exposed
823648983,0,3,7960,112,0.282,1,1,5182.0,54,0.00168699,3,Mono-product exposed
789412458,1,3,4909,52,0.109,6,4,23026.0,34,0.97782797,10,Dormant high-risk
716837508,0,2,8695,95,0.0,2,1,18477.0,37,0.007895614,6,Mono-product exposed
711249858,1,3,3315,47,0.0,2,2,29890.0,38,0.9942368,10,Dormant high-risk
712009083,0,1,8980,93,0.124,2,2,8290.0,36,0.0033807824,4,Mono-product exposed
720522633,0,1,8150,106,0.095,2,2,16199.0,36,0.00073751115,1,Mono-product exposed
713071383,0,3,8554,99,0.464,1,3,3723.0,36,0.0025547359,4,Mono-product exposed
712938258,0,1,8328,94,0.127,2,3,12695.0,32,0.0029771095,4,Mono-product exposed
719071158,1,2,3901,54,0.0,2,2,34516.0,38,0.9464853,9,Mono-product exposed
709046958,0,1,9059,100,0.072,2,1,30379.0,39,0.00067497353,1,Mono-product exposed
708748833,0,2,8920,105,0.125,2,3,9875.0,25,0.0032708878,4,Mono-product exposed
711364233,0,1,8888,104,0.045,1,2,34516.0,26,0.0006646389,1,Mono-product exposed
712645908,0,3,8804,111,0.787,1,3,2600.0,37,0.00092247326,2,Mono-product exposed
708428958,0,3,9179,113,0.0,1,2,34516.0,33,0.014290327,7,Mono-product exposed
719714658,1,3,5272,62,0.0,5,2,12218.0,43,0.9730242,9,Dormant high-risk
720874983,0,2,8736,97,0.0,1,1,34516.0,37,0.015613001,7,Mono-product exposed
719180958,0,2,9105,104,0.0,2,2,21754.0,39,0.019887522,7,Mono-product exposed
710360583,0,1,8329,101,0.072,1,0,8396.0,35,0.00035081597,1,Mono-product exposed
823848183,0,2,8438,92,0.093,1,3,15987.0,35,0.005964562,6,Mono-product exposed
783121008,0,2,8285,106,0.155,1,3,12094.0,49,0.002035251,3,Mono-product exposed
789529158,0,1,8553,88,0.252,1,3,2946.0,36,0.029876769,7,Mono-product exposed
708500883,0,3,8379,106,0.0,2,2,17812.0,40,0.0080502285,6,Mono-product exposed
811965558,0,3,9406,106,0.0,2,3,13743.0,41,0.07218372,8,Mono-product exposed
714383583,0,3,8646,97,0.071,5,3,23981.0,36,0.030314181,7,Lower-risk active
809425533,0,2,8097,105,0.074,5,2,15785.0,40,0.0027775615,4,Lower-risk active
716858433,1,3,5372,75,0.0,4,1,3015.0,32,0.9296377,9,Dormant high-risk
812534958,0,2,8443,97,0.083,2,2,19000.0,34,0.0022990087,4,Mono-product exposed
714052158,1,3,5366,68,0.081,2,2,11714.0,39,0.847688,9,Dormant high-risk
780200208,0,2,8777,112,0.14,2,2,11135.0,29,0.0012476238,2,Mono-product exposed
711458583,0,1,8582,106,0.039,2,1,34516.0,35,0.0005278511,1,Mono-product exposed
826451433,0,1,8502,103,0.066,2,3,34516.0,38,0.0010092503,2,Mono-product exposed
719740983,0,1,8998,102,0.065,1,3,13259.0,34,0.0015859093,3,Mono-product exposed
709019283,0,3,7867,100,0.39,2,1,5660.0,39,0.0014790059,3,Mono-product exposed
710213508,0,3,8634,95,0.045,2,3,23355.0,54,0.028602181,7,Mono-product exposed
710814633,0,5,8888,103,0.121,1,3,20734.0,31,0.016201435,7,Mono-product exposed
775267158,0,1,8785,111,0.564,2,3,2476.0,37,0.00074571586,1,Mono-product exposed
712268808,0,2,8765,105,0.071,2,3,34516.0,36,0.004169805,5,Mono-product exposed
720178158,1,3,5537,63,0.0,5,3,7552.0,37,0.98894125,10,Dormant high-risk
779805408,0,1,8217,99,0.0,1,1,14630.0,31,0.002697704,4,Mono-product exposed
710958933,1,3,4866,56,0.129,5,2,6080.0,35,0.884368,9,Dormant high-risk
720698883,1,3,5524,67,0.0,2,3,28605.0,38,0.9846224,10,Dormant high-risk
780384483,1,2,5481,58,0.321,2,2,2886.0,39,0.8825704,9,Mono-product exposed
714190983,1,3,5418,65,0.015,2,3,34516.0,32,0.97548485,9,Dormant high-risk
713808633,0,2,13794,127,0.173,2,1,10850.0,23,0.008928397,6,Mono-product exposed
710295858,0,1,8074,84,0.068,2,2,24244.0,32,0.005870582,6,Mono-product exposed
713209308,0,3,7971,97,0.106,2,2,17218.0,46,0.0027119801,4,Mono-product exposed
788709408,0,3,14771,127,0.0,2,1,14746.0,21,0.007607137,6,Mono-product exposed
717757608,0,1,8938,114,0.03,2,1,34516.0,36,0.0012435758,2,Mono-product exposed
715300683,0,1,8271,94,0.025,1,3,34458.0,36,0.00663572,6,Mono-product exposed
711436983,0,2,8596,102,0.073,1,1,34516.0,49,0.003231566,4,Mono-product exposed
789582483,0,3,7699,101,0.194,2,3,9369.0,53,0.0018248371,3,Mono-product exposed
790168083,0,2,8438,100,0.096,2,3,22741.0,44,0.003347277,4,Mono-product exposed
742865883,1,3,5290,69,0.276,4,3,9110.0,39,0.93424,9,Dormant high-risk
770848308,0,2,8773,105,0.038,2,1,34516.0,31,0.0016641389,3,Mono-product exposed
713486583,0,2,8838,97,0.125,2,1,17277.0,29,0.0015522963,3,Mono-product exposed
708697983,0,2,8766,78,0.062,2,2,34516.0,49,0.3072996,9,Mono-product exposed
823539558,0,2,8360,94,0.048,2,3,33565.0,35,0.007538043,6,Mono-product exposed
711339258,0,3,8255,86,0.11,1,1,20176.0,36,0.097142495,8,Mono-product exposed
781171908,0,3,9497,106,0.498,1,1,3751.0,38,0.0064892718,6,Mono-product exposed
815582358,0,1,8852,95,0.629,2,2,2519.0,42,0.00058332965,1,Mono-product exposed
755212608,1,3,5468,71,0.0,4,3,13067.0,43,0.80572194,9,Dormant high-risk
716486508,1,2,5529,78,0.0,6,2,3399.0,37,0.8225408,9,Lower-risk active
771674958,0,3,8135,97,0.158,1,3,11529.0,33,0.0017761817,3,Mono-product exposed
787909158,0,3,9523,105,0.128,1,2,8694.0,31,0.003881317,5,Mono-product exposed
717140733,0,3,9065,85,0.126,1,3,6616.0,36,0.3031314,9,Mono-product exposed
799468083,0,2,14373,97,0.1,2,2,11467.0,45,0.0068566827,6,Mono-product exposed
718993533,0,3,8927,103,0.084,2,0,15821.0,37,0.0005939784,1,Mono-product exposed
713870958,0,3,8416,93,0.0,2,2,34516.0,46,0.05403574,8,Mono-product exposed
709171308,0,3,13173,96,0.11,1,3,15795.0,16,0.005402092,5,Mono-product exposed
798553158,1,2,5470,72,0.0,1,1,3109.0,56,0.9644636,9,Mono-product exposed
720819858,0,2,8210,100,0.285,1,2,8837.0,27,0.0048722355,5,Mono-product exposed
815078433,0,1,13363,99,0.262,2,3,6551.0,37,0.0015263467,3,Mono-product exposed
710924658,0,2,9339,99,0.43,1,2,2540.0,36,0.0014148079,3,Mono-product exposed
709883883,0,3,8033,94,0.191,2,1,8110.0,34,0.0011050076,2,Mono-product exposed
718650258,0,3,12956,97,0.36,2,1,6146.0,47,0.007196847,6,Mono-product exposed
711613308,1,1,2562,38,0.318,2,2,2236.0,48,0.9951715,10,Mono-product exposed
718558758,1,2,3922,51,0.381,1,2,3711.0,22,0.9320109,9,Mono-product exposed
718504233,1,2,3423,48,0.862,2,3,2082.0,30,0.8697993,9,Contacted but fragile
709108533,0,2,15139,90,0.223,2,3,9959.0,29,0.025482075,7,Mono-product exposed
713236458,0,2,8295,113,0.133,2,3,18980.0,48,0.004449148,5,Mono-product exposed
714352533,0,2,14132,103,0.056,1,2,15472.0,29,0.0015960725,3,Mono-product exposed
717353433,0,3,13015,104,0.072,1,3,21498.0,42,0.003389814,4,Mono-product exposed
813804783,1,3,4399,54,0.0,4,3,2667.0,36,0.77345604,9,Dormant high-risk
771062733,0,2,15511,101,0.299,1,1,4291.0,31,0.0021291047,3,Mono-product exposed
715649358,1,2,7786,81,0.0,1,2,3879.0,26,0.95414954,9,Mono-product exposed
713552958,0,3,14833,114,0.128,1,1,12773.0,28,0.0034294,4,Mono-product exposed
715209333,0,1,13630,124,0.316,1,1,6224.0,36,0.00076791306,1,Mono-product exposed
769935783,0,2,14213,100,0.262,2,1,9594.0,34,0.016789377,7,Mono-product exposed
815613033,0,2,14276,96,0.138,2,3,12518.0,44,0.0038762765,5,Mono-product exposed
718732833,1,2,3967,42,0.633,4,2,2783.0,48,0.919792,9,Lower-risk active
816328308,0,1,14264,118,0.0,2,3,3773.0,55,0.014990276,7,Mono-product exposed
711814608,0,1,15423,110,0.094,2,1,19281.0,36,0.0016488401,3,Mono-product exposed
803216433,1,3,4804,57,0.17,6,2,14806.0,33,0.92040986,9,Dormant high-risk
710694033,0,1,13400,104,0.168,2,1,7473.0,36,0.002731885,4,Mono-product exposed
709257708,0,1,14965,127,0.636,1,2,3108.0,41,0.0013093568,2,Mono-product exposed
720174033,0,3,12871,104,0.028,1,1,34516.0,33,0.0026727403,4,Mono-product exposed
820666083,1,3,8646,85,0.091,5,4,27742.0,37,0.9618677,9,Dormant high-risk
712044558,1,2,6408,70,0.09,6,3,14563.0,41,0.680757,9,Contacted but fragile
713131158,1,3,8199,59,0.0,1,1,10286.0,46,0.99635637,10,Dormant high-risk
803335008,0,3,13945,107,0.189,2,3,7791.0,43,0.0065047843,6,Mono-product exposed
795869583,0,3,15200,118,0.434,1,2,3733.0,47,0.008790536,6,Mono-product exposed
789535233,0,1,11603,109,0.047,2,2,34516.0,44,0.00842988,6,Mono-product exposed
716441058,0,5,13820,99,0.0,2,2,14416.0,36,0.003564712,5,Mono-product exposed
718113633,1,2,5603,56,0.0,1,3,34516.0,36,0.9978782,10,Contacted but fragile
708908883,0,3,12603,106,0.085,1,2,12033.0,32,0.0042549223,5,Mono-product exposed
712152408,0,2,12478,97,0.056,1,1,34516.0,29,0.0029944056,4,Mono-product exposed
708229308,1,2,6059,71,0.0,5,2,3243.0,41,0.88761306,9,Lower-risk active
715351983,0,3,14334,97,0.151,1,2,9761.0,20,0.0010436982,2,Mono-product exposed
798451908,0,3,12403,120,0.0,1,2,5723.0,30,0.03766105,7,Mono-product exposed
794962983,0,1,14576,110,0.251,1,3,9947.0,41,0.003271998,4,Mono-product exposed
721000833,0,3,13324,110,0.0,1,2,3599.0,38,0.0056433934,5,Mono-product exposed
720086358,0,3,14465,125,0.127,2,1,12648.0,48,0.0015522992,3,Mono-product exposed
710064033,1,2,3555,42,0.0,2,5,4572.0,28,0.99651706,10,Contacted but fragile
780588258,0,2,14567,120,0.434,1,2,4021.0,42,0.0018628582,3,Mono-product exposed
710833908,0,3,12896,100,0.054,1,3,25601.0,25,0.0031679089,4,Mono-product exposed
714449283,0,3,13360,97,0.06,1,1,25428.0,36,0.0018732338,3,Mono-product exposed
772339383,0,5,13787,121,0.306,2,3,4216.0,44,0.0038101622,5,Mono-product exposed
721382208,0,1,13677,122,0.802,2,2,3140.0,27,0.0016310294,3,Mono-product exposed
779349783,0,2,13119,104,0.057,2,2,21161.0,31,0.001111673,2,Mono-product exposed
789450408,0,5,15106,91,0.291,2,3,5877.0,32,0.021171289,7,Mono-product exposed
709210833,0,2,14084,110,0.182,1,2,9074.0,36,0.0018796229,3,Mono-product exposed
821752908,0,3,15078,117,0.544,2,2,4142.0,49,0.0016296044,3,Mono-product exposed
789878283,0,2,13670,117,0.372,2,2,3152.0,29,0.0039760824,5,Mono-product exposed
709319658,1,3,7681,71,0.0,5,4,15987.0,37,0.9785967,10,Dormant high-risk
719222133,0,3,13719,96,0.193,2,2,8919.0,36,0.0033203126,4,Mono-product exposed
715551783,0,1,14603,113,0.051,1,3,24927.0,42,0.0007560664,1,Mono-product exposed
712718958,0,1,15019,101,0.65,2,1,3308.0,36,0.0011501241,2,Mono-product exposed
709764483,1,1,4041,65,0.094,1,2,6157.0,53,0.3716902,9,Mono-product exposed
783361533,0,3,14954,112,0.035,2,2,33889.0,35,0.0060253837,6,Mono-product exposed
717942033,0,1,14490,98,0.037,1,3,33552.0,42,0.0010153735,2,Mono-product exposed
817908783,0,3,14242,107,0.062,2,1,34516.0,39,0.002117185,3,Mono-product exposed
713708358,0,3,12429,111,0.05,2,3,19594.0,36,0.008754119,6,Mono-product exposed
713705358,0,6,13970,109,0.135,2,1,7349.0,28,0.0037952506,5,Mono-product exposed
789551883,0,1,14426,87,0.067,1,2,14803.0,45,0.046334613,8,Mono-product exposed
812247033,1,5,3281,39,0.0,5,2,3536.0,46,0.9901541,10,Dormant high-risk
717580458,1,3,7847,63,0.0,2,2,19333.0,36,0.9970885,10,Dormant high-risk
780551733,0,2,12592,117,0.127,2,3,11605.0,44,0.0036102931,5,Mono-product exposed
719722308,0,1,13109,114,0.0,2,3,3329.0,22,0.004857475,5,Mono-product exposed
718328283,0,1,12631,100,0.387,2,3,3961.0,36,0.0014622638,3,Mono-product exposed
826061508,0,3,13090,102,0.342,1,1,5975.0,45,0.002935976,4,Mono-product exposed
715610733,1,1,8193,66,0.315,6,5,3735.0,47,0.93080634,9,Contacted but fragile
710161083,1,3,6613,40,0.0,6,3,5780.0,36,0.99829656,10,Dormant high-risk
712464933,0,2,15203,114,0.101,2,2,19141.0,36,0.013715152,7,Mono-product exposed
768181608,0,3,13179,122,0.511,2,3,3461.0,37,0.0017643026,3,Mono-product exposed
713869083,0,2,14901,92,0.034,2,1,29394.0,43,0.00467691,5,Mono-product exposed
711465333,0,1,12593,99,0.0,2,1,24250.0,26,0.001417387,3,Mono-product exposed
719924433,0,2,13452,107,0.0,1,3,16191.0,32,0.013610634,7,Mono-product exposed
719248158,0,3,14533,108,0.199,1,2,7261.0,42,0.0053855437,5,Mono-product exposed
719944458,0,3,12510,96,0.357,2,1,4023.0,36,0.012415732,6,Mono-product exposed
715799808,1,3,6574,69,0.0,4,2,3764.0,39,0.9642949,9,Dormant high-risk
721264533,0,1,15578,126,0.294,1,3,3767.0,36,0.0021470443,3,Mono-product exposed
711838008,1,3,9322,77,0.075,2,2,6407.0,28,0.9964085,10,Dormant high-risk
711826983,1,3,3240,38,0.0,4,6,5822.0,36,0.99179864,10,Dormant high-risk
719413383,0,3,14880,134,0.043,2,1,33711.0,36,0.00526613,5,Mono-product exposed
712990458,0,2,13653,113,0.062,2,1,31699.0,34,0.0011847883,2,Mono-product exposed
789594108,0,1,14107,99,0.519,1,3,3429.0,41,0.0014382764,3,Mono-product exposed
718764708,0,4,14223,103,0.153,1,3,8858.0,36,0.00215274,3,Mono-product exposed
820271208,0,2,13791,103,0.175,2,3,7064.0,41,0.0035812142,5,Mono-product exposed
708369633,1,3,7031,67,0.119,6,2,15487.0,36,0.9205813,9,Dormant high-risk
712055433,0,2,14137,116,0.576,2,1,3600.0,36,0.016354596,7,Mono-product exposed
721114458,0,2,14319,96,0.017,1,2,34516.0,36,0.0029247093,4,Mono-product exposed
714959358,1,3,8045,71,0.066,5,3,34516.0,36,0.95701844,9,Dormant high-risk
708396033,0,2,12257,101,0.425,1,2,2490.0,27,0.0027124858,4,Mono-product exposed
719593608,1,2,7661,61,0.0,6,1,33870.0,36,0.9898852,10,Lower-risk active
715830558,1,2,7454,81,0.012,6,1,34516.0,38,0.969737,9,Lower-risk active
716406483,0,3,13124,103,0.057,1,3,23760.0,20,0.003940841,5,Mono-product exposed
714941358,1,3,7022,75,0.0,2,6,4005.0,36,0.99726236,10,Dormant high-risk
716088783,1,4,8169,65,0.0,1,2,29239.0,50,0.99838686,10,Dormant high-risk
718458858,1,3,3526,53,0.0,2,6,34516.0,29,0.96958905,9,Dormant high-risk
715754133,0,2,13212,107,0.401,2,3,3391.0,32,0.0011998855,2,Mono-product exposed
715630983,1,2,6317,77,0.0,4,3,4598.0,21,0.96491176,9,Contacted but fragile
712768983,1,4,8629,65,0.007,6,2,34516.0,42,0.99897254,10,Dormant high-risk
716881683,1,3,5567,51,0.733,2,3,3435.0,34,0.99571425,10,Dormant high-risk
711108408,0,1,14244,96,0.076,2,1,17540.0,36,0.00047225578,1,Mono-product exposed
717565233,0,3,13303,92,0.042,2,2,31346.0,38,0.003838669,5,Mono-product exposed
789539058,0,1,17064,116,0.206,1,3,4342.0,20,0.0023807655,4,Mono-product exposed
768643158,0,1,13598,119,0.64,2,3,3842.0,38,0.0020183108,3,Mono-product exposed
721530633,0,1,15209,104,0.351,1,1,3785.0,36,0.0018445987,3,Mono-product exposed
721188033,0,3,16171,112,0.329,2,1,6797.0,39,0.007846454,6,Mono-product exposed
810261633,0,2,14991,95,0.178,2,3,9682.0,39,0.0050480072,5,Mono-product exposed
717529233,1,3,4840,44,0.0,4,2,3319.0,30,0.9973929,10,Dormant high-risk
719365233,0,3,15077,126,0.233,1,2,7664.0,23,0.0045668418,5,Mono-product exposed
720943308,0,1,16202,120,0.065,1,2,30498.0,36,0.0010365201,2,Mono-product exposed
714425283,0,3,14703,119,0.0,2,2,19962.0,40,0.02772858,7,Mono-product exposed
711794358,1,4,3119,53,0.0,2,3,21398.0,50,0.974703,9,Dormant high-risk
719683158,1,4,7154,66,0.0,2,2,4746.0,48,0.9869392,10,Dormant high-risk
709406733,0,2,13280,106,0.074,2,1,20434.0,36,0.0008498106,2,Mono-product exposed
708572658,0,1,15039,120,0.071,1,2,29531.0,38,0.0011508118,2,Mono-product exposed
714001008,0,1,13997,102,0.0,1,2,3730.0,36,0.0014445198,3,Mono-product exposed
712833633,0,1,13866,98,0.061,2,3,10688.0,36,0.0019582235,3,Mono-product exposed
716260833,1,3,8331,63,0.539,6,5,4668.0,36,0.9383168,9,Dormant high-risk
708863733,0,1,13847,120,0.036,1,3,22725.0,19,0.0070905513,6,Mono-product exposed
717076458,0,3,14955,102,0.144,1,1,8155.0,36,0.004192665,5,Mono-product exposed
712412958,0,1,14615,124,0.045,1,2,18266.0,33,0.0021034582,3,Mono-product exposed
720535008,0,2,13764,104,0.104,1,3,10492.0,36,0.0040810304,5,Mono-product exposed
711578658,0,3,13945,97,0.395,1,3,6380.0,49,0.04889197,8,Mono-product exposed
709373883,0,1,15091,124,0.132,1,2,19055.0,36,0.006292296,6,Mono-product exposed
780730008,0,2,13627,120,0.216,2,2,3477.0,36,0.0012033427,2,Mono-product exposed
824816358,0,3,14252,127,0.0,2,2,3277.0,32,0.0108923,6,Mono-product exposed
716106108,0,3,13376,129,0.0,2,2,34516.0,41,0.007583849,6,Mono-product exposed
709807383,0,1,15391,94,0.319,1,1,3616.0,22,0.00055188447,1,Mono-product exposed
716430933,0,1,13740,131,0.0,2,2,3973.0,36,0.0051783123,5,Mono-product exposed
789866133,0,3,12867,118,0.546,2,2,4318.0,35,0.009110214,6,Mono-product exposed
718634058,0,2,14844,100,0.1,2,1,7660.0,31,0.0031118146,4,Mono-product exposed
715129983,0,3,15079,116,0.0,1,2,3515.0,36,0.02140203,7,Mono-product exposed
717177783,0,2,15549,121,0.0,1,3,13313.0,19,0.010705563,6,Mono-product exposed
719694408,1,3,7996,80,0.0,4,6,4541.0,36,0.995432,10,Dormant high-risk
806992533,0,1,13092,102,0.096,2,1,8284.0,44,0.0010430159,2,Mono-product exposed
718045008,1,2,6639,71,0.0,1,2,3768.0,21,0.8780285,9,Mono-product exposed
711010683,0,2,12941,131,0.136,1,3,14382.0,27,0.0024301982,4,Mono-product exposed
714759708,0,2,13681,105,0.128,2,3,10798.0,36,0.0017424867,3,Mono-product exposed
718801158,0,2,14455,96,0.059,2,2,23981.0,36,0.003428558,4,Mono-product exposed
712256358,0,3,13672,110,0.07,1,1,22729.0,23,0.0071155783,6,Mono-product exposed
779803008,0,2,13854,124,0.0,2,1,27670.0,30,0.0043317815,5,Mono-product exposed
710968008,0,1,14308,124,0.189,2,2,3423.0,26,0.0010274379,2,Mono-product exposed
771584658,0,2,13753,98,0.043,1,3,33874.0,34,0.002767568,4,Mono-product exposed
718102758,0,1,14071,101,0.351,2,3,3175.0,36,0.0020094784,3,Mono-product exposed
811076883,1,4,5056,63,0.0,1,3,7979.0,40,0.91111237,9,Dormant high-risk
770970558,0,2,15180,103,0.166,1,3,13679.0,28,0.005587553,5,Mono-product exposed
758863383,0,3,13090,104,0.064,1,2,14767.0,36,0.010635328,6,Mono-product exposed
716863458,1,3,8570,68,0.016,2,3,34516.0,36,0.9985846,10,Dormant high-risk
766821033,1,3,7976,74,0.25,6,3,4650.0,46,0.75791264,9,Dormant high-risk
814590483,0,3,12777,95,0.241,1,3,3592.0,40,0.0025502234,4,Mono-product exposed
773283108,0,1,15738,116,0.053,1,3,32535.0,24,0.0010387028,2,Mono-product exposed
721006458,0,1,14557,114,0.458,2,3,3214.0,35,0.0011841272,2,Mono-product exposed
714615258,1,3,9330,64,0.443,6,2,4819.0,36,0.9529412,9,Dormant high-risk
788687133,0,3,13678,125,0.0,2,1,16433.0,31,0.0050590453,5,Mono-product exposed
820108008,0,3,14743,121,0.112,2,3,12174.0,44,0.017240169,7,Mono-product exposed
717781608,0,2,14082,99,0.164,2,1,9230.0,40,0.0018629611,3,Mono-product exposed
720136458,0,2,14119,97,0.113,2,3,6867.0,36,0.0020305822,3,Mono-product exposed
716247708,0,2,14149,103,0.054,2,2,34516.0,33,0.0012609534,2,Mono-product exposed
714968208,0,3,13758,104,0.0,2,1,18046.0,36,0.0041342294,5,Mono-product exposed
719913783,0,2,13617,105,0.207,2,3,7680.0,27,0.001628128,3,Mono-product exposed
720621408,0,3,14326,100,0.0,2,2,7825.0,36,0.008130167,6,Mono-product exposed
721169883,0,3,16161,109,0.389,1,2,5002.0,31,0.018873975,7,Mono-product exposed
719324658,0,1,14716,112,0.033,1,3,34516.0,19,0.001701507,3,Mono-product exposed
714577233,0,3,15999,109,0.0,2,1,4755.0,41,0.0060510314,6,Mono-product exposed
712367658,0,3,13830,112,0.081,1,0,22104.0,40,0.000976723,2,Mono-product exposed
803655333,0,3,12025,103,0.079,1,3,29038.0,47,0.0060714963,6,Mono-product exposed
710455608,1,3,6644,61,0.0,2,2,4620.0,36,0.9858913,10,Dormant high-risk
711328458,0,1,13988,127,0.039,1,3,34516.0,50,0.001606593,3,Mono-product exposed
708123033,0,1,14511,105,0.0,2,1,11463.0,30,0.0033740923,4,Mono-product exposed
713514633,1,4,8291,69,0.0,2,2,6224.0,50,0.98028105,10,Dormant high-risk
710745633,0,3,14074,112,0.039,2,3,19252.0,36,0.0026506002,4,Mono-product exposed
710374008,0,1,12906,100,0.046,1,2,34516.0,47,0.0008607629,2,Mono-product exposed
772166058,0,2,13142,112,0.484,1,3,3232.0,20,0.004266243,5,Mono-product exposed
715017858,0,1,14465,114,0.041,2,3,34516.0,36,0.0008520485,2,Mono-product exposed
717571683,1,3,4536,61,0.0,2,3,23981.0,34,0.9478559,9,Dormant high-risk
743420208,0,2,13816,121,0.39,2,2,4822.0,40,0.004575962,5,Mono-product exposed
716201883,0,2,14696,114,0.04,2,3,34516.0,39,0.020255769,7,Mono-product exposed
714593883,0,2,13138,115,0.112,1,1,12100.0,45,0.0015768898,3,Mono-product exposed
711003483,0,3,15121,97,0.056,2,3,20466.0,24,0.0025195864,4,Mono-product exposed
819628158,0,3,14544,116,0.102,2,1,17887.0,37,0.009445418,6,Mono-product exposed
712021233,1,1,9356,74,0.0,5,3,23399.0,15,0.9992009,10,Contacted but fragile
708573933,0,2,14747,100,0.061,2,3,13026.0,36,0.0022890042,4,Mono-product exposed
710758683,0,3,12980,82,0.127,2,3,15698.0,48,0.059274226,8,Mono-product exposed
718288833,0,3,14643,127,0.157,1,3,5590.0,36,0.005276694,5,Mono-product exposed
708873183,0,3,15473,128,0.035,1,2,17575.0,39,0.0078223515,6,Mono-product exposed
766224933,0,1,14428,119,0.06,1,1,29528.0,39,0.00044783083,1,Mono-product exposed
771626283,0,3,15033,114,0.058,1,1,34516.0,42,0.0073411656,6,Mono-product exposed
720372483,0,1,14624,111,0.545,1,3,4147.0,36,0.001316072,2,Mono-product exposed
712916958,1,3,7026,69,0.0,5,2,12494.0,36,0.9724166,9,Dormant high-risk
716124408,1,2,7486,64,0.049,2,3,34516.0,22,0.9399224,9,Contacted but fragile
714128283,0,3,12493,113,0.129,2,2,13411.0,40,0.006352443,6,Mono-product exposed
708163758,0,4,13085,139,0.018,2,3,34516.0,33,0.0033339143,4,Mono-product exposed
716979183,0,1,15527,106,0.079,1,2,17646.0,34,0.0021433656,3,Mono-product exposed
716480358,0,2,13814,81,0.117,2,1,11121.0,36,0.10904203,8,Mono-product exposed
800758233,1,2,8642,77,0.0,6,2,4109.0,24,0.99563605,10,Lower-risk active
720413658,0,1,15102,95,0.147,2,3,6176.0,31,0.0013774695,3,Mono-product exposed
715832058,0,2,14414,98,0.26,2,3,4512.0,36,0.0024082966,4,Mono-product exposed
716323683,0,3,13177,106,0.049,2,3,32791.0,36,0.0023782074,4,Mono-product exposed
819616383,0,3,14748,118,0.42,2,3,4772.0,35,0.0023196451,4,Mono-product exposed
771069033,0,2,14084,91,0.102,2,3,10602.0,43,0.0023066895,4,Mono-product exposed
821241708,1,4,8670,74,0.0,1,1,7953.0,42,0.99844533,10,Dormant high-risk
716987358,1,1,5660,59,0.0,2,3,8022.0,15,0.9941326,10,Contacted but fragile
710300733,0,4,13781,106,0.0,2,1,34516.0,27,0.009723933,6,Mono-product exposed
712497783,0,2,14779,94,0.15,1,3,9092.0,48,0.0045014345,5,Mono-product exposed
709259958,1,3,9195,73,0.454,1,2,5541.0,44,0.98680186,10,Dormant high-risk
716296833,0,1,14042,113,0.0,2,2,7204.0,47,0.0035605917,5,Mono-product exposed
715728108,0,1,14330,131,0.319,1,2,4548.0,36,0.0009015739,2,Mono-product exposed
771507258,0,2,14474,118,0.304,1,1,3860.0,26,0.0012811755,2,Mono-product exposed
713758758,0,2,17628,109,0.173,2,2,14581.0,36,0.004246964,5,Mono-product exposed
779809908,0,2,12739,96,0.0,2,2,3084.0,34,0.015345386,7,Mono-product exposed
816310158,0,3,14500,106,0.183,1,2,12375.0,44,0.021950327,7,Mono-product exposed
780349833,0,1,15236,120,0.0,1,3,23981.0,23,0.0048654084,5,Mono-product exposed
818235408,0,3,15634,118,0.0,2,1,19534.0,25,0.0030959095,4,Mono-product exposed
709213458,1,3,7867,75,0.0,1,2,22993.0,36,0.9921699,10,Dormant high-risk
719634408,0,2,13534,104,0.017,2,2,34516.0,31,0.0058700168,6,Mono-product exposed
709934808,0,2,13062,103,0.071,2,1,15164.0,51,0.0046516713,5,Mono-product exposed
712238958,0,2,15571,115,0.145,1,3,7231.0,36,0.0059732245,6,Mono-product exposed
711813258,0,1,13633,116,0.059,2,2,34516.0,43,0.00062467746,1,Mono-product exposed
789983133,0,3,14185,98,0.052,2,2,34516.0,22,0.0018407537,3,Mono-product exposed
792139308,0,2,13345,114,0.069,1,3,9215.0,42,0.002341462,4,Mono-product exposed
718123608,0,1,16485,104,0.075,2,2,25438.0,36,0.00077998464,1,Mono-product exposed
715369008,0,2,15331,106,0.0,1,2,3759.0,36,0.005026308,5,Mono-product exposed
717556758,0,2,14934,113,0.748,1,3,3029.0,36,0.0026348387,4,Mono-product exposed
718252533,1,1,7292,68,0.237,5,1,4203.0,18,0.84675586,9,Lower-risk active
716340783,0,1,14441,105,0.061,1,2,21526.0,36,0.0008040622,1,Mono-product exposed
717898758,1,3,5838,74,0.0,6,3,12207.0,45,0.951737,9,Dormant high-risk
825743583,0,3,13796,121,0.061,1,3,32089.0,35,0.0036202506,5,Mono-product exposed
717711108,0,2,14511,123,0.294,1,2,3541.0,27,0.0012246281,2,Mono-product exposed
789791808,0,2,14802,112,0.212,2,2,7139.0,32,0.0033363185,4,Mono-product exposed
807971658,0,2,13931,112,0.686,1,3,3669.0,42,0.015414541,7,Mono-product exposed
770220558,1,6,8004,82,0.0,1,1,5859.0,51,0.9335569,9,Dormant high-risk
818239983,0,1,13016,118,0.102,2,2,15594.0,48,0.0006724425,1,Mono-product exposed
712544358,0,4,15552,108,0.053,1,2,34516.0,36,0.0055418806,5,Mono-product exposed
720306408,0,3,12576,103,0.0,2,2,6704.0,41,0.012758407,6,Mono-product exposed
721488858,0,3,14381,121,0.027,1,2,32417.0,38,0.00904054,6,Mono-product exposed
710771433,0,3,13991,125,0.781,1,1,2754.0,36,0.0013736266,3,Mono-product exposed
708662583,1,3,8345,70,0.0,1,4,27945.0,29,0.99402434,10,Dormant high-risk
717663033,0,2,16428,123,0.031,1,2,34516.0,35,0.0062883734,6,Mono-product exposed
721524858,0,2,13139,102,0.258,1,3,7098.0,37,0.002960514,4,Mono-product exposed
788778033,0,2,15869,109,0.104,1,3,12338.0,20,0.0015259876,3,Mono-product exposed
708649683,0,3,15472,122,0.068,1,2,16703.0,42,0.0017347999,3,Mono-product exposed
708770883,0,2,15301,115,0.088,2,2,16667.0,24,0.0016430159,3,Mono-product exposed
708152358,1,3,8019,57,0.09,1,2,18512.0,36,0.9736495,9,Dormant high-risk
719210133,0,3,12779,103,0.094,2,1,14131.0,35,0.0014278229,3,Mono-product exposed
714690633,0,3,14212,116,0.45,1,1,3276.0,36,0.0010692811,2,Mono-product exposed
719719158,0,3,15584,114,0.042,1,1,34516.0,36,0.0062979753,6,Mono-product exposed
712690458,0,1,15982,113,0.521,1,2,3629.0,28,0.0015195365,3,Mono-product exposed
718758783,0,3,15172,118,0.149,2,3,13067.0,36,0.028755765,7,Mono-product exposed
716947083,0,2,14593,110,0.487,2,1,3845.0,36,0.002489037,4,Mono-product exposed
709075533,1,3,8607,90,0.0,4,3,12094.0,32,0.9866193,10,Dormant high-risk
712952283,0,1,14474,121,0.047,1,2,34516.0,35,0.000988183,2,Mono-product exposed
718799958,0,3,14336,106,0.148,2,3,13312.0,52,0.005315227,5,Mono-product exposed
718663983,0,2,13140,94,0.726,2,2,3466.0,36,0.0028562504,4,Mono-product exposed
789550458,0,2,14230,111,0.114,1,1,15223.0,52,0.0023099664,4,Mono-product exposed
708226833,0,6,13247,107,0.024,1,3,34516.0,44,0.0034022375,4,Mono-product exposed
714361083,1,2,5843,60,0.0,4,3,5989.0,36,0.99677783,10,Contacted but fragile
714608583,1,3,8392,69,0.0,2,2,5287.0,36,0.99238575,10,Dormant high-risk
710775483,0,1,14305,102,0.0,2,3,9060.0,43,0.0021049317,3,Mono-product exposed
709410033,0,1,14952,118,0.176,1,1,4731.0,36,0.0027487369,4,Mono-product exposed
717173358,0,2,14418,100,0.198,1,3,9502.0,47,0.002396895,4,Mono-product exposed
719773158,0,3,14270,97,0.08,1,0,29738.0,36,0.0019647707,3,Mono-product exposed
771292233,0,1,15867,103,0.208,1,2,3918.0,36,0.008540107,6,Mono-product exposed
756371058,0,2,15315,124,0.255,1,3,3944.0,40,0.0030456292,4,Mono-product exposed
709476033,0,1,14229,120,0.274,2,2,6577.0,48,0.0009652072,2,Mono-product exposed
770560683,0,3,13021,117,0.07,2,1,34516.0,37,0.015528515,7,Mono-product exposed
788766933,0,3,14279,97,0.021,1,1,34516.0,26,0.0074358056,6,Mono-product exposed
713550483,0,5,13767,96,0.223,1,1,8670.0,33,0.0043124002,5,Mono-product exposed
709928358,1,2,8528,87,0.0,1,2,32554.0,20,0.96852934,9,Mono-product exposed
713895633,0,1,14324,103,0.0,2,3,8331.0,36,0.002269228,4,Mono-product exposed
720471108,0,2,12595,106,0.052,2,2,32056.0,26,0.0014718777,3,Mono-product exposed
718192608,0,1,13819,106,0.074,1,2,15524.0,36,0.00053295854,1,Mono-product exposed
805485933,0,1,14354,101,0.628,2,3,4010.0,40,0.0028765642,4,Mono-product exposed
712517808,0,4,14830,112,0.466,2,3,3275.0,36,0.0011264484,2,Mono-product exposed
780604083,0,2,16422,110,0.066,1,2,18349.0,37,0.0011444183,2,Mono-product exposed
715311183,0,3,13557,100,0.49,2,1,3388.0,24,0.0024242615,4,Mono-product exposed
712265508,1,1,8363,65,0.0,1,3,4015.0,14,0.9990569,10,Contacted but fragile
715051608,1,3,9183,51,0.259,2,2,9719.0,36,0.9965699,10,Dormant high-risk
757786608,0,3,16216,107,0.59,2,2,4178.0,24,0.004516402,5,Mono-product exposed
714303483,0,2,15039,130,0.395,1,1,3735.0,31,0.0011409438,2,Mono-product exposed
718728108,0,3,14887,119,0.053,1,1,29856.0,30,0.0015732186,3,Mono-product exposed
710019933,0,3,13720,119,0.104,2,3,11522.0,22,0.003924089,5,Mono-product exposed
812453283,0,2,13692,117,0.566,2,3,3161.0,37,0.0029498192,4,Mono-product exposed
717439983,1,3,8293,63,0.17,1,3,14774.0,28,0.9923644,10,Dormant high-risk
714391683,1,3,8248,66,0.073,4,2,34516.0,36,0.9798861,10,Dormant high-risk
827901183,0,2,14593,109,0.191,2,1,5118.0,47,0.0013618291,2,Mono-product exposed
708841233,1,3,8193,72,0.171,2,3,14682.0,33,0.99178,10,Dormant high-risk
710663508,0,2,14763,99,0.734,1,2,3108.0,33,0.0029207282,4,Mono-product exposed
716439258,0,1,13648,103,0.438,1,1,3223.0,36,0.0028392747,4,Mono-product exposed
719610708,0,1,14727,105,0.088,5,3,28612.0,34,0.0038692974,5,Lower-risk active
715026258,0,1,13503,112,0.125,1,1,6224.0,37,0.00079568714,1,Mono-product exposed
711706458,0,2,13311,110,0.053,1,1,24134.0,27,0.0011839952,2,Mono-product exposed
712180308,0,3,14755,123,0.068,1,3,27929.0,36,0.0021078957,3,Mono-product exposed
802622733,0,3,14802,95,0.0,1,3,3657.0,34,0.007885457,6,Mono-product exposed
778832883,0,3,13769,104,0.116,1,1,8257.0,28,0.0031269274,4,Mono-product exposed
788671608,0,2,14393,107,0.08,1,1,23051.0,30,0.0012780981,2,Mono-product exposed
718023708,0,1,14625,115,0.15,2,3,14839.0,42,0.00086905056,2,Mono-product exposed
718692258,0,3,14402,110,0.424,1,1,3755.0,34,0.0036925073,5,Mono-product exposed
718357458,0,3,15282,125,0.0,2,0,3862.0,36,0.0030475222,4,Mono-product exposed
714003483,0,3,15293,129,0.0,1,1,7539.0,36,0.030429777,7,Mono-product exposed
713632983,1,3,7886,70,0.048,2,2,10588.0,35,0.99158174,10,Dormant high-risk
711008508,0,1,13751,113,0.0,2,2,11808.0,50,0.0041675423,5,Mono-product exposed
815230458,0,1,14181,126,0.082,1,3,15504.0,26,0.0006525873,1,Mono-product exposed
719612583,1,4,8127,74,0.0,4,1,12091.0,42,0.996231,10,Dormant high-risk
709514433,0,1,13209,101,0.044,2,1,13818.0,33,0.0007019054,1,Mono-product exposed
815826708,0,3,14437,109,0.249,2,3,4442.0,48,0.006403099,6,Mono-product exposed
815520333,0,1,13513,115,0.217,2,2,5282.0,50,0.00089266314,2,Mono-product exposed
718661958,0,1,13083,93,0.047,1,3,34516.0,28,0.0009183567,2,Mono-product exposed
788980983,0,4,12192,112,0.046,1,2,34516.0,42,0.00302491,4,Mono-product exposed
721171008,0,3,15028,124,0.147,2,1,10353.0,36,0.0015163551,3,Mono-product exposed
714682233,0,4,14948,125,0.0,1,1,9959.0,43,0.009825466,6,Mono-product exposed
720736608,0,2,14109,92,0.347,2,1,6280.0,36,0.0021643713,4,Mono-product exposed
718333983,1,2,9040,63,0.162,2,3,13694.0,36,0.962029,9,Contacted but fragile
772207683,0,3,14459,97,0.17,1,2,8940.0,23,0.00097343436,2,Mono-product exposed
714794133,0,3,14103,112,0.291,2,1,6546.0,45,0.0014091972,3,Mono-product exposed
756639708,0,1,15958,113,0.03,1,2,32587.0,39,0.0022927804,4,Mono-product exposed
713686008,0,1,13041,98,0.0,1,1,11474.0,25,0.0012744998,2,Mono-product exposed
713475633,0,3,14204,96,0.064,1,3,34516.0,31,0.0070754774,6,Mono-product exposed
717518733,1,3,7106,61,0.081,4,3,9463.0,46,0.97413594,9,Dormant high-risk
712532058,0,1,15508,95,0.112,1,2,12552.0,36,0.00065214554,1,Mono-product exposed
789666333,0,3,15581,115,0.049,2,2,21679.0,24,0.0017454446,3,Mono-product exposed
711422358,0,2,14955,118,0.221,1,2,10531.0,36,0.0014434198,3,Mono-product exposed
708510858,0,3,15478,109,0.492,1,2,4905.0,47,0.010262216,6,Mono-product exposed
767023308,0,2,12847,106,0.0,2,2,34516.0,29,0.004932616,5,Mono-product exposed
789289383,0,2,14626,97,0.061,2,3,34516.0,31,0.0043935585,5,Mono-product exposed
708805908,1,1,9299,68,0.072,1,3,10017.0,18,0.9922867,10,Contacted but fragile
710155158,1,1,10201,59,0.016,1,2,31832.0,18,0.9978708,10,Mono-product exposed
713330133,0,3,13299,95,0.23,2,2,5843.0,19,0.0021500804,3,Mono-product exposed
714403983,0,2,13545,112,0.047,2,1,34427.0,36,0.0011535464,2,Mono-product exposed
720353808,1,2,9177,50,0.0,1,3,34516.0,21,0.99140644,10,Contacted but fragile
710362233,0,2,13853,98,0.05,1,3,34516.0,40,0.002131083,3,Mono-product exposed
771484908,0,3,14969,96,0.057,1,3,34516.0,19,0.0015315419,3,Mono-product exposed
717047583,1,3,8912,63,0.527,2,2,4779.0,35,0.99288154,10,Dormant high-risk
715694433,0,3,13958,116,0.277,2,3,4248.0,22,0.002269026,4,Mono-product exposed
793456983,0,2,13746,104,0.126,1,3,7872.0,37,0.0024737983,4,Mono-product exposed
715742658,0,3,12489,97,0.234,1,2,6077.0,13,0.002611039,4,Mono-product exposed
715518783,0,3,13980,128,0.523,2,1,3882.0,36,0.0012169576,2,Mono-product exposed
779514558,0,1,13730,96,0.228,1,1,7207.0,24,0.0021111679,3,Mono-product exposed
720017958,0,1,14224,117,0.274,1,2,6121.0,36,0.0014512878,3,Mono-product exposed
712895733,1,3,8659,81,0.017,6,2,34516.0,36,0.99730253,10,Dormant high-risk
719039283,0,2,14080,85,0.556,2,3,3535.0,36,0.04988702,8,Mono-product exposed
719629308,1,2,8472,80,0.052,2,3,34516.0,37,0.10622988,8,Mono-product exposed
754443033,1,3,9045,72,0.013,6,3,34516.0,43,0.9956468,10,Dormant high-risk
716159958,0,1,14238,93,0.214,2,2,6224.0,36,0.00058997277,1,Mono-product exposed
712195383,0,2,14932,110,0.173,2,3,9178.0,36,0.0029233037,4,Mono-product exposed
822885033,0,1,14731,120,0.345,2,3,4328.0,24,0.00083168625,2,Mono-product exposed
716543433,0,2,15195,99,0.105,1,2,9959.0,36,0.021406038,7,Mono-product exposed
717403158,0,2,14218,102,0.215,1,2,9634.0,47,0.0044253077,5,Mono-product exposed
826065258,0,2,16033,116,0.082,2,2,19033.0,31,0.0057188557,5,Mono-product exposed
709397508,0,3,15738,111,0.198,2,1,8624.0,39,0.0060634534,6,Mono-product exposed
720748608,1,2,7672,66,0.0,1,2,3575.0,32,0.98991966,10,Mono-product exposed
709823733,1,3,7507,78,0.0,2,3,5508.0,34,0.97571737,10,Dormant high-risk
713542908,0,2,15645,117,0.312,1,3,5871.0,19,0.0020125476,3,Mono-product exposed
720512433,1,4,7625,78,0.15,6,3,15219.0,36,0.6602157,9,Dormant high-risk
713671158,0,3,15754,121,0.067,2,1,34516.0,32,0.004219363,5,Mono-product exposed
802449933,0,3,14912,114,0.215,1,1,8147.0,23,0.001589623,3,Mono-product exposed
716723658,0,3,13625,110,0.431,1,1,3525.0,28,0.007135999,6,Mono-product exposed
710451708,0,1,14926,115,0.1,1,2,9711.0,24,0.00085723633,2,Mono-product exposed
809540733,0,1,14327,92,0.125,1,1,11358.0,47,0.00069396646,1,Mono-product exposed
716372358,0,2,14133,124,0.0,1,1,6765.0,47,0.0052860305,5,Mono-product exposed
710162133,1,3,9134,77,0.265,1,6,4725.0,36,0.99430746,10,Dormant high-risk
710878308,1,2,7297,71,0.247,1,3,3699.0,37,0.8330155,9,Contacted but fragile
710262408,0,2,13971,116,0.048,1,1,34516.0,36,0.0016445253,3,Mono-product exposed
713975433,0,3,14783,110,0.198,2,0,8851.0,25,0.0018551924,3,Mono-product exposed
771244383,0,2,14289,113,0.0,1,1,8506.0,39,0.0031278075,4,Mono-product exposed
710405808,0,3,14618,100,0.357,1,2,3442.0,36,0.0013291568,2,Mono-product exposed
715542783,0,3,13234,92,0.0,1,2,3731.0,24,0.011789998,6,Mono-product exposed
815840283,0,6,16059,124,0.244,1,3,7744.0,46,0.0027536207,4,Mono-product exposed
788908308,0,3,14227,116,0.0,2,2,5972.0,32,0.005879346,6,Mono-product exposed
789394833,0,2,13270,104,0.091,1,2,21714.0,37,0.003939368,5,Mono-product exposed
712609533,0,2,13432,118,0.454,2,1,3371.0,15,0.0016913328,3,Mono-product exposed
710237283,0,1,14211,111,0.101,2,1,9546.0,38,0.0006547341,1,Mono-product exposed
770766633,0,3,14054,105,0.0,2,3,3848.0,14,0.0041332906,5,Mono-product exposed
823837158,0,3,15367,123,0.134,1,1,9199.0,40,0.001500117,3,Mono-product exposed
712123008,0,3,14532,116,0.138,2,1,13381.0,31,0.0058775265,6,Mono-product exposed
711727083,0,1,14341,101,0.573,2,3,2833.0,36,0.0013506275,2,Mono-product exposed
720033033,0,2,13545,96,0.092,2,3,15101.0,41,0.001342418,2,Mono-product exposed
787723758,0,1,14235,101,0.407,2,2,3603.0,48,0.00070793985,1,Mono-product exposed
770926158,0,2,13820,129,0.609,2,2,4132.0,38,0.005039634,5,Mono-product exposed
711360783,0,2,15451,127,0.428,1,2,4366.0,36,0.0018895711,3,Mono-product exposed
708285108,0,1,13505,116,0.365,1,2,6128.0,36,0.000589192,1,Mono-product exposed
713390433,1,3,6782,67,0.073,2,2,34516.0,29,0.90129215,9,Dormant high-risk
718096608,0,2,13836,113,0.28,1,3,6882.0,30,0.0045187264,5,Mono-product exposed
719094333,0,2,13159,105,0.116,1,1,13490.0,33,0.0011028344,2,Mono-product exposed
813764283,0,1,15657,114,0.101,2,2,17978.0,34,0.0011786681,2,Mono-product exposed
713398158,0,2,15005,89,0.438,2,2,3821.0,30,0.035937317,7,Mono-product exposed
711227883,0,3,15824,121,0.453,2,3,3624.0,21,0.0025427118,4,Mono-product exposed
810040908,0,3,16220,120,0.218,1,1,3787.0,37,0.0016842578,3,Mono-product exposed
772640808,0,2,14730,118,0.295,2,2,4623.0,28,0.0015814971,3,Mono-product exposed
784907658,0,1,14463,119,0.511,2,2,4343.0,30,0.006017273,6,Mono-product exposed
794692158,0,2,15367,105,0.0,1,1,17328.0,25,0.0033898992,4,Mono-product exposed
718383183,0,1,14397,117,0.641,2,1,3803.0,39,0.0011886192,2,Mono-product exposed
721156758,0,2,13360,124,0.025,1,1,23889.0,44,0.007640818,6,Mono-product exposed
811793433,0,1,15071,103,0.069,2,2,34516.0,45,0.0017328572,3,Mono-product exposed
712010358,1,3,7567,76,0.0,2,2,3999.0,36,0.96861917,9,Dormant high-risk
719420058,0,2,16605,110,0.185,1,1,11782.0,26,0.0029872905,4,Mono-product exposed
809459733,0,1,13339,90,0.0,2,2,3220.0,38,0.017112227,7,Mono-product exposed
798783858,0,1,13082,92,0.258,2,1,9742.0,42,0.0026763424,4,Mono-product exposed
711432258,1,4,7914,54,0.0,2,2,4178.0,46,0.9965713,10,Dormant high-risk
721294533,0,1,15143,121,0.021,1,1,34516.0,34,0.0011535523,2,Mono-product exposed
718425333,0,1,14450,111,0.062,1,3,26819.0,32,0.0007744063,1,Mono-product exposed
714294183,1,3,5385,51,0.014,1,3,9580.0,44,0.9987457,10,Dormant high-risk
714637908,0,2,15445,118,0.21,2,1,7940.0,36,0.006617304,6,Mono-product exposed
712341933,0,3,13578,105,0.048,1,2,34516.0,36,0.0014877192,3,Mono-product exposed
708332808,0,2,14381,115,0.0,2,2,3471.0,39,0.010137611,6,Mono-product exposed
708354858,1,4,8192,80,0.0,2,2,14938.0,42,0.76584655,9,Dormant high-risk
766649283,0,2,13432,107,0.136,2,3,14072.0,42,0.008777317,6,Mono-product exposed
817951083,0,3,14678,125,0.096,1,3,15928.0,53,0.0036903082,5,Mono-product exposed
708301683,1,2,8038,90,0.051,6,3,20798.0,30,0.7911378,9,Contacted but fragile
713655108,0,3,14220,108,0.146,2,1,9752.0,45,0.021455053,7,Mono-product exposed
714560358,0,2,13803,100,0.468,1,1,3234.0,45,0.0018240372,3,Mono-product exposed
712113558,1,3,6549,75,0.051,4,3,24844.0,36,0.8613772,9,Dormant high-risk
710603958,0,1,14198,101,0.0,2,3,3090.0,36,0.0036765048,5,Mono-product exposed
720597108,1,3,8325,54,0.215,5,1,9943.0,36,0.9251293,9,Dormant high-risk
713810658,0,2,13152,100,0.236,1,3,3384.0,36,0.001403459,3,Mono-product exposed
721519908,0,2,13306,99,0.39,1,1,3640.0,36,0.0011096742,2,Mono-product exposed
712025958,0,2,14672,110,0.041,1,3,34516.0,35,0.0037573802,5,Mono-product exposed
794740458,0,2,14023,106,0.158,1,3,10186.0,39,0.0016680046,3,Mono-product exposed
709814883,0,3,15513,127,0.141,1,1,15987.0,36,0.0013725668,3,Mono-product exposed
719767683,1,3,8526,79,0.0,2,3,16983.0,39,0.9907171,10,Dormant high-risk
715321008,1,3,7866,63,0.073,6,3,34516.0,36,0.99148667,10,Dormant high-risk
710106933,0,3,14667,119,0.062,2,3,34516.0,20,0.002803504,4,Mono-product exposed
716655858,0,3,14036,99,0.0,1,2,34516.0,31,0.0054125264,5,Mono-product exposed
778260108,0,2,14351,112,0.354,1,2,4268.0,41,0.0025914414,4,Mono-product exposed
713986908,0,3,16541,126,0.101,2,2,10748.0,40,0.004065814,5,Mono-product exposed
780042633,1,2,7432,64,0.0,2,2,31718.0,21,0.9938759,10,Mono-product exposed
713269533,1,3,8847,85,0.253,1,1,9959.0,36,0.8838471,9,Dormant high-risk
713868033,0,2,16373,114,0.043,2,2,34516.0,36,0.009705337,6,Mono-product exposed
708103608,0,5,15798,128,0.212,1,1,11898.0,45,0.0058669792,6,Mono-product exposed
789684258,1,3,7842,61,0.054,2,3,34516.0,43,0.92913324,9,Dormant high-risk
779067408,0,3,14280,102,0.145,1,1,13056.0,27,0.0014893457,3,Mono-product exposed
712231308,0,1,13849,128,0.101,1,3,14002.0,47,0.0029447859,4,Mono-product exposed
761079783,1,3,7720,67,0.08,5,6,5500.0,33,0.99710375,10,Dormant high-risk
787518258,1,3,9192,77,0.0,2,3,8549.0,38,0.9977557,10,Dormant high-risk
717631908,1,3,8454,69,0.0,5,1,4390.0,44,0.99675214,10,Dormant high-risk
769396158,1,2,5107,53,0.0,2,3,24884.0,43,0.9961266,10,Contacted but fragile
713462508,0,1,13289,121,0.49,1,1,3591.0,41,0.00056463975,1,Mono-product exposed
716717733,1,5,8918,87,0.177,2,4,4841.0,47,0.9713595,9,Dormant high-risk
709383933,1,1,8102,66,0.593,2,3,4246.0,18,0.9910149,10,Contacted but fragile
717283008,0,1,15225,108,0.184,2,2,7469.0,36,0.0017955962,3,Mono-product exposed
793449333,0,3,15190,115,0.071,2,2,29974.0,48,0.009852791,6,Mono-product exposed
710873583,0,3,14215,109,0.107,2,2,20724.0,48,0.0016734017,3,Mono-product exposed
718486608,0,2,13930,96,0.068,2,2,21079.0,36,0.0009468145,2,Mono-product exposed
716748483,0,2,16208,129,0.422,2,3,3720.0,36,0.003539211,5,Mono-product exposed
715113933,1,3,8165,87,0.052,2,2,11077.0,36,0.9304656,9,Dormant high-risk
711160233,0,3,14551,105,0.0,2,1,12024.0,19,0.004469615,5,Mono-product exposed
715714458,1,3,8753,76,0.0,2,3,4446.0,38,0.99815077,10,Dormant high-risk
709615458,0,1,15034,111,0.025,2,3,34516.0,44,0.0014438556,3,Mono-product exposed
719955558,0,2,14436,123,0.0,2,3,11511.0,24,0.013553477,7,Mono-product exposed
713072358,0,1,12878,104,0.039,2,3,34516.0,31,0.0010444124,2,Mono-product exposed
721402233,0,3,15615,125,0.079,2,1,19192.0,28,0.001363304,2,Mono-product exposed
713691633,0,1,15514,123,0.0,1,1,3076.0,36,0.010739757,6,Mono-product exposed
708866133,0,1,14545,116,0.317,2,2,4196.0,32,0.0012767136,2,Mono-product exposed
757256358,0,3,15710,122,0.487,1,3,3243.0,38,0.0028131707,4,Mono-product exposed
784868958,0,2,13939,138,0.143,1,1,17542.0,49,0.0037831855,5,Mono-product exposed
710845308,0,2,14892,113,0.036,2,1,32949.0,36,0.001044454,2,Mono-product exposed
719368533,0,3,15785,100,0.04,1,3,32250.0,28,0.0028647631,4,Mono-product exposed
718337733,0,1,14994,121,0.053,2,1,34516.0,40,0.0010704538,2,Mono-product exposed
715132758,0,2,15281,100,0.088,2,3,23981.0,43,0.0013586365,2,Mono-product exposed
712556433,0,2,15497,92,0.403,1,3,4090.0,43,0.001629537,3,Mono-product exposed
718947558,0,3,15574,115,0.54,2,1,4251.0,21,0.001600933,3,Mono-product exposed
710303208,0,1,15215,121,0.611,2,1,4119.0,40,0.0030199657,4,Mono-product exposed
804158583,0,2,16493,122,0.109,2,3,13399.0,55,0.002121729,3,Mono-product exposed
711720408,0,3,15211,129,0.14,1,3,9070.0,34,0.002904124,4,Mono-product exposed
715808808,0,6,13614,104,0.163,2,1,7469.0,36,0.0011317111,2,Mono-product exposed
715076358,1,3,8463,62,0.0,4,3,23714.0,36,0.9961175,10,Dormant high-risk
718343058,0,2,14161,105,0.48,1,3,5240.0,40,0.011110025,6,Mono-product exposed
769667583,1,3,8202,69,0.0,2,2,3744.0,28,0.9739777,9,Dormant high-risk
709013208,0,2,16101,127,0.108,2,1,15594.0,36,0.000981934,2,Mono-product exposed
716004258,0,1,17634,120,0.248,1,3,8449.0,35,0.0004960345,1,Mono-product exposed
715645908,1,2,8480,71,0.0,5,6,34516.0,48,0.9993311,10,Contacted but fragile
717724233,0,1,16732,116,0.074,2,3,9959.0,28,0.0020009675,3,Mono-product exposed
719850933,0,3,13345,106,0.414,1,3,4192.0,36,0.0038364816,5,Mono-product exposed
790131033,0,6,14230,105,0.737,2,3,3416.0,31,0.00931895,6,Mono-product exposed
721211433,0,2,13784,108,0.0,2,2,3322.0,31,0.00456756,5,Mono-product exposed
721290708,0,3,15554,99,0.128,1,2,14217.0,30,0.0059373532,6,Mono-product exposed
712107783,0,2,16132,118,0.105,1,2,17350.0,35,0.0015046449,3,Mono-product exposed
818960133,0,3,13120,91,0.051,1,0,13784.0,53,0.0017284564,3,Mono-product exposed
713560758,0,2,13392,92,0.656,2,3,3181.0,42,0.0015505864,3,Mono-product exposed
718579833,0,2,13674,101,0.467,2,1,5325.0,26,0.017940467,7,Mono-product exposed
778643733,1,2,9140,64,0.061,3,1,23981.0,28,0.9371291,9,Lower-risk active
770977833,0,2,16500,102,0.0,2,3,3920.0,23,0.009533992,6,Mono-product exposed
708721533,0,1,13113,128,0.223,2,2,5158.0,36,0.0012914612,2,Mono-product exposed
772300383,0,1,13420,122,0.302,3,3,5073.0,46,0.0013588255,2,Lower-risk active
751155783,0,1,15005,118,0.459,2,3,4074.0,40,0.0007558456,1,Mono-product exposed
768457008,0,3,13355,92,0.077,2,1,10284.0,21,0.0009305315,2,Mono-product exposed
794494308,0,4,13781,102,0.06,3,3,34516.0,23,0.002553877,4,Lower-risk active
710980383,1,2,6361,74,0.0,2,3,34516.0,33,0.9153966,9,Contacted but fragile
716663808,0,3,15443,102,0.18,3,1,3999.0,36,0.003676582,5,Lower-risk active
712912233,0,4,14222,122,0.64,3,1,3468.0,36,0.0013902672,3,Lower-risk active
717992433,0,1,14666,101,0.151,3,2,11900.0,39,0.0046014753,5,Lower-risk active
709971708,1,3,9404,62,0.0,3,2,9701.0,41,0.99657744,10,Dormant high-risk
715600533,0,3,13722,124,0.039,3,3,34516.0,50,0.0025325827,4,Lower-risk active
710153583,1,1,9242,63,0.0,3,3,6075.0,13,0.9970229,10,Contacted but fragile
794132808,0,3,14585,97,0.099,3,3,13035.0,54,0.017909577,7,Lower-risk active
720565458,1,3,6205,65,0.0,2,3,17306.0,36,0.9918795,10,Dormant high-risk
715496058,1,3,7832,73,0.0,3,3,15987.0,36,0.96505684,9,Dormant high-risk
709015833,0,3,12920,132,0.0,3,2,34516.0,36,0.006948653,6,Lower-risk active
718612758,0,1,15552,107,0.027,3,2,34516.0,36,0.00097074895,2,Lower-risk active
712438308,0,1,16730,122,0.0,2,2,7469.0,15,0.005266642,5,Mono-product exposed
716238483,1,2,9138,76,0.182,3,3,12918.0,50,0.9678295,9,Contacted but fragile
718297683,1,0,7597,71,0.0,1,3,4085.0,50,0.97263056,9,Contacted but fragile
712206033,0,1,16089,119,0.366,2,2,3705.0,36,0.00053369615,1,Mono-product exposed
710904708,0,1,15048,110,0.173,3,1,5319.0,43,0.0014790504,3,Lower-risk active
711190233,0,2,13804,123,0.218,3,1,4549.0,36,0.0016167099,3,Lower-risk active
710535708,0,3,14256,118,0.081,2,1,15894.0,39,0.0015491305,3,Mono-product exposed
794573883,0,3,15305,111,0.141,3,1,17894.0,16,0.0032524096,4,Lower-risk active
719118708,1,2,9202,80,0.0,2,2,5855.0,37,0.99051803,10,Mono-product exposed
790201158,0,2,13609,108,0.133,2,3,13062.0,54,0.0039250916,5,Mono-product exposed
779333883,1,3,8078,62,0.0,3,3,7428.0,33,0.9922646,10,Dormant high-risk
719805183,0,3,15352,117,0.109,3,2,8848.0,19,0.004091177,5,Lower-risk active
721220583,0,1,17390,130,0.16,3,3,7362.0,41,0.00089966843,2,Lower-risk active
779685558,0,4,15290,123,0.06,2,1,34516.0,36,0.0014005456,3,Mono-product exposed
713965683,0,1,17258,121,0.0,3,2,4380.0,28,0.0024803765,4,Lower-risk active
710667708,0,3,14018,128,0.15,3,2,12510.0,36,0.001985559,3,Lower-risk active
718979733,0,3,16258,115,0.093,2,2,23712.0,36,0.0027379717,4,Mono-product exposed
712104333,0,2,14401,100,0.137,2,3,9149.0,44,0.0018644354,3,Mono-product exposed
793560033,0,2,16369,125,0.056,2,3,34516.0,33,0.0042673005,5,Mono-product exposed
779920533,0,3,15199,96,0.665,3,2,3784.0,41,0.004505214,5,Lower-risk active
717480783,0,1,15152,100,0.217,3,2,9680.0,29,0.000615178,1,Lower-risk active
709066983,0,2,15214,129,0.068,2,2,34516.0,41,0.0012648435,2,Mono-product exposed
718528008,0,3,14432,106,0.38,2,1,3845.0,47,0.003298217,4,Mono-product exposed
712390683,0,3,15573,99,0.094,2,1,13409.0,27,0.0014153564,3,Mono-product exposed
826245858,1,4,7661,79,0.0,3,6,34516.0,40,0.97639686,10,Dormant high-risk
712966458,0,2,14807,115,0.0,3,3,8065.0,36,0.010045102,6,Lower-risk active
709467183,0,3,15162,99,0.027,3,2,20501.0,40,0.0046704463,5,Lower-risk active
710529708,0,3,15140,105,0.063,3,1,23260.0,36,0.008094289,6,Lower-risk active
789817833,1,3,6793,60,0.272,3,2,9073.0,33,0.9750591,9,Dormant high-risk
712363158,0,2,14732,115,0.065,3,1,20101.0,24,0.0041123815,5,Lower-risk active
717060858,1,2,8123,71,0.364,3,3,6911.0,36,0.98251927,10,Contacted but fragile
718060983,0,3,14037,120,0.639,2,2,3423.0,36,0.0026318769,4,Mono-product exposed
711600033,0,1,14364,108,0.0,2,0,10729.0,36,0.0006365697,1,Mono-product exposed
709910733,0,3,13174,86,0.057,2,2,34516.0,30,0.059810676,8,Mono-product exposed
757291008,1,3,8964,76,0.008,3,2,34516.0,39,0.99750525,10,Dormant high-risk
819376683,0,3,15130,102,0.071,2,3,28570.0,49,0.0021154457,3,Mono-product exposed
720458883,0,2,14524,106,0.201,3,1,12495.0,16,0.0036544704,5,Lower-risk active
708963258,1,3,8534,86,0.143,3,2,13344.0,39,0.54042876,9,Lower-risk active
711746133,1,3,9220,81,0.0,4,2,32563.0,37,0.9977348,10,Dormant high-risk
715249533,0,2,13992,103,0.0,3,2,3375.0,36,0.0072932816,6,Lower-risk active
708522033,0,2,15060,90,0.135,2,1,12299.0,36,0.060356908,8,Mono-product exposed
708496833,1,4,8970,78,0.0,4,5,4613.0,50,0.9987141,10,Dormant high-risk
717464958,0,2,14475,111,0.0,3,1,10858.0,36,0.0030913814,4,Lower-risk active
751166508,0,1,14287,114,0.066,3,1,34516.0,50,0.0010487075,2,Lower-risk active
795218883,0,3,15312,122,0.37,2,3,4207.0,41,0.0013368432,2,Mono-product exposed
710856558,0,3,13989,105,0.566,2,1,3336.0,36,0.0024709348,4,Mono-product exposed
721107258,0,2,14192,115,0.36,2,2,5465.0,37,0.0014114247,3,Mono-product exposed
716457783,0,1,14378,98,0.131,3,3,12633.0,36,0.0006677238,1,Lower-risk active
710810883,0,1,14576,95,0.037,3,3,34516.0,36,0.0016224795,3,Lower-risk active
710895708,1,3,7712,73,0.0,2,2,3876.0,27,0.9756016,9,Dormant high-risk
789200208,0,3,13583,110,0.656,2,3,3326.0,29,0.0018894046,3,Mono-product exposed
718578708,0,3,14212,100,0.045,3,1,34516.0,38,0.001979402,3,Lower-risk active
719859033,1,2,6439,63,0.0,2,2,3264.0,20,0.9785815,10,Mono-product exposed
713036208,0,2,15751,107,0.303,2,2,6903.0,27,0.008712418,6,Mono-product exposed
771769383,0,3,14792,120,0.0,2,2,2940.0,31,0.023807408,7,Mono-product exposed
718316058,0,3,14826,99,0.1,3,1,13731.0,38,0.0031963442,4,Lower-risk active
710155983,1,3,8585,62,0.0,3,4,4826.0,36,0.9973335,10,Dormant high-risk
779571708,1,2,7993,71,0.0,1,3,4259.0,25,0.9897339,10,Contacted but fragile
718042383,0,3,15108,118,0.391,3,3,3523.0,18,0.0015381046,3,Lower-risk active
710244108,0,1,13967,101,0.045,3,3,34516.0,34,0.00072582945,1,Lower-risk active
806649333,0,3,13977,127,0.083,3,2,16998.0,42,0.0016383998,3,Lower-risk active
789280683,0,2,13956,122,0.077,2,3,11714.0,45,0.0016904322,3,Mono-product exposed
713318733,1,2,8376,64,0.0,3,3,4097.0,24,0.9937382,10,Contacted but fragile
709611183,1,3,8241,82,0.0,3,3,3952.0,31,0.9890826,10,Dormant high-risk
712441308,1,2,9865,65,0.0,2,3,29295.0,25,0.9942859,10,Contacted but fragile
709315383,0,3,13575,108,0.0,3,1,26423.0,36,0.0064868773,6,Lower-risk active
710141208,0,3,13300,104,0.569,3,1,3196.0,37,0.0014326588,3,Lower-risk active
711684408,1,3,8527,84,0.319,2,1,4935.0,38,0.84218484,9,Dormant high-risk
758331483,0,2,15347,109,0.029,2,2,34516.0,24,0.005638662,5,Mono-product exposed
715825458,1,3,6564,56,0.173,3,2,12933.0,36,0.954506,9,Dormant high-risk
708248358,0,1,14863,109,0.0,3,3,29937.0,30,0.0018766748,3,Lower-risk active
779808333,0,1,15530,110,0.214,2,2,8881.0,38,0.0005701288,1,Mono-product exposed
715989108,0,3,12841,100,0.067,3,3,27514.0,42,0.00303528,4,Lower-risk active
714912408,0,1,14917,88,0.057,3,1,32275.0,37,0.015205407,7,Lower-risk active
827683383,0,2,16027,112,0.613,3,1,4107.0,44,0.0033612777,4,Lower-risk active
719595708,0,1,15212,124,0.173,3,1,7469.0,47,0.0016580699,3,Lower-risk active
711566208,0,2,14111,98,0.37,2,2,5023.0,36,0.0012644039,2,Mono-product exposed
711161133,1,3,9338,59,0.0,2,3,6071.0,36,0.99843174,10,Dormant high-risk
715052583,0,3,14375,112,0.032,3,1,27494.0,34,0.0017253433,3,Lower-risk active
714586458,0,3,16377,124,0.286,2,1,7106.0,36,0.0016235064,3,Mono-product exposed
711523533,0,3,14781,130,0.105,3,1,17230.0,31,0.0027878124,4,Lower-risk active
756658083,0,2,17350,115,0.065,3,1,30885.0,42,0.0038832258,5,Lower-risk active
709247808,0,2,14205,102,0.694,2,2,3629.0,43,0.004622183,5,Mono-product exposed
713242383,1,1,7721,75,0.023,2,2,34516.0,19,0.89907026,9,Mono-product exposed
717135333,0,2,13204,97,0.077,3,2,17970.0,36,0.0015838878,3,Lower-risk active
716150358,0,2,14805,115,0.2,3,3,10343.0,27,0.0016969369,3,Lower-risk active
717457008,1,3,7991,90,0.0,3,3,9267.0,36,0.9372072,9,Dormant high-risk
711822933,0,3,14187,103,0.553,2,3,2985.0,45,0.0026304703,4,Mono-product exposed
803968233,0,3,13377,114,0.175,3,3,14386.0,34,0.013007016,7,Lower-risk active
779037408,0,3,14637,109,0.194,2,3,3581.0,19,0.0023597719,4,Mono-product exposed
709007883,0,2,14540,104,0.411,2,3,3079.0,28,0.0016816157,3,Mono-product exposed
714635883,0,3,14881,109,0.555,3,2,3594.0,37,0.0013905083,3,Lower-risk active
779914383,0,2,14719,116,0.156,3,2,10488.0,18,0.001435822,3,Lower-risk active
712841883,1,3,7155,66,0.073,3,2,34516.0,36,0.89939165,9,Dormant high-risk
719582058,1,2,9102,75,0.068,2,3,24001.0,29,0.95377123,9,Contacted but fragile
708387933,0,1,14357,110,0.0,2,2,5500.0,37,0.0016171642,3,Mono-product exposed
717251508,0,1,14127,116,0.0,1,3,34516.0,17,0.015611555,7,Mono-product exposed
710699283,0,1,14567,131,0.247,1,1,7790.0,28,0.00047422666,1,Mono-product exposed
709141908,0,3,16359,111,0.238,2,1,10301.0,41,0.014662498,7,Mono-product exposed
720356133,0,3,14812,101,0.059,2,1,23939.0,36,0.0018712227,3,Mono-product exposed
717788958,0,1,16464,103,0.026,1,2,21615.0,19,0.00440915,5,Mono-product exposed
778563858,0,1,14512,115,0.114,1,1,8712.0,33,0.0007767033,1,Mono-product exposed
711096633,1,2,8600,94,0.0,5,6,12203.0,29,0.97314215,9,Contacted but fragile
716816583,0,3,14463,94,0.139,1,1,15483.0,48,0.0019425601,3,Mono-product exposed
719841708,0,4,15180,121,0.1,1,3,20356.0,36,0.0019208915,3,Mono-product exposed
708555633,0,3,15157,97,0.709,2,1,3548.0,16,0.0043045497,5,Mono-product exposed
714638883,0,3,14257,110,0.394,2,3,4661.0,36,0.04274493,8,Mono-product exposed
809147283,0,2,15058,109,0.086,2,1,15987.0,38,0.002933565,4,Mono-product exposed
708197358,1,1,7784,63,0.009,4,3,30543.0,48,0.9793326,10,Contacted but fragile
757247808,1,4,9495,61,0.481,2,3,5230.0,35,0.99378103,10,Dormant high-risk
820922733,0,1,14160,124,0.0,2,2,34516.0,38,0.0019607309,3,Mono-product exposed
807977808,0,3,13671,103,0.775,1,3,3246.0,34,0.0039057173,5,Mono-product exposed
712863183,0,3,13819,114,0.083,2,3,10018.0,38,0.0067325933,6,Mono-product exposed
778825908,0,1,14321,113,0.148,1,3,10272.0,24,0.0013347734,2,Mono-product exposed
713379258,0,1,15925,100,0.316,1,2,4097.0,36,0.00097199326,2,Mono-product exposed
710232483,0,3,16908,122,0.109,2,2,19846.0,36,0.0019232745,3,Mono-product exposed
710170758,1,2,8314,67,0.522,6,2,4469.0,25,0.968661,9,Lower-risk active
803421108,0,2,14374,113,0.122,1,2,20701.0,43,0.025092589,7,Mono-product exposed
792152283,0,3,14378,103,0.0,1,2,8426.0,48,0.017064005,7,Mono-product exposed
717291333,0,2,15110,113,0.0,2,2,16722.0,29,0.0057240613,5,Mono-product exposed
714928158,0,2,13434,102,0.023,1,3,34516.0,36,0.002809886,4,Mono-product exposed
780511683,1,3,7869,76,0.053,4,3,4413.0,34,0.95531166,9,Dormant high-risk
772491333,0,1,14738,94,0.375,2,2,5342.0,21,0.0008587623,2,Mono-product exposed
719847108,1,3,8124,73,0.298,4,3,8455.0,36,0.9572421,9,Dormant high-risk
808045833,0,3,15860,105,0.222,2,2,7659.0,44,0.009348936,6,Mono-product exposed
708385533,1,3,9524,80,0.0,2,3,11059.0,36,0.9952998,10,Dormant high-risk
770205708,0,3,15495,112,0.0,2,0,4093.0,25,0.00612075,6,Mono-product exposed
719379858,1,2,8549,73,0.0,2,3,24239.0,36,0.9958242,10,Contacted but fragile
709657533,1,3,8260,54,0.291,2,2,7793.0,36,0.9929039,10,Dormant high-risk
798788958,0,3,14471,93,0.176,2,2,6407.0,26,0.0009329631,2,Mono-product exposed
720011958,0,3,15763,97,0.254,2,3,6024.0,36,0.0051017273,5,Mono-product exposed
708982158,0,2,14802,106,0.633,2,3,3352.0,36,0.0016163413,3,Mono-product exposed
710803983,0,3,14220,95,0.0,2,1,32222.0,33,0.008656887,6,Mono-product exposed
719768658,0,3,14544,104,0.059,2,1,34516.0,24,0.0012861264,2,Mono-product exposed
711355908,0,3,12042,117,0.027,2,3,34516.0,36,0.019638889,7,Mono-product exposed
813153108,0,3,14565,108,0.031,2,3,31091.0,44,0.0039144033,5,Mono-product exposed
712487883,1,1,9071,74,0.0,2,3,7464.0,48,0.98841685,10,Contacted but fragile
753220383,1,2,8302,78,0.0,2,3,11722.0,22,0.94955754,9,Contacted but fragile
708340758,1,3,8109,74,0.0,2,3,7769.0,32,0.9937172,10,Dormant high-risk
720852108,0,3,16695,116,0.435,2,1,3569.0,31,0.0011185841,2,Mono-product exposed
716728233,0,3,14178,123,0.46,1,1,3216.0,36,0.0015712535,3,Mono-product exposed
711863433,0,3,15670,116,0.47,1,1,3789.0,13,0.0023120784,4,Mono-product exposed
779422458,0,2,16339,120,0.341,2,3,3533.0,13,0.003123843,4,Mono-product exposed
715573758,0,2,15226,113,0.053,1,1,34516.0,36,0.007140876,6,Mono-product exposed
794530608,0,2,13264,120,0.0,2,3,27229.0,34,0.0052548116,5,Mono-product exposed
718376583,1,3,5806,40,0.022,4,2,34516.0,44,0.9970804,10,Dormant high-risk
720827133,1,2,8132,64,0.074,1,2,6261.0,30,0.99558455,10,Mono-product exposed
767414808,0,3,15017,120,0.299,2,3,6996.0,51,0.0030615316,4,Mono-product exposed
718919433,0,3,14973,112,0.259,2,3,4440.0,36,0.0036354926,5,Mono-product exposed
708694983,0,2,14750,96,0.705,1,1,3150.0,36,0.000854782,2,Mono-product exposed
719270358,0,2,15505,113,0.391,2,2,4288.0,48,0.0014460103,3,Mono-product exposed
708948483,1,3,8444,68,0.022,2,1,34516.0,36,0.9663185,9,Dormant high-risk
708462258,0,1,16563,94,0.226,1,2,5189.0,38,0.0005415794,1,Mono-product exposed
716721483,1,2,8696,72,0.14,1,2,14458.0,52,0.9590927,9,Mono-product exposed
799011558,0,2,15740,120,0.069,1,3,16909.0,37,0.0016842121,3,Mono-product exposed
710697408,0,1,15471,115,0.133,2,3,6739.0,22,0.002212644,4,Mono-product exposed
710527533,1,3,8586,58,0.0,4,3,4982.0,36,0.99705255,10,Dormant high-risk
709996833,1,3,7528,70,0.0,6,5,12359.0,36,0.99314135,10,Dormant high-risk
718531983,0,3,13810,124,0.208,1,3,9959.0,41,0.0023305402,4,Mono-product exposed
715554708,0,1,14949,114,0.174,2,2,8507.0,34,0.00050307345,1,Mono-product exposed
718774533,0,3,15053,111,0.119,2,1,15355.0,44,0.008658328,6,Mono-product exposed
712337208,0,3,13647,93,0.08,2,2,23731.0,46,0.0014847147,3,Mono-product exposed
714022833,1,3,5977,58,0.0,4,3,17909.0,32,0.9977405,10,Dormant high-risk
710026458,0,2,12575,99,0.62,2,2,3995.0,36,0.0043946975,5,Mono-product exposed
710178558,1,3,9314,89,0.073,5,6,34516.0,38,0.9908222,10,Dormant high-risk
768712383,1,3,8173,91,0.0,6,6,34516.0,45,0.9865382,10,Dormant high-risk
711156858,1,4,9819,74,0.303,1,3,8297.0,40,0.99039114,10,Dormant high-risk
719799033,0,1,14330,116,0.443,2,2,5520.0,40,0.0034772274,4,Mono-product exposed
720788883,0,2,15886,118,0.591,1,3,3736.0,36,0.007381231,6,Mono-product exposed
710306358,1,1,7995,56,0.205,1,2,9664.0,18,0.9484307,9,Mono-product exposed
758617233,0,3,14781,108,0.377,3,2,4132.0,49,0.0016499056,3,Lower-risk active
720163458,0,2,14521,109,0.064,4,3,28043.0,21,0.0042382493,5,Lower-risk active
708482658,0,2,15594,114,0.195,3,2,9959.0,31,0.0013243929,2,Lower-risk active
826148883,0,3,14762,108,0.101,4,1,16453.0,41,0.0022053607,4,Lower-risk active
779055033,1,2,8104,64,0.293,1,2,8256.0,24,0.9406795,9,Mono-product exposed
713118183,0,1,13117,108,0.116,5,2,13427.0,23,0.0012147884,2,Lower-risk active
714103083,0,3,14649,110,0.467,6,1,3263.0,37,0.0033638873,4,Lower-risk active
714145233,1,2,5112,49,0.012,1,3,34516.0,24,0.9974331,10,Contacted but fragile
719547033,1,3,7957,60,0.0,1,6,23502.0,31,0.9989273,10,Dormant high-risk
720899058,0,2,13604,116,0.328,6,1,7685.0,21,0.005651665,5,Lower-risk active
789432033,1,2,7844,64,0.057,1,3,4065.0,23,0.9907907,10,Contacted but fragile
717214158,0,3,15475,94,0.0,5,3,9815.0,28,0.024608286,7,Lower-risk active
715269483,0,1,15473,128,0.145,4,3,17374.0,36,0.0038594918,5,Lower-risk active
718805733,0,1,13937,120,0.355,3,1,7093.0,28,0.0041690287,5,Lower-risk active
789780033,0,2,14202,114,0.027,6,2,34516.0,22,0.0037239918,5,Lower-risk active
716482533,0,1,14893,98,0.0,2,2,3329.0,36,0.0024683904,4,Mono-product exposed
708319908,1,1,8667,70,0.358,1,2,4116.0,17,0.9703875,9,Mono-product exposed
711663858,0,3,15862,127,0.06,4,3,20030.0,13,0.0020267284,3,Lower-risk active
716894658,0,2,16824,123,0.203,5,2,8687.0,44,0.0019298614,3,Lower-risk active
714082308,1,1,8056,89,0.0,2,3,8656.0,13,0.9447152,9,Contacted but fragile
708082083,0,3,15149,111,0.469,4,3,3544.0,36,0.0034337607,4,Lower-risk active
714820158,1,3,10211,68,0.11,6,1,5988.0,36,0.99416685,10,Dormant high-risk
713347608,1,3,9442,69,0.0,2,2,4917.0,43,0.9978605,10,Dormant high-risk
721395633,0,3,15063,108,0.053,5,3,18591.0,41,0.0033807517,4,Lower-risk active
721438233,0,3,15580,120,0.534,6,3,3297.0,31,0.0038443129,5,Lower-risk active
713987808,0,2,14970,120,0.38,4,2,5702.0,33,0.011449378,6,Lower-risk active
721086483,0,3,13563,97,0.229,3,3,10982.0,19,0.0040439963,5,Lower-risk active
709969758,0,3,13966,115,0.051,4,3,34516.0,35,0.0025589813,4,Lower-risk active
801502008,0,1,14287,106,0.059,5,2,20144.0,31,0.0011572818,2,Lower-risk active
819051183,0,1,16207,114,0.118,4,3,16349.0,42,0.0017533905,3,Lower-risk active
710858658,0,1,15050,108,0.0,2,2,10610.0,38,0.001364434,2,Mono-product exposed
716002458,0,1,15691,126,0.089,1,2,7386.0,30,0.0026804656,4,Mono-product exposed
718080558,1,3,8798,67,0.0,6,3,4720.0,36,0.99851495,10,Dormant high-risk
788019483,0,1,14515,122,0.209,4,3,3660.0,40,0.0048129605,5,Lower-risk active
716151858,0,1,15372,97,0.146,5,3,12932.0,36,0.0012579599,2,Lower-risk active
717241233,0,3,14112,123,0.22,3,3,6089.0,51,0.0031033827,4,Lower-risk active
713880633,1,2,8883,83,0.0,2,3,5905.0,43,0.81181645,9,Contacted but fragile
712374708,0,2,14049,120,0.039,2,2,23103.0,15,0.0023614822,4,Mono-product exposed
721145433,0,2,16237,128,0.135,3,2,11280.0,36,0.0011757616,2,Lower-risk active
711398433,0,3,16736,99,0.072,4,3,16565.0,31,0.002895404,4,Lower-risk active
715601808,0,2,16692,131,0.065,4,3,34516.0,41,0.024727657,7,Lower-risk active
717324183,0,1,14769,119,0.09,3,3,14305.0,21,0.0010176658,2,Lower-risk active
720557883,0,2,15240,102,0.261,5,1,6104.0,21,0.0019782514,3,Lower-risk active
708759408,0,3,15124,108,0.0,6,2,4207.0,39,0.028441627,7,Lower-risk active
719430483,0,3,14145,119,0.043,3,2,34516.0,40,0.0026301902,4,Lower-risk active
758753283,1,3,7341,71,0.016,1,3,34516.0,45,0.96156746,9,Dormant high-risk
716933283,0,1,14738,116,0.055,4,1,34516.0,39,0.0007458637,1,Lower-risk active
773172483,1,2,7463,70,0.0,6,4,4063.0,23,0.9855012,10,Contacted but fragile
721459008,0,1,14885,101,0.099,4,2,11791.0,36,0.0007236083,1,Lower-risk active
710639658,1,1,9658,78,0.047,6,3,17744.0,17,0.981416,10,Contacted but fragile
710710233,0,2,15560,100,0.0,4,3,34516.0,45,0.013653843,7,Lower-risk active
708996708,0,1,15584,105,0.067,3,1,21032.0,46,0.0010533575,2,Lower-risk active
713315433,0,1,15802,118,0.0,4,2,18571.0,48,0.0048847753,5,Lower-risk active
712941483,1,3,6826,61,0.0,1,3,3735.0,43,0.9905144,10,Dormant high-risk
789890958,0,1,16230,111,0.044,3,2,10948.0,43,0.009648964,6,Lower-risk active
714757083,1,2,8765,84,0.0,1,2,29076.0,37,0.91699654,9,Mono-product exposed
789237333,0,2,15041,102,0.079,4,5,20237.0,36,0.013480287,7,Lower-risk active
714949758,0,1,16712,123,0.055,3,4,34516.0,42,0.00154265,3,Lower-risk active
714136233,1,2,8417,72,0.0,5,3,34516.0,38,0.9940183,10,Contacted but fragile
778888083,1,2,8697,62,0.0,6,4,4307.0,26,0.99592125,10,Contacted but fragile
710923533,0,2,15611,127,0.0,3,3,34516.0,31,0.009662416,6,Lower-risk active
709385133,0,3,15572,113,0.102,4,5,14828.0,30,0.005408593,5,Lower-risk active
716836308,0,3,14791,124,0.297,4,2,3839.0,36,0.002673625,4,Lower-risk active
720633558,0,3,14786,101,0.267,3,4,3727.0,24,0.001865324,3,Lower-risk active
712846458,0,3,14709,125,0.1,5,4,14290.0,39,0.003575055,5,Lower-risk active
709399908,0,2,15026,99,0.19,4,2,7594.0,23,0.0019349122,3,Lower-risk active
772698783,0,2,13988,124,0.184,3,4,8416.0,40,0.0024573794,4,Lower-risk active
718665033,1,3,8177,76,0.0,2,4,34140.0,36,0.96986467,9,Dormant high-risk
771561183,1,3,7464,66,0.183,6,3,13753.0,30,0.9774145,10,Dormant high-risk
789008508,0,1,13999,119,0.486,2,1,3472.0,31,0.0005189476,1,Mono-product exposed
719439108,0,3,14728,100,0.105,3,2,15315.0,34,0.003858291,5,Lower-risk active
720817533,0,1,15559,91,0.105,4,2,12086.0,40,0.004379585,5,Lower-risk active
813901458,0,5,14954,95,0.048,5,3,34516.0,55,0.004072431,5,Lower-risk active
717783483,0,1,17038,122,0.456,4,2,5016.0,30,0.001063171,2,Lower-risk active
718299933,0,3,15903,100,0.171,3,4,4333.0,30,0.0036372875,5,Lower-risk active
789074358,0,2,16856,122,0.0,2,1,10325.0,34,0.006440098,6,Mono-product exposed
712036383,1,3,9980,68,0.0,6,3,18418.0,30,0.99794346,10,Dormant high-risk
720618033,0,3,14829,90,0.0,1,2,9633.0,36,0.088030554,8,Mono-product exposed
720415833,0,5,14751,107,0.407,3,2,3842.0,32,0.0012478408,2,Lower-risk active
720385608,0,1,14314,99,0.092,2,4,20958.0,31,0.00077956443,1,Mono-product exposed
709937583,0,3,14220,108,0.607,4,2,3024.0,34,0.0019796253,3,Lower-risk active
770743983,0,2,15683,94,0.1,1,3,8698.0,20,0.0029987078,4,Mono-product exposed
715671183,1,3,9045,67,0.369,6,4,6824.0,31,0.99476093,10,Dormant high-risk
711283008,0,5,16019,105,0.0,4,3,34516.0,36,0.010825084,6,Lower-risk active
778873608,0,1,14335,116,0.057,3,1,34516.0,25,0.0007675023,1,Lower-risk active
709592808,0,3,14470,103,0.47,5,4,3311.0,28,0.001929348,3,Lower-risk active
773306658,0,5,15678,103,0.259,4,4,4752.0,48,0.006027766,6,Lower-risk active
822084333,1,4,8219,84,0.0,2,3,4041.0,47,0.8863621,9,Dormant high-risk
708821733,1,3,8301,70,0.027,2,4,19713.0,36,0.98710155,10,Dormant high-risk
711070683,0,1,13891,106,0.073,4,2,6725.0,37,0.0029243785,4,Lower-risk active
772596783,0,2,15442,125,0.073,3,2,15261.0,21,0.0013452921,2,Lower-risk active
806917983,0,3,15200,126,0.045,2,1,33779.0,27,0.0031749667,4,Mono-product exposed
719329983,0,1,13784,88,0.0,6,2,15648.0,36,0.06752306,8,Lower-risk active
710190858,0,2,13804,110,0.246,5,4,9283.0,15,0.004053947,5,Lower-risk active
708880683,0,3,13697,102,0.225,4,4,3970.0,40,0.0049996222,5,Lower-risk active
709332408,0,3,13517,106,0.266,3,3,6159.0,36,0.002434982,4,Lower-risk active
710751033,1,1,8286,65,0.0,1,3,4829.0,13,0.99734616,10,Contacted but fragile
710679933,1,5,8660,58,0.0,2,4,15633.0,54,0.999292,10,Dormant high-risk
710849208,0,3,14738,113,0.048,3,4,34516.0,35,0.0028879782,4,Lower-risk active
710056758,0,2,15635,116,0.185,2,4,10017.0,36,0.0016070993,3,Mono-product exposed
713520858,0,3,16023,119,0.509,3,2,3895.0,38,0.0032966342,4,Lower-risk active
714710733,0,1,16557,120,0.0,4,2,5611.0,36,0.0030421447,4,Lower-risk active
766769058,0,3,15817,121,0.079,3,3,22722.0,44,0.0023891667,4,Lower-risk active
716990883,0,1,15260,115,0.048,5,2,16033.0,26,0.0025364044,4,Lower-risk active
718298733,0,3,14134,85,0.0,3,2,12978.0,29,0.19408585,8,Lower-risk active
717174558,1,3,7733,81,0.0,2,3,9129.0,46,0.8895339,9,Dormant high-risk
714543633,1,2,8024,78,0.0,1,5,7500.0,36,0.9379418,9,Contacted but fragile
715756683,0,2,15237,111,0.115,3,4,14804.0,36,0.004673713,5,Lower-risk active
719400108,0,3,14319,124,0.031,4,4,34516.0,43,0.0052274233,5,Lower-risk active
710463408,0,2,15627,104,0.115,3,3,9683.0,36,0.0023292524,4,Lower-risk active
708245808,0,1,13908,124,0.047,4,4,19671.0,36,0.0015985525,3,Lower-risk active
799253808,0,2,13845,120,0.037,5,3,34516.0,36,0.0033497438,4,Lower-risk active
716552433,0,1,15926,117,0.211,4,2,5056.0,36,0.0016003097,3,Lower-risk active
720995583,0,2,15054,110,0.07,3,2,25217.0,33,0.0017417545,3,Lower-risk active
780118158,0,2,15656,124,0.675,2,4,3585.0,13,0.0029648284,4,Mono-product exposed
713668158,1,3,9212,71,0.0,2,3,21067.0,36,0.9981142,10,Dormant high-risk
709249083,1,2,8672,64,0.0,4,4,4283.0,20,0.9978783,10,Contacted but fragile
717081483,0,2,16606,96,0.088,3,2,25187.0,25,0.0016667251,3,Lower-risk active
718455633,0,3,16328,124,0.337,4,2,7469.0,55,0.009662347,6,Lower-risk active
708974283,0,1,15427,95,0.0,5,1,18142.0,34,0.0041587492,5,Lower-risk active
713399583,1,3,8636,74,0.07,2,4,29865.0,39,0.9641828,9,Dormant high-risk
713293983,0,3,15313,91,0.743,5,2,3388.0,33,0.034407116,7,Lower-risk active
714785508,0,3,15154,99,0.038,4,2,34516.0,40,0.0047013634,5,Lower-risk active
827318958,0,3,14261,99,0.189,5,2,9431.0,45,0.0023363137,4,Lower-risk active
718496283,0,2,15998,121,0.072,6,3,30770.0,31,0.0027883055,4,Lower-risk active
709608708,1,1,9451,79,0.387,5,4,6500.0,17,0.98774636,10,Contacted but fragile
710939283,0,2,16078,105,0.309,3,4,4209.0,36,0.0021893845,4,Lower-risk active
770824833,0,3,16236,94,0.31,2,5,3657.0,19,0.002854462,4,Mono-product exposed
779082633,0,2,14596,104,0.238,3,3,4107.0,13,0.0026355505,4,Lower-risk active
720515883,0,3,16469,115,0.0,4,2,3638.0,46,0.011103756,6,Lower-risk active
747885858,0,3,14571,91,0.246,5,3,8325.0,31,0.011085168,6,Lower-risk active
779140533,0,6,15195,121,0.085,3,4,27124.0,34,0.0024916169,4,Lower-risk active
716619558,0,3,16401,119,0.141,4,2,13747.0,36,0.0027558815,4,Lower-risk active
788633733,0,3,16258,108,0.042,4,2,28174.0,13,0.0015329374,3,Lower-risk active
715291908,0,1,13988,92,0.184,3,2,11109.0,36,0.0011181377,2,Lower-risk active
709977933,1,3,8517,60,0.02,2,4,9959.0,44,0.9990621,10,Dormant high-risk
716454858,0,1,14257,94,0.565,6,3,4014.0,28,0.0087777935,6,Lower-risk active
720539583,0,1,14103,96,0.057,4,4,21226.0,31,0.00093227753,2,Lower-risk active
739021908,0,3,13222,112,0.0,3,2,3681.0,49,0.016146114,7,Lower-risk active
711289533,0,3,14043,117,0.063,5,2,26710.0,32,0.0025107362,4,Lower-risk active
716464533,0,3,13783,116,0.264,4,3,9550.0,36,0.018253213,7,Lower-risk active
710590683,1,3,7729,82,0.0,3,5,16127.0,36,0.91148543,9,Dormant high-risk
710081208,1,3,7886,64,0.0,4,1,4935.0,32,0.98253834,10,Dormant high-risk
717482658,0,2,14485,106,0.0,3,2,18022.0,36,0.0036648975,5,Lower-risk active
712246983,0,2,15338,121,0.144,2,5,16748.0,43,0.005104991,5,Mono-product exposed
711460458,1,2,10583,75,0.0,5,3,10973.0,34,0.9926529,10,Contacted but fragile
713159133,0,2,13785,117,0.104,4,2,14143.0,23,0.0016911983,3,Lower-risk active
710047533,1,3,8614,63,0.064,4,3,34516.0,36,0.98691237,10,Dormant high-risk
716708583,1,3,7667,68,0.0,2,5,7684.0,36,0.9871589,10,Dormant high-risk
712766208,1,2,8603,84,0.0,4,1,34516.0,36,0.83911973,9,Lower-risk active
715150983,1,3,8898,60,0.0,2,3,26021.0,34,0.9991786,10,Dormant high-risk
717991533,0,3,16461,105,0.38,3,2,3843.0,36,0.0047476212,5,Lower-risk active
797641683,0,3,16256,111,0.138,4,2,14840.0,34,0.0038541679,5,Lower-risk active
714879483,1,3,7773,64,0.138,1,3,3929.0,31,0.9925304,10,Dormant high-risk
720105933,0,5,15243,107,0.202,3,3,11427.0,35,0.0041597346,5,Lower-risk active
804670758,0,3,15903,121,0.107,4,2,20974.0,43,0.0029614249,4,Lower-risk active
818987958,0,1,14662,125,0.0,5,3,3771.0,38,0.0049067023,5,Lower-risk active
824160333,0,2,15399,116,0.062,6,2,23362.0,52,0.0041605863,5,Lower-risk active
714919308,1,3,8620,67,0.0,5,3,8135.0,36,0.99784887,10,Dormant high-risk
717928308,0,2,15772,130,0.13,5,2,13669.0,34,0.0017896071,3,Lower-risk active
788890533,0,1,13756,106,0.067,4,4,34516.0,39,0.001633929,3,Lower-risk active
779692608,0,3,15097,115,0.0,6,5,9764.0,19,0.014991275,7,Lower-risk active
717774333,1,2,5189,57,0.0,1,5,8431.0,36,0.99286485,10,Contacted but fragile
718140783,0,5,18484,108,0.165,4,2,10585.0,36,0.002128647,3,Lower-risk active
714465558,0,1,15033,98,0.064,3,4,34516.0,36,0.0056306683,5,Lower-risk active
804431283,0,1,14651,120,0.14,5,2,7882.0,52,0.0017668575,3,Lower-risk active
715199808,0,3,15335,99,0.061,6,5,33905.0,30,0.0028430542,4,Lower-risk active
759584958,1,2,10156,72,0.073,4,4,33004.0,44,0.9928479,10,Contacted but fragile
758802333,0,1,14641,117,0.058,3,2,20891.0,33,0.00068940787,1,Lower-risk active
720237408,0,2,15004,117,0.031,4,2,22715.0,49,0.007842331,6,Lower-risk active
713787333,0,1,14731,113,0.299,5,0,3818.0,36,0.0017331551,3,Lower-risk active
709660233,1,2,7775,63,0.689,1,4,3526.0,44,0.94036573,9,Contacted but fragile
721005108,0,2,14994,104,0.198,3,2,6991.0,29,0.0017974894,3,Lower-risk active
809589783,0,3,13969,120,0.05,3,2,16268.0,36,0.0030258782,4,Lower-risk active
712627083,1,2,9867,78,0.0,5,4,5768.0,25,0.99803907,10,Contacted but fragile
778444908,0,2,16392,116,0.042,4,3,34516.0,39,0.0029932272,4,Lower-risk active
711433908,1,2,9061,51,0.0,1,3,9491.0,30,0.996633,10,Contacted but fragile
768728508,0,3,14209,103,0.069,6,2,15987.0,39,0.004254815,5,Lower-risk active
789937683,0,1,15559,120,0.192,4,2,3645.0,28,0.0017735569,3,Lower-risk active
711788583,0,2,15075,124,0.417,3,2,3466.0,36,0.0010557666,2,Lower-risk active
819196158,0,2,15013,116,0.102,5,3,9797.0,44,0.0074786763,6,Lower-risk active
710207208,0,1,13148,121,0.53,3,3,3399.0,18,0.003992202,5,Lower-risk active
713994108,0,1,15851,128,0.316,3,2,4155.0,33,0.0012760424,2,Lower-risk active
712509108,1,3,8356,68,0.035,1,5,15164.0,36,0.9970028,10,Dormant high-risk
711745233,1,2,9351,69,0.0,1,4,13894.0,22,0.992823,10,Contacted but fragile
778745058,0,2,15059,118,0.0,2,1,34516.0,41,0.004769081,5,Mono-product exposed
721455558,0,3,14713,104,0.272,1,2,6828.0,44,0.0019578834,3,Mono-product exposed
710721858,1,3,8246,59,0.0,2,4,5542.0,37,0.9957819,10,Dormant high-risk
769206483,0,3,13986,97,0.134,3,3,15733.0,52,0.0023786498,4,Lower-risk active
769587258,0,2,15240,126,0.056,4,2,30082.0,32,0.0019080963,3,Lower-risk active
712080333,0,2,16252,112,0.377,3,4,3659.0,34,0.0015316673,3,Lower-risk active
712457208,1,3,8100,77,0.0,6,4,22718.0,36,0.9766054,10,Dormant high-risk
719934783,0,2,14651,105,0.183,4,2,3676.0,27,0.004008947,5,Lower-risk active
709589208,0,1,14409,83,0.034,3,3,17721.0,35,0.11194608,8,Lower-risk active
714860808,0,3,15709,93,0.516,5,2,4404.0,39,0.0024179963,4,Lower-risk active
713934633,1,3,8935,87,0.569,2,3,4423.0,35,0.9379309,9,Dormant high-risk
773185833,0,1,15095,102,0.0,3,4,34516.0,42,0.0043763965,5,Lower-risk active
715923408,0,2,14999,110,0.3,4,3,4184.0,19,0.0045693615,5,Lower-risk active
778956033,0,2,15151,104,0.045,3,3,34516.0,32,0.0038033,5,Lower-risk active
712260633,0,1,13643,94,0.091,4,4,26923.0,36,0.010955753,6,Lower-risk active
714945708,1,1,7745,64,0.0,2,3,15977.0,20,0.97120315,9,Contacted but fragile
720971358,0,3,14838,110,0.056,5,3,26812.0,47,0.0024325508,4,Lower-risk active
719701383,0,3,14304,99,0.0,4,3,5175.0,32,0.011510932,6,Lower-risk active
764316708,0,2,16423,109,0.595,3,2,3955.0,23,0.0018220599,3,Lower-risk active
715545933,0,2,14268,99,0.097,6,4,22355.0,36,0.004589553,5,Lower-risk active
714524583,1,3,9441,82,0.066,1,3,23240.0,46,0.8931564,9,Dormant high-risk
780079833,0,3,14728,126,0.216,3,4,5479.0,28,0.004421463,5,Lower-risk active
714199008,1,2,6100,61,0.031,6,2,16081.0,36,0.9901591,10,Lower-risk active
719941533,0,1,16266,124,0.316,3,4,5497.0,20,0.0017489118,3,Lower-risk active
715544883,0,3,13703,99,0.045,4,3,14135.0,30,0.0052840854,5,Lower-risk active
710122458,0,3,15311,108,0.065,5,2,31546.0,36,0.0019193782,3,Lower-risk active
713833233,0,3,15134,124,0.051,3,2,34516.0,30,0.0021769197,4,Lower-risk active
719326758,1,3,9226,85,0.342,4,2,4353.0,36,0.9438476,9,Dormant high-risk
711686658,0,2,16579,109,0.041,6,2,34516.0,40,0.0034589397,4,Lower-risk active
708964683,0,2,14542,89,0.0,3,1,3310.0,36,0.09525743,8,Lower-risk active
718840833,1,3,9610,76,0.0,1,4,4601.0,36,0.99544406,10,Dormant high-risk
797228883,0,3,14340,114,0.0,3,0,3981.0,40,0.003972253,5,Lower-risk active
709566408,1,3,9640,70,0.0,5,6,4458.0,30,0.99962556,10,Dormant high-risk
780097533,0,1,15148,111,0.0,4,2,10292.0,33,0.0026377535,4,Lower-risk active
715020933,1,3,9360,67,0.0,4,4,15944.0,34,0.9980642,10,Dormant high-risk
711149133,1,1,8759,74,0.575,4,4,4377.0,18,0.9897921,10,Contacted but fragile
716832858,1,2,7412,60,0.032,1,4,4930.0,34,0.98988885,10,Contacted but fragile
715154058,1,3,9274,65,0.505,1,3,4982.0,39,0.9946291,10,Dormant high-risk
789497283,1,3,7572,56,0.05,1,2,34162.0,42,0.97230643,9,Dormant high-risk
711834708,0,2,16191,102,0.366,4,5,4047.0,40,0.007205107,6,Lower-risk active
785038908,0,1,17119,124,0.182,3,4,6380.0,37,0.0014303399,3,Lower-risk active
720001758,0,1,13588,94,0.332,5,3,3534.0,34,0.0016735228,3,Lower-risk active
778428108,0,5,17437,113,0.194,6,3,6091.0,16,0.0016983552,3,Lower-risk active
715268508,0,2,14840,125,0.058,3,5,23981.0,36,0.0025597322,4,Lower-risk active
788741733,0,2,14614,106,0.228,4,3,7832.0,32,0.002325354,4,Lower-risk active
717355533,0,1,13759,120,0.038,3,2,34516.0,44,0.00093715114,2,Lower-risk active
712128258,0,3,15872,116,0.155,5,5,13704.0,40,0.0048722285,5,Lower-risk active
735825258,0,1,15467,112,0.371,4,4,4423.0,32,0.0013987261,3,Lower-risk active
714544908,1,3,8979,68,0.0,6,3,6224.0,36,0.99808854,10,Dormant high-risk
818712633,0,6,16100,119,0.258,4,2,4133.0,36,0.002099695,3,Lower-risk active
709831983,0,2,15176,126,0.036,3,3,34516.0,46,0.0025123549,4,Lower-risk active
789398733,0,3,16179,105,0.148,3,2,5270.0,46,0.0018865555,3,Lower-risk active
716850558,0,1,15279,122,0.037,5,3,34516.0,32,0.0010428439,2,Lower-risk active
717316008,0,2,14977,117,0.0,6,3,3782.0,36,0.016660204,7,Lower-risk active
714677583,1,3,8757,68,0.0,4,3,5173.0,36,0.9987488,10,Dormant high-risk
767348733,0,3,15865,105,0.195,3,3,4058.0,49,0.00201281,3,Lower-risk active
779900808,0,3,14950,94,0.0,2,2,21551.0,16,0.010160964,6,Mono-product exposed
719900733,0,1,14641,95,0.103,3,3,9805.0,47,0.003326504,4,Lower-risk active
816517683,0,3,14719,115,0.177,4,3,7530.0,33,0.0060869195,6,Lower-risk active
755305683,0,1,15163,124,0.0,5,4,8983.0,38,0.004194246,5,Lower-risk active
715769958,0,2,14969,104,0.394,3,2,4855.0,39,0.0015504897,3,Lower-risk active
715493733,1,3,9088,64,0.0,2,4,5735.0,36,0.99887866,10,Dormant high-risk
827440458,1,3,7527,58,0.152,2,3,9524.0,44,0.9390806,9,Dormant high-risk
715713408,0,5,15853,117,0.0,3,3,15987.0,46,0.0076157157,6,Lower-risk active
720128658,1,3,8943,68,0.0,5,3,5181.0,30,0.9979938,10,Dormant high-risk
770038983,1,3,8688,69,0.087,1,3,28831.0,31,0.956564,9,Dormant high-risk
714684108,1,2,8565,70,0.128,4,4,4169.0,24,0.9980724,10,Contacted but fragile
708942408,0,2,16937,116,0.254,3,2,7020.0,36,0.0013936515,3,Lower-risk active
779134458,1,1,8130,74,0.318,1,3,3709.0,15,0.7738445,9,Contacted but fragile
710066133,1,3,9619,75,0.0,4,3,12833.0,36,0.99752563,10,Dormant high-risk
709578258,0,3,14321,102,0.504,4,2,3804.0,33,0.0023324648,4,Lower-risk active
718043583,0,3,15111,116,0.063,5,4,21794.0,40,0.0036851258,5,Lower-risk active
715186608,0,2,14565,120,0.762,3,3,3304.0,35,0.004499563,5,Lower-risk active
708447858,0,3,15107,117,0.0,6,2,3850.0,36,0.028567981,7,Lower-risk active
718071933,0,2,15842,130,0.454,4,3,4158.0,36,0.0063884812,6,Lower-risk active
771217758,0,2,16920,114,0.485,3,3,4182.0,31,0.0015178757,3,Lower-risk active
721210158,0,1,14740,102,0.266,3,3,4626.0,17,0.0047174734,5,Lower-risk active
788779983,0,2,16401,121,0.673,4,3,3742.0,39,0.008816208,6,Lower-risk active
718614183,1,2,9772,71,0.0,6,2,13651.0,31,0.99862206,10,Lower-risk active
709865883,1,2,8788,58,0.031,1,3,26794.0,25,0.9785897,10,Contacted but fragile
766273533,0,6,15055,117,0.101,3,3,17190.0,46,0.0024963631,4,Lower-risk active
717390408,1,2,7590,87,0.0,5,3,4167.0,36,0.80495805,9,Contacted but fragile
718655808,0,3,16161,105,0.093,3,2,12944.0,36,0.026448766,7,Lower-risk active
817035108,0,3,15585,115,0.27,4,3,6933.0,14,0.004872439,5,Lower-risk active
747551658,0,3,15930,123,0.04,5,2,34516.0,40,0.0038321924,5,Lower-risk active
713281833,1,2,9456,79,0.185,6,3,13589.0,29,0.99183875,10,Contacted but fragile
771982083,0,1,14418,104,0.251,3,3,4552.0,33,0.0009330582,2,Lower-risk active
717642633,0,3,17995,116,0.48,3,3,3750.0,40,0.0034340755,4,Lower-risk active
772721208,0,3,16293,120,0.097,4,3,17655.0,40,0.0019511386,3,Lower-risk active
714385983,0,3,16319,124,0.151,5,2,8224.0,36,0.0019125439,3,Lower-risk active
712516608,0,2,14822,96,0.323,6,3,3946.0,36,0.0035430472,5,Lower-risk active
714725883,0,1,15123,111,0.437,4,0,5654.0,36,0.0016395515,3,Lower-risk active
709398708,0,1,15925,124,0.155,3,2,16268.0,36,0.0026067188,4,Lower-risk active
715090008,0,3,14875,107,0.088,2,4,28564.0,36,0.008680019,6,Mono-product exposed
709159308,0,1,16622,99,0.196,3,3,6172.0,30,0.0007228436,1,Lower-risk active
711348033,0,3,16202,117,0.229,4,2,5435.0,40,0.002350711,4,Lower-risk active
788230158,0,1,16715,126,0.085,3,2,16496.0,20,0.0007944544,1,Lower-risk active
718170033,0,1,15905,111,0.0,4,2,8348.0,23,0.0029697008,4,Lower-risk active
718161708,0,1,14908,100,0.198,5,2,7562.0,34,0.0008945666,2,Lower-risk active
717714633,0,3,15277,131,0.0,4,4,14938.0,38,0.014930764,7,Lower-risk active
824150733,0,1,16177,122,0.058,3,3,34516.0,39,0.001427659,3,Lower-risk active
713768358,0,2,15380,122,0.112,3,2,7935.0,35,0.0016429495,3,Lower-risk active
709188108,0,2,13940,105,0.044,4,2,34516.0,33,0.0021606856,4,Lower-risk active
720328983,1,3,7636,64,0.0,4,3,9611.0,36,0.9942567,10,Dormant high-risk
712296408,0,3,15681,96,0.175,5,3,12958.0,22,0.0025191694,4,Lower-risk active
719106783,0,1,16344,118,0.481,4,4,4103.0,41,0.0016747541,3,Lower-risk active
713437008,1,2,9038,64,0.273,1,3,6888.0,25,0.97407013,9,Contacted but fragile
719574033,0,2,15349,119,0.0,2,2,21906.0,28,0.003851496,5,Mono-product exposed
716123283,0,1,14873,120,0.0,3,2,7288.0,48,0.004150737,5,Lower-risk active
789023508,0,1,15490,110,0.032,4,3,34516.0,33,0.0016956168,3,Lower-risk active
710005683,0,3,16518,115,0.135,3,5,12540.0,46,0.002600771,4,Lower-risk active
801036033,0,2,17744,104,0.309,3,3,4493.0,25,0.0033097002,4,Lower-risk active
716644008,1,3,9931,70,0.0,4,4,34516.0,36,0.9985813,10,Dormant high-risk
709094358,0,2,16737,88,0.09,4,3,8900.0,41,0.029097108,7,Lower-risk active
719848008,0,2,16098,128,0.0,4,2,29808.0,36,0.0056049656,5,Lower-risk active
718372458,0,2,14501,92,0.461,3,5,3735.0,30,0.0046873544,5,Lower-risk active
720608658,0,3,16706,123,0.223,5,3,8398.0,36,0.0034989584,4,Lower-risk active
717185658,1,3,8531,77,0.0,4,4,22754.0,36,0.98450226,10,Dormant high-risk
715474083,0,2,14638,93,0.059,3,2,29663.0,36,0.0010778306,2,Lower-risk active
709646433,1,4,10170,66,0.147,1,3,5043.0,50,0.97431767,9,Dormant high-risk
717494358,0,2,15068,123,0.31,2,5,4299.0,48,0.0037365705,5,Mono-product exposed
713924283,1,1,8930,79,0.139,2,4,11859.0,54,0.8943629,9,Contacted but fragile
714471183,1,3,10468,66,0.027,4,4,17504.0,39,0.99859625,10,Dormant high-risk
780613758,0,3,17093,111,0.0,4,5,4165.0,35,0.023699135,7,Lower-risk active
718225683,0,2,15274,108,0.032,5,2,34516.0,49,0.0024886322,4,Lower-risk active
710734308,0,3,15937,119,0.242,6,3,6481.0,40,0.0026509797,4,Lower-risk active
708564858,1,1,9338,73,0.0,2,4,34516.0,20,0.99268955,10,Contacted but fragile
713733633,1,3,10219,85,0.189,2,2,13303.0,36,0.7639319,9,Dormant high-risk
720841533,0,1,14723,96,0.0,3,5,4700.0,15,0.029352378,7,Lower-risk active
712210458,0,3,16628,109,0.276,2,2,5639.0,36,0.012824238,6,Mono-product exposed
714109308,0,2,15354,112,0.17,1,3,13187.0,36,0.004856802,5,Mono-product exposed
712503408,0,3,17498,111,0.106,6,4,17925.0,40,0.0041160663,5,Lower-risk active
713755458,1,3,10310,63,0.096,6,4,9959.0,36,0.94731236,9,Dormant high-risk
716893683,1,3,6009,53,0.172,4,3,14657.0,47,0.9954823,10,Dormant high-risk
710841183,0,2,15577,114,0.151,5,0,13940.0,34,0.0006899925,1,Lower-risk active
713899383,0,1,14596,120,0.164,4,4,3688.0,50,0.008877075,6,Lower-risk active
772366833,0,2,15476,117,0.462,3,3,4003.0,40,0.0029392024,4,Lower-risk active
710638233,1,2,8764,69,0.511,4,3,4277.0,25,0.92477936,9,Contacted but fragile
716506083,1,3,10291,60,0.0,5,4,5409.0,36,0.9940923,10,Dormant high-risk
717406983,1,3,8395,62,0.0,4,3,5281.0,36,0.9933601,10,Dormant high-risk
714337233,1,2,10294,61,0.189,6,4,10388.0,25,0.89014757,9,Contacted but fragile
