CLIENTNUM,churn_probability,predicted_label_0_5,predicted_label_recommended,risk_decile,cluster_label
768805383,0.0015602807,0,0,3,Lower-risk active
818770008,0.0002989068,0,0,1,Lower-risk active
713982108,0.0010147324,0,0,2,Lower-risk active
769911858,0.002961619,0,0,4,Lower-risk active
709106358,0.2918378,0,1,9,Lower-risk active
713061558,0.004610084,0,0,5,Lower-risk active
810347208,0.0015805908,0,0,3,Lower-risk active
818906208,0.0079903,0,0,6,Mono-product exposed
710930508,0.00039762817,0,0,1,Lower-risk active
719661558,0.0010169201,0,0,2,Lower-risk active
708790833,0.006422404,0,0,6,Lower-risk active
710821833,0.0002598929,0,0,1,Lower-risk active
710599683,0.0020742707,0,0,3,Lower-risk active
816082233,0.0002998181,0,0,1,Lower-risk active
712396908,0.00312688,0,0,4,Lower-risk active
714885258,0.0002635565,0,0,1,Lower-risk active
709967358,0.0025992424,0,0,4,Lower-risk active
753327333,0.009630796,0,0,6,Lower-risk active
806160108,0.006541505,0,0,6,Mono-product exposed
709327383,0.0004181921,0,0,1,Lower-risk active
806165208,0.0005063933,0,0,1,Lower-risk active
708508758,0.99890697,1,1,10,Dormant high-risk
784725333,0.03394722,0,0,7,Lower-risk active
811604133,0.07547876,0,0,8,Lower-risk active
789124683,0.02390938,0,0,7,Lower-risk active
771071958,0.009016265,0,0,6,Lower-risk active
720466383,0.00037938313,0,0,1,Lower-risk active
804424383,0.024665572,0,0,7,Lower-risk active
718813833,0.10206902,0,0,8,Lower-risk active
806624208,0.008374214,0,0,6,Lower-risk active
778348233,0.07070503,0,0,8,Lower-risk active
712991808,0.0025135668,0,0,4,Mono-product exposed
709029408,0.0004633927,0,0,1,Lower-risk active
788658483,0.0006812094,0,0,1,Lower-risk active
787937058,0.001109168,0,0,2,Lower-risk active
715318008,0.018454153,0,0,7,Lower-risk active
713962233,0.00094628154,0,0,2,Lower-risk active
785432733,0.9883066,1,1,10,Dormant high-risk
715190283,0.01731282,0,0,7,Lower-risk active
708300483,0.9941202,1,1,10,Dormant high-risk
827111283,0.9708412,1,1,9,Mono-product exposed
758551608,0.0011704721,0,0,2,Lower-risk active
773146383,0.018227221,0,0,7,Lower-risk active
778493808,0.0038103252,0,0,5,Lower-risk active
720572508,0.48807913,0,1,9,Mono-product exposed
712661433,0.013606754,0,0,7,Lower-risk active
789172683,0.0008761127,0,0,2,Lower-risk active
738406533,0.00089882495,0,0,2,Lower-risk active
799723908,0.005906291,0,0,6,Lower-risk active
771490833,0.0034233236,0,0,4,Lower-risk active
720756708,0.0008263745,0,0,1,Lower-risk active
779471883,0.9966163,1,1,10,Dormant high-risk
711525033,0.0024103308,0,0,4,Lower-risk active
712813458,0.03755826,0,0,7,Lower-risk active
714374133,0.999703,1,1,10,Dormant high-risk
717891558,0.07464626,0,0,8,Lower-risk active
716632758,0.068762004,0,0,8,Mono-product exposed
768563658,0.0003811549,0,0,1,Lower-risk active
711427458,0.00029393108,0,0,1,Lower-risk active
714091983,0.0052700005,0,0,5,Lower-risk active
787584108,0.053640183,0,0,8,Lower-risk active
712030833,0.99911326,1,1,10,Dormant high-risk
711481533,0.0014101268,0,0,3,Lower-risk active
710082708,0.25155425,0,0,8,Mono-product exposed
708155733,0.0008004183,0,0,1,Lower-risk active
788979258,0.011687132,0,0,6,Lower-risk active
807986133,0.007908754,0,0,6,Lower-risk active
788730933,0.13766564,0,0,8,Lower-risk active
711314058,0.0065692673,0,0,6,Mono-product exposed
717975333,0.08874507,0,0,8,Lower-risk active
715971108,0.0019319741,0,0,3,Lower-risk active
720096558,0.05648996,0,0,8,Lower-risk active
719580033,0.020447599,0,0,7,Lower-risk active
820582308,0.09685445,0,0,8,Lower-risk active
789973308,0.00097186735,0,0,2,Lower-risk active
712876233,0.024417218,0,0,7,Lower-risk active
804595158,0.017686682,0,0,7,Lower-risk active
714826758,0.025913859,0,0,7,Lower-risk active
779058108,0.0049309074,0,0,5,Lower-risk active
710790258,0.017229902,0,0,7,Lower-risk active
715623483,9.5506584e-05,0,0,1,Lower-risk active
715156383,0.013364827,0,0,7,Lower-risk active
711013983,0.99748707,1,1,10,Dormant high-risk
755420433,0.3141451,0,1,9,Mono-product exposed
794543958,0.0004804488,0,0,1,Lower-risk active
716396358,0.0018215196,0,0,3,Lower-risk active
715398033,0.004355007,0,0,5,Lower-risk active
711743883,0.5976313,1,1,9,Contacted but fragile
719720058,0.00046030787,0,0,1,Lower-risk active
778992108,0.0012918771,0,0,2,Lower-risk active
717539808,0.030922623,0,0,7,Lower-risk active
714070758,0.00041189085,0,0,1,Lower-risk active
714107958,0.4224271,0,1,9,Lower-risk active
789140283,0.002893908,0,0,4,Lower-risk active
715550508,0.00025085508,0,0,1,Lower-risk active
719712633,0.002537239,0,0,4,Lower-risk active
772629333,0.037428018,0,0,7,Lower-risk active
720336708,0.00465437,0,0,5,Lower-risk active
802013583,0.0024273759,0,0,4,Lower-risk active
711887583,0.9941825,1,1,10,Dormant high-risk
714778833,0.0012590716,0,0,2,Lower-risk active
713843283,0.01334567,0,0,7,Lower-risk active
779155158,0.008651033,0,0,6,Lower-risk active
721091583,0.0097284345,0,0,6,Lower-risk active
713572683,0.11264599,0,0,8,Lower-risk active
716657058,0.79089206,1,1,9,Dormant high-risk
779509983,0.028830234,0,0,7,Lower-risk active
717929133,0.0050727734,0,0,5,Lower-risk active
808284783,0.10289598,0,0,8,Lower-risk active
708476808,0.013705074,0,0,7,Lower-risk active
710916408,0.004423483,0,0,5,Lower-risk active
708492558,0.0147791505,0,0,7,Lower-risk active
799825758,0.0055083307,0,0,5,Lower-risk active
718619883,0.0026171259,0,0,4,Mono-product exposed
711844758,0.00017782142,0,0,1,Lower-risk active
714798783,0.00038895555,0,0,1,Lower-risk active
826762908,0.020143146,0,0,7,Lower-risk active
771894558,0.0006628007,0,0,1,Lower-risk active
721074183,0.013424496,0,0,7,Lower-risk active
715259583,0.012126526,0,0,6,Lower-risk active
718414008,0.1967096,0,0,8,Lower-risk active
719666283,0.00075396546,0,0,1,Lower-risk active
714877233,0.00032735607,0,0,1,Lower-risk active
785387883,0.141905,0,0,8,Lower-risk active
771075258,0.38600457,0,1,9,Mono-product exposed
711318033,0.023402201,0,0,7,Lower-risk active
783554958,0.03610292,0,0,7,Lower-risk active
720201033,0.9431497,1,1,9,Dormant high-risk
718039683,0.0012248666,0,0,2,Lower-risk active
710806083,0.012320697,0,0,6,Lower-risk active
714752208,0.20571862,0,0,8,Lower-risk active
822063408,0.0038253267,0,0,5,Lower-risk active
714490308,0.00089776993,0,0,2,Lower-risk active
713356833,0.006795739,0,0,6,Lower-risk active
711402333,0.46003976,0,1,9,Mono-product exposed
708296883,0.0016783862,0,0,3,Lower-risk active
719154483,0.23854566,0,0,8,Lower-risk active
717721458,0.001136281,0,0,2,Lower-risk active
711112683,0.0005375963,0,0,1,Lower-risk active
715674483,0.025225097,0,0,7,Lower-risk active
789322833,0.99813384,1,1,10,Dormant high-risk
789968058,0.017729381,0,0,7,Lower-risk active
709919283,0.007004661,0,0,6,Mono-product exposed
718744008,0.038073048,0,0,7,Lower-risk active
767712558,0.9970829,1,1,10,Dormant high-risk
712950783,0.9982193,1,1,10,Contacted but fragile
716104983,0.0007849812,0,0,1,Lower-risk active
818839983,0.00022126781,0,0,1,Lower-risk active
772288758,0.0013223675,0,0,2,Lower-risk active
712350858,0.005581857,0,0,5,Lower-risk active
711009708,0.019484468,0,0,7,Lower-risk active
712720158,0.0011877517,0,0,2,Lower-risk active
712215258,0.82465166,1,1,9,Contacted but fragile
773827008,0.0024718484,0,0,4,Lower-risk active
795232683,0.00093077443,0,0,2,Lower-risk active
713786508,0.45105416,0,1,9,Lower-risk active
713539833,0.009045834,0,0,6,Lower-risk active
712454058,0.13269433,0,0,8,Lower-risk active
718759833,0.019799314,0,0,7,Lower-risk active
718803333,0.25725743,0,0,8,Mono-product exposed
720253908,0.0015992649,0,0,3,Lower-risk active
714133158,0.6816797,1,1,9,Dormant high-risk
713187033,0.00086572074,0,0,2,Lower-risk active
714791208,0.16837,0,0,8,Lower-risk active
772426383,0.002490136,0,0,4,Lower-risk active
710975883,0.05113156,0,0,8,Lower-risk active
714264408,0.0018835767,0,0,3,Lower-risk active
715827858,0.0013297247,0,0,2,Lower-risk active
713741358,0.949319,1,1,9,Dormant high-risk
709531908,0.542538,1,1,9,Lower-risk active
716493408,0.0034210146,0,0,4,Lower-risk active
714141108,0.021186858,0,0,7,Lower-risk active
708953883,0.9987042,1,1,10,Mono-product exposed
712608783,0.008704848,0,0,6,Lower-risk active
820353558,0.0042675617,0,0,5,Lower-risk active
714964758,0.014837767,0,0,7,Lower-risk active
716264358,0.020937428,0,0,7,Mono-product exposed
717296808,0.0014988789,0,0,3,Lower-risk active
712977183,0.00055352045,0,0,1,Lower-risk active
710829108,0.056344252,0,0,8,Lower-risk active
779562633,0.0006825579,0,0,1,Lower-risk active
715315833,0.002557082,0,0,4,Lower-risk active
815500983,0.0005341753,0,0,1,Lower-risk active
719360583,0.0008350891,0,0,2,Lower-risk active
709701558,0.02022723,0,0,7,Mono-product exposed
721148358,0.27266425,0,0,9,Lower-risk active
779862408,0.034244135,0,0,7,Lower-risk active
812627208,0.050971236,0,0,8,Lower-risk active
711033408,0.0009492687,0,0,2,Lower-risk active
779956608,0.06934956,0,0,8,Lower-risk active
780376683,0.0006717812,0,0,1,Lower-risk active
717912483,0.08484701,0,0,8,Lower-risk active
714454758,0.0116731115,0,0,6,Lower-risk active
780466533,0.0037413803,0,0,5,Lower-risk active
715735233,0.0037869376,0,0,5,Lower-risk active
720476733,0.8366948,1,1,9,Mono-product exposed
715872333,0.0041993116,0,0,5,Lower-risk active
712375758,0.0016695275,0,0,3,Lower-risk active
708868233,0.9950282,1,1,10,Dormant high-risk
718030083,7.641846e-05,0,0,1,Lower-risk active
720707283,0.016558712,0,0,7,Lower-risk active
771698658,0.0055180904,0,0,5,Lower-risk active
748326258,0.0148077905,0,0,7,Lower-risk active
770817783,0.124355234,0,0,8,Lower-risk active
779353083,0.005864393,0,0,6,Lower-risk active
711441333,0.007905253,0,0,6,Lower-risk active
719808558,0.9992599,1,1,10,Dormant high-risk
711551958,0.9963366,1,1,10,Dormant high-risk
809164083,0.0041601136,0,0,5,Mono-product exposed
820596183,0.04860593,0,0,8,Mono-product exposed
715999608,0.0004420427,0,0,1,Lower-risk active
710565408,0.025303865,0,0,7,Lower-risk active
805543158,0.004068018,0,0,5,Lower-risk active
709752183,0.018724803,0,0,7,Lower-risk active
716479233,0.013234112,0,0,7,Lower-risk active
713837058,0.018591804,0,0,7,Lower-risk active
718876683,0.018521389,0,0,7,Lower-risk active
770746908,0.01349109,0,0,7,Lower-risk active
794843883,0.0014162065,0,0,3,Lower-risk active
803043933,0.0004946777,0,0,1,Lower-risk active
758076408,0.32800537,0,1,9,Mono-product exposed
714606558,0.00019925913,0,0,1,Lower-risk active
778425408,0.0033208332,0,0,4,Lower-risk active
714171108,0.021802364,0,0,7,Lower-risk active
719662458,0.020995611,0,0,7,Lower-risk active
713137233,0.055962674,0,0,8,Lower-risk active
769425858,0.05218769,0,0,8,Lower-risk active
711297483,0.0624235,0,0,8,Lower-risk active
788900883,0.03074112,0,0,7,Lower-risk active
758348808,0.004610176,0,0,5,Lower-risk active
772336458,0.9558177,1,1,9,Dormant high-risk
708711483,0.0004221401,0,0,1,Mono-product exposed
717906783,0.00067346264,0,0,1,Lower-risk active
719437908,0.0021012512,0,0,3,Lower-risk active
769433508,0.088349976,0,0,8,Lower-risk active
790096533,0.00011557399,0,0,1,Lower-risk active
720997383,0.9973749,1,1,10,Dormant high-risk
787541883,0.839981,1,1,9,Dormant high-risk
709930758,0.008515058,0,0,6,Lower-risk active
789830058,0.0005634092,0,0,1,Lower-risk active
710299608,0.99792707,1,1,10,Dormant high-risk
710741208,0.016068997,0,0,7,Lower-risk active
821797008,0.9990376,1,1,10,Contacted but fragile
708874533,0.998744,1,1,10,Dormant high-risk
715341858,0.0053424733,0,0,5,Lower-risk active
793636308,0.23107205,0,0,8,Mono-product exposed
713779908,0.11971978,0,0,8,Lower-risk active
712125258,0.99583733,1,1,10,Dormant high-risk
709703433,0.001447679,0,0,3,Lower-risk active
721022433,0.06122815,0,0,8,Lower-risk active
710103558,0.0018038532,0,0,3,Lower-risk active
715952883,0.00022192045,0,0,1,Lower-risk active
719731458,0.07602758,0,0,8,Lower-risk active
772390908,0.996572,1,1,10,Dormant high-risk
787348608,0.0063817864,0,0,6,Lower-risk active
709485033,0.0040467856,0,0,5,Lower-risk active
715432608,0.00054977543,0,0,1,Lower-risk active
799471833,0.018021403,0,0,7,Lower-risk active
714187533,0.17228013,0,0,8,Mono-product exposed
779656908,0.00682272,0,0,6,Lower-risk active
788950158,0.08171949,0,0,8,Mono-product exposed
778867533,0.9991309,1,1,10,Dormant high-risk
710620383,0.035944175,0,0,7,Lower-risk active
778661358,0.022924628,0,0,7,Mono-product exposed
789483333,0.002544218,0,0,4,Lower-risk active
809855808,0.009625777,0,0,6,Lower-risk active
718464258,0.45792145,0,1,9,Mono-product exposed
708528483,0.008369951,0,0,6,Lower-risk active
771809733,0.99851924,1,1,10,Dormant high-risk
719942883,0.008712769,0,0,6,Lower-risk active
807226683,0.03605997,0,0,7,Lower-risk active
717806133,0.008921391,0,0,6,Lower-risk active
720615708,0.029491512,0,0,7,Lower-risk active
714511758,0.00067343464,0,0,1,Lower-risk active
715050408,0.4688684,0,1,9,Lower-risk active
721132233,0.045153588,0,0,8,Mono-product exposed
719211558,0.9968809,1,1,10,Mono-product exposed
712069008,0.003950869,0,0,5,Lower-risk active
715996983,0.0020601086,0,0,3,Lower-risk active
773466258,0.006068496,0,0,6,Lower-risk active
798983508,0.00035897747,0,0,1,Lower-risk active
719117433,0.0004404408,0,0,1,Lower-risk active
716451183,0.0007979126,0,0,1,Lower-risk active
718621608,0.99653244,1,1,10,Dormant high-risk
715085733,0.003900436,0,0,5,Lower-risk active
788977833,0.019278683,0,0,7,Mono-product exposed
720272958,0.9627146,1,1,9,Dormant high-risk
708421833,0.06000965,0,0,8,Lower-risk active
709173108,0.92771167,1,1,9,Lower-risk active
709879458,0.66615313,1,1,9,Contacted but fragile
715120608,0.2423505,0,0,8,Mono-product exposed
770632758,0.33668804,0,1,9,Mono-product exposed
779078733,0.00834208,0,0,6,Lower-risk active
771742533,0.22765945,0,0,8,Lower-risk active
720250158,0.00015358729,0,0,1,Lower-risk active
716458983,0.00031180054,0,0,1,Lower-risk active
713747733,0.06668095,0,0,8,Lower-risk active
712270158,0.0072879912,0,0,6,Lower-risk active
789562383,0.13705564,0,0,8,Mono-product exposed
754897008,0.5314904,1,1,9,Mono-product exposed
819700533,0.19936076,0,0,8,Lower-risk active
712890408,0.00082542974,0,0,1,Lower-risk active
720248208,0.012771013,0,0,6,Lower-risk active
779749908,0.43523955,0,1,9,Mono-product exposed
717401883,0.0019861762,0,0,3,Lower-risk active
721509558,0.010244381,0,0,6,Lower-risk active
710572458,0.53806114,1,1,9,Lower-risk active
714576183,0.014034724,0,0,7,Lower-risk active
721425558,0.8806353,1,1,9,Dormant high-risk
711109908,0.059302907,0,0,8,Mono-product exposed
715203108,0.44775987,0,1,9,Mono-product exposed
710027508,0.0006741327,0,0,1,Lower-risk active
787464408,0.111597024,0,0,8,Lower-risk active
783542133,0.010790119,0,0,6,Lower-risk active
708330858,0.9949496,1,1,10,Dormant high-risk
714426783,0.018149853,0,0,7,Mono-product exposed
712701333,0.022125166,0,0,7,Lower-risk active
709494483,0.0017902282,0,0,3,Lower-risk active
773373108,0.009793055,0,0,6,Lower-risk active
715812258,0.006192597,0,0,6,Lower-risk active
778286433,0.013946441,0,0,7,Lower-risk active
789270033,0.87824285,1,1,9,Contacted but fragile
711569433,0.0063643637,0,0,6,Lower-risk active
720214833,0.0016244203,0,0,3,Lower-risk active
709346133,0.00020318138,0,0,1,Lower-risk active
788194458,0.013443038,0,0,7,Lower-risk active
720779733,0.01233882,0,0,6,Lower-risk active
717424458,0.003748687,0,0,5,Lower-risk active
708820308,0.015475855,0,0,7,Lower-risk active
710558058,0.04715412,0,0,8,Lower-risk active
770590758,0.014086734,0,0,7,Lower-risk active
718490658,0.015688423,0,0,7,Lower-risk active
711985833,0.001108578,0,0,2,Lower-risk active
708967608,0.07802917,0,0,8,Lower-risk active
718505958,0.02313022,0,0,7,Lower-risk active
715024233,0.0037029458,0,0,5,Lower-risk active
779249583,0.0022164825,0,0,4,Lower-risk active
709278258,0.92015564,1,1,9,Dormant high-risk
778928283,0.0045061377,0,0,5,Lower-risk active
712299858,0.005047191,0,0,5,Lower-risk active
799224108,0.0016860458,0,0,3,Lower-risk active
809976033,0.0013118328,0,0,2,Lower-risk active
716203308,0.008455376,0,0,6,Lower-risk active
714871683,0.99929345,1,1,10,Dormant high-risk
716139933,0.0017068271,0,0,3,Lower-risk active
716984658,0.24028035,0,0,8,Lower-risk active
713086008,0.00017817359,0,0,1,Lower-risk active
713773458,0.012975961,0,0,7,Lower-risk active
719242533,0.22177385,0,0,8,Lower-risk active
772712658,0.0020347433,0,0,3,Lower-risk active
788868858,0.006210865,0,0,6,Lower-risk active
811898133,0.041351993,0,0,7,Lower-risk active
788808633,0.0042092334,0,0,5,Lower-risk active
779804208,0.0047931992,0,0,5,Lower-risk active
781391058,0.4852682,0,1,9,Lower-risk active
790134408,0.000522243,0,0,1,Lower-risk active
788853258,0.0018385821,0,0,3,Lower-risk active
711857733,0.011551794,0,0,6,Lower-risk active
822969858,0.0017006875,0,0,3,Lower-risk active
719554758,0.038959846,0,0,7,Lower-risk active
711643458,0.0057195714,0,0,5,Lower-risk active
788830683,0.00016656017,0,0,1,Lower-risk active
807030858,0.029988885,0,0,7,Lower-risk active
793059108,0.494961,0,1,9,Lower-risk active
716568708,0.7816118,1,1,9,Dormant high-risk
828281733,0.011150194,0,0,6,Lower-risk active
717229158,0.020499093,0,0,7,Lower-risk active
715915458,0.004821222,0,0,5,Lower-risk active
819129858,0.0016347918,0,0,3,Lower-risk active
713441958,0.0044063004,0,0,5,Lower-risk active
719091333,0.14054191,0,0,8,Lower-risk active
708666258,0.0029627064,0,0,4,Lower-risk active
714914583,0.027065756,0,0,7,Lower-risk active
714363858,0.023627246,0,0,7,Lower-risk active
721347408,0.0064652204,0,0,6,Lower-risk active
809608533,0.0027634297,0,0,4,Lower-risk active
772047183,0.0011947823,0,0,2,Lower-risk active
714217908,0.01756953,0,0,7,Lower-risk active
714819183,0.0015395773,0,0,3,Lower-risk active
716455683,0.05265284,0,0,8,Lower-risk active
710865633,0.022883948,0,0,7,Lower-risk active
752952108,0.001719739,0,0,3,Lower-risk active
712595433,0.017371856,0,0,7,Lower-risk active
714982383,0.0034749017,0,0,4,Lower-risk active
813814008,0.0009965232,0,0,2,Lower-risk active
794545983,0.017262893,0,0,7,Lower-risk active
708288108,0.986979,1,1,10,Dormant high-risk
715585158,0.005714611,0,0,5,Lower-risk active
810449883,0.0009703859,0,0,2,Lower-risk active
789863208,0.02704492,0,0,7,Lower-risk active
715022133,0.0008769145,0,0,2,Lower-risk active
712506708,0.073249064,0,0,8,Lower-risk active
715699983,0.00017577993,0,0,1,Lower-risk active
818942433,0.013153115,0,0,7,Lower-risk active
712459233,0.024474246,0,0,7,Lower-risk active
716545383,0.00036951774,0,0,1,Lower-risk active
721144383,0.011352307,0,0,6,Lower-risk active
821837958,0.0052380343,0,0,5,Lower-risk active
804359133,0.0023572913,0,0,4,Lower-risk active
713308683,0.043467443,0,0,8,Lower-risk active
788780958,0.15166341,0,0,8,Lower-risk active
717354558,0.9653037,1,1,9,Dormant high-risk
798473808,0.11094823,0,0,8,Lower-risk active
712372158,0.0021359762,0,0,3,Lower-risk active
715192308,0.0023284834,0,0,4,Lower-risk active
708813033,0.0072526424,0,0,6,Lower-risk active
714639783,0.9932372,1,1,10,Dormant high-risk
709311633,0.059877776,0,0,8,Lower-risk active
709470858,0.0022538356,0,0,4,Lower-risk active
717292758,0.3521661,0,1,9,Lower-risk active
779241783,0.008556215,0,0,6,Lower-risk active
715205358,0.00160554,0,0,3,Lower-risk active
778871508,0.0005885241,0,0,1,Lower-risk active
779462433,0.06856499,0,0,8,Lower-risk active
710147958,0.0055561047,0,0,5,Lower-risk active
709864833,0.012127902,0,0,6,Lower-risk active
778868958,0.9518139,1,1,9,Dormant high-risk
717276708,0.01573677,0,0,7,Lower-risk active
710004933,0.0025568218,0,0,4,Lower-risk active
753606108,0.41189,0,1,9,Lower-risk active
710940183,0.9727352,1,1,9,Dormant high-risk
718927533,0.012730551,0,0,6,Lower-risk active
719337408,0.034745466,0,0,7,Lower-risk active
772308408,0.40966168,0,1,9,Lower-risk active
712981383,0.0269009,0,0,7,Lower-risk active
790099758,0.42382324,0,1,9,Lower-risk active
709547658,0.89035183,1,1,9,Dormant high-risk
778770783,0.027896868,0,0,7,Lower-risk active
713134458,0.42968038,0,1,9,Lower-risk active
712159083,0.99935895,1,1,10,Dormant high-risk
713639958,0.012315388,0,0,6,Lower-risk active
771180033,0.0018694415,0,0,3,Lower-risk active
717916758,0.006984531,0,0,6,Lower-risk active
711089733,0.6039742,1,1,9,Dormant high-risk
716988633,0.0072946073,0,0,6,Lower-risk active
779031033,0.008325599,0,0,6,Lower-risk active
716302383,0.0057797804,0,0,5,Lower-risk active
718281408,0.00055095786,0,0,1,Lower-risk active
721333233,0.0017171189,0,0,3,Lower-risk active
794496033,0.0039836904,0,0,5,Lower-risk active
710519433,0.025145162,0,0,7,Lower-risk active
814995933,0.07855541,0,0,8,Lower-risk active
721469433,0.0022177864,0,0,4,Lower-risk active
788386908,0.008061492,0,0,6,Lower-risk active
717198633,0.005770707,0,0,5,Lower-risk active
767695083,0.20141868,0,0,8,Lower-risk active
711791583,0.99850345,1,1,10,Mono-product exposed
712315683,0.95345956,1,1,9,Mono-product exposed
710038008,0.10165309,0,0,8,Lower-risk active
789129033,0.12113696,0,0,8,Lower-risk active
718349058,0.010164044,0,0,6,Lower-risk active
789842283,0.9963981,1,1,10,Dormant high-risk
714513033,0.06527555,0,0,8,Lower-risk active
714717483,0.021664867,0,0,7,Lower-risk active
714900408,0.057914305,0,0,8,Lower-risk active
719418933,0.9992471,1,1,10,Dormant high-risk
720115683,0.0030694897,0,0,4,Lower-risk active
779504058,0.0008413586,0,0,2,Lower-risk active
795979833,0.018962778,0,0,7,Lower-risk active
717392358,0.002726306,0,0,4,Lower-risk active
718640508,0.0028165006,0,0,4,Lower-risk active
803366358,0.0012177362,0,0,2,Lower-risk active
709230708,0.08827805,0,0,8,Lower-risk active
781794708,0.99092406,1,1,10,Contacted but fragile
801383808,0.00094427174,0,0,2,Lower-risk active
710677608,0.00035015156,0,0,1,Lower-risk active
708217758,0.00032725217,0,0,1,Lower-risk active
714272658,0.9982058,1,1,10,Dormant high-risk
717469158,0.008004607,0,0,6,Lower-risk active
711864783,0.009096111,0,0,6,Lower-risk active
719407983,0.004612908,0,0,5,Lower-risk active
710665533,0.004838756,0,0,5,Lower-risk active
716804283,0.01282844,0,0,7,Lower-risk active
767294658,0.99946433,1,1,10,Contacted but fragile
709122483,0.006619333,0,0,6,Lower-risk active
708241233,0.99655664,1,1,10,Dormant high-risk
717860358,0.07355626,0,0,8,Lower-risk active
789337233,0.017726656,0,0,7,Lower-risk active
720902133,0.06821287,0,0,8,Lower-risk active
721043058,0.0016879555,0,0,3,Lower-risk active
711870333,0.002241719,0,0,4,Lower-risk active
708398283,0.011337893,0,0,6,Lower-risk active
715878183,0.076358534,0,0,8,Lower-risk active
719451483,0.0019653225,0,0,3,Lower-risk active
709110633,0.0042783385,0,0,5,Lower-risk active
721059033,0.008308154,0,0,6,Lower-risk active
779912283,0.027470442,0,0,7,Lower-risk active
717701733,0.00044646751,0,0,1,Lower-risk active
709913733,0.00011894688,0,0,1,Lower-risk active
718768158,0.23570487,0,0,8,Lower-risk active
721375308,0.0018229922,0,0,3,Lower-risk active
711374283,0.00059053645,0,0,1,Lower-risk active
822893133,0.009764958,0,0,6,Lower-risk active
778465533,0.20852241,0,0,8,Lower-risk active
712138983,0.011255403,0,0,6,Lower-risk active
716920908,0.00023225637,0,0,1,Lower-risk active
708095133,0.10283462,0,0,8,Lower-risk active
711195558,0.0050697178,0,0,5,Lower-risk active
772735758,0.022909328,0,0,7,Lower-risk active
712024908,0.0018850673,0,0,3,Lower-risk active
778239933,0.0025701602,0,0,4,Lower-risk active
714893733,0.009652742,0,0,6,Lower-risk active
754886958,0.0054187216,0,0,5,Lower-risk active
710104908,0.003289202,0,0,4,Lower-risk active
710558883,0.0021228509,0,0,3,Lower-risk active
713827383,0.021373281,0,0,7,Lower-risk active
720267033,0.0140123125,0,0,7,Lower-risk active
712049208,0.006201166,0,0,6,Lower-risk active
708688608,0.00048940815,0,0,1,Lower-risk active
716223708,0.9716726,1,1,9,Dormant high-risk
713217858,0.6818742,1,1,9,Dormant high-risk
819352983,0.011852634,0,0,6,Lower-risk active
711019308,0.0003147061,0,0,1,Lower-risk active
768600558,0.033463698,0,0,7,Lower-risk active
710202783,0.06707618,0,0,8,Lower-risk active
712899333,0.095696434,0,0,8,Lower-risk active
767036433,0.016505111,0,0,7,Lower-risk active
793473033,0.029557604,0,0,7,Lower-risk active
721232058,0.0108023565,0,0,6,Lower-risk active
719443683,0.68100536,1,1,9,Contacted but fragile
715449333,0.009417966,0,0,6,Lower-risk active
717998058,0.10107734,0,0,8,Lower-risk active
779610033,0.8335367,1,1,9,Dormant high-risk
827332983,0.002643739,0,0,4,Lower-risk active
721183983,0.006799763,0,0,6,Lower-risk active
718426533,0.02850348,0,0,7,Lower-risk active
710698233,0.0005097283,0,0,1,Lower-risk active
780253533,0.000314542,0,0,1,Lower-risk active
793581933,0.049034454,0,0,8,Lower-risk active
719229708,0.10752462,0,0,8,Lower-risk active
715158483,0.013572162,0,0,7,Lower-risk active
809296308,0.0036677383,0,0,5,Lower-risk active
778176108,0.008237041,0,0,6,Lower-risk active
796532958,0.0004625174,0,0,1,Lower-risk active
709345008,0.9987118,1,1,10,Contacted but fragile
717049533,0.012525013,0,0,6,Lower-risk active
719366358,0.008982469,0,0,6,Lower-risk active
721417233,0.9969253,1,1,10,Dormant high-risk
711622683,0.03599181,0,0,7,Lower-risk active
714578283,0.003687564,0,0,5,Lower-risk active
769574883,0.9273981,1,1,9,Contacted but fragile
717643608,0.2813428,0,0,9,Lower-risk active
709198158,0.2035116,0,0,8,Lower-risk active
712419708,0.004010617,0,0,5,Lower-risk active
709103358,0.13415304,0,0,8,Lower-risk active
716966808,0.061611313,0,0,8,Lower-risk active
772264383,0.13571243,0,0,8,Lower-risk active
721057758,0.003307101,0,0,4,Lower-risk active
769137108,0.99471706,1,1,10,Dormant high-risk
717640083,0.9966774,1,1,10,Contacted but fragile
716445783,0.005046484,0,0,5,Lower-risk active
708579633,0.023223653,0,0,7,Lower-risk active
718715583,0.020705715,0,0,7,Lower-risk active
778686408,0.003526046,0,0,5,Lower-risk active
715015683,0.027805733,0,0,7,Lower-risk active
805254708,0.003549531,0,0,5,Lower-risk active
710462433,0.00065546733,0,0,1,Lower-risk active
721342383,0.006646982,0,0,6,Lower-risk active
720179883,0.1869224,0,0,8,Lower-risk active
794977533,0.99521023,1,1,10,Dormant high-risk
779445108,0.028542308,0,0,7,Lower-risk active
718193958,0.007486032,0,0,6,Lower-risk active
710955633,0.00061449833,0,0,1,Lower-risk active
716149383,0.032959133,0,0,7,Lower-risk active
752604633,0.9996897,1,1,10,Dormant high-risk
713889933,0.18345629,0,0,8,Lower-risk active
709446783,0.021383222,0,0,7,Lower-risk active
789115833,0.00799512,0,0,6,Lower-risk active
711242058,0.99919623,1,1,10,Dormant high-risk
787623858,0.024222855,0,0,7,Lower-risk active
709040508,0.0050979,0,0,5,Lower-risk active
708864708,0.11421797,0,0,8,Lower-risk active
717758583,0.0009969021,0,0,2,Lower-risk active
715416633,0.00374923,0,0,5,Lower-risk active
717956283,0.0022687477,0,0,4,Lower-risk active
721379433,0.29461455,0,1,9,Lower-risk active
712027683,0.014372645,0,0,7,Lower-risk active
716027208,0.006694113,0,0,6,Lower-risk active
720475233,0.0052338713,0,0,5,Lower-risk active
712275108,0.007648349,0,0,6,Lower-risk active
718121658,0.9943341,1,1,10,Dormant high-risk
711593808,0.996384,1,1,10,Contacted but fragile
716222808,0.00031964484,0,0,1,Lower-risk active
718731183,0.99472046,1,1,10,Mono-product exposed
788779008,0.0012010982,0,0,2,Lower-risk active
710404533,0.04781188,0,0,8,Lower-risk active
711173058,0.00089809555,0,0,2,Lower-risk active
715383108,0.027362214,0,0,7,Lower-risk active
711697158,0.0041813045,0,0,5,Lower-risk active
709186983,0.0035238888,0,0,5,Lower-risk active
808964433,0.0049174493,0,0,5,Lower-risk active
711948333,0.011027453,0,0,6,Lower-risk active
710541858,0.0009877519,0,0,2,Lower-risk active
713865333,0.99531144,1,1,10,Dormant high-risk
797707008,0.9815267,1,1,10,Contacted but fragile
713490483,0.10811028,0,0,8,Lower-risk active
720370533,0.995301,1,1,10,Lower-risk active
779743908,0.5488455,1,1,9,Lower-risk active
718675158,0.9882117,1,1,10,Contacted but fragile
710784333,0.0026623975,0,0,4,Lower-risk active
816596583,0.045847133,0,0,8,Lower-risk active
717517758,0.017135326,0,0,7,Lower-risk active
712880283,0.0045535625,0,0,5,Lower-risk active
753226158,0.0021557556,0,0,3,Lower-risk active
720605808,0.99949753,1,1,10,Contacted but fragile
758317233,0.025291327,0,0,7,Lower-risk active
711028308,0.06118497,0,0,8,Lower-risk active
814852533,0.009237389,0,0,6,Lower-risk active
711526533,0.0035752435,0,0,5,Lower-risk active
804403908,0.257565,0,0,9,Lower-risk active
716999883,0.0051098345,0,0,5,Lower-risk active
716452083,0.010512924,0,0,6,Lower-risk active
787599258,0.003653945,0,0,5,Lower-risk active
714495258,0.08326617,0,0,8,Lower-risk active
717713283,0.014271713,0,0,7,Lower-risk active
789317883,0.0059979158,0,0,6,Lower-risk active
714500883,0.17241101,0,0,8,Lower-risk active
789467508,0.0021328705,0,0,3,Lower-risk active
710317758,0.0046693916,0,0,5,Lower-risk active
711231558,0.00094156223,0,0,2,Lower-risk active
716829483,0.020236256,0,0,7,Lower-risk active
779713608,0.00021892106,0,0,1,Lower-risk active
711628458,0.006441602,0,0,6,Lower-risk active
718943508,0.08092458,0,0,8,Lower-risk active
770724558,0.98870635,1,1,10,Contacted but fragile
783561558,0.036880404,0,0,7,Lower-risk active
719309958,0.9906695,1,1,10,Contacted but fragile
788785083,0.0010086952,0,0,2,Lower-risk active
780481308,0.060269874,0,0,8,Lower-risk active
711757383,0.55164236,1,1,9,Lower-risk active
787550808,0.0047759274,0,0,5,Lower-risk active
779863533,0.041017413,0,0,7,Lower-risk active
714529233,0.014336579,0,0,7,Lower-risk active
708177333,0.01884356,0,0,7,Lower-risk active
812019933,0.018918011,0,0,7,Lower-risk active
708557358,0.02039777,0,0,7,Lower-risk active
713580633,0.15124628,0,0,8,Lower-risk active
711466533,0.108195506,0,0,8,Lower-risk active
802276683,0.013517319,0,0,7,Lower-risk active
780913308,0.012383948,0,0,6,Lower-risk active
808897683,0.9267938,1,1,9,Dormant high-risk
719428308,0.0014791285,0,0,3,Lower-risk active
713010483,0.01085331,0,0,6,Lower-risk active
717006333,0.032200135,0,0,7,Lower-risk active
787621158,0.038859196,0,0,7,Lower-risk active
716924058,0.029203609,0,0,7,Lower-risk active
720916683,0.03236584,0,0,7,Lower-risk active
720923658,0.05508472,0,0,8,Lower-risk active
712710708,0.056423735,0,0,8,Lower-risk active
718939083,0.99872214,1,1,10,Contacted but fragile
779519058,0.11409349,0,0,8,Lower-risk active
719085933,0.0012477422,0,0,2,Lower-risk active
715124958,0.032685697,0,0,7,Lower-risk active
712979133,0.99767464,1,1,10,Mono-product exposed
712006308,0.008010888,0,0,6,Lower-risk active
710801133,0.0007537072,0,0,1,Lower-risk active
712490283,0.01934889,0,0,7,Lower-risk active
720071583,0.9785179,1,1,10,Contacted but fragile
717958833,0.0010554298,0,0,2,Lower-risk active
812420358,0.9937822,1,1,10,Dormant high-risk
712370208,0.029654453,0,0,7,Lower-risk active
715940358,0.024763301,0,0,7,Lower-risk active
715041333,0.060768012,0,0,8,Lower-risk active
712797258,0.015206934,0,0,7,Lower-risk active
769170558,0.17584176,0,0,8,Lower-risk active
715884858,0.116404794,0,0,8,Lower-risk active
796343058,0.10154069,0,0,8,Lower-risk active
783910008,0.0065031233,0,0,6,Lower-risk active
718888308,0.023553377,0,0,7,Lower-risk active
785114808,0.07988796,0,0,8,Lower-risk active
709852908,0.6693743,1,1,9,Dormant high-risk
823528833,0.0011490948,0,0,2,Lower-risk active
719679858,0.021892153,0,0,7,Lower-risk active
827108583,0.14125429,0,0,8,Lower-risk active
787833333,0.0025519668,0,0,4,Lower-risk active
719781183,0.0226012,0,0,7,Lower-risk active
710429358,0.006578291,0,0,6,Lower-risk active
798792408,0.99945766,1,1,10,Contacted but fragile
710280558,0.027223818,0,0,7,Lower-risk active
809825358,0.0122202085,0,0,6,Lower-risk active
714451833,0.36760652,0,1,9,Lower-risk active
713943783,0.059980515,0,0,8,Lower-risk active
710706558,0.06892353,0,0,8,Lower-risk active
713620308,0.18921842,0,0,8,Lower-risk active
813453408,0.008662749,0,0,6,Lower-risk active
818248383,0.14442596,0,0,8,Lower-risk active
780106908,0.0023498524,0,0,4,Lower-risk active
708938508,0.00130937,0,0,2,Lower-risk active
709671708,0.0043266024,0,0,5,Lower-risk active
711204483,0.9688061,1,1,9,Dormant high-risk
801728658,0.008533035,0,0,6,Lower-risk active
713945883,0.98455274,1,1,10,Lower-risk active
779558733,0.00045080562,0,0,1,Lower-risk active
788370258,0.018379232,0,0,7,Lower-risk active
714927333,0.0034595614,0,0,4,Lower-risk active
710383158,0.1441781,0,0,8,Lower-risk active
798007308,0.014343447,0,0,7,Lower-risk active
711768858,0.004102884,0,0,5,Lower-risk active
714888633,0.031559203,0,0,7,Lower-risk active
712650333,0.025905259,0,0,7,Lower-risk active
719945433,0.26190555,0,0,9,Lower-risk active
720310458,0.00947073,0,0,6,Lower-risk active
718344033,0.010272359,0,0,6,Lower-risk active
715442958,0.045407373,0,0,8,Lower-risk active
780326883,0.037476096,0,0,7,Lower-risk active
711157833,0.004360995,0,0,5,Lower-risk active
719704308,0.004247819,0,0,5,Lower-risk active
708772308,0.017575104,0,0,7,Lower-risk active
817663908,0.010199788,0,0,6,Lower-risk active
780054258,0.15926297,0,0,8,Lower-risk active
709990983,0.014737688,0,0,7,Lower-risk active
818045958,0.10066158,0,0,8,Lower-risk active
716380683,0.0015767757,0,0,3,Lower-risk active
787480158,0.0017487328,0,0,3,Lower-risk active
778461408,0.020894691,0,0,7,Lower-risk active
713861733,0.003579389,0,0,5,Lower-risk active
789291633,0.0010384776,0,0,2,Lower-risk active
789513858,0.99912256,1,1,10,Contacted but fragile
778357458,0.18586658,0,0,8,Lower-risk active
718325883,0.0002382033,0,0,1,Lower-risk active
720344658,0.000569616,0,0,1,Lower-risk active
809292483,0.0041147433,0,0,5,Lower-risk active
779791008,0.031672154,0,0,7,Lower-risk active
779557533,0.032212157,0,0,7,Lower-risk active
795904233,0.0056518335,0,0,5,Lower-risk active
710573808,0.062181007,0,0,8,Lower-risk active
717418158,0.0008272286,0,0,1,Lower-risk active
771963708,0.993363,1,1,10,Dormant high-risk
712433508,0.9957377,1,1,10,Contacted but fragile
779320983,0.007823273,0,0,6,Lower-risk active
718093233,0.19885375,0,0,8,Lower-risk active
719459358,0.0009652675,0,0,2,Lower-risk active
717728808,0.006529579,0,0,6,Lower-risk active
788701608,0.04042081,0,0,7,Lower-risk active
778506633,0.98736656,1,1,10,Contacted but fragile
719989008,0.0043386007,0,0,5,Lower-risk active
791839233,0.032436833,0,0,7,Lower-risk active
716918508,0.02594261,0,0,7,Lower-risk active
717321783,0.067141294,0,0,8,Lower-risk active
799000008,0.0040659187,0,0,5,Lower-risk active
721517208,0.01340738,0,0,7,Lower-risk active
719068683,0.12269362,0,0,8,Lower-risk active
709120008,0.012104513,0,0,6,Lower-risk active
709117533,0.010713531,0,0,6,Lower-risk active
816594183,0.0028413692,0,0,4,Lower-risk active
789485433,0.01034053,0,0,6,Lower-risk active
712881483,0.065479025,0,0,8,Lower-risk active
712689333,0.0143878115,0,0,7,Lower-risk active
771492408,0.0015077393,0,0,3,Lower-risk active
711668283,0.3570434,0,1,9,Lower-risk active
772684833,0.0016912008,0,0,3,Lower-risk active
712960308,0.004179391,0,0,5,Lower-risk active
713530833,0.99310124,1,1,10,Dormant high-risk
756065433,0.079218306,0,0,8,Lower-risk active
710997183,0.054334916,0,0,8,Lower-risk active
711146358,0.01676394,0,0,7,Lower-risk active
716144058,0.016612252,0,0,7,Lower-risk active
778699908,0.99301803,1,1,10,Dormant high-risk
713571258,0.01356608,0,0,7,Lower-risk active
711676908,0.029772019,0,0,7,Lower-risk active
719315508,0.0003508494,0,0,1,Lower-risk active
778623858,0.00026601664,0,0,1,Lower-risk active
714665733,0.00533133,0,0,5,Lower-risk active
816089433,0.0005405881,0,0,1,Lower-risk active
716991933,0.9891656,1,1,10,Dormant high-risk
714534108,0.010401121,0,0,6,Lower-risk active
787456608,0.006501685,0,0,6,Lower-risk active
717090183,0.08769613,0,0,8,Lower-risk active
772782708,0.0032404452,0,0,4,Lower-risk active
710722908,0.0014319603,0,0,3,Lower-risk active
795155433,0.00021263742,0,0,1,Lower-risk active
715271733,0.0966044,0,0,8,Lower-risk active
771706308,0.07878279,0,0,8,Lower-risk active
713989233,0.0005285454,0,0,1,Lower-risk active
780198258,0.025152557,0,0,7,Lower-risk active
802002858,0.998579,1,1,10,Mono-product exposed
716290233,0.090326615,0,0,8,Lower-risk active
828298908,0.0047092796,0,0,5,Lower-risk active
788946783,0.03471395,0,0,7,Lower-risk active
720697908,0.005918462,0,0,6,Lower-risk active
780598383,0.010790882,0,0,6,Lower-risk active
715345833,0.42260355,0,1,9,Lower-risk active
710831133,0.0008661077,0,0,2,Lower-risk active
766706358,0.017957782,0,0,7,Lower-risk active
816533733,0.26513442,0,0,9,Lower-risk active
712373208,0.9952349,1,1,10,Dormant high-risk
721433283,0.015155397,0,0,7,Lower-risk active
720680058,0.013673867,0,0,7,Lower-risk active
716909283,0.005387091,0,0,5,Lower-risk active
754654383,0.0014261656,0,0,3,Lower-risk active
719226333,0.011405321,0,0,6,Lower-risk active
779759058,0.0036709306,0,0,5,Lower-risk active
718206783,0.0014022385,0,0,3,Lower-risk active
715783758,0.05190979,0,0,8,Lower-risk active
771190083,0.008938149,0,0,6,Lower-risk active
713135883,0.0062834914,0,0,6,Lower-risk active
778799583,0.005102088,0,0,5,Lower-risk active
808796208,0.0737112,0,0,8,Lower-risk active
708313608,0.15936553,0,0,8,Lower-risk active
779330208,0.20360236,0,0,8,Lower-risk active
794498733,0.12333449,0,0,8,Lower-risk active
807964908,0.0074449717,0,0,6,Lower-risk active
823845783,0.030379573,0,0,7,Lower-risk active
711748983,0.02419889,0,0,7,Lower-risk active
718064283,0.020088414,0,0,7,Lower-risk active
710492733,0.025288787,0,0,7,Lower-risk active
779016408,0.0023514659,0,0,4,Lower-risk active
717787533,0.011952659,0,0,6,Lower-risk active
714851058,0.0044123144,0,0,5,Lower-risk active
823535133,0.001987324,0,0,3,Lower-risk active
708455883,0.95156384,1,1,9,Dormant high-risk
780095808,0.15285996,0,0,8,Lower-risk active
709207458,0.006524885,0,0,6,Lower-risk active
763895958,0.9926139,1,1,10,Dormant high-risk
715942683,0.020730691,0,0,7,Lower-risk active
721301733,0.006461962,0,0,6,Lower-risk active
711927108,0.9498085,1,1,9,Dormant high-risk
718083483,0.0024560825,0,0,4,Lower-risk active
717548358,0.0057275468,0,0,5,Lower-risk active
816829608,0.21864448,0,0,8,Lower-risk active
713936583,0.015088423,0,0,7,Lower-risk active
709682658,0.012631739,0,0,6,Lower-risk active
793889508,0.25181684,0,0,8,Lower-risk active
714648933,0.0048451982,0,0,5,Lower-risk active
711556533,0.25999352,0,0,9,Lower-risk active
717420333,0.0932078,0,0,8,Lower-risk active
768921933,0.015515807,0,0,7,Lower-risk active
714311583,0.039998095,0,0,7,Lower-risk active
717707133,0.007254823,0,0,6,Lower-risk active
716043258,0.012211048,0,0,6,Lower-risk active
716343408,0.0373198,0,0,7,Lower-risk active
718909158,0.020299342,0,0,7,Lower-risk active
719471433,0.0017940755,0,0,3,Lower-risk active
712763808,0.3730995,0,1,9,Lower-risk active
711147483,0.9683262,1,1,9,Contacted but fragile
719788833,0.046420295,0,0,8,Lower-risk active
715168983,0.34587368,0,1,9,Lower-risk active
714306258,0.015495141,0,0,7,Lower-risk active
713828208,0.374928,0,1,9,Lower-risk active
710574558,0.023395963,0,0,7,Lower-risk active
710947683,0.014486618,0,0,7,Lower-risk active
711113958,0.0034183443,0,0,4,Lower-risk active
718923858,0.07072603,0,0,8,Lower-risk active
752666508,0.055205964,0,0,8,Lower-risk active
712672083,0.37656057,0,1,9,Lower-risk active
719863758,0.05814371,0,0,8,Lower-risk active
720990183,0.9890055,1,1,10,Contacted but fragile
720718908,0.017071303,0,0,7,Lower-risk active
721250358,0.007972887,0,0,6,Lower-risk active
779773533,0.008130298,0,0,6,Lower-risk active
708249708,0.06158462,0,0,8,Lower-risk active
713967783,0.00014243729,0,0,1,Lower-risk active
779506158,0.010857309,0,0,6,Lower-risk active
759823158,0.2163968,0,0,8,Lower-risk active
716608608,0.7487661,1,1,9,Dormant high-risk
789528183,0.07436956,0,0,8,Lower-risk active
708895158,0.070174105,0,0,8,Lower-risk active
824805858,0.023243163,0,0,7,Lower-risk active
720840108,0.001363241,0,0,2,Lower-risk active
787595658,0.013911363,0,0,7,Lower-risk active
720244983,0.010913677,0,0,6,Lower-risk active
713220258,0.0014216609,0,0,3,Lower-risk active
813469458,0.07219656,0,0,8,Lower-risk active
788939358,0.0011509215,0,0,2,Lower-risk active
718870158,0.024796661,0,0,7,Lower-risk active
788673708,0.78342927,1,1,9,Contacted but fragile
711809283,0.06616899,0,0,8,Lower-risk active
816513108,0.0014904566,0,0,3,Lower-risk active
718594608,0.1457623,0,0,8,Lower-risk active
823606983,0.009948064,0,0,6,Lower-risk active
717028158,0.028608687,0,0,7,Lower-risk active
788485908,0.18953678,0,0,8,Lower-risk active
714472608,0.010085625,0,0,6,Lower-risk active
710793783,0.011674915,0,0,6,Lower-risk active
794340033,0.006151872,0,0,6,Lower-risk active
716462658,0.14375408,0,0,8,Lower-risk active
718050033,0.076671444,0,0,8,Lower-risk active
714023808,0.020294823,0,0,7,Lower-risk active
716341833,0.014332274,0,0,7,Lower-risk active
719648358,0.106637,0,0,8,Lower-risk active
816600933,0.9869321,1,1,10,Contacted but fragile
714208533,0.9976587,1,1,10,Dormant high-risk
713095533,0.016863687,0,0,7,Lower-risk active
809967783,0.12220069,0,0,8,Lower-risk active
715848408,0.25823948,0,0,9,Lower-risk active
714414483,0.0017335882,0,0,3,Lower-risk active
708655983,0.5997995,1,1,9,Dormant high-risk
720426708,0.9975103,1,1,10,Contacted but fragile
713743158,0.0061357245,0,0,6,Lower-risk active
721279083,0.03460003,0,0,7,Lower-risk active
779149683,0.0038014683,0,0,5,Lower-risk active
714970458,0.00047240572,0,0,1,Lower-risk active
719070108,0.0030683181,0,0,4,Lower-risk active
715490733,0.0061165197,0,0,6,Lower-risk active
714989583,0.11636777,0,0,8,Lower-risk active
820355433,0.07337166,0,0,8,Lower-risk active
715901508,0.0014756079,0,0,3,Lower-risk active
710370483,0.0031796817,0,0,4,Lower-risk active
778573233,0.030839853,0,0,7,Lower-risk active
708833133,0.0049261693,0,0,5,Lower-risk active
719885883,0.0003483491,0,0,1,Lower-risk active
712523283,0.15607661,0,0,8,Lower-risk active
711309033,0.0021692582,0,0,4,Lower-risk active
708134283,0.08469038,0,0,8,Lower-risk active
720147633,0.0052477657,0,0,5,Lower-risk active
708983658,0.9950321,1,1,10,Dormant high-risk
766285608,0.015936986,0,0,7,Lower-risk active
779715108,0.007365902,0,0,6,Lower-risk active
798035358,0.13157313,0,0,8,Lower-risk active
719391783,0.0037788532,0,0,5,Lower-risk active
809342208,0.081169516,0,0,8,Lower-risk active
780713058,0.0038393072,0,0,5,Lower-risk active
779338683,0.027785283,0,0,7,Lower-risk active
783387783,0.075951315,0,0,8,Lower-risk active
787800108,0.0018837397,0,0,3,Lower-risk active
721397808,0.00034603415,0,0,1,Lower-risk active
778698408,0.003353871,0,0,4,Lower-risk active
709545333,0.006900377,0,0,6,Lower-risk active
716032233,0.0021280928,0,0,3,Lower-risk active
717835908,0.07392807,0,0,8,Lower-risk active
719466558,0.34054482,0,1,9,Lower-risk active
778663458,0.99540675,1,1,10,Lower-risk active
716024808,0.96855664,1,1,9,Dormant high-risk
713008308,0.0075733266,0,0,6,Lower-risk active
794831733,0.010237711,0,0,6,Lower-risk active
713854608,0.011990329,0,0,6,Lower-risk active
715993608,0.05296809,0,0,8,Lower-risk active
789368658,0.03177838,0,0,7,Lower-risk active
802817358,0.1565274,0,0,8,Lower-risk active
708098133,0.000114322356,0,0,1,Lower-risk active
801499908,0.094410636,0,0,8,Lower-risk active
824770683,0.0023008764,0,0,4,Lower-risk active
718310733,0.46787658,0,1,9,Lower-risk active
708162558,0.0012622115,0,0,2,Lower-risk active
721129383,0.63085586,1,1,9,Lower-risk active
721249158,0.9993668,1,1,10,Contacted but fragile
721049658,0.018889207,0,0,7,Lower-risk active
806392908,0.1521984,0,0,8,Lower-risk active
714886533,0.0014262281,0,0,3,Lower-risk active
772375533,0.0008478044,0,0,2,Lower-risk active
826775058,0.042833064,0,0,8,Lower-risk active
711878733,0.023557402,0,0,7,Lower-risk active
714550383,0.10271269,0,0,8,Lower-risk active
712636308,0.00034627243,0,0,1,Lower-risk active
772139433,0.005065128,0,0,5,Lower-risk active
709058808,0.0009478286,0,0,2,Lower-risk active
813240408,0.0030536954,0,0,4,Lower-risk active
767753958,0.004055012,0,0,5,Lower-risk active
710111733,0.0035583084,0,0,5,Lower-risk active
761544333,0.032989044,0,0,7,Lower-risk active
788814783,0.0088043315,0,0,6,Lower-risk active
715034358,0.1788959,0,0,8,Lower-risk active
709624533,0.0007385848,0,0,1,Lower-risk active
709942383,0.0063318405,0,0,6,Lower-risk active
803957508,0.06343492,0,0,8,Lower-risk active
713378133,0.0321705,0,0,7,Lower-risk active
709217358,0.002377565,0,0,4,Lower-risk active
720998358,0.06095462,0,0,8,Lower-risk active
721051908,0.55457664,1,1,9,Contacted but fragile
715232058,0.0003321923,0,0,1,Lower-risk active
806250783,0.14469263,0,0,8,Lower-risk active
817245183,0.008487739,0,0,6,Lower-risk active
713670333,0.01829922,0,0,7,Lower-risk active
826477083,0.026357435,0,0,7,Lower-risk active
788728608,0.003913035,0,0,5,Lower-risk active
717190533,0.0085937325,0,0,6,Lower-risk active
716580033,0.00046876713,0,0,1,Lower-risk active
711644508,0.006429376,0,0,6,Lower-risk active
714334383,0.006401158,0,0,6,Lower-risk active
720611058,0.17798409,0,0,8,Lower-risk active
712420833,0.024237579,0,0,7,Lower-risk active
713845083,0.5693126,1,1,9,Contacted but fragile
713756508,0.007973939,0,0,6,Lower-risk active
735565158,0.012012347,0,0,6,Lower-risk active
714131058,0.1030618,0,0,8,Lower-risk active
717180633,0.004191218,0,0,5,Lower-risk active
717295683,0.002333639,0,0,4,Lower-risk active
713128833,0.20035161,0,0,8,Lower-risk active
813499458,0.98494935,1,1,10,Dormant high-risk
710070183,0.044769045,0,0,8,Lower-risk active
789605658,0.07915859,0,0,8,Lower-risk active
710045058,0.016914675,0,0,7,Lower-risk active
710164683,0.008950478,0,0,6,Lower-risk active
710802258,0.04589841,0,0,8,Lower-risk active
721036233,0.0015231117,0,0,3,Lower-risk active
710036508,0.29333782,0,1,9,Lower-risk active
717776808,0.21182233,0,0,8,Lower-risk active
714906033,0.044337206,0,0,8,Lower-risk active
714273708,0.04323665,0,0,8,Lower-risk active
721117533,0.18629375,0,0,8,Lower-risk active
715374558,0.0014232316,0,0,3,Lower-risk active
824807658,0.07985272,0,0,8,Lower-risk active
714940608,0.1126319,0,0,8,Lower-risk active
824782008,0.19151844,0,0,8,Lower-risk active
717561108,0.20100783,0,0,8,Lower-risk active
717127083,0.028294211,0,0,7,Lower-risk active
772460508,0.007067003,0,0,6,Lower-risk active
720484908,0.0022093672,0,0,4,Lower-risk active
771237933,0.002487127,0,0,4,Lower-risk active
794664183,0.00855002,0,0,6,Lower-risk active
797488158,0.0026238742,0,0,4,Lower-risk active
708543258,0.0024440505,0,0,4,Lower-risk active
778706508,0.20637065,0,0,8,Lower-risk active
712240083,0.95783806,1,1,9,Lower-risk active
713650683,0.012010406,0,0,6,Lower-risk active
772532208,0.9988544,1,1,10,Contacted but fragile
778929783,0.9990213,1,1,10,Contacted but fragile
714244383,0.0010131602,0,0,2,Lower-risk active
718797558,0.1345616,0,0,8,Lower-risk active
712821333,0.12005364,0,0,8,Lower-risk active
721120008,0.016327066,0,0,7,Lower-risk active
709633533,0.068942346,0,0,8,Lower-risk active
710789058,0.040025808,0,0,7,Lower-risk active
716174433,0.03270574,0,0,7,Lower-risk active
789886533,0.09126262,0,0,8,Lower-risk active
715210308,0.10901876,0,0,8,Lower-risk active
721038408,0.06142937,0,0,8,Lower-risk active
713325108,0.07070483,0,0,8,Lower-risk active
720352533,0.23239258,0,0,8,Lower-risk active
708431433,0.011369284,0,0,6,Lower-risk active
716996583,0.0007749943,0,0,1,Lower-risk active
718699683,0.21118377,0,0,8,Lower-risk active
771359958,0.005583792,0,0,5,Lower-risk active
716604633,0.013532193,0,0,7,Lower-risk active
813952233,0.043369133,0,0,8,Lower-risk active
713053383,0.998295,1,1,10,Contacted but fragile
709979583,0.051163197,0,0,8,Lower-risk active
709380333,0.016351858,0,0,7,Lower-risk active
778574283,0.27843872,0,0,9,Lower-risk active
789875883,0.14458485,0,0,8,Lower-risk active
714661233,0.019550117,0,0,7,Lower-risk active
813915933,0.020043273,0,0,7,Lower-risk active
708358683,0.029380275,0,0,7,Lower-risk active
824761458,0.017474229,0,0,7,Lower-risk active
715362183,0.26005566,0,0,9,Lower-risk active
721194858,0.030900462,0,0,7,Lower-risk active
803595858,0.98453355,1,1,10,Lower-risk active
716198358,0.012474271,0,0,6,Lower-risk active
714173808,0.006481634,0,0,6,Lower-risk active
709465758,0.9957496,1,1,10,Contacted but fragile
714081558,0.0067122034,0,0,6,Lower-risk active
717364458,0.0011666807,0,0,2,Lower-risk active
778755858,0.11347724,0,0,8,Lower-risk active
710754933,0.97325665,1,1,9,Contacted but fragile
720007383,0.9976955,1,1,10,Contacted but fragile
810220833,0.0058330516,0,0,6,Lower-risk active
718362783,0.9986072,1,1,10,Contacted but fragile
708267858,0.0043737465,0,0,5,Lower-risk active
708856983,0.9985689,1,1,10,Mono-product exposed
715588908,0.011530785,0,0,6,Lower-risk active
772674933,0.33592448,0,1,9,Lower-risk active
720148983,0.00075793406,0,0,1,Lower-risk active
720650208,0.017871296,0,0,7,Lower-risk active
769732233,0.21372896,0,0,8,Lower-risk active
713030958,0.7106824,1,1,9,Dormant high-risk
711320508,0.023970585,0,0,7,Lower-risk active
795795408,0.0074518532,0,0,6,Lower-risk active
717904383,0.0031347775,0,0,4,Lower-risk active
714115533,0.0029328957,0,0,4,Lower-risk active
712475733,0.016742498,0,0,7,Lower-risk active
718996758,0.00024682048,0,0,1,Lower-risk active
713049933,0.690876,1,1,9,Lower-risk active
709961958,0.9045796,1,1,9,Lower-risk active
718301508,0.01344539,0,0,7,Lower-risk active
714831033,0.007047756,0,0,6,Lower-risk active
710653158,0.015836455,0,0,7,Lower-risk active
721265883,0.23989686,0,0,8,Lower-risk active
715049583,0.10579504,0,0,8,Lower-risk active
715394883,0.12772252,0,0,8,Lower-risk active
773448558,0.060736652,0,0,8,Lower-risk active
717249783,0.0058074915,0,0,5,Lower-risk active
708344358,0.008336098,0,0,6,Lower-risk active
712003083,0.014637345,0,0,7,Lower-risk active
754282908,0.034341916,0,0,7,Lower-risk active
717412608,0.99788135,1,1,10,Lower-risk active
719412258,0.0028369413,0,0,4,Lower-risk active
788675658,0.10580363,0,0,8,Lower-risk active
717683583,0.0029616796,0,0,4,Lower-risk active
820584408,0.0052039665,0,0,5,Lower-risk active
719392833,0.047616333,0,0,8,Lower-risk active
718595583,0.057334915,0,0,8,Lower-risk active
778508883,0.0056992453,0,0,5,Lower-risk active
715511658,0.21918477,0,0,8,Lower-risk active
711999783,0.015208092,0,0,7,Lower-risk active
753856008,0.00089159474,0,0,2,Lower-risk active
789920883,0.022736244,0,0,7,Lower-risk active
788677533,0.0031506873,0,0,4,Lower-risk active
716284308,0.011231521,0,0,6,Lower-risk active
712120608,0.945762,1,1,9,Contacted but fragile
715482483,0.010072865,0,0,6,Lower-risk active
720848733,0.078573585,0,0,8,Lower-risk active
708480333,0.013258039,0,0,7,Lower-risk active
826723308,0.14794892,0,0,8,Lower-risk active
801369258,0.008533625,0,0,6,Lower-risk active
709584483,0.03982148,0,0,7,Lower-risk active
715708308,0.00069813355,0,0,1,Lower-risk active
779707308,0.0009459097,0,0,2,Lower-risk active
711688158,0.010079291,0,0,6,Lower-risk active
711848658,0.0023591097,0,0,4,Lower-risk active
715855083,0.078640744,0,0,8,Lower-risk active
778971408,0.00676273,0,0,6,Lower-risk active
711648708,0.0016897371,0,0,3,Lower-risk active
713149683,0.008929722,0,0,6,Lower-risk active
771903033,0.0134195965,0,0,7,Lower-risk active
737925558,0.010448379,0,0,6,Lower-risk active
803347908,0.004147429,0,0,5,Lower-risk active
817285758,0.27658513,0,0,9,Lower-risk active
711480108,0.029813243,0,0,7,Lower-risk active
709662708,0.03444355,0,0,7,Lower-risk active
709224858,0.0027847663,0,0,4,Lower-risk active
821771508,0.012115814,0,0,6,Lower-risk active
712216533,0.046110164,0,0,8,Lower-risk active
710522433,0.2387116,0,0,8,Lower-risk active
779046408,0.019443143,0,0,7,Lower-risk active
708595158,0.12150069,0,0,8,Lower-risk active
757266933,0.62989604,1,1,9,Contacted but fragile
816776283,0.00021821042,0,0,1,Lower-risk active
719904333,0.0074955784,0,0,6,Lower-risk active
718264233,0.014427131,0,0,7,Lower-risk active
784798683,0.86542404,1,1,9,Lower-risk active
710899833,0.96712506,1,1,9,Contacted but fragile
780025908,0.0028689764,0,0,4,Lower-risk active
713610033,0.048012223,0,0,8,Lower-risk active
709364433,0.0019763215,0,0,3,Lower-risk active
713086908,0.04107185,0,0,7,Lower-risk active
709793133,0.12469088,0,0,8,Lower-risk active
710032608,0.03888675,0,0,7,Lower-risk active
779351208,0.040922433,0,0,7,Lower-risk active
719776608,0.46763116,0,1,9,Lower-risk active
709220583,0.2195014,0,0,8,Lower-risk active
719555733,0.11386644,0,0,8,Lower-risk active
740852733,0.0011833344,0,0,2,Lower-risk active
709528308,0.18176076,0,0,8,Lower-risk active
715127208,0.039491445,0,0,7,Lower-risk active
817144458,0.012203154,0,0,6,Lower-risk active
710628783,0.0014297379,0,0,3,Lower-risk active
772145658,0.002446349,0,0,4,Lower-risk active
739594758,0.9699092,1,1,9,Dormant high-risk
789198708,0.021682767,0,0,7,Lower-risk active
720953658,0.00095069193,0,0,2,Lower-risk active
771330558,0.019723963,0,0,7,Lower-risk active
714078558,0.30986091,0,1,9,Mono-product exposed
712207683,0.129648,0,0,8,Lower-risk active
788826408,0.0019618883,0,0,3,Lower-risk active
790128033,0.008946868,0,0,6,Lower-risk active
718082208,0.009628494,0,0,6,Lower-risk active
712037358,0.0028179607,0,0,4,Lower-risk active
711711483,0.029216683,0,0,7,Lower-risk active
718861458,0.007943715,0,0,6,Lower-risk active
709426608,0.44879565,0,1,9,Lower-risk active
811457058,0.023631932,0,0,7,Lower-risk active
773073558,0.10464745,0,0,8,Lower-risk active
715937133,0.009249625,0,0,6,Lower-risk active
713480583,0.014201155,0,0,7,Lower-risk active
716383683,0.2042479,0,0,8,Lower-risk active
713693958,0.64449334,1,1,9,Dormant high-risk
715443708,0.0026029488,0,0,4,Lower-risk active
770769483,0.095996514,0,0,8,Lower-risk active
789326808,0.012127811,0,0,6,Lower-risk active
712105533,0.037857,0,0,7,Lower-risk active
720674133,0.0020413238,0,0,3,Lower-risk active
779216358,0.999035,1,1,10,Contacted but fragile
717322833,0.015027186,0,0,7,Lower-risk active
710279508,0.017025428,0,0,7,Lower-risk active
712168833,0.011966037,0,0,6,Lower-risk active
780581508,0.024762627,0,0,7,Lower-risk active
711957708,0.003375839,0,0,4,Lower-risk active
778782858,0.0016372676,0,0,3,Lower-risk active
712924383,0.91610223,1,1,9,Lower-risk active
709366458,0.009477666,0,0,6,Lower-risk active
796990908,0.00075248966,0,0,1,Lower-risk active
715702758,0.5144926,1,1,9,Contacted but fragile
788974608,0.0018385699,0,0,3,Lower-risk active
714790008,0.4410472,0,1,9,Lower-risk active
787438983,0.012192273,0,0,6,Lower-risk active
713834358,0.046269655,0,0,8,Lower-risk active
710084883,0.020893876,0,0,7,Lower-risk active
710736558,0.010843932,0,0,6,Lower-risk active
788915283,0.0013230545,0,0,2,Lower-risk active
714916758,0.2703946,0,0,9,Lower-risk active
789611283,0.038897514,0,0,7,Lower-risk active
773288958,0.028674336,0,0,7,Lower-risk active
811721133,0.05480139,0,0,8,Lower-risk active
813961233,0.0016863949,0,0,3,Lower-risk active
783020958,0.06495289,0,0,8,Lower-risk active
715764483,0.29270944,0,1,9,Lower-risk active
798110358,0.2998591,0,1,9,Lower-risk active
715745508,0.00038151006,0,0,1,Lower-risk active
714350658,0.021737551,0,0,7,Lower-risk active
826478958,0.051329926,0,0,8,Lower-risk active
719127558,0.027035754,0,0,7,Lower-risk active
712454958,0.00041717416,0,0,1,Lower-risk active
718561458,0.014520198,0,0,7,Lower-risk active
822984108,0.0088990405,0,0,6,Lower-risk active
719469333,0.01918596,0,0,7,Lower-risk active
720871383,0.007171825,0,0,6,Lower-risk active
788827308,0.018112814,0,0,7,Lower-risk active
710180958,0.7462935,1,1,9,Contacted but fragile
778346283,0.0076987497,0,0,6,Lower-risk active
787547208,0.0018430988,0,0,3,Lower-risk active
714983283,0.9595684,1,1,9,Contacted but fragile
789344358,0.049589787,0,0,8,Lower-risk active
710406633,0.89238685,1,1,9,Dormant high-risk
767653233,0.0013214351,0,0,2,Lower-risk active
719461008,0.005587026,0,0,5,Lower-risk active
789731433,0.27594277,0,0,9,Lower-risk active
775198608,0.0398023,0,0,7,Lower-risk active
717567333,0.0026642594,0,0,4,Lower-risk active
772794108,0.00616335,0,0,6,Lower-risk active
712072908,0.5176399,1,1,9,Lower-risk active
709328733,0.030770328,0,0,7,Lower-risk active
788107683,0.011189532,0,0,6,Lower-risk active
713757633,0.011088719,0,0,6,Lower-risk active
713279808,0.0005526156,0,0,1,Lower-risk active
712440483,0.031924993,0,0,7,Lower-risk active
715078383,0.068909235,0,0,8,Lower-risk active
709214358,0.0068769804,0,0,6,Lower-risk active
778399008,0.76176023,1,1,9,Dormant high-risk
811534983,0.12950994,0,0,8,Lower-risk active
719728383,0.0015807902,0,0,3,Lower-risk active
718726833,0.030429889,0,0,7,Lower-risk active
780605508,0.0038888983,0,0,5,Lower-risk active
719450508,0.13025105,0,0,8,Lower-risk active
711213108,0.14311315,0,0,8,Lower-risk active
708488208,0.014399007,0,0,7,Lower-risk active
717206508,0.0063619125,0,0,6,Lower-risk active
821836008,0.005473766,0,0,5,Lower-risk active
807244983,0.18848245,0,0,8,Lower-risk active
821872758,0.6991363,1,1,9,Contacted but fragile
809959683,0.01903298,0,0,7,Lower-risk active
715079208,0.0640811,0,0,8,Lower-risk active
767049258,0.014571955,0,0,7,Lower-risk active
709579383,0.00028049859,0,0,1,Lower-risk active
781923483,0.007675297,0,0,6,Lower-risk active
718654533,0.14436226,0,0,8,Lower-risk active
716169258,0.04261757,0,0,8,Lower-risk active
713908683,0.010210553,0,0,6,Lower-risk active
708212658,0.004830024,0,0,5,Lower-risk active
756013833,0.040471565,0,0,7,Lower-risk active
719358333,0.53081095,1,1,9,Contacted but fragile
713735508,0.24625897,0,0,8,Lower-risk active
805259733,0.69334054,1,1,9,Contacted but fragile
738749733,0.069495216,0,0,8,Lower-risk active
814833408,0.18037328,0,0,8,Lower-risk active
719182308,0.0019064812,0,0,3,Lower-risk active
818497758,0.0074584153,0,0,6,Lower-risk active
719518308,0.14195232,0,0,8,Lower-risk active
709991883,0.96355003,1,1,9,Mono-product exposed
770901258,0.089233965,0,0,8,Lower-risk active
711499158,0.023879034,0,0,7,Lower-risk active
720445533,0.007554166,0,0,6,Lower-risk active
809951133,0.9775174,1,1,10,Contacted but fragile
714657108,0.011199339,0,0,6,Lower-risk active
789048858,0.04223914,0,0,8,Lower-risk active
771816408,0.01104473,0,0,6,Lower-risk active
798158808,0.148483,0,0,8,Lower-risk active
787685658,0.0011052096,0,0,2,Lower-risk active
720141408,0.6776034,1,1,9,Lower-risk active
788699808,0.13681725,0,0,8,Lower-risk active
708216108,0.0040520183,0,0,5,Lower-risk active
715074258,0.110137805,0,0,8,Lower-risk active
771653583,0.0046910904,0,0,5,Lower-risk active
717374358,0.001697404,0,0,3,Lower-risk active
720836808,0.0020509271,0,0,3,Lower-risk active
818701383,0.0019143241,0,0,3,Lower-risk active
717277833,0.024808345,0,0,7,Lower-risk active
778137108,0.36915776,0,1,9,Lower-risk active
720973833,0.20344394,0,0,8,Lower-risk active
768490458,0.9981912,1,1,10,Dormant high-risk
751487358,0.4968834,0,1,9,Lower-risk active
712742808,0.08720456,0,0,8,Lower-risk active
712820208,0.02275416,0,0,7,Lower-risk active
794649858,0.06291792,0,0,8,Lower-risk active
755262933,0.14065492,0,0,8,Lower-risk active
709541433,0.090558276,0,0,8,Lower-risk active
820622433,0.010845333,0,0,6,Lower-risk active
712586583,0.030784182,0,0,7,Lower-risk active
709816158,0.040552497,0,0,7,Lower-risk active
712196508,0.8042429,1,1,9,Dormant high-risk
767269908,0.0047796275,0,0,5,Lower-risk active
710927733,0.011739732,0,0,6,Lower-risk active
711310908,0.01654277,0,0,7,Lower-risk active
788862333,0.14985028,0,0,8,Lower-risk active
713194608,0.0140081495,0,0,7,Lower-risk active
793550958,0.39458746,0,1,9,Lower-risk active
712607583,0.06805883,0,0,8,Lower-risk active
713921058,0.0074738823,0,0,6,Lower-risk active
709183683,0.011590625,0,0,6,Lower-risk active
713407458,0.0013697305,0,0,2,Lower-risk active
715241583,0.089191556,0,0,8,Lower-risk active
710475408,0.001778758,0,0,3,Lower-risk active
708971583,0.02151957,0,0,7,Lower-risk active
714547458,0.7977786,1,1,9,Dormant high-risk
827631483,0.10071744,0,0,8,Lower-risk active
711159108,0.9424505,1,1,9,Lower-risk active
789262683,0.22330308,0,0,8,Lower-risk active
712940508,0.005502973,0,0,5,Lower-risk active
789733008,0.0024392656,0,0,4,Lower-risk active
714703158,0.13751838,0,0,8,Lower-risk active
710255208,0.33034,0,1,9,Lower-risk active
779236083,0.11534741,0,0,8,Lower-risk active
713438358,0.07525913,0,0,8,Lower-risk active
715973583,0.15206514,0,0,8,Lower-risk active
794113758,0.0062731863,0,0,6,Lower-risk active
709452633,0.061576985,0,0,8,Lower-risk active
788210583,0.47335842,0,1,9,Lower-risk active
717784983,0.0051181098,0,0,5,Lower-risk active
786557358,0.29219395,0,1,9,Lower-risk active
768460908,0.28213114,0,0,9,Lower-risk active
718899708,0.09419505,0,0,8,Lower-risk active
714697533,0.059462853,0,0,8,Lower-risk active
713206683,0.9817977,1,1,10,Contacted but fragile
708679383,0.002757595,0,0,4,Lower-risk active
713067033,0.08196936,0,0,8,Lower-risk active
789314133,0.008661078,0,0,6,Lower-risk active
713956308,0.008219899,0,0,6,Lower-risk active
711595833,0.009736854,0,0,6,Lower-risk active
779521533,0.007914451,0,0,6,Lower-risk active
715225458,0.013573202,0,0,7,Lower-risk active
716487408,0.0025799505,0,0,4,Lower-risk active
719338383,0.039974127,0,0,7,Lower-risk active
710523333,0.003571442,0,0,5,Lower-risk active
787489083,0.07403325,0,0,8,Lower-risk active
720747633,0.07177342,0,0,8,Lower-risk active
779480658,0.0808016,0,0,8,Lower-risk active
711498258,0.03047392,0,0,7,Lower-risk active
709316433,0.0016298271,0,0,3,Lower-risk active
778734108,0.02585946,0,0,7,Lower-risk active
778388358,0.9969632,1,1,10,Contacted but fragile
716773533,0.0011334962,0,0,2,Lower-risk active
822130683,0.016381359,0,0,7,Lower-risk active
717268458,0.03246624,0,0,7,Lower-risk active
827888433,0.025386544,0,0,7,Lower-risk active
716522583,0.1068195,0,0,8,Lower-risk active
789415983,0.059403617,0,0,8,Lower-risk active
719819958,0.028455103,0,0,7,Lower-risk active
769579608,0.004359794,0,0,5,Lower-risk active
772353408,0.1015572,0,0,8,Lower-risk active
716615583,0.015409822,0,0,7,Lower-risk active
781131483,0.003848718,0,0,5,Lower-risk active
719101908,0.045605585,0,0,8,Lower-risk active
720521808,0.0063880486,0,0,6,Lower-risk active
718136283,0.14018852,0,0,8,Lower-risk active
778855383,0.7086485,1,1,9,Contacted but fragile
779722308,0.95961577,1,1,9,Lower-risk active
818926833,0.18125221,0,0,8,Lower-risk active
721217283,0.09348343,0,0,8,Lower-risk active
717167283,0.1491536,0,0,8,Lower-risk active
713371233,0.010789605,0,0,6,Lower-risk active
778426608,0.08059717,0,0,8,Lower-risk active
713823033,0.99499387,1,1,10,Lower-risk active
787515333,0.9387893,1,1,9,Contacted but fragile
710944608,0.0056749266,0,0,5,Lower-risk active
718444233,0.0080406,0,0,6,Lower-risk active
771099183,0.00968736,0,0,6,Lower-risk active
770241333,0.09341697,0,0,8,Lower-risk active
710819733,0.97399604,1,1,9,Lower-risk active
772155108,0.23874307,0,0,8,Lower-risk active
798796233,0.027070351,0,0,7,Lower-risk active
815472108,0.12062208,0,0,8,Lower-risk active
769145733,0.047347542,0,0,8,Lower-risk active
783364233,0.4815608,0,1,9,Lower-risk active
772236108,0.014179396,0,0,7,Lower-risk active
715640358,0.33836383,0,1,9,Lower-risk active
713529858,0.0046545444,0,0,5,Lower-risk active
715684308,0.002903195,0,0,4,Lower-risk active
709451508,0.057194784,0,0,8,Lower-risk active
709204158,0.19715819,0,0,8,Lower-risk active
713182458,0.02301075,0,0,7,Lower-risk active
710624658,0.00518957,0,0,5,Lower-risk active
716355783,0.7261809,1,1,9,Contacted but fragile
716793108,0.013640883,0,0,7,Lower-risk active
716162583,0.3772826,0,1,9,Lower-risk active
714051033,0.21900775,0,0,8,Lower-risk active
715007583,0.0027332962,0,0,4,Lower-risk active
719139558,0.006021455,0,0,6,Lower-risk active
794632308,0.22757289,0,0,8,Lower-risk active
770662383,0.019102415,0,0,7,Lower-risk active
714787383,0.019970732,0,0,7,Lower-risk active
714700158,0.027084898,0,0,7,Lower-risk active
710581758,0.018836865,0,0,7,Lower-risk active
720497958,0.11279596,0,0,8,Lower-risk active
720920058,0.0035159292,0,0,5,Lower-risk active
710872233,0.029192222,0,0,7,Lower-risk active
709855608,0.13877384,0,0,8,Lower-risk active
815484783,0.005386458,0,0,5,Lower-risk active
771602883,0.05723375,0,0,8,Lower-risk active
755953308,0.0044341777,0,0,5,Lower-risk active
758408883,0.003097501,0,0,4,Lower-risk active
717940008,0.006785226,0,0,6,Lower-risk active
720917808,0.028700437,0,0,7,Lower-risk active
812801958,0.24894792,0,0,8,Lower-risk active
714997683,0.005236884,0,0,5,Lower-risk active
709379283,0.04199106,0,0,8,Lower-risk active
711840408,0.024607701,0,0,7,Lower-risk active
785328408,0.35744226,0,1,9,Lower-risk active
719873808,0.116819225,0,0,8,Lower-risk active
715528983,0.0014941478,0,0,3,Lower-risk active
720254883,0.013319356,0,0,7,Lower-risk active
811980858,0.023591714,0,0,7,Lower-risk active
711330408,0.023465268,0,0,7,Lower-risk active
718465458,0.010688306,0,0,6,Lower-risk active
710616183,0.79016966,1,1,9,Dormant high-risk
714580158,0.00024016519,0,0,1,Lower-risk active
710798883,0.00543821,0,0,5,Lower-risk active
720511608,0.37875855,0,1,9,Lower-risk active
708913233,0.12882335,0,0,8,Lower-risk active
788038383,0.013104055,0,0,7,Lower-risk active
719905908,0.0036719474,0,0,5,Lower-risk active
807044958,0.0052813212,0,0,5,Lower-risk active
719514783,0.038265076,0,0,7,Lower-risk active
787643658,0.006475504,0,0,6,Lower-risk active
779138883,0.5823706,1,1,9,Dormant high-risk
708173433,0.049171194,0,0,8,Lower-risk active
778401033,0.0031754544,0,0,4,Lower-risk active
818375733,0.5583653,1,1,9,Contacted but fragile
711048783,0.5305121,1,1,9,Contacted but fragile
721415658,0.00545597,0,0,5,Lower-risk active
717961458,0.0035507134,0,0,5,Lower-risk active
718563483,0.39319324,0,1,9,Lower-risk active
717128283,0.5505386,1,1,9,Lower-risk active
718068933,0.020220885,0,0,7,Lower-risk active
718623783,0.02304898,0,0,7,Lower-risk active
716565258,0.8360598,1,1,9,Contacted but fragile
712505658,0.014178356,0,0,7,Lower-risk active
792565908,0.055699065,0,0,8,Lower-risk active
709267308,0.0029902006,0,0,4,Lower-risk active
710035008,0.019139826,0,0,7,Lower-risk active
790082508,0.0045015775,0,0,5,Lower-risk active
716866308,0.0039814417,0,0,5,Lower-risk active
709707033,0.87824434,1,1,9,Dormant high-risk
718346658,0.06915601,0,0,8,Lower-risk active
824157858,0.022974426,0,0,7,Lower-risk active
709735008,0.04012948,0,0,7,Lower-risk active
814593858,0.0024328367,0,0,4,Lower-risk active
718416858,0.088184446,0,0,8,Lower-risk active
710307933,0.116853915,0,0,8,Lower-risk active
715870758,0.019648448,0,0,7,Lower-risk active
713819283,0.06000415,0,0,8,Lower-risk active
710424408,0.001626134,0,0,3,Lower-risk active
709493283,0.07588782,0,0,8,Lower-risk active
712489158,0.04722304,0,0,8,Lower-risk active
719013108,0.0030761417,0,0,4,Lower-risk active
721178583,0.9934135,1,1,10,Dormant high-risk
717769008,0.014575777,0,0,7,Lower-risk active
709986633,0.62194616,1,1,9,Contacted but fragile
721062408,0.050832547,0,0,8,Lower-risk active
771349458,0.008914585,0,0,6,Lower-risk active
780557658,0.0856618,0,0,8,Lower-risk active
771441558,0.32701117,0,1,9,Lower-risk active
756409758,0.01023987,0,0,6,Lower-risk active
720009558,0.0037629856,0,0,5,Lower-risk active
778885158,0.030947424,0,0,7,Lower-risk active
715543908,0.040576838,0,0,7,Lower-risk active
717591483,0.009259012,0,0,6,Lower-risk active
715042608,0.016246231,0,0,7,Lower-risk active
755959683,0.010332515,0,0,6,Lower-risk active
715367058,0.282478,0,0,9,Lower-risk active
714573258,0.48281342,0,1,9,Lower-risk active
712281183,0.013328816,0,0,7,Lower-risk active
717670758,0.009541069,0,0,6,Lower-risk active
720666333,0.5329363,1,1,9,Lower-risk active
771556308,0.043012474,0,0,8,Lower-risk active
708931908,0.22042401,0,0,8,Lower-risk active
718894233,0.033328358,0,0,7,Lower-risk active
771544533,0.987513,1,1,10,Contacted but fragile
708927108,0.97916806,1,1,10,Dormant high-risk
717831783,0.19252475,0,0,8,Lower-risk active
709288383,0.0064934446,0,0,6,Lower-risk active
710813733,0.64836925,1,1,9,Dormant high-risk
721084833,0.01075772,0,0,6,Lower-risk active
711258108,0.013495082,0,0,7,Lower-risk active
710149008,0.023866259,0,0,7,Lower-risk active
711902058,0.10752425,0,0,8,Lower-risk active
716757033,0.0040017925,0,0,5,Lower-risk active
712688433,0.014634795,0,0,7,Lower-risk active
713203908,0.018450586,0,0,7,Lower-risk active
711772008,0.8324884,1,1,9,Mono-product exposed
708799983,0.85671526,1,1,9,Dormant high-risk
778882758,0.011441831,0,0,6,Lower-risk active
709157133,0.0028335722,0,0,4,Lower-risk active
741344808,0.0041965866,0,0,5,Lower-risk active
739692933,0.06934579,0,0,8,Lower-risk active
766429908,0.00052965106,0,0,1,Lower-risk active
802087683,0.0063056853,0,0,6,Lower-risk active
712491108,0.0077001746,0,0,6,Lower-risk active
714767508,0.0021179859,0,0,3,Lower-risk active
720376008,0.08740329,0,0,8,Lower-risk active
779126658,0.015084044,0,0,7,Lower-risk active
793222008,0.031302575,0,0,7,Lower-risk active
720812433,0.014058828,0,0,7,Lower-risk active
717623583,0.07751696,0,0,8,Lower-risk active
708878508,0.0050639105,0,0,5,Lower-risk active
710043408,0.007312488,0,0,6,Lower-risk active
789079758,0.007025913,0,0,6,Lower-risk active
721311333,0.0077818832,0,0,6,Lower-risk active
710749458,0.003410449,0,0,4,Lower-risk active
778275783,0.00773193,0,0,6,Lower-risk active
799498158,0.003194218,0,0,4,Lower-risk active
716334258,0.0013217536,0,0,2,Lower-risk active
716075208,0.08168031,0,0,8,Lower-risk active
780276258,0.29944053,0,1,9,Lower-risk active
789282333,0.022658864,0,0,7,Lower-risk active
811571733,0.16293097,0,0,8,Lower-risk active
709429533,0.6917893,1,1,9,Dormant high-risk
715247508,0.03131533,0,0,7,Lower-risk active
718784358,0.020272942,0,0,7,Lower-risk active
751450008,0.1478062,0,0,8,Lower-risk active
719227233,0.19391148,0,0,8,Lower-risk active
711050058,0.14932515,0,0,8,Lower-risk active
779040408,0.0041653067,0,0,5,Lower-risk active
714024858,0.04570894,0,0,8,Lower-risk active
789849108,0.026744416,0,0,7,Lower-risk active
710391258,0.18534724,0,0,8,Lower-risk active
718830183,0.3791632,0,1,9,Lower-risk active
779696883,0.2036694,0,0,8,Lower-risk active
719249733,0.0026603257,0,0,4,Lower-risk active
737971833,0.03286453,0,0,7,Lower-risk active
772468983,0.098456055,0,0,8,Lower-risk active
710990283,0.003529538,0,0,5,Lower-risk active
808750458,0.042530045,0,0,8,Lower-risk active
719692983,0.14361583,0,0,8,Lower-risk active
719125158,0.004259088,0,0,5,Lower-risk active
787509408,0.023669688,0,0,7,Lower-risk active
719206308,0.010517468,0,0,6,Lower-risk active
717141858,0.003029478,0,0,4,Lower-risk active
713172408,0.027933482,0,0,7,Lower-risk active
720314583,0.0034356017,0,0,4,Lower-risk active
708347583,0.010392766,0,0,6,Lower-risk active
711006783,0.09689367,0,0,8,Lower-risk active
718274283,0.07011646,0,0,8,Lower-risk active
803977008,0.0014939877,0,0,3,Lower-risk active
715216908,0.21855833,0,0,8,Lower-risk active
779611008,0.05532722,0,0,8,Lower-risk active
811467708,0.0070526465,0,0,6,Lower-risk active
812597508,0.17958558,0,0,8,Lower-risk active
718651083,0.02552038,0,0,7,Lower-risk active
708577308,0.004438493,0,0,5,Lower-risk active
813990483,0.00405874,0,0,5,Lower-risk active
816319008,0.00587885,0,0,6,Lower-risk active
789627258,0.036484245,0,0,7,Lower-risk active
713346558,0.25781158,0,0,9,Lower-risk active
708744933,0.022831554,0,0,7,Lower-risk active
708828258,0.03720632,0,0,7,Lower-risk active
713511108,0.06904924,0,0,8,Lower-risk active
710208633,0.011270865,0,0,6,Lower-risk active
824165658,0.0017023408,0,0,3,Lower-risk active
826513233,0.64867675,1,1,9,Lower-risk active
788789658,0.010311214,0,0,6,Lower-risk active
717837858,0.0028406424,0,0,4,Lower-risk active
709382958,0.028187105,0,0,7,Lower-risk active
716253858,0.11644029,0,0,8,Mono-product exposed
713725683,0.0031971207,0,0,4,Lower-risk active
710364258,0.0044960785,0,0,5,Lower-risk active
816033783,0.0771197,0,0,8,Lower-risk active
715065483,0.3063734,0,1,9,Lower-risk active
718751133,0.008104245,0,0,6,Lower-risk active
713983308,0.007726375,0,0,6,Lower-risk active
718418958,0.68311936,1,1,9,Contacted but fragile
779367858,0.004661099,0,0,5,Lower-risk active
711285633,0.00027122805,0,0,1,Lower-risk active
714974658,0.0017489734,0,0,3,Lower-risk active
716374308,0.0023893123,0,0,4,Lower-risk active
713416233,0.024788579,0,0,7,Lower-risk active
797643708,0.010242611,0,0,6,Lower-risk active
808292958,0.11491677,0,0,8,Lower-risk active
719831958,0.3683802,0,1,9,Lower-risk active
708860358,0.011486407,0,0,6,Lower-risk active
717385983,0.061098024,0,0,8,Lower-risk active
719049033,0.05286632,0,0,8,Lower-risk active
717581658,0.00052677246,0,0,1,Lower-risk active
714347508,0.00423086,0,0,5,Lower-risk active
803833608,0.14937589,0,0,8,Lower-risk active
712576908,0.004614745,0,0,5,Lower-risk active
778511733,0.037276536,0,0,7,Lower-risk active
721464783,0.19884002,0,0,8,Lower-risk active
821179233,0.9882648,1,1,10,Dormant high-risk
713126733,0.010575092,0,0,6,Lower-risk active
719688408,0.009301506,0,0,6,Lower-risk active
779811183,0.0009843708,0,0,2,Lower-risk active
771086208,0.13334584,0,0,8,Lower-risk active
715217733,0.015077648,0,0,7,Lower-risk active
813752433,0.951362,1,1,9,Contacted but fragile
711876333,0.012747864,0,0,6,Lower-risk active
715256658,0.0043680314,0,0,5,Lower-risk active
711329658,0.05415767,0,0,8,Lower-risk active
710227908,0.008398388,0,0,6,Lower-risk active
716362008,0.014473792,0,0,7,Lower-risk active
714939708,0.00048237477,0,0,1,Lower-risk active
708083283,0.9717541,1,1,9,Contacted but fragile
719431608,0.004349587,0,0,5,Lower-risk active
769411758,0.05185953,0,0,8,Lower-risk active
714248733,0.042449478,0,0,8,Lower-risk active
804481608,0.11852461,0,0,8,Lower-risk active
714631833,0.04760471,0,0,8,Lower-risk active
769751958,0.18857834,0,0,8,Lower-risk active
717999183,0.0015695542,0,0,3,Lower-risk active
713075283,0.008513247,0,0,6,Lower-risk active
711561108,0.003352459,0,0,4,Lower-risk active
709854483,0.010503289,0,0,6,Lower-risk active
713630733,0.11973699,0,0,8,Lower-risk active
717599283,0.0024765027,0,0,4,Lower-risk active
806407308,0.9805849,1,1,10,Contacted but fragile
712730583,0.0024360188,0,0,4,Lower-risk active
712142733,0.03372819,0,0,7,Lower-risk active
720153258,0.026757339,0,0,7,Lower-risk active
814086333,0.014881786,0,0,7,Lower-risk active
715524708,0.002373166,0,0,4,Lower-risk active
713307708,0.056661617,0,0,8,Lower-risk active
714069858,0.20429412,0,0,8,Lower-risk active
712789383,0.008950601,0,0,6,Lower-risk active
787983633,0.0030359481,0,0,4,Lower-risk active
758583708,0.93765736,1,1,9,Contacted but fragile
717130383,0.088371426,0,0,8,Lower-risk active
720770883,0.6156544,1,1,9,Dormant high-risk
716797758,0.8068367,1,1,9,Contacted but fragile
713835258,0.0393809,0,0,7,Lower-risk active
720677733,0.0022444734,0,0,4,Lower-risk active
718587858,0.047180854,0,0,8,Lower-risk active
710263608,0.72593194,1,1,9,Contacted but fragile
715055433,0.04206288,0,0,8,Lower-risk active
715498308,0.0066958377,0,0,6,Lower-risk active
708099183,0.020429237,0,0,7,Lower-risk active
716452908,0.21256594,0,0,8,Lower-risk active
789959283,0.006445955,0,0,6,Lower-risk active
713536158,0.08079319,0,0,8,Lower-risk active
716750358,0.0005893964,0,0,1,Lower-risk active
815299833,0.0037104082,0,0,5,Lower-risk active
721003008,0.9951644,1,1,10,Lower-risk active
779883933,0.0069694035,0,0,6,Lower-risk active
716612958,0.0055271415,0,0,5,Lower-risk active
715859058,0.023011865,0,0,7,Lower-risk active
772031733,0.0043562395,0,0,5,Lower-risk active
720668358,0.18373682,0,0,8,Lower-risk active
778708533,0.9991553,1,1,10,Contacted but fragile
719649408,0.013353088,0,0,7,Lower-risk active
715457658,0.13843453,0,0,8,Lower-risk active
711934308,0.017743802,0,0,7,Lower-risk active
781326483,0.020333936,0,0,7,Lower-risk active
712557708,0.00423964,0,0,5,Lower-risk active
789187908,0.001452703,0,0,3,Lower-risk active
773297508,0.0039685024,0,0,5,Lower-risk active
716529258,0.15276593,0,0,8,Lower-risk active
708242283,0.0022314738,0,0,4,Lower-risk active
789247458,0.048416216,0,0,8,Lower-risk active
717100833,0.12529004,0,0,8,Lower-risk active
716870583,0.018729517,0,0,7,Lower-risk active
719999508,0.012370134,0,0,6,Lower-risk active
721236408,0.091625884,0,0,8,Lower-risk active
720122808,0.9941433,1,1,10,Dormant high-risk
716882658,0.06652494,0,0,8,Lower-risk active
713734758,0.38039416,0,1,9,Lower-risk active
709085358,0.018885253,0,0,7,Lower-risk active
715785933,0.0025128543,0,0,4,Lower-risk active
717159858,0.008316966,0,0,6,Lower-risk active
713259858,0.9852599,1,1,10,Contacted but fragile
787516908,0.040437464,0,0,7,Lower-risk active
711145008,0.014062688,0,0,7,Lower-risk active
715013733,0.005828364,0,0,5,Lower-risk active
717098208,0.1666598,0,0,8,Lower-risk active
737982408,0.08120125,0,0,8,Lower-risk active
713216883,0.0036374815,0,0,5,Lower-risk active
709361058,0.106523804,0,0,8,Lower-risk active
710312658,0.0024471881,0,0,4,Lower-risk active
773383158,0.027176235,0,0,7,Lower-risk active
716053083,0.9953596,1,1,10,Contacted but fragile
717667833,0.003298929,0,0,4,Lower-risk active
716998608,0.120806165,0,0,8,Lower-risk active
772086408,0.12693512,0,0,8,Lower-risk active
708597558,0.006512036,0,0,6,Lower-risk active
718011783,0.018075047,0,0,7,Lower-risk active
714360033,0.005480709,0,0,5,Lower-risk active
811005858,0.1495143,0,0,8,Lower-risk active
794485158,0.0025821368,0,0,4,Lower-risk active
708513183,0.008085821,0,0,6,Lower-risk active
719353158,0.007415382,0,0,6,Lower-risk active
711436083,0.524487,1,1,9,Contacted but fragile
780374133,0.06949801,0,0,8,Lower-risk active
739117233,0.07352715,0,0,8,Lower-risk active
708486033,0.22162947,0,0,8,Lower-risk active
795237183,0.25223678,0,0,8,Lower-risk active
788788758,0.022228474,0,0,7,Lower-risk active
709635858,0.35075,0,1,9,Lower-risk active
789701658,0.028118579,0,0,7,Lower-risk active
713484483,0.16702661,0,0,8,Lower-risk active
711954558,0.11153173,0,0,8,Lower-risk active
712655583,0.3384865,0,1,9,Lower-risk active
779686683,0.051286485,0,0,8,Lower-risk active
711226758,0.07026098,0,0,8,Lower-risk active
713241033,0.0046878816,0,0,5,Lower-risk active
788754108,0.01917554,0,0,7,Lower-risk active
717013383,0.23574,0,0,8,Lower-risk active
712634133,0.03191512,0,0,7,Lower-risk active
709537683,0.99324906,1,1,10,Dormant high-risk
778627983,0.29337364,0,1,9,Lower-risk active
720241758,0.032048147,0,0,7,Lower-risk active
720814233,0.10888702,0,0,8,Lower-risk active
785080308,0.04747963,0,0,8,Lower-risk active
713358633,0.0005008011,0,0,1,Lower-risk active
720392433,0.07823484,0,0,8,Lower-risk active
720282558,0.007785566,0,0,6,Lower-risk active
821370858,0.01606828,0,0,7,Lower-risk active
799249833,0.011418162,0,0,6,Lower-risk active
713016633,0.16886534,0,0,8,Lower-risk active
814471983,0.034021836,0,0,7,Lower-risk active
779612808,0.026788449,0,0,7,Lower-risk active
716692683,0.29263616,0,1,9,Lower-risk active
790145733,0.99212545,1,1,10,Dormant high-risk
716038533,0.028628604,0,0,7,Lower-risk active
714421233,0.0058322116,0,0,5,Lower-risk active
709783908,0.12136794,0,0,8,Lower-risk active
812788233,0.25201243,0,0,8,Lower-risk active
772452783,0.0015970569,0,0,3,Lower-risk active
714002658,0.0131605435,0,0,7,Lower-risk active
713464983,0.0007018931,0,0,1,Lower-risk active
713910108,0.057074133,0,0,8,Lower-risk active
808169358,0.07709891,0,0,8,Lower-risk active
714013083,0.02941808,0,0,7,Lower-risk active
715381533,0.024938075,0,0,7,Lower-risk active
717678408,0.6881085,1,1,9,Contacted but fragile
719143308,0.02357564,0,0,7,Lower-risk active
711509658,0.8205394,1,1,9,Contacted but fragile
757481283,0.03192566,0,0,7,Lower-risk active
808681158,0.23794861,0,0,8,Lower-risk active
718867683,0.025139997,0,0,7,Lower-risk active
714618333,0.02973332,0,0,7,Lower-risk active
794562783,0.037620943,0,0,7,Lower-risk active
708208758,0.2638715,0,0,9,Lower-risk active
794504658,0.0006281392,0,0,1,Lower-risk active
714772758,0.018358145,0,0,7,Lower-risk active
713830233,0.014521093,0,0,7,Lower-risk active
713577483,0.05409998,0,0,8,Lower-risk active
814513008,0.052301943,0,0,8,Lower-risk active
712765158,0.34080985,0,1,9,Lower-risk active
714411108,0.0815549,0,0,8,Lower-risk active
720231108,0.50378805,1,1,9,Contacted but fragile
709035708,0.123372056,0,0,8,Lower-risk active
720662508,0.009934027,0,0,6,Lower-risk active
708623283,0.0127389375,0,0,6,Lower-risk active
813247083,0.010538767,0,0,6,Lower-risk active
780078333,0.047424387,0,0,8,Lower-risk active
811915383,0.009674474,0,0,6,Lower-risk active
719818983,0.9722858,1,1,9,Dormant high-risk
716349183,0.41398913,0,1,9,Lower-risk active
710067183,0.009582461,0,0,6,Lower-risk active
771234558,0.049550775,0,0,8,Lower-risk active
820288233,0.2886452,0,1,9,Lower-risk active
717511533,0.0008312826,0,0,2,Lower-risk active
711642108,0.099927686,0,0,8,Lower-risk active
712495233,0.11632695,0,0,8,Lower-risk active
718484283,0.0052114613,0,0,5,Lower-risk active
717413658,0.057840407,0,0,8,Lower-risk active
804668658,0.99201244,1,1,10,Contacted but fragile
715934283,0.014163129,0,0,7,Lower-risk active
717499083,0.0017165565,0,0,3,Lower-risk active
715279683,0.65613216,1,1,9,Contacted but fragile
718971333,0.052843213,0,0,8,Lower-risk active
709219533,0.0009964288,0,0,2,Lower-risk active
709150608,0.013665587,0,0,7,Lower-risk active
788259558,0.0023910291,0,0,4,Lower-risk active
802464033,0.012963978,0,0,7,Lower-risk active
712757808,0.37879652,0,1,9,Lower-risk active
714457083,0.019045584,0,0,7,Lower-risk active
713413758,0.1052982,0,0,8,Lower-risk active
708741633,0.91487664,1,1,9,Dormant high-risk
714043833,0.001983875,0,0,3,Lower-risk active
789577833,0.129377,0,0,8,Lower-risk active
787570758,0.3901379,0,1,9,Lower-risk active
720371733,0.026491163,0,0,7,Lower-risk active
819117183,0.016368495,0,0,7,Lower-risk active
711776433,0.00865433,0,0,6,Lower-risk active
709583133,0.0014823681,0,0,3,Lower-risk active
719521983,0.003968325,0,0,5,Lower-risk active
718415133,0.00092523015,0,0,2,Lower-risk active
710594358,0.004485539,0,0,5,Lower-risk active
709730508,0.0983601,0,0,8,Lower-risk active
720462633,0.32471475,0,1,9,Lower-risk active
715005558,0.00087338383,0,0,2,Lower-risk active
779993208,0.14120217,0,0,8,Lower-risk active
787543008,0.014632182,0,0,7,Lower-risk active
743265108,0.005860836,0,0,6,Lower-risk active
713770383,0.02104348,0,0,7,Lower-risk active
712392108,0.09809109,0,0,8,Lower-risk active
720145683,0.0758168,0,0,8,Lower-risk active
714832383,0.0028524338,0,0,4,Lower-risk active
772706283,0.019876905,0,0,7,Lower-risk active
795920358,0.15461145,0,0,8,Lower-risk active
716277558,0.023678798,0,0,7,Lower-risk active
764776833,0.016562557,0,0,7,Lower-risk active
710795883,0.022417152,0,0,7,Lower-risk active
710428308,0.14031316,0,0,8,Lower-risk active
721096983,0.021806503,0,0,7,Lower-risk active
715760733,0.0344496,0,0,7,Lower-risk active
718227033,0.0065509225,0,0,6,Lower-risk active
720610008,0.94288963,1,1,9,Dormant high-risk
719517258,0.0058730366,0,0,6,Lower-risk active
714111333,0.09163857,0,0,8,Lower-risk active
717551358,0.15138216,0,0,8,Lower-risk active
813573333,0.010235164,0,0,6,Lower-risk active
711709683,0.01894995,0,0,7,Lower-risk active
712902483,0.16812666,0,0,8,Lower-risk active
710893533,0.031295262,0,0,7,Lower-risk active
719883858,0.022433711,0,0,7,Lower-risk active
719628033,0.0071760733,0,0,6,Lower-risk active
712043433,0.0044203885,0,0,5,Lower-risk active
769095558,0.012429198,0,0,6,Lower-risk active
816094233,0.0069702286,0,0,6,Lower-risk active
758417508,0.006487166,0,0,6,Lower-risk active
721234308,0.004551298,0,0,5,Lower-risk active
717138558,0.15430072,0,0,8,Lower-risk active
798120858,0.011862356,0,0,6,Lower-risk active
709997958,0.7647215,1,1,9,Dormant high-risk
712617408,0.02351023,0,0,7,Lower-risk active
720158208,0.12631086,0,0,8,Lower-risk active
716548083,0.005965399,0,0,6,Lower-risk active
717631008,0.107903235,0,0,8,Lower-risk active
813964383,0.019534074,0,0,7,Lower-risk active
719952408,0.03268429,0,0,7,Lower-risk active
771028533,0.98258,1,1,10,Contacted but fragile
771823308,0.020986758,0,0,7,Lower-risk active
719854008,0.03591513,0,0,7,Lower-risk active
713998233,0.16641372,0,0,8,Lower-risk active
714746358,0.0047645336,0,0,5,Lower-risk active
713574708,0.0045875665,0,0,5,Lower-risk active
714753258,0.008141261,0,0,6,Lower-risk active
712004208,0.11726483,0,0,8,Lower-risk active
719621958,0.9846736,1,1,10,Contacted but fragile
819610908,0.9793585,1,1,10,Dormant high-risk
823948308,0.009815827,0,0,6,Lower-risk active
712064358,0.02416141,0,0,7,Lower-risk active
816013383,0.9595461,1,1,9,Dormant high-risk
758765808,0.07079435,0,0,8,Lower-risk active
780881358,0.012305798,0,0,6,Lower-risk active
709422183,0.07830794,0,0,8,Lower-risk active
779951058,0.039974052,0,0,7,Lower-risk active
809941233,0.039943997,0,0,7,Lower-risk active
710844408,0.60775995,1,1,9,Dormant high-risk
819002508,0.0514337,0,0,8,Lower-risk active
807141183,0.0754964,0,0,8,Lower-risk active
711119358,0.065541856,0,0,8,Lower-risk active
808273533,0.82692385,1,1,9,Dormant high-risk
716297658,0.26484168,0,0,9,Lower-risk active
716532258,0.117870905,0,0,8,Lower-risk active
720540708,0.009150273,0,0,6,Lower-risk active
720904233,0.1890241,0,0,8,Lower-risk active
720863133,0.17316113,0,0,8,Lower-risk active
714957108,0.006677503,0,0,6,Lower-risk active
790102008,0.00060042454,0,0,1,Lower-risk active
781933983,0.01618615,0,0,7,Lower-risk active
712643358,0.0015129909,0,0,3,Lower-risk active
716686158,0.26920536,0,0,9,Lower-risk active
806894133,0.1798398,0,0,8,Lower-risk active
721344858,0.08323547,0,0,8,Lower-risk active
813230208,0.038150366,0,0,7,Lower-risk active
716835033,0.025371041,0,0,7,Lower-risk active
787500333,0.011001165,0,0,6,Lower-risk active
768582033,0.0025705367,0,0,4,Lower-risk active
713992158,0.012252616,0,0,6,Lower-risk active
719916408,0.0021394864,0,0,3,Lower-risk active
789433758,0.15589347,0,0,8,Lower-risk active
785011383,0.9657736,1,1,9,Dormant high-risk
719283633,0.0019443256,0,0,3,Lower-risk active
710816358,0.0037671349,0,0,5,Lower-risk active
779653458,0.017235702,0,0,7,Lower-risk active
716382708,0.88369423,1,1,9,Dormant high-risk
710387583,0.06155791,0,0,8,Lower-risk active
718772133,0.031782053,0,0,7,Lower-risk active
711224733,0.9988668,1,1,10,Dormant high-risk
718360083,0.009269612,0,0,6,Lower-risk active
716102583,0.021057291,0,0,7,Lower-risk active
720673008,0.7143628,1,1,9,Dormant high-risk
708459633,0.0045786602,0,0,5,Lower-risk active
712868733,0.03370244,0,0,7,Lower-risk active
713790708,0.0038675095,0,0,5,Lower-risk active
717648783,0.0698101,0,0,8,Lower-risk active
714709983,0.28443646,0,0,9,Lower-risk active
819409608,0.5351063,1,1,9,Contacted but fragile
717585858,0.08031537,0,0,8,Lower-risk active
791856033,0.9938241,1,1,10,Dormant high-risk
714474483,0.0005011848,0,0,1,Lower-risk active
716448783,0.9646922,1,1,9,Dormant high-risk
711065133,0.14795816,0,0,8,Lower-risk active
713769258,0.06527874,0,0,8,Lower-risk active
712288158,0.0167594,0,0,7,Lower-risk active
714130233,0.0025921254,0,0,4,Lower-risk active
789127533,0.0019019301,0,0,3,Lower-risk active
717038733,0.037071504,0,0,7,Lower-risk active
804840033,0.570923,1,1,9,Dormant high-risk
709363383,0.044651385,0,0,8,Lower-risk active
789760233,0.0452121,0,0,8,Lower-risk active
712058958,0.012064778,0,0,6,Lower-risk active
708295533,0.0054095346,0,0,5,Lower-risk active
817686633,0.4007219,0,1,9,Lower-risk active
713738883,0.004459484,0,0,5,Lower-risk active
721310283,0.23685692,0,0,8,Lower-risk active
803132733,0.0139307715,0,0,7,Lower-risk active
779852133,0.0051760236,0,0,5,Lower-risk active
716210283,0.06576573,0,0,8,Lower-risk active
711615933,0.068490766,0,0,8,Lower-risk active
785311158,0.002504833,0,0,4,Lower-risk active
717267108,0.00386256,0,0,5,Lower-risk active
711636558,0.0064973957,0,0,6,Lower-risk active
717504258,0.0025291436,0,0,4,Lower-risk active
718242333,0.009890716,0,0,6,Lower-risk active
771844458,0.0007816476,0,0,1,Lower-risk active
708892833,0.99960667,1,1,10,Dormant high-risk
779465358,0.060177427,0,0,8,Lower-risk active
720191883,0.01560741,0,0,7,Lower-risk active
710934033,0.035005353,0,0,7,Lower-risk active
714473658,0.28358924,0,0,9,Lower-risk active
716569983,0.004415225,0,0,5,Lower-risk active
789833583,0.020700166,0,0,7,Lower-risk active
818923158,0.01499434,0,0,7,Lower-risk active
716596308,0.06943681,0,0,8,Lower-risk active
716620458,0.25565562,0,0,8,Lower-risk active
710251608,0.11518111,0,0,8,Lower-risk active
710633808,0.2040321,0,0,8,Lower-risk active
719318583,0.99732,1,1,10,Dormant high-risk
819202533,0.04698795,0,0,8,Lower-risk active
827360883,0.017331293,0,0,7,Lower-risk active
771196083,0.3906171,0,1,9,Lower-risk active
809962908,0.24384762,0,0,8,Lower-risk active
788965683,0.9823926,1,1,10,Dormant high-risk
817142433,0.007949403,0,0,6,Lower-risk active
716993058,0.0021087956,0,0,3,Lower-risk active
771040758,0.00050854875,0,0,1,Lower-risk active
713309583,0.007815412,0,0,6,Lower-risk active
710273658,0.010044229,0,0,6,Lower-risk active
771429408,0.08129828,0,0,8,Lower-risk active
719452308,0.039969623,0,0,7,Lower-risk active
818908833,0.82206947,1,1,9,Lower-risk active
780998133,0.18637261,0,0,8,Lower-risk active
801726933,0.016233921,0,0,7,Lower-risk active
788474658,0.058291737,0,0,8,Lower-risk active
708438033,0.01791278,0,0,7,Lower-risk active
710562258,0.21845716,0,0,8,Lower-risk active
770764908,0.19289468,0,0,8,Lower-risk active
814776033,0.0035547393,0,0,5,Lower-risk active
715057383,0.00082521664,0,0,1,Lower-risk active
717970158,0.0014665261,0,0,3,Lower-risk active
715168008,0.014504132,0,0,7,Lower-risk active
720802833,0.04817043,0,0,8,Lower-risk active
789370383,0.0012349956,0,0,2,Lower-risk active
711782733,0.046790432,0,0,8,Lower-risk active
709000008,0.17015177,0,0,8,Lower-risk active
719381733,0.0021113046,0,0,3,Lower-risk active
771169458,0.00020807286,0,0,1,Lower-risk active
709974108,0.0015218991,0,0,3,Lower-risk active
757024233,0.007935948,0,0,6,Lower-risk active
768928833,0.038298327,0,0,7,Lower-risk active
720504633,0.8939061,1,1,9,Contacted but fragile
812441358,0.0075197536,0,0,6,Lower-risk active
713287608,0.07308342,0,0,8,Lower-risk active
711357858,0.9883487,1,1,10,Dormant high-risk
715478733,0.50804144,1,1,9,Contacted but fragile
780382008,0.0063423226,0,0,6,Lower-risk active
715749858,0.026873814,0,0,7,Lower-risk active
710951808,0.004112864,0,0,5,Lower-risk active
713469333,0.0069764066,0,0,6,Lower-risk active
719243808,0.14173013,0,0,8,Lower-risk active
772202058,0.04593198,0,0,8,Lower-risk active
711346383,0.02586533,0,0,7,Lower-risk active
711405333,0.048721272,0,0,8,Lower-risk active
778407033,0.20022452,0,0,8,Lower-risk active
714862083,0.20307049,0,0,8,Lower-risk active
711199008,0.007965552,0,0,6,Lower-risk active
709858533,0.0101631945,0,0,6,Lower-risk active
718627458,0.7920793,1,1,9,Dormant high-risk
711816108,0.9965508,1,1,10,Contacted but fragile
717105258,0.602101,1,1,9,Dormant high-risk
715822008,0.0021086722,0,0,3,Lower-risk active
714971583,0.0023528289,0,0,4,Lower-risk active
713663508,0.86776483,1,1,9,Contacted but fragile
709025583,0.12126167,0,0,8,Lower-risk active
812809083,0.13157769,0,0,8,Lower-risk active
714073983,0.4950722,0,1,9,Lower-risk active
789297558,0.27475098,0,0,9,Lower-risk active
710375283,0.015666347,0,0,7,Lower-risk active
712189233,0.003522742,0,0,5,Lower-risk active
713767383,0.07883632,0,0,8,Lower-risk active
797414733,0.11166665,0,0,8,Lower-risk active
712452033,0.20043847,0,0,8,Lower-risk active
714151533,0.22388114,0,0,8,Lower-risk active
720440583,0.02583141,0,0,7,Lower-risk active
787494783,0.1303239,0,0,8,Lower-risk active
819966033,0.015872026,0,0,7,Lower-risk active
710297133,0.004367996,0,0,5,Lower-risk active
793355508,0.018049676,0,0,7,Lower-risk active
708580908,0.16629447,0,0,8,Lower-risk active
719826333,0.14312807,0,0,8,Lower-risk active
780689733,0.0068180626,0,0,6,Lower-risk active
744764433,0.20548822,0,0,8,Lower-risk active
714902283,0.73292106,1,1,9,Dormant high-risk
789309558,0.00254232,0,0,4,Lower-risk active
713188383,0.010627729,0,0,6,Lower-risk active
719506983,0.004606672,0,0,5,Lower-risk active
714804483,0.09162667,0,0,8,Lower-risk active
748503708,0.14063378,0,0,8,Lower-risk active
803587533,0.000420111,0,0,1,Lower-risk active
789777408,0.89048326,1,1,9,Contacted but fragile
716811483,0.6872384,1,1,9,Lower-risk active
714118383,0.025674064,0,0,7,Lower-risk active
720532908,0.00060116634,0,0,1,Lower-risk active
765055833,0.017158855,0,0,7,Lower-risk active
715310208,0.28690076,0,1,9,Lower-risk active
718577958,0.99970514,1,1,10,Dormant high-risk
789167658,0.0062855408,0,0,6,Lower-risk active
789987183,0.06340431,0,0,8,Lower-risk active
717730533,0.045462683,0,0,8,Lower-risk active
708668283,0.087548375,0,0,8,Lower-risk active
772360683,0.10076247,0,0,8,Lower-risk active
712500933,0.025541509,0,0,7,Lower-risk active
804867183,0.013023592,0,0,7,Lower-risk active
826068183,0.022195045,0,0,7,Lower-risk active
820044333,0.0523077,0,0,8,Lower-risk active
714211533,0.5520438,1,1,9,Dormant high-risk
710287533,0.061545867,0,0,8,Lower-risk active
720603558,0.0018935971,0,0,3,Lower-risk active
819258408,0.4511965,0,1,9,Lower-risk active
717664008,0.99945086,1,1,10,Dormant high-risk
717437058,0.024624756,0,0,7,Lower-risk active
717327783,0.25213635,0,0,8,Lower-risk active
712887633,0.008488385,0,0,6,Lower-risk active
716129208,0.39872614,0,1,9,Lower-risk active
718037433,0.09961388,0,0,8,Lower-risk active
709839858,0.06848805,0,0,8,Lower-risk active
719686458,0.14008792,0,0,8,Lower-risk active
721434483,0.022198182,0,0,7,Lower-risk active
716096358,0.0058633396,0,0,6,Lower-risk active
718244958,0.18423294,0,0,8,Lower-risk active
711315783,0.108506285,0,0,8,Lower-risk active
821296083,0.15643534,0,0,8,Lower-risk active
711562833,0.9958477,1,1,10,Dormant high-risk
716447733,0.032073066,0,0,7,Lower-risk active
719591283,0.61735016,1,1,9,Contacted but fragile
789911808,0.0100436555,0,0,6,Lower-risk active
713195808,0.007353108,0,0,6,Lower-risk active
717866133,0.11304569,0,0,8,Lower-risk active
716670783,0.22663358,0,0,8,Lower-risk active
789197508,0.0031923526,0,0,4,Lower-risk active
713108433,0.046172045,0,0,8,Lower-risk active
711403383,0.011968009,0,0,6,Lower-risk active
768212583,0.012825748,0,0,7,Lower-risk active
720181758,0.99659914,1,1,10,Dormant high-risk
710632683,0.8975294,1,1,9,Contacted but fragile
711836733,0.6853476,1,1,9,Dormant high-risk
771183933,0.03490834,0,0,7,Lower-risk active
711327558,0.015648136,0,0,7,Lower-risk active
788971308,0.3341272,0,1,9,Lower-risk active
718950483,0.046457965,0,0,8,Lower-risk active
714278958,0.0013220034,0,0,2,Lower-risk active
711817158,0.18675347,0,0,8,Lower-risk active
765824058,0.0048675076,0,0,5,Lower-risk active
710109633,0.09950541,0,0,8,Lower-risk active
713643858,0.072888,0,0,8,Lower-risk active
716399583,0.012058788,0,0,6,Lower-risk active
714516783,0.0106157875,0,0,6,Lower-risk active
710490708,0.68065584,1,1,9,Contacted but fragile
780662133,0.061671942,0,0,8,Lower-risk active
715389708,0.14395864,0,0,8,Lower-risk active
789607983,0.0072738808,0,0,6,Lower-risk active
720171033,0.0010513484,0,0,2,Lower-risk active
815104608,0.004170694,0,0,5,Lower-risk active
719660658,0.11631415,0,0,8,Lower-risk active
714159858,0.009731756,0,0,6,Lower-risk active
714225333,0.0026103798,0,0,4,Lower-risk active
712204308,0.005360552,0,0,5,Lower-risk active
718468158,0.02587909,0,0,7,Lower-risk active
711575058,0.016845673,0,0,7,Lower-risk active
735417408,0.0035649708,0,0,5,Lower-risk active
717171408,0.7206349,1,1,9,Lower-risk active
814312308,0.014375565,0,0,7,Lower-risk active
711786108,0.009056013,0,0,6,Lower-risk active
712905708,0.030391315,0,0,7,Lower-risk active
720050208,0.08805869,0,0,8,Lower-risk active
793952133,0.004002973,0,0,5,Lower-risk active
798140283,0.0008132507,0,0,1,Lower-risk active
720427683,0.9967033,1,1,10,Dormant high-risk
789970233,0.014598353,0,0,7,Lower-risk active
713893308,0.0027289274,0,0,4,Lower-risk active
718843608,0.0004136955,0,0,1,Lower-risk active
752085108,0.03113012,0,0,7,Lower-risk active
789435783,0.009271477,0,0,6,Lower-risk active
711032058,0.008981626,0,0,6,Lower-risk active
784719708,0.21535593,0,0,8,Lower-risk active
804663258,0.019970136,0,0,7,Lower-risk active
716900433,0.0022134865,0,0,4,Lower-risk active
720909408,0.03045447,0,0,7,Lower-risk active
712187808,0.07115457,0,0,8,Lower-risk active
718428033,0.0015136848,0,0,3,Lower-risk active
714892533,0.16690923,0,0,8,Lower-risk active
714985458,0.03263645,0,0,7,Lower-risk active
716647983,0.14198071,0,0,8,Lower-risk active
712340733,0.051259127,0,0,8,Lower-risk active
719293533,0.027781228,0,0,7,Lower-risk active
715257708,0.0075910157,0,0,6,Lower-risk active
708331758,0.0019624766,0,0,3,Lower-risk active
709501683,0.0073055094,0,0,6,Lower-risk active
711692508,0.9707652,1,1,9,Dormant high-risk
715612983,0.09958244,0,0,8,Lower-risk active
709674333,0.0064183977,0,0,6,Lower-risk active
805522758,0.001760024,0,0,3,Lower-risk active
781013958,0.0029649015,0,0,4,Lower-risk active
717495258,0.08624765,0,0,8,Lower-risk active
795052083,0.017194144,0,0,7,Lower-risk active
773389908,0.068541266,0,0,8,Lower-risk active
719320833,0.23455709,0,0,8,Lower-risk active
816843933,0.016667368,0,0,7,Lower-risk active
789196158,0.01479396,0,0,7,Lower-risk active
717930483,0.67354065,1,1,9,Dormant high-risk
773442258,0.0038041905,0,0,5,Lower-risk active
719872833,0.0054978924,0,0,5,Lower-risk active
721491258,0.049371563,0,0,8,Lower-risk active
770575233,0.0037930175,0,0,5,Lower-risk active
715800708,0.017733235,0,0,7,Lower-risk active
719996958,0.09860217,0,0,8,Lower-risk active
719889408,0.0050346805,0,0,5,Lower-risk active
708811233,0.14894362,0,0,8,Lower-risk active
794627208,0.16537975,0,0,8,Lower-risk active
719020983,0.09317208,0,0,8,Lower-risk active
719131533,0.00087790185,0,0,2,Lower-risk active
710449983,0.0036810753,0,0,5,Lower-risk active
715651833,0.7847116,1,1,9,Dormant high-risk
720714933,0.0072952113,0,0,6,Lower-risk active
789170283,0.034027383,0,0,7,Lower-risk active
810201783,0.0059766914,0,0,6,Lower-risk active
715517733,0.9957753,1,1,10,Contacted but fragile
709042908,0.12194719,0,0,8,Lower-risk active
715023333,0.019061051,0,0,7,Lower-risk active
720801033,0.84193045,1,1,9,Contacted but fragile
714345783,0.010659801,0,0,6,Lower-risk active
779209083,0.22727646,0,0,8,Lower-risk active
713972658,0.07120714,0,0,8,Lower-risk active
710782458,0.01623635,0,0,7,Lower-risk active
711142308,0.07612067,0,0,8,Lower-risk active
824789283,0.0065713148,0,0,6,Lower-risk active
715187733,0.21480212,0,0,8,Lower-risk active
721014858,0.0053347806,0,0,5,Lower-risk active
710363433,0.010418117,0,0,6,Lower-risk active
715479483,0.037757516,0,0,7,Lower-risk active
708243483,0.23639591,0,0,8,Lower-risk active
714770808,0.0965861,0,0,8,Lower-risk active
720626058,0.06553221,0,0,8,Lower-risk active
709185108,0.00867107,0,0,6,Lower-risk active
719596908,0.0146371955,0,0,7,Lower-risk active
719273733,0.25702623,0,0,8,Lower-risk active
717348258,0.003474887,0,0,4,Lower-risk active
770882508,0.00511734,0,0,5,Lower-risk active
799026633,0.038315356,0,0,7,Lower-risk active
718777008,0.002927493,0,0,4,Lower-risk active
713352183,0.009846379,0,0,6,Lower-risk active
716128083,0.014522396,0,0,7,Lower-risk active
721288158,0.0062227016,0,0,6,Lower-risk active
757881258,0.006194854,0,0,6,Lower-risk active
715843533,0.08727089,0,0,8,Lower-risk active
717234183,0.02203298,0,0,7,Lower-risk active
717260058,0.0029329543,0,0,4,Lower-risk active
709710783,0.055590846,0,0,8,Lower-risk active
787284858,0.0029490634,0,0,4,Lower-risk active
815845758,0.16924009,0,0,8,Lower-risk active
720639783,0.12163734,0,0,8,Lower-risk active
713331408,0.004852294,0,0,5,Lower-risk active
778693458,0.82042086,1,1,9,Dormant high-risk
788610258,0.021778109,0,0,7,Lower-risk active
711173883,0.72768235,1,1,9,Lower-risk active
717628608,0.0045903977,0,0,5,Lower-risk active
789261558,0.0048865164,0,0,5,Lower-risk active
770647233,0.02811983,0,0,7,Lower-risk active
712826208,0.002242962,0,0,4,Lower-risk active
718181433,0.0007294703,0,0,1,Lower-risk active
714460683,0.01492352,0,0,7,Lower-risk active
716460933,0.010619449,0,0,6,Lower-risk active
710787708,0.02606085,0,0,7,Lower-risk active
713800158,0.026714941,0,0,7,Lower-risk active
712551258,0.9985904,1,1,10,Dormant high-risk
715379133,0.03399485,0,0,7,Lower-risk active
712091433,0.007010471,0,0,6,Lower-risk active
771756333,0.5294707,1,1,9,Contacted but fragile
779895108,0.022255545,0,0,7,Lower-risk active
771976683,0.056810003,0,0,8,Lower-risk active
716800908,0.3034017,0,1,9,Lower-risk active
789413958,0.03771319,0,0,7,Lower-risk active
711574008,0.21163192,0,0,8,Lower-risk active
714138408,0.0007658723,0,0,1,Lower-risk active
709334658,0.8161739,1,1,9,Contacted but fragile
709564683,0.9987503,1,1,10,Dormant high-risk
772292358,0.76032126,1,1,9,Dormant high-risk
712933083,0.17654116,0,0,8,Lower-risk active
710497608,0.003191418,0,0,4,Lower-risk active
721443408,0.009396362,0,0,6,Lower-risk active
709149408,0.0056003807,0,0,5,Lower-risk active
708446808,0.05365294,0,0,8,Lower-risk active
824192658,0.004029283,0,0,5,Lower-risk active
711625683,0.048382502,0,0,8,Lower-risk active
717487983,0.1814481,0,0,8,Lower-risk active
717301908,0.20435283,0,0,8,Lower-risk active
718435158,0.7821227,1,1,9,Contacted but fragile
714797733,0.1355944,0,0,8,Lower-risk active
719213133,0.00057129824,0,0,1,Lower-risk active
798962058,0.20694315,0,0,8,Lower-risk active
718970058,0.010854294,0,0,6,Lower-risk active
713021208,0.99281293,1,1,10,Dormant high-risk
810856833,0.025656536,0,0,7,Lower-risk active
787868958,0.0128078535,0,0,6,Lower-risk active
708161133,0.0007663611,0,0,1,Lower-risk active
708174708,0.009302846,0,0,6,Lower-risk active
708735183,0.29642898,0,1,9,Lower-risk active
708445608,0.08479487,0,0,8,Lower-risk active
778943883,0.013684888,0,0,7,Lower-risk active
788810658,0.07259411,0,0,8,Lower-risk active
789050883,0.21247387,0,0,8,Lower-risk active
714531108,0.0061823903,0,0,6,Lower-risk active
711635358,0.09354789,0,0,8,Lower-risk active
803648508,0.19570826,0,0,8,Lower-risk active
813200058,0.025440043,0,0,7,Lower-risk active
805261983,0.027793864,0,0,7,Lower-risk active
715206408,0.0023147385,0,0,4,Lower-risk active
788684508,0.23824672,0,0,8,Lower-risk active
737933883,0.027996775,0,0,7,Lower-risk active
768655158,0.23135114,0,0,8,Lower-risk active
774437583,0.10854434,0,0,8,Lower-risk active
713104458,0.99117684,1,1,10,Dormant high-risk
715462008,0.3627231,0,1,9,Lower-risk active
715366083,0.99232787,1,1,10,Contacted but fragile
712322058,0.046681087,0,0,8,Lower-risk active
719737833,0.25086614,0,0,8,Lower-risk active
789530208,0.22815089,0,0,8,Lower-risk active
717885183,0.0059884056,0,0,6,Lower-risk active
716244033,0.9584021,1,1,9,Dormant high-risk
711614658,0.11446156,0,0,8,Lower-risk active
804598908,0.4165767,0,1,9,Lower-risk active
719161683,0.019511005,0,0,7,Lower-risk active
719327808,0.025548832,0,0,7,Lower-risk active
714038433,0.004603055,0,0,5,Lower-risk active
710129283,0.032165196,0,0,7,Lower-risk active
709367433,0.035871394,0,0,7,Lower-risk active
719729433,0.003144468,0,0,4,Lower-risk active
717192933,0.014643584,0,0,7,Lower-risk active
711734508,0.21652679,0,0,8,Lower-risk active
715153158,0.00611171,0,0,6,Lower-risk active
712149033,0.019019717,0,0,7,Lower-risk active
713901108,0.0003803072,0,0,1,Lower-risk active
719415858,0.0029541363,0,0,4,Lower-risk active
719385558,0.007377357,0,0,6,Lower-risk active
779528658,0.37532887,0,1,9,Lower-risk active
721508283,0.008988346,0,0,6,Lower-risk active
757753083,0.0030309674,0,0,4,Lower-risk active
797753283,0.026660573,0,0,7,Lower-risk active
807523008,0.07273036,0,0,8,Lower-risk active
711416958,0.0651817,0,0,8,Lower-risk active
780865308,0.0006158442,0,0,1,Lower-risk active
708423933,0.0043320283,0,0,5,Lower-risk active
714321408,0.004799766,0,0,5,Lower-risk active
771852483,0.008584937,0,0,6,Lower-risk active
708185208,0.037363544,0,0,7,Lower-risk active
714920208,0.004063774,0,0,5,Lower-risk active
789952158,0.01082801,0,0,6,Lower-risk active
713237958,0.031060003,0,0,7,Lower-risk active
715956258,0.19472389,0,0,8,Lower-risk active
769196433,0.016255736,0,0,7,Lower-risk active
778942233,0.009170117,0,0,6,Lower-risk active
708651933,0.030300943,0,0,7,Lower-risk active
720467583,0.036809385,0,0,7,Lower-risk active
716549058,0.017551474,0,0,7,Lower-risk active
713533983,0.096992604,0,0,8,Lower-risk active
787463508,0.9393554,1,1,9,Contacted but fragile
710256708,0.0045908904,0,0,5,Lower-risk active
708980283,0.06662985,0,0,8,Lower-risk active
719484408,0.0062316074,0,0,6,Lower-risk active
710023233,0.0061516743,0,0,6,Lower-risk active
789101883,0.006851139,0,0,6,Lower-risk active
778381608,0.92556655,1,1,9,Dormant high-risk
787492908,0.0050083925,0,0,5,Lower-risk active
709932558,0.027412716,0,0,7,Lower-risk active
780219483,0.0012813873,0,0,2,Lower-risk active
708590658,0.01902461,0,0,7,Lower-risk active
715143333,0.0006221395,0,0,1,Lower-risk active
801048483,0.3890078,0,1,9,Lower-risk active
711913833,0.015071426,0,0,7,Lower-risk active
715413483,0.001564476,0,0,3,Lower-risk active
715750758,0.0021406137,0,0,3,Lower-risk active
714062958,0.019853164,0,0,7,Lower-risk active
710458758,0.058676787,0,0,8,Lower-risk active
719494983,0.047669567,0,0,8,Lower-risk active
710586483,0.9973826,1,1,10,Contacted but fragile
772637058,0.0015484972,0,0,3,Lower-risk active
718229133,0.087154925,0,0,8,Lower-risk active
718423533,0.0040593683,0,0,5,Lower-risk active
781089708,0.059373647,0,0,8,Lower-risk active
773082033,0.026409067,0,0,7,Lower-risk active
815288583,0.023033712,0,0,7,Lower-risk active
720431433,0.001374995,0,0,3,Lower-risk active
709164408,0.9985299,1,1,10,Dormant high-risk
710567508,0.009970152,0,0,6,Lower-risk active
719427333,0.034576934,0,0,7,Lower-risk active
714765408,0.057915438,0,0,8,Lower-risk active
709785783,0.72472054,1,1,9,Dormant high-risk
809290308,0.0005653595,0,0,1,Lower-risk active
779598183,0.048943542,0,0,8,Lower-risk active
779783508,0.1522435,0,0,8,Lower-risk active
719568333,0.006706756,0,0,6,Lower-risk active
719207733,0.0069142487,0,0,6,Lower-risk active
715533108,0.031506684,0,0,7,Lower-risk active
714816258,0.053603478,0,0,8,Lower-risk active
787573683,0.00115451,0,0,2,Lower-risk active
804310758,0.07566074,0,0,8,Lower-risk active
792912708,0.0020835358,0,0,3,Lower-risk active
719078283,0.1022139,0,0,8,Lower-risk active
708620283,0.013871643,0,0,7,Lower-risk active
770985633,0.0072880876,0,0,6,Lower-risk active
780094008,0.11814658,0,0,8,Lower-risk active
716420358,0.0014520751,0,0,3,Lower-risk active
825756333,0.57747984,1,1,9,Dormant high-risk
755273658,0.28658563,0,1,9,Lower-risk active
709096908,0.38674545,0,1,9,Lower-risk active
714840858,0.006742661,0,0,6,Lower-risk active
721205508,0.49628487,0,1,9,Lower-risk active
786493908,0.003906538,0,0,5,Lower-risk active
803963808,0.003408019,0,0,4,Lower-risk active
806170158,0.003070218,0,0,4,Lower-risk active
751469808,0.0038738707,0,0,5,Lower-risk active
721055058,0.0056096422,0,0,5,Lower-risk active
709794333,0.0013113143,0,0,2,Lower-risk active
718361583,0.86461294,1,1,9,Dormant high-risk
714327183,0.035261337,0,0,7,Lower-risk active
808909008,0.34807986,0,1,9,Lower-risk active
716207508,0.18897271,0,0,8,Lower-risk active
768965208,0.004242592,0,0,5,Lower-risk active
720185058,0.97651553,1,1,10,Dormant high-risk
715220508,0.016556617,0,0,7,Lower-risk active
712112733,0.0052785464,0,0,5,Lower-risk active
712298883,0.0246143,0,0,7,Lower-risk active
717813558,0.87906444,1,1,9,Dormant high-risk
716823408,0.001546231,0,0,3,Lower-risk active
719089383,0.0015940731,0,0,3,Lower-risk active
710039208,0.0018001985,0,0,3,Lower-risk active
780237033,0.040141422,0,0,7,Lower-risk active
720986958,0.06309096,0,0,8,Lower-risk active
709473708,0.007918083,0,0,6,Lower-risk active
708593883,0.006755514,0,0,6,Lower-risk active
710241858,0.8461502,1,1,9,Contacted but fragile
715392558,0.14286062,0,0,8,Lower-risk active
717399183,0.011718677,0,0,6,Lower-risk active
817925058,0.21751983,0,0,8,Lower-risk active
716029158,0.025396751,0,0,7,Lower-risk active
715043508,0.39469904,0,1,9,Lower-risk active
716610558,0.0138743175,0,0,7,Lower-risk active
716768808,0.019758567,0,0,7,Lower-risk active
795810633,0.0012098593,0,0,2,Lower-risk active
779925033,0.0092786895,0,0,6,Lower-risk active
790225758,0.96213657,1,1,9,Dormant high-risk
713879283,0.023711693,0,0,7,Lower-risk active
715968858,0.021061052,0,0,7,Lower-risk active
767687208,0.0051487256,0,0,5,Lower-risk active
778728783,0.0136058,0,0,7,Lower-risk active
713637783,0.0069298446,0,0,6,Lower-risk active
718162908,0.36239457,0,1,9,Lower-risk active
708664008,0.363814,0,1,9,Lower-risk active
711929058,0.00050217606,0,0,1,Lower-risk active
770781558,0.15043879,0,0,8,Lower-risk active
790048158,0.013948246,0,0,7,Lower-risk active
721258158,0.065347075,0,0,8,Lower-risk active
786480183,0.0056935814,0,0,5,Lower-risk active
721378008,0.0032583894,0,0,4,Lower-risk active
786566733,0.01045153,0,0,6,Lower-risk active
794551383,0.0062582074,0,0,6,Lower-risk active
820981383,0.02170043,0,0,7,Lower-risk active
713366583,0.0073234304,0,0,6,Lower-risk active
767311008,0.009727236,0,0,6,Lower-risk active
716624133,0.0043923366,0,0,5,Lower-risk active
712727283,0.004107779,0,0,5,Lower-risk active
716059608,0.012513122,0,0,6,Lower-risk active
708292833,0.057688255,0,0,8,Lower-risk active
720013083,0.0012079006,0,0,2,Lower-risk active
710540883,0.04311742,0,0,8,Lower-risk active
709212183,0.039857354,0,0,7,Lower-risk active
713424108,0.07396951,0,0,8,Lower-risk active
718476033,0.6277204,1,1,9,Dormant high-risk
815001108,0.0073612877,0,0,6,Lower-risk active
709802208,0.0382901,0,0,7,Lower-risk active
713445183,0.0015965604,0,0,3,Lower-risk active
717310458,0.012104011,0,0,6,Lower-risk active
789158433,0.062280253,0,0,8,Lower-risk active
788761608,0.047718763,0,0,8,Lower-risk active
709916058,0.037849344,0,0,7,Lower-risk active
789804933,0.005129176,0,0,5,Lower-risk active
780070833,0.0072921077,0,0,6,Lower-risk active
772776033,0.14293918,0,0,8,Lower-risk active
719804208,0.025981873,0,0,7,Lower-risk active
715077483,0.0889386,0,0,8,Lower-risk active
717000858,0.34676296,0,1,9,Lower-risk active
792402483,0.0020721722,0,0,3,Lower-risk active
712973733,0.02678481,0,0,7,Lower-risk active
813213558,0.0038650264,0,0,5,Lower-risk active
718215033,0.07628277,0,0,8,Lower-risk active
717207408,0.006247621,0,0,6,Lower-risk active
711426033,0.0042224373,0,0,5,Lower-risk active
719233833,0.3569536,0,1,9,Lower-risk active
716864733,0.063793965,0,0,8,Lower-risk active
821168733,0.0354112,0,0,7,Lower-risk active
710135058,0.0026882566,0,0,4,Lower-risk active
720228708,0.011936952,0,0,6,Lower-risk active
718618458,0.0005961211,0,0,1,Lower-risk active
719470458,0.98432803,1,1,10,Dormant high-risk
719587158,0.008505583,0,0,6,Lower-risk active
715499808,0.009927102,0,0,6,Lower-risk active
718589133,0.018315079,0,0,7,Lower-risk active
789235383,0.001199593,0,0,2,Lower-risk active
773364483,0.008422454,0,0,6,Lower-risk active
713548158,0.12730019,0,0,8,Lower-risk active
720264783,0.005377277,0,0,5,Lower-risk active
715319958,0.34394234,0,1,9,Lower-risk active
710528583,0.14585857,0,0,8,Lower-risk active
809990883,0.041297857,0,0,7,Lower-risk active
714412308,0.99533904,1,1,10,Dormant high-risk
772303458,0.034450393,0,0,7,Lower-risk active
721243083,0.91644984,1,1,9,Dormant high-risk
711990933,0.020814478,0,0,7,Lower-risk active
819977058,0.0037530526,0,0,5,Lower-risk active
721467258,0.009541606,0,0,6,Lower-risk active
719976558,0.029530726,0,0,7,Lower-risk active
718824783,0.1310881,0,0,8,Lower-risk active
713303733,0.058615148,0,0,8,Lower-risk active
711129483,0.00060412206,0,0,1,Lower-risk active
779618433,0.0014399634,0,0,3,Lower-risk active
797757333,0.00041446445,0,0,1,Lower-risk active
814497483,0.0025809521,0,0,4,Lower-risk active
709623483,0.0013349843,0,0,2,Lower-risk active
709056558,0.48846406,0,1,9,Lower-risk active
708238833,0.01764844,0,0,7,Lower-risk active
813261408,0.0091406675,0,0,6,Lower-risk active
720424608,0.0009269672,0,0,2,Lower-risk active
798022683,0.98988706,1,1,10,Contacted but fragile
769756983,0.0011748519,0,0,2,Lower-risk active
712674183,0.15156475,0,0,8,Lower-risk active
708900408,0.0011249605,0,0,2,Lower-risk active
713625483,0.023354365,0,0,7,Lower-risk active
716869458,0.0926949,0,0,8,Lower-risk active
788723133,0.099148475,0,0,8,Lower-risk active
794462133,0.019235546,0,0,7,Lower-risk active
712604133,0.12517235,0,0,8,Lower-risk active
714397983,0.03197693,0,0,7,Lower-risk active
788269158,0.0021962058,0,0,4,Lower-risk active
715898058,0.39124817,0,1,9,Lower-risk active
711906033,0.0058678556,0,0,6,Lower-risk active
711367308,0.015983643,0,0,7,Lower-risk active
790186458,0.0069332356,0,0,6,Lower-risk active
712040433,0.117978685,0,0,8,Lower-risk active
709616958,0.0019329442,0,0,3,Lower-risk active
714633858,0.008675986,0,0,6,Lower-risk active
794818833,0.008655046,0,0,6,Lower-risk active
711219333,0.0778667,0,0,8,Lower-risk active
713384508,0.0017167438,0,0,3,Lower-risk active
772514808,0.07623077,0,0,8,Lower-risk active
710808108,0.56716067,1,1,9,Dormant high-risk
778973658,0.018412016,0,0,7,Lower-risk active
712005108,0.02993514,0,0,7,Lower-risk active
804577833,0.00056826737,0,0,1,Lower-risk active
715028283,0.20693043,0,0,8,Lower-risk active
789786258,0.005082959,0,0,5,Lower-risk active
715421058,0.0007799735,0,0,1,Lower-risk active
797166633,0.018866193,0,0,7,Lower-risk active
711041508,0.014046097,0,0,7,Lower-risk active
712847208,0.023929881,0,0,7,Lower-risk active
779174133,0.05306397,0,0,8,Lower-risk active
715680933,0.016593326,0,0,7,Lower-risk active
770871708,0.30257505,0,1,9,Lower-risk active
772643058,0.010478431,0,0,6,Lower-risk active
718199133,0.015855351,0,0,7,Lower-risk active
721475133,0.047067706,0,0,8,Lower-risk active
766322883,0.0063207406,0,0,6,Lower-risk active
771197433,0.12082234,0,0,8,Lower-risk active
709516458,0.03235152,0,0,7,Lower-risk active
716456808,0.018390741,0,0,7,Lower-risk active
716819958,0.062021784,0,0,8,Lower-risk active
779449308,0.006867276,0,0,6,Lower-risk active
784891458,0.008472239,0,0,6,Lower-risk active
790004883,0.0493119,0,0,8,Lower-risk active
770262183,0.002826861,0,0,4,Lower-risk active
715277583,0.096453,0,0,8,Lower-risk active
815510883,0.007339269,0,0,6,Lower-risk active
713997183,0.1865872,0,0,8,Lower-risk active
715107033,0.006551652,0,0,6,Lower-risk active
720706008,0.01113731,0,0,6,Lower-risk active
710108133,0.040270302,0,0,7,Lower-risk active
718983333,0.012956432,0,0,7,Lower-risk active
714030183,0.00259518,0,0,4,Lower-risk active
710496708,0.006546527,0,0,6,Lower-risk active
714935883,0.005551491,0,0,5,Lower-risk active
718972758,0.1805871,0,0,8,Lower-risk active
711827958,0.08739738,0,0,8,Lower-risk active
778724058,0.00496452,0,0,5,Lower-risk active
809620833,0.13525099,0,0,8,Lower-risk active
718920708,0.0035603903,0,0,5,Lower-risk active
771051783,0.0034654797,0,0,4,Lower-risk active
715970133,0.0004508409,0,0,1,Lower-risk active
806889633,0.0041179643,0,0,5,Lower-risk active
717338733,0.032977592,0,0,7,Lower-risk active
779223858,0.017404836,0,0,7,Lower-risk active
769980333,0.01123266,0,0,6,Lower-risk active
716112933,0.9987753,1,1,10,Contacted but fragile
788783133,0.09898443,0,0,8,Lower-risk active
816325533,0.33822376,0,1,9,Lower-risk active
720113433,0.3317714,0,1,9,Lower-risk active
717233058,0.01029806,0,0,6,Lower-risk active
710233683,0.024744797,0,0,7,Lower-risk active
778327908,0.007794496,0,0,6,Lower-risk active
716400633,0.29461926,0,1,9,Lower-risk active
787488108,0.09122411,0,0,8,Lower-risk active
771649083,0.115694575,0,0,8,Lower-risk active
789853533,0.97061735,1,1,9,Contacted but fragile
806256333,0.97459316,1,1,9,Dormant high-risk
796336833,0.08696952,0,0,8,Lower-risk active
713763633,0.07320991,0,0,8,Lower-risk active
710942358,0.0015631998,0,0,3,Lower-risk active
713974533,0.004909872,0,0,5,Lower-risk active
787231233,0.01947853,0,0,7,Lower-risk active
719810583,0.0013389112,0,0,2,Lower-risk active
717124983,0.0773406,0,0,8,Lower-risk active
787523283,0.003025287,0,0,4,Lower-risk active
719493858,0.06379227,0,0,8,Lower-risk active
709897983,0.16171062,0,0,8,Lower-risk active
717225258,0.13679448,0,0,8,Lower-risk active
803148033,0.017299827,0,0,7,Lower-risk active
779474958,0.007648244,0,0,6,Lower-risk active
712060158,0.016782232,0,0,7,Lower-risk active
713292933,0.0057879076,0,0,5,Lower-risk active
710982858,0.00055816065,0,0,1,Lower-risk active
714542058,0.0033612426,0,0,4,Lower-risk active
712319058,0.017809093,0,0,7,Lower-risk active
744483633,0.014681862,0,0,7,Lower-risk active
714947883,0.02890884,0,0,7,Lower-risk active
788776908,0.0010406189,0,0,2,Lower-risk active
714802458,0.0007314061,0,0,1,Lower-risk active
721485708,0.010618898,0,0,6,Lower-risk active
716378658,0.10547523,0,0,8,Lower-risk active
713375658,0.03357656,0,0,7,Lower-risk active
717828108,0.01118988,0,0,6,Lower-risk active
788784258,0.010627924,0,0,6,Lower-risk active
718875483,0.001019196,0,0,2,Lower-risk active
811111083,0.056479346,0,0,8,Lower-risk active
715749108,0.033109777,0,0,7,Lower-risk active
780197133,0.0027221073,0,0,4,Lower-risk active
719146008,0.8372239,1,1,9,Dormant high-risk
717727308,0.108780846,0,0,8,Lower-risk active
718445883,0.055297013,0,0,8,Lower-risk active
795997908,0.006019703,0,0,6,Lower-risk active
710159658,0.021848593,0,0,7,Lower-risk active
716068683,0.0010014228,0,0,2,Lower-risk active
778844433,0.004227627,0,0,5,Lower-risk active
715161633,0.009120456,0,0,6,Lower-risk active
773270058,0.26250845,0,0,9,Lower-risk active
714120258,0.030391647,0,0,7,Lower-risk active
720076458,0.042911503,0,0,8,Lower-risk active
720693033,0.99899656,1,1,10,Dormant high-risk
719978583,0.007127082,0,0,6,Lower-risk active
712784058,0.92400324,1,1,9,Dormant high-risk
717261708,0.05303023,0,0,8,Lower-risk active
803665983,0.0013306646,0,0,2,Lower-risk active
815838633,0.09121917,0,0,8,Lower-risk active
826706208,0.01483873,0,0,7,Lower-risk active
721218408,0.06655491,0,0,8,Lower-risk active
779484408,0.003437689,0,0,4,Lower-risk active
710416533,0.0268714,0,0,7,Lower-risk active
719706483,0.43864343,0,1,9,Lower-risk active
712206858,0.012524263,0,0,6,Lower-risk active
709886583,0.0057554366,0,0,5,Lower-risk active
711040758,0.005502457,0,0,5,Lower-risk active
817197333,0.08023267,0,0,8,Lower-risk active
718929708,0.0059976513,0,0,6,Lower-risk active
721150833,0.0013339276,0,0,2,Lower-risk active
714514983,0.0036704734,0,0,5,Lower-risk active
779888658,0.004143384,0,0,5,Lower-risk active
715883358,0.003205767,0,0,4,Lower-risk active
713363583,0.0017016139,0,0,3,Lower-risk active
772935108,0.13134655,0,0,8,Lower-risk active
820075983,0.118484475,0,0,8,Lower-risk active
721502958,0.059381735,0,0,8,Lower-risk active
708596283,0.011938066,0,0,6,Lower-risk active
710325258,0.0008448347,0,0,2,Lower-risk active
708823908,0.0010178316,0,0,2,Lower-risk active
826401858,0.054198876,0,0,8,Lower-risk active
709554483,0.062499017,0,0,8,Lower-risk active
710545158,0.008116947,0,0,6,Lower-risk active
788621658,0.011241699,0,0,6,Lower-risk active
716713533,0.008388628,0,0,6,Lower-risk active
712338033,0.0057435627,0,0,5,Lower-risk active
711639708,0.12098974,0,0,8,Lower-risk active
720216108,0.017906306,0,0,7,Lower-risk active
718708908,0.0043773963,0,0,5,Lower-risk active
802890333,0.017396055,0,0,7,Lower-risk active
712965183,0.006380647,0,0,6,Lower-risk active
796170933,0.0016445114,0,0,3,Lower-risk active
712816833,0.0015326454,0,0,3,Lower-risk active
814829583,0.0024965913,0,0,4,Lower-risk active
798769458,0.0018666099,0,0,3,Lower-risk active
818034558,0.5291002,1,1,9,Contacted but fragile
719483358,0.115223005,0,0,8,Lower-risk active
719647383,0.055539917,0,0,8,Lower-risk active
714909108,0.028064655,0,0,7,Lower-risk active
793678608,0.042557716,0,0,8,Lower-risk active
720854358,0.0789898,0,0,8,Lower-risk active
709126833,0.002591221,0,0,4,Lower-risk active
788896983,0.005423218,0,0,5,Lower-risk active
715731033,0.0013577887,0,0,2,Lower-risk active
717636933,0.010539115,0,0,6,Lower-risk active
772658658,0.0067532943,0,0,6,Lower-risk active
755943033,0.13771345,0,0,8,Lower-risk active
772399983,0.13467313,0,0,8,Lower-risk active
826130133,0.024543297,0,0,7,Lower-risk active
719238183,0.87697583,1,1,9,Contacted but fragile
802666083,0.007273443,0,0,6,Lower-risk active
713682708,0.0029468758,0,0,4,Lower-risk active
712774008,0.015189149,0,0,7,Lower-risk active
717627333,0.052292928,0,0,8,Lower-risk active
779542608,0.16927521,0,0,8,Lower-risk active
715322958,0.0025764056,0,0,4,Lower-risk active
779100408,0.07841654,0,0,8,Lower-risk active
715352883,0.103214286,0,0,8,Lower-risk active
789963033,0.93412083,1,1,9,Dormant high-risk
710687508,0.029972166,0,0,7,Lower-risk active
789656358,0.0011217048,0,0,2,Lower-risk active
715720083,0.009350729,0,0,6,Lower-risk active
716584158,0.08431405,0,0,8,Lower-risk active
815727183,0.0025957774,0,0,4,Lower-risk active
717066408,0.0012021409,0,0,2,Lower-risk active
708104658,0.020604957,0,0,7,Lower-risk active
718016808,0.0016534784,0,0,3,Lower-risk active
814571058,0.028648812,0,0,7,Lower-risk active
714757908,0.046224844,0,0,8,Lower-risk active
710345808,0.012697755,0,0,6,Lower-risk active
814752558,0.074532546,0,0,8,Lower-risk active
721284258,0.13765803,0,0,8,Lower-risk active
719336583,0.086509936,0,0,8,Lower-risk active
797638383,0.0029281934,0,0,4,Lower-risk active
708434733,0.004535899,0,0,5,Lower-risk active
711802758,0.027099077,0,0,7,Lower-risk active
720620058,0.049231004,0,0,8,Lower-risk active
819169683,0.033306,0,0,7,Lower-risk active
709757583,0.014970547,0,0,7,Lower-risk active
789307833,0.03547549,0,0,7,Lower-risk active
823912308,0.0050156787,0,0,5,Lower-risk active
720746208,0.01046158,0,0,6,Lower-risk active
709121283,0.20179039,0,0,8,Lower-risk active
714093108,0.059049062,0,0,8,Lower-risk active
718368333,0.001225798,0,0,2,Lower-risk active
806752533,0.010369263,0,0,6,Lower-risk active
758521983,0.5299405,1,1,9,Lower-risk active
779473308,0.024418978,0,0,7,Lower-risk active
709376508,0.0671539,0,0,8,Lower-risk active
712589658,0.17010754,0,0,8,Lower-risk active
712141683,0.0041774507,0,0,5,Lower-risk active
712494108,0.55724233,1,1,9,Dormant high-risk
721350783,0.005287638,0,0,5,Lower-risk active
710133858,0.0018988296,0,0,3,Lower-risk active
719152383,0.002943837,0,0,4,Lower-risk active
715174158,0.017515406,0,0,7,Lower-risk active
780040758,0.0105603095,0,0,6,Lower-risk active
719525358,0.0015036359,0,0,3,Lower-risk active
710892408,0.06559079,0,0,8,Lower-risk active
713295183,0.0010851574,0,0,2,Lower-risk active
789871233,0.001333031,0,0,2,Lower-risk active
712663533,0.0030009926,0,0,4,Lower-risk active
820906233,0.007874069,0,0,6,Lower-risk active
821163408,0.009012086,0,0,6,Lower-risk active
708947208,0.0049272007,0,0,5,Lower-risk active
715261458,0.7584098,1,1,9,Contacted but fragile
789310833,0.016088309,0,0,7,Lower-risk active
818294958,0.0016551409,0,0,3,Lower-risk active
713902983,0.0013747783,0,0,3,Lower-risk active
771693933,0.054265805,0,0,8,Lower-risk active
827984658,0.95552605,1,1,9,Contacted but fragile
789012633,0.0091208955,0,0,6,Lower-risk active
807237783,0.0068194317,0,0,6,Lower-risk active
803408733,0.011187543,0,0,6,Lower-risk active
824667708,0.0011777017,0,0,2,Lower-risk active
807165033,0.014663945,0,0,7,Lower-risk active
809984133,0.018845404,0,0,7,Lower-risk active
718949433,0.0014203672,0,0,3,Lower-risk active
751227183,0.21660027,0,0,8,Lower-risk active
716331408,0.9771708,1,1,10,Dormant high-risk
714199983,0.0025072182,0,0,4,Lower-risk active
774172158,0.00884827,0,0,6,Lower-risk active
708171858,0.020339321,0,0,7,Lower-risk active
709074108,0.016141078,0,0,7,Lower-risk active
721304133,0.0014597804,0,0,3,Lower-risk active
787430733,0.12722835,0,0,8,Lower-risk active
711225933,0.015612165,0,0,7,Lower-risk active
717478983,0.0073447837,0,0,6,Lower-risk active
720949083,0.55718726,1,1,9,Dormant high-risk
712851108,0.2897954,0,1,9,Lower-risk active
713151258,0.0035672362,0,0,5,Lower-risk active
799731033,0.0035493658,0,0,5,Lower-risk active
822138333,0.00790203,0,0,6,Lower-risk active
708532308,0.0010222158,0,0,2,Lower-risk active
713718558,0.009016981,0,0,6,Lower-risk active
778939683,0.0053521586,0,0,5,Lower-risk active
713322633,0.3055452,0,1,9,Lower-risk active
754671558,0.095961824,0,0,8,Lower-risk active
719291283,0.010899602,0,0,6,Lower-risk active
720659283,0.057953,0,0,8,Lower-risk active
719535558,0.0006832217,0,0,1,Lower-risk active
771032658,0.13694268,0,0,8,Lower-risk active
709468683,0.027975846,0,0,7,Lower-risk active
719455908,0.005026515,0,0,5,Lower-risk active
816890883,0.0040827463,0,0,5,Lower-risk active
709826058,0.05763601,0,0,8,Lower-risk active
735008958,0.005539074,0,0,5,Lower-risk active
713766183,0.002847003,0,0,4,Lower-risk active
719148633,0.019073538,0,0,7,Lower-risk active
789266208,0.056577053,0,0,8,Lower-risk active
718373658,0.0014275754,0,0,3,Lower-risk active
712255458,0.008050815,0,0,6,Lower-risk active
789494133,0.0076322393,0,0,6,Lower-risk active
714178458,0.21124591,0,0,8,Lower-risk active
717595908,0.0114726685,0,0,6,Lower-risk active
798114033,0.01417649,0,0,7,Lower-risk active
709479558,0.0030885774,0,0,4,Lower-risk active
778148283,0.001470922,0,0,3,Lower-risk active
719363283,0.50746465,1,1,9,Lower-risk active
716225433,0.040185723,0,0,7,Lower-risk active
719882583,0.00456521,0,0,5,Lower-risk active
711076533,0.021393586,0,0,7,Lower-risk active
820651908,0.021272227,0,0,7,Lower-risk active
710884683,0.0018344747,0,0,3,Lower-risk active
797468658,0.08952485,0,0,8,Lower-risk active
716375883,0.076663904,0,0,8,Lower-risk active
711534183,0.03953291,0,0,7,Lower-risk active
721083258,0.02744409,0,0,7,Lower-risk active
717986058,0.0014337766,0,0,3,Lower-risk active
804610908,0.002716211,0,0,4,Lower-risk active
717602733,0.009116264,0,0,6,Lower-risk active
770952933,0.019429743,0,0,7,Lower-risk active
713233908,0.003856206,0,0,5,Lower-risk active
755365233,0.00028020135,0,0,1,Lower-risk active
715105908,0.0030961656,0,0,4,Lower-risk active
712658283,0.0014984502,0,0,3,Lower-risk active
708796458,0.009390949,0,0,6,Lower-risk active
713557533,0.0031317112,0,0,4,Lower-risk active
710524533,0.9916732,1,1,10,Dormant high-risk
713412558,0.015663488,0,0,7,Lower-risk active
720000708,0.006556896,0,0,6,Lower-risk active
718934058,0.859847,1,1,9,Dormant high-risk
710607408,0.00015959036,0,0,1,Lower-risk active
717613233,0.11029924,0,0,8,Lower-risk active
821710308,0.068899535,0,0,8,Lower-risk active
716089983,0.014975975,0,0,7,Lower-risk active
720430083,0.011805803,0,0,6,Lower-risk active
712071708,0.017533863,0,0,7,Lower-risk active
770721858,0.11298468,0,0,8,Lower-risk active
751381458,0.0038440481,0,0,5,Lower-risk active
715629783,0.002492876,0,0,4,Lower-risk active
768886533,0.002636942,0,0,4,Lower-risk active
711023508,0.11953736,0,0,8,Lower-risk active
711291558,0.2143661,0,0,8,Lower-risk active
714929283,0.007872713,0,0,6,Lower-risk active
716285358,0.040946454,0,0,7,Lower-risk active
710958033,0.002647335,0,0,4,Lower-risk active
711368283,0.003424111,0,0,4,Lower-risk active
807275733,0.29812068,0,1,9,Lower-risk active
708231183,0.006700765,0,0,6,Lower-risk active
789690483,0.036611333,0,0,7,Lower-risk active
789338583,0.029181259,0,0,7,Lower-risk active
717411483,0.0037046014,0,0,5,Lower-risk active
720799608,0.020100579,0,0,7,Lower-risk active
714112383,0.0068597975,0,0,6,Lower-risk active
717994608,0.058640584,0,0,8,Lower-risk active
798558783,0.0011301952,0,0,2,Lower-risk active
716875083,0.15916817,0,0,8,Lower-risk active
714603558,0.013367374,0,0,7,Lower-risk active
789903708,0.0037418173,0,0,5,Lower-risk active
801989733,0.00094916875,0,0,2,Lower-risk active
789504183,0.16970794,0,0,8,Lower-risk active
714574083,0.68490535,1,1,9,Contacted but fragile
717978033,0.011630674,0,0,6,Lower-risk active
711256908,0.00045776952,0,0,1,Lower-risk active
721023708,0.27742714,0,0,9,Lower-risk active
714522258,0.037251417,0,0,7,Lower-risk active
714247458,0.010333964,0,0,6,Lower-risk active
780416433,0.011148035,0,0,6,Lower-risk active
713644758,0.0017820556,0,0,3,Lower-risk active
712700358,0.055727363,0,0,8,Lower-risk active
779873508,0.00785078,0,0,6,Lower-risk active
779342958,0.00025924598,0,0,1,Mono-product exposed
711738333,0.0049138158,0,0,5,Lower-risk active
709413933,0.98505473,1,1,10,Dormant high-risk
720323208,0.0047346856,0,0,5,Lower-risk active
708132783,0.0013138946,0,0,2,Lower-risk active
713372583,0.003461574,0,0,4,Lower-risk active
710092683,0.59874064,1,1,9,Dormant high-risk
779284833,0.004596507,0,0,5,Lower-risk active
713426358,0.0064493674,0,0,6,Lower-risk active
717132633,0.0028796443,0,0,4,Lower-risk active
714967233,0.9573828,1,1,9,Contacted but fragile
767587833,0.005540443,0,0,5,Lower-risk active
714954033,0.104131356,0,0,8,Lower-risk active
716154258,0.18518735,0,0,8,Lower-risk active
755399433,0.0015208705,0,0,3,Lower-risk active
709876008,0.0145844845,0,0,7,Lower-risk active
709918158,0.5713079,1,1,9,Dormant high-risk
713350908,0.003820177,0,0,5,Lower-risk active
715759458,0.0012901119,0,0,2,Lower-risk active
713976258,0.0037854558,0,0,5,Lower-risk active
790174608,0.004896051,0,0,5,Lower-risk active
771335358,0.13213883,0,0,8,Lower-risk active
708382083,0.28029433,0,0,9,Lower-risk active
771829758,0.34552234,0,1,9,Lower-risk active
767333808,0.0136176525,0,0,7,Lower-risk active
721385433,0.075182535,0,0,8,Lower-risk active
794293908,0.012471188,0,0,6,Lower-risk active
720409608,0.027532347,0,0,7,Lower-risk active
717830583,0.0009896868,0,0,2,Lower-risk active
715455708,0.5594216,1,1,9,Dormant high-risk
719108358,0.015638987,0,0,7,Lower-risk active
769323183,0.6421954,1,1,9,Contacted but fragile
820020258,0.3581736,0,1,9,Lower-risk active
719234883,0.000782552,0,0,1,Lower-risk active
807349158,0.012233811,0,0,6,Lower-risk active
710799783,0.0068096723,0,0,6,Lower-risk active
778456983,0.5547371,1,1,9,Dormant high-risk
708644208,0.0039223037,0,0,5,Lower-risk active
711659958,0.001048287,0,0,2,Lower-risk active
798988983,0.000979283,0,0,2,Lower-risk active
710760258,0.0025335297,0,0,4,Lower-risk active
799700208,0.0009534831,0,0,2,Lower-risk active
772401933,0.023321116,0,0,7,Lower-risk active
787460883,0.86355823,1,1,9,Dormant high-risk
770937183,0.00038480715,0,0,1,Lower-risk active
715468083,0.008981426,0,0,6,Lower-risk active
807161508,0.03180726,0,0,7,Lower-risk active
772268058,0.0073077227,0,0,6,Lower-risk active
710166783,0.0015986984,0,0,3,Lower-risk active
804820233,0.021438656,0,0,7,Lower-risk active
708758658,0.0008652403,0,0,2,Lower-risk active
714011358,0.12170324,0,0,8,Lower-risk active
712401033,0.08168473,0,0,8,Lower-risk active
771212508,0.0009168085,0,0,2,Lower-risk active
821150958,0.0023222277,0,0,4,Lower-risk active
792272658,0.0032055352,0,0,4,Lower-risk active
809818008,0.08323545,0,0,8,Lower-risk active
803231058,0.0026446017,0,0,4,Lower-risk active
715698633,0.042393018,0,0,8,Lower-risk active
720450108,0.10866212,0,0,8,Lower-risk active
719076858,0.003014617,0,0,4,Lower-risk active
720016308,0.00095537095,0,0,2,Lower-risk active
712443558,0.045156352,0,0,8,Lower-risk active
711835758,0.76569384,1,1,9,Dormant high-risk
709284333,0.0067619868,0,0,6,Lower-risk active
788122533,0.025935069,0,0,7,Lower-risk active
709206333,0.9559621,1,1,9,Dormant high-risk
713039808,0.40959895,0,1,9,Lower-risk active
801700233,0.0010283779,0,0,2,Lower-risk active
716815308,0.00096997095,0,0,2,Lower-risk active
821149008,0.76673293,1,1,9,Contacted but fragile
720580383,0.0032489006,0,0,4,Lower-risk active
780202908,0.080749676,0,0,8,Lower-risk active
787504158,0.039112255,0,0,7,Lower-risk active
716183283,0.0008553642,0,0,2,Lower-risk active
824168808,0.018916748,0,0,7,Lower-risk active
712936908,0.00024257143,0,0,1,Lower-risk active
719855958,0.0028842443,0,0,4,Lower-risk active
710112933,0.0024518124,0,0,4,Lower-risk active
768364233,0.02261943,0,0,7,Lower-risk active
771725808,0.0024790862,0,0,4,Lower-risk active
780686358,0.0032528902,0,0,4,Lower-risk active
712762758,0.00023330419,0,0,1,Lower-risk active
714392808,0.011407858,0,0,6,Lower-risk active
713089458,0.00094539206,0,0,2,Lower-risk active
826780683,0.00094184704,0,0,2,Lower-risk active
780251658,0.03692909,0,0,7,Lower-risk active
772273983,0.9944553,1,1,10,Dormant high-risk
737944908,0.006534524,0,0,6,Lower-risk active
720688158,0.18494076,0,0,8,Lower-risk active
719902908,0.977121,1,1,10,Dormant high-risk
771682533,0.0041487683,0,0,5,Lower-risk active
708193008,0.55449444,1,1,9,Dormant high-risk
772449858,0.006598983,0,0,6,Lower-risk active
715992558,0.056260828,0,0,8,Lower-risk active
708502908,0.0011174409,0,0,2,Lower-risk active
720132258,0.0014096684,0,0,3,Lower-risk active
708704433,0.0005496764,0,0,1,Lower-risk active
720906033,0.005360964,0,0,5,Lower-risk active
719961183,0.012740287,0,0,6,Lower-risk active
718838808,0.005908195,0,0,6,Lower-risk active
710268858,0.0002009279,0,0,1,Lower-risk active
788360283,0.30353254,0,1,9,Lower-risk active
717914808,0.0072920043,0,0,6,Lower-risk active
802884933,0.020248167,0,0,7,Lower-risk active
714436383,0.011904815,0,0,6,Lower-risk active
718785483,0.0005771682,0,0,1,Lower-risk active
708816408,0.02124876,0,0,7,Lower-risk active
715363908,0.0011641546,0,0,2,Lower-risk active
709163358,0.99668014,1,1,10,Dormant high-risk
827643858,0.03737751,0,0,7,Lower-risk active
711251133,0.017374892,0,0,7,Lower-risk active
716896833,0.062244236,0,0,8,Lower-risk active
789193383,0.0013787262,0,0,3,Lower-risk active
712801758,0.019356465,0,0,7,Lower-risk active
719836083,0.3376754,0,1,9,Lower-risk active
718291233,0.0025923538,0,0,4,Lower-risk active
718682883,0.014286238,0,0,7,Lower-risk active
771503958,0.0007988544,0,0,1,Lower-risk active
771960708,0.0013361578,0,0,2,Lower-risk active
717427983,0.1641154,0,0,8,Lower-risk active
712737108,0.00072977174,0,0,1,Lower-risk active
771599283,0.012633695,0,0,6,Lower-risk active
717237708,0.016303135,0,0,7,Lower-risk active
710703708,0.23316772,0,0,8,Lower-risk active
712513458,0.0046695885,0,0,5,Lower-risk active
709690158,0.020103494,0,0,7,Lower-risk active
709959858,0.062038746,0,0,8,Lower-risk active
720683958,0.0044140574,0,0,5,Lower-risk active
780704358,0.0012378526,0,0,2,Lower-risk active
717843783,0.005120014,0,0,5,Lower-risk active
718318383,0.0031934893,0,0,4,Lower-risk active
708849858,0.0009542406,0,0,2,Lower-risk active
712652283,0.0030778737,0,0,4,Lower-risk active
793461933,0.07581864,0,0,8,Lower-risk active
720084183,0.021995056,0,0,7,Lower-risk active
767114958,0.004188365,0,0,5,Lower-risk active
709216533,0.016822698,0,0,7,Lower-risk active
720897783,0.069888726,0,0,8,Lower-risk active
773503308,0.0023257213,0,0,4,Lower-risk active
719963433,0.00042865562,0,0,1,Lower-risk active
708139833,0.9811514,1,1,10,Contacted but fragile
710664558,0.0025508287,0,0,4,Lower-risk active
713687508,0.003993054,0,0,5,Lower-risk active
816312633,0.26380515,0,0,9,Lower-risk active
712019883,0.0034003349,0,0,4,Lower-risk active
718216008,0.025540091,0,0,7,Lower-risk active
718345233,0.8434245,1,1,9,Dormant high-risk
771228183,0.0010644068,0,0,2,Lower-risk active
789430083,0.0002451866,0,0,1,Lower-risk active
779524833,0.02731102,0,0,7,Lower-risk active
823621083,0.002734083,0,0,4,Lower-risk active
715563558,0.0035285181,0,0,5,Lower-risk active
715424283,0.18692026,0,0,8,Lower-risk active
807209808,0.0019743594,0,0,3,Lower-risk active
716578158,0.018494125,0,0,7,Lower-risk active
708911508,0.015898608,0,0,7,Lower-risk active
717332733,0.060557883,0,0,8,Lower-risk active
710681808,0.24991527,0,0,8,Lower-risk active
708740808,0.48563048,0,1,9,Lower-risk active
711728208,0.004628226,0,0,5,Lower-risk active
720562008,0.008421721,0,0,6,Lower-risk active
709012083,0.44837153,0,1,9,Lower-risk active
771073908,0.055265732,0,0,8,Lower-risk active
718174908,0.011372078,0,0,6,Lower-risk active
709550958,0.17121367,0,0,8,Lower-risk active
720411183,0.00027083218,0,0,1,Lower-risk active
720776508,0.0019493809,0,0,3,Lower-risk active
755615208,0.01234565,0,0,6,Lower-risk active
708147108,0.002992614,0,0,4,Lower-risk active
827476983,0.92771906,1,1,9,Dormant high-risk
716682258,0.007195879,0,0,6,Lower-risk active
708563433,0.9374142,1,1,9,Dormant high-risk
772277508,0.03156307,0,0,7,Lower-risk active
712515558,0.0031254725,0,0,4,Lower-risk active
719342808,0.0017670459,0,0,3,Lower-risk active
788957358,0.0015484574,0,0,3,Lower-risk active
778386033,0.39123684,0,1,9,Lower-risk active
820060758,0.024826152,0,0,7,Lower-risk active
713271708,0.0050323685,0,0,5,Lower-risk active
720555483,0.0029231845,0,0,4,Lower-risk active
709405758,0.42643043,0,1,9,Lower-risk active
769463433,0.0066403165,0,0,6,Lower-risk active
786087633,0.0070709623,0,0,6,Lower-risk active
738627708,0.9468942,1,1,9,Dormant high-risk
719527833,0.0019368699,0,0,3,Lower-risk active
715921758,0.18921775,0,0,8,Lower-risk active
717280158,0.01201944,0,0,6,Lower-risk active
714179658,0.6178637,1,1,9,Contacted but fragile
806637558,0.3173838,0,1,9,Lower-risk active
714828708,0.00059140084,0,0,1,Lower-risk active
711989358,0.003588472,0,0,5,Lower-risk active
720188508,0.0025218332,0,0,4,Lower-risk active
719528958,0.00069349736,0,0,1,Lower-risk active
713110908,0.01741543,0,0,7,Lower-risk active
721179708,0.020594927,0,0,7,Lower-risk active
716363658,0.0027799082,0,0,4,Lower-risk active
711443808,0.010512824,0,0,6,Lower-risk active
778952058,0.023604123,0,0,7,Lower-risk active
713642133,0.0041022096,0,0,5,Lower-risk active
778908783,0.16118826,0,0,8,Lower-risk active
778170633,0.0017605744,0,0,3,Lower-risk active
714670533,0.026553625,0,0,7,Lower-risk active
771833433,0.9581258,1,1,9,Contacted but fragile
772758783,0.0026727696,0,0,4,Lower-risk active
788959758,0.019706197,0,0,7,Lower-risk active
716878533,0.0037312098,0,0,5,Lower-risk active
713267133,0.0063696792,0,0,6,Lower-risk active
716263533,0.00093585113,0,0,2,Lower-risk active
719026383,0.026156258,0,0,7,Lower-risk active
821755233,0.0039788517,0,0,5,Lower-risk active
709683633,0.016108133,0,0,7,Lower-risk active
714318033,0.0053515695,0,0,5,Lower-risk active
828291858,0.90598387,1,1,9,Dormant high-risk
779647608,0.0007399057,0,0,1,Lower-risk active
787605558,0.0022042675,0,0,4,Lower-risk active
771534408,0.005482482,0,0,5,Lower-risk active
716219808,0.71739465,1,1,9,Contacted but fragile
715690908,0.00083654537,0,0,2,Lower-risk active
789125733,0.55515426,1,1,9,Contacted but fragile
717271983,0.0032400587,0,0,4,Lower-risk active
709695333,0.0008746414,0,0,2,Lower-risk active
712233183,0.010411433,0,0,6,Lower-risk active
716645883,0.00388451,0,0,5,Lower-risk active
711762408,0.0033893613,0,0,4,Lower-risk active
818305008,0.00033811992,0,0,1,Lower-risk active
788159433,0.0036425102,0,0,5,Lower-risk active
709104333,0.056532916,0,0,8,Lower-risk active
708112008,0.2906496,0,1,9,Lower-risk active
714731208,0.027855389,0,0,7,Lower-risk active
710006958,0.010226555,0,0,6,Lower-risk active
815062383,0.8174772,1,1,9,Dormant high-risk
778447908,0.0021327466,0,0,3,Lower-risk active
720725058,0.9610267,1,1,9,Dormant high-risk
803415183,0.0031764733,0,0,4,Lower-risk active
708582858,0.16053955,0,0,8,Lower-risk active
779833908,0.0019445664,0,0,3,Lower-risk active
818687958,0.0010235655,0,0,2,Lower-risk active
708714108,0.22434674,0,0,8,Lower-risk active
754872333,0.00096660655,0,0,2,Lower-risk active
718637208,0.09561866,0,0,8,Lower-risk active
816772908,0.00095232925,0,0,2,Lower-risk active
711935283,0.9143332,1,1,9,Contacted but fragile
716950758,0.94361436,1,1,9,Dormant high-risk
716497908,0.0030679784,0,0,4,Lower-risk active
809358708,0.006291896,0,0,6,Lower-risk active
716037708,0.16821261,0,0,8,Lower-risk active
717804783,0.00074802514,0,0,1,Lower-risk active
715338783,0.0038851923,0,0,5,Lower-risk active
779645658,0.005806142,0,0,5,Lower-risk active
787565433,0.119201876,0,0,8,Lower-risk active
717287883,0.17458905,0,0,8,Lower-risk active
715746633,0.004193171,0,0,5,Lower-risk active
720635883,0.014993197,0,0,7,Lower-risk active
710077008,0.0018071188,0,0,3,Lower-risk active
804437658,0.004395747,0,0,5,Lower-risk active
780000258,0.003063261,0,0,4,Lower-risk active
825785508,0.047702838,0,0,8,Lower-risk active
720252858,0.005046101,0,0,5,Lower-risk active
710017758,0.020004386,0,0,7,Lower-risk active
711750183,0.0079007335,0,0,6,Lower-risk active
718364283,0.005031688,0,0,5,Lower-risk active
711638658,0.0032440466,0,0,4,Lower-risk active
711046383,0.0017642338,0,0,3,Lower-risk active
720877083,0.0009711953,0,0,2,Lower-risk active
715662258,0.0005024375,0,0,1,Lower-risk active
715570533,0.9985,1,1,10,Contacted but fragile
758202858,0.0034236314,0,0,4,Lower-risk active
712872183,0.003459716,0,0,4,Lower-risk active
710014683,0.021002287,0,0,7,Lower-risk active
716934333,0.00661293,0,0,6,Lower-risk active
778523733,0.0013534249,0,0,2,Lower-risk active
716353083,0.0028388721,0,0,4,Lower-risk active
753642933,0.00038716858,0,0,1,Lower-risk active
708151008,0.16213255,0,0,8,Lower-risk active
789646158,0.0038748498,0,0,5,Lower-risk active
712423233,0.0022934254,0,0,4,Lower-risk active
719806233,0.38041443,0,1,9,Lower-risk active
786509358,0.004436098,0,0,5,Lower-risk active
711502908,0.0050303037,0,0,5,Lower-risk active
748617858,0.0051802928,0,0,5,Lower-risk active
721532583,0.3459735,0,1,9,Lower-risk active
789244308,0.0014506626,0,0,3,Lower-risk active
709330383,0.0013209091,0,0,2,Lower-risk active
719136183,0.0008819149,0,0,2,Lower-risk active
716939358,0.067961104,0,0,8,Lower-risk active
778155558,0.0019058515,0,0,3,Lower-risk active
713461533,0.0011475441,0,0,2,Lower-risk active
803776533,0.9419431,1,1,9,Dormant high-risk
714857508,0.003993517,0,0,5,Lower-risk active
720348933,0.01026947,0,0,6,Lower-risk active
721158108,0.01688468,0,0,7,Lower-risk active
789043008,0.2534647,0,0,8,Lower-risk active
713362158,0.002335837,0,0,4,Lower-risk active
712623258,0.9984053,1,1,10,Dormant high-risk
708494583,0.053837936,0,0,8,Lower-risk active
718394658,0.021689357,0,0,7,Lower-risk active
719398158,0.0005630514,0,0,1,Lower-risk active
711885258,0.4734445,0,1,9,Lower-risk active
789161358,0.012459031,0,0,6,Lower-risk active
787581858,0.021900756,0,0,7,Lower-risk active
779198133,0.008277342,0,0,6,Lower-risk active
708314808,0.026688559,0,0,7,Lower-risk active
720508233,0.9804098,1,1,10,Dormant high-risk
717134058,0.00031319365,0,0,1,Lower-risk active
783366483,0.009855671,0,0,6,Lower-risk active
715412583,0.00097536395,0,0,2,Lower-risk active
719562108,0.0020082996,0,0,3,Lower-risk active
754457883,0.08202615,0,0,8,Lower-risk active
742552683,0.0014836341,0,0,3,Lower-risk active
711455133,0.116130374,0,0,8,Lower-risk active
716387733,0.98345816,1,1,10,Dormant high-risk
772571508,0.7575379,1,1,9,Lower-risk active
718815108,0.0010906174,0,0,2,Lower-risk active
719266158,0.006391382,0,0,6,Lower-risk active
720708183,0.000862383,0,0,2,Lower-risk active
767523933,0.00038055438,0,0,1,Lower-risk active
797466033,0.012107091,0,0,6,Lower-risk active
771886233,0.009620845,0,0,6,Lower-risk active
712612233,0.112753466,0,0,8,Lower-risk active
716516208,0.0046185274,0,0,5,Lower-risk active
709950858,0.0013317512,0,0,2,Lower-risk active
779882508,0.0053312774,0,0,5,Lower-risk active
717472833,0.0027923577,0,0,4,Lower-risk active
712665633,0.16522133,0,0,8,Lower-risk active
709562358,0.0007346982,0,0,1,Lower-risk active
715391433,0.2046849,0,0,8,Lower-risk active
708722583,0.008057745,0,0,6,Lower-risk active
720452508,0.0036809442,0,0,5,Lower-risk active
714566958,0.67672557,1,1,9,Contacted but fragile
816084333,0.0024012693,0,0,4,Lower-risk active
806179683,0.0096510425,0,0,6,Lower-risk active
806244183,0.0019942133,0,0,3,Lower-risk active
787999533,0.019387268,0,0,7,Lower-risk active
718358808,0.056330264,0,0,8,Lower-risk active
718474683,0.0009584219,0,0,2,Lower-risk active
716908158,0.039591867,0,0,7,Lower-risk active
713984208,0.003450538,0,0,4,Lower-risk active
713013483,0.051019836,0,0,8,Lower-risk active
754599558,0.0026025106,0,0,4,Lower-risk active
788739633,0.8993436,1,1,9,Contacted but fragile
712411908,0.00407717,0,0,5,Lower-risk active
717538683,0.006452256,0,0,6,Lower-risk active
709447908,0.0128962435,0,0,7,Lower-risk active
816834933,0.018243954,0,0,7,Lower-risk active
718963158,0.037655994,0,0,7,Lower-risk active
714358008,0.0020010094,0,0,3,Lower-risk active
720758808,0.72704655,1,1,9,Contacted but fragile
708255633,0.0081825955,0,0,6,Lower-risk active
716101308,0.12863547,0,0,8,Lower-risk active
715986258,0.009921981,0,0,6,Lower-risk active
715858008,0.98607546,1,1,10,Dormant high-risk
806226933,0.005018961,0,0,5,Lower-risk active
708361833,0.007592633,0,0,6,Lower-risk active
778422933,0.021329101,0,0,7,Lower-risk active
708957183,0.2671501,0,0,9,Lower-risk active
718000383,0.006221151,0,0,6,Lower-risk active
714466458,0.0010830485,0,0,2,Lower-risk active
719608308,0.020375138,0,0,7,Lower-risk active
792995808,0.004505344,0,0,5,Lower-risk active
716211258,0.6781131,1,1,9,Dormant high-risk
779289033,0.00065474276,0,0,1,Lower-risk active
719356008,0.008393147,0,0,6,Lower-risk active
718503108,0.0017789613,0,0,3,Lower-risk active
779661033,0.004778738,0,0,5,Lower-risk active
813053733,0.9821807,1,1,10,Dormant high-risk
718354683,0.00082496746,0,0,1,Lower-risk active
720529308,0.5342929,1,1,9,Lower-risk active
787578183,0.007121405,0,0,6,Lower-risk active
737952333,0.020749526,0,0,7,Lower-risk active
779498058,0.14478184,0,0,8,Lower-risk active
799707858,0.002864455,0,0,4,Lower-risk active
719543208,0.0032034104,0,0,4,Lower-risk active
797743233,0.0044845617,0,0,5,Lower-risk active
710658483,0.99398345,1,1,10,Dormant high-risk
715399908,0.006322038,0,0,6,Lower-risk active
710288883,0.0013915084,0,0,3,Lower-risk active
719912808,0.0049509564,0,0,5,Lower-risk active
720247158,0.0017659998,0,0,3,Lower-risk active
718672233,0.009439726,0,0,6,Lower-risk active
789593058,0.0013019274,0,0,2,Lower-risk active
710278458,0.8443414,1,1,9,Dormant high-risk
714467733,0.0021177481,0,0,3,Lower-risk active
803026008,0.004502618,0,0,5,Lower-risk active
772000533,0.26918793,0,0,9,Lower-risk active
811035483,0.99183404,1,1,10,Dormant high-risk
715480983,0.010199147,0,0,6,Lower-risk active
819997983,0.0002896125,0,0,1,Lower-risk active
807593058,0.98695123,1,1,10,Contacted but fragile
720437358,0.001440285,0,0,3,Lower-risk active
719465733,0.079133585,0,0,8,Lower-risk active
711978858,0.0037684184,0,0,5,Lower-risk active
814364808,0.27979,0,0,9,Lower-risk active
788820933,0.0009662704,0,0,2,Lower-risk active
713316558,0.0027424556,0,0,4,Lower-risk active
779856483,0.0030366222,0,0,4,Lower-risk active
717085983,0.0034770458,0,0,4,Lower-risk active
788030208,0.99155265,1,1,10,Contacted but fragile
709914858,0.0010837023,0,0,2,Lower-risk active
716111808,0.057342246,0,0,8,Lower-risk active
708618933,0.0005211565,0,0,1,Lower-risk active
720446508,0.54082054,1,1,9,Lower-risk active
756488883,0.0123400455,0,0,6,Lower-risk active
708414033,0.002483452,0,0,4,Lower-risk active
756727233,0.03559876,0,0,7,Lower-risk active
720379533,0.9978123,1,1,10,Dormant high-risk
720340383,0.0011711963,0,0,2,Lower-risk active
771453033,0.002793933,0,0,4,Lower-risk active
708747708,0.016730884,0,0,7,Lower-risk active
712460433,0.0009585877,0,0,2,Lower-risk active
719801508,0.0007987075,0,0,1,Lower-risk active
720983733,0.9502659,1,1,9,Dormant high-risk
713657733,0.003672394,0,0,5,Lower-risk active
709955958,0.07283914,0,0,8,Lower-risk active
719099583,0.90081525,1,1,9,Contacted but fragile
719513733,0.006956472,0,0,6,Lower-risk active
710654808,0.96899354,1,1,9,Contacted but fragile
719651358,0.0016578259,0,0,3,Lower-risk active
718917408,0.010113924,0,0,6,Lower-risk active
808753758,0.0023123303,0,0,4,Lower-risk active
711699183,0.001099186,0,0,2,Lower-risk active
711196458,0.9988464,1,1,10,Contacted but fragile
772565883,0.015853973,0,0,7,Lower-risk active
717203958,0.022077538,0,0,7,Lower-risk active
769701258,0.00024045435,0,0,1,Lower-risk active
714933783,0.00593468,0,0,6,Lower-risk active
717650133,0.0029721372,0,0,4,Lower-risk active
708707808,0.0013048284,0,0,2,Lower-risk active
717331758,0.0048348308,0,0,5,Lower-risk active
801385458,0.0011189299,0,0,2,Lower-risk active
710605458,0.00292197,0,0,4,Lower-risk active
719570733,0.0009088477,0,0,2,Lower-risk active
708646233,0.12553065,0,0,8,Lower-risk active
766006758,0.18936864,0,0,8,Lower-risk active
710695083,0.0051391064,0,0,5,Lower-risk active
709224033,0.99167377,1,1,10,Dormant high-risk
795991758,0.017039597,0,0,7,Lower-risk active
709381383,0.0050418773,0,0,5,Lower-risk active
810321933,0.021294666,0,0,7,Lower-risk active
716235783,0.0025144746,0,0,4,Lower-risk active
758833758,0.0030150383,0,0,4,Lower-risk active
713579733,0.010119807,0,0,6,Lower-risk active
804649833,0.0022530786,0,0,4,Lower-risk active
780971583,0.0016999252,0,0,3,Lower-risk active
804673308,0.9668469,1,1,9,Dormant high-risk
788747358,0.008617906,0,0,6,Lower-risk active
713199558,0.01072764,0,0,6,Lower-risk active
713777883,0.13359751,0,0,8,Lower-risk active
771081558,0.004009562,0,0,5,Lower-risk active
710229333,0.0042963577,0,0,5,Lower-risk active
720406233,0.0048326883,0,0,5,Lower-risk active
767784708,0.9978795,1,1,10,Dormant high-risk
712052058,0.0006457185,0,0,1,Lower-risk active
715278708,0.0049586515,0,0,5,Lower-risk active
827049558,0.00035802135,0,0,1,Lower-risk active
710248233,0.00039513613,0,0,1,Lower-risk active
712146558,0.007752778,0,0,6,Lower-risk active
715179933,0.0011373895,0,0,2,Lower-risk active
709215708,0.017526546,0,0,7,Lower-risk active
710668458,0.001737323,0,0,3,Lower-risk active
718828083,0.004871228,0,0,5,Lower-risk active
720781158,0.0055602323,0,0,5,Lower-risk active
716938383,0.028264428,0,0,7,Lower-risk active
709976358,0.004644753,0,0,5,Lower-risk active
715688958,0.00038742166,0,0,1,Lower-risk active
721493883,0.004337577,0,0,5,Lower-risk active
709830783,0.0025630177,0,0,4,Lower-risk active
715354983,0.002947767,0,0,4,Lower-risk active
713532858,0.0009220638,0,0,2,Lower-risk active
721295658,0.060000908,0,0,8,Lower-risk active
720313083,0.011184441,0,0,6,Lower-risk active
720724008,0.0013422429,0,0,2,Lower-risk active
712828533,0.0036407716,0,0,5,Lower-risk active
717007458,0.0052140355,0,0,5,Lower-risk active
710728458,0.0045022294,0,0,5,Lower-risk active
717720108,0.0049324217,0,0,5,Lower-risk active
720648483,0.058321454,0,0,8,Lower-risk active
770146008,0.33584958,0,1,9,Lower-risk active
714829683,0.0046698786,0,0,5,Lower-risk active
717015333,0.0007625544,0,0,1,Lower-risk active
757837458,0.0022713633,0,0,4,Lower-risk active
719240358,0.0017598765,0,0,3,Lower-risk active
719036883,0.016230373,0,0,7,Lower-risk active
714000108,0.010218015,0,0,6,Lower-risk active
720786033,0.40256858,0,1,9,Lower-risk active
708917133,0.016799094,0,0,7,Lower-risk active
818929158,0.8494376,1,1,9,Dormant high-risk
709513458,0.005474342,0,0,5,Lower-risk active
717705858,0.8564185,1,1,9,Dormant high-risk
716573058,0.9726953,1,1,9,Dormant high-risk
827695683,0.0032423572,0,0,4,Lower-risk active
819189108,0.0015059902,0,0,3,Lower-risk active
716977758,0.9476315,1,1,9,Dormant high-risk
714901383,0.005969967,0,0,6,Lower-risk active
718500633,0.0014951676,0,0,3,Lower-risk active
713516433,0.001403989,0,0,3,Lower-risk active
715140933,0.0066607012,0,0,6,Lower-risk active
712642533,0.00048750293,0,0,1,Lower-risk active
721498008,0.13691205,0,0,8,Lower-risk active
717189183,0.006248725,0,0,6,Lower-risk active
708902883,0.046639904,0,0,8,Lower-risk active
817889583,0.92368543,1,1,9,Dormant high-risk
717242058,0.9976017,1,1,10,Dormant high-risk
715628733,0.05071054,0,0,8,Lower-risk active
716613933,0.004175295,0,0,5,Lower-risk active
712709508,0.38490528,0,1,9,Lower-risk active
716306583,0.96534383,1,1,9,Dormant high-risk
720026058,0.00049433764,0,0,1,Lower-risk active
756397458,0.009183765,0,0,6,Lower-risk active
712644483,0.008455544,0,0,6,Lower-risk active
814489683,0.012248398,0,0,6,Lower-risk active
789111483,0.0027568946,0,0,4,Lower-risk active
709573533,0.0014773238,0,0,3,Lower-risk active
807137808,0.0013256365,0,0,2,Lower-risk active
711861258,0.32654163,0,1,9,Lower-risk active
716660583,0.0018576735,0,0,3,Lower-risk active
717222033,0.0004509088,0,0,1,Lower-risk active
716617608,0.1330222,0,0,8,Lower-risk active
716786808,0.007903731,0,0,6,Lower-risk active
718882008,0.006921931,0,0,6,Lower-risk active
770975133,0.0013867894,0,0,3,Lower-risk active
715234008,0.0041135005,0,0,5,Lower-risk active
709326183,0.00061796204,0,0,1,Lower-risk active
721233033,0.9956143,1,1,10,Contacted but fragile
712319958,0.0088153165,0,0,6,Lower-risk active
712198983,0.039246622,0,0,7,Lower-risk active
772103208,0.0032994368,0,0,4,Lower-risk active
779502333,0.9503194,1,1,9,Dormant high-risk
718737708,0.0048014084,0,0,5,Lower-risk active
821351958,0.048069578,0,0,8,Lower-risk active
716142858,0.0004135029,0,0,1,Lower-risk active
826079508,0.0038740232,0,0,5,Lower-risk active
773236983,0.058533046,0,0,8,Lower-risk active
826717533,0.0022633376,0,0,4,Lower-risk active
789334458,0.0016293625,0,0,3,Lower-risk active
814092858,0.0067320033,0,0,6,Lower-risk active
708355683,0.108505875,0,0,8,Lower-risk active
803124408,0.9954585,1,1,10,Dormant high-risk
789964983,0.9923213,1,1,10,Contacted but fragile
720303933,0.00068442273,0,0,1,Lower-risk active
708665133,0.005776685,0,0,5,Lower-risk active
828236133,0.00011167673,0,0,1,Lower-risk active
712000758,0.081912614,0,0,8,Lower-risk active
715378383,0.001463156,0,0,3,Lower-risk active
769985883,0.026008435,0,0,7,Lower-risk active
709297608,0.98517007,1,1,10,Dormant high-risk
716971833,0.05788847,0,0,8,Lower-risk active
801373833,0.65403587,1,1,9,Contacted but fragile
716040783,0.035938103,0,0,7,Lower-risk active
817977933,0.87853134,1,1,9,Dormant high-risk
827055333,0.37067586,0,1,9,Lower-risk active
772116408,0.046625543,0,0,8,Lower-risk active
734924658,0.011952986,0,0,6,Lower-risk active
711775383,0.0014995792,0,0,3,Lower-risk active
715019058,0.008695558,0,0,6,Lower-risk active
780715683,0.0018461891,0,0,3,Lower-risk active
827341383,0.0015093833,0,0,3,Lower-risk active
708757233,0.0007211379,0,0,1,Lower-risk active
710504283,0.0034133224,0,0,4,Lower-risk active
713919183,0.0054190373,0,0,5,Lower-risk active
713171358,0.0007485845,0,0,1,Lower-risk active
773140683,0.0007259709,0,0,1,Lower-risk active
716358033,0.21654248,0,0,8,Lower-risk active
826410708,0.2218299,0,0,8,Lower-risk active
789717708,0.0011673789,0,0,2,Lower-risk active
711679533,0.058847543,0,0,8,Lower-risk active
711342483,0.009908162,0,0,6,Lower-risk active
720242733,0.0016468466,0,0,3,Lower-risk active
721213833,0.0009886384,0,0,2,Lower-risk active
756624183,0.0017454039,0,0,3,Lower-risk active
717622308,0.002897945,0,0,4,Lower-risk active
714629358,0.99928635,1,1,10,Dormant high-risk
744307008,0.004460687,0,0,5,Lower-risk active
708871158,0.025035203,0,0,7,Lower-risk active
710979033,0.0077251107,0,0,6,Lower-risk active
818903583,0.001615746,0,0,3,Lower-risk active
712980333,0.007829486,0,0,6,Lower-risk active
717655458,0.019001395,0,0,7,Lower-risk active
822112383,0.0017854576,0,0,3,Lower-risk active
711538758,0.99779713,1,1,10,Dormant high-risk
719987733,0.96358216,1,1,9,Dormant high-risk
719184783,0.0012137006,0,0,2,Lower-risk active
715857183,0.38594136,0,1,9,Lower-risk active
719657583,0.9689445,1,1,9,Contacted but fragile
789713208,0.99462813,1,1,10,Dormant high-risk
802031583,0.00092138053,0,0,2,Lower-risk active
711529383,0.0010863945,0,0,2,Lower-risk active
715371108,0.98354983,1,1,10,Dormant high-risk
712988958,0.003972023,0,0,5,Lower-risk active
713005908,0.0021625566,0,0,4,Lower-risk active
712236483,0.0031336367,0,0,4,Lower-risk active
711852783,0.023382157,0,0,7,Lower-risk active
780056733,0.06285556,0,0,8,Lower-risk active
796903083,0.999288,1,1,10,Dormant high-risk
716014983,0.001011776,0,0,2,Lower-risk active
712521783,0.004849829,0,0,5,Lower-risk active
780045708,0.00065104576,0,0,1,Lower-risk active
719488008,0.23197696,0,0,8,Lower-risk active
771575058,0.095003925,0,0,8,Lower-risk active
772137183,0.9787825,1,1,10,Dormant high-risk
779709033,0.0041814437,0,0,5,Lower-risk active
709716258,0.015560614,0,0,7,Lower-risk active
737986083,0.047413208,0,0,8,Lower-risk active
713343333,0.0013152093,0,0,2,Lower-risk active
779331558,0.8689814,1,1,9,Dormant high-risk
714973758,0.054359496,0,0,8,Lower-risk active
718009158,0.00053827773,0,0,1,Lower-risk active
789597408,0.0038244056,0,0,5,Lower-risk active
712165308,0.009975877,0,0,6,Lower-risk active
821768658,0.88785666,1,1,9,Dormant high-risk
719341683,0.004701955,0,0,5,Lower-risk active
708637758,0.009060764,0,0,6,Lower-risk active
779974758,0.1194553,0,0,8,Lower-risk active
821815458,0.00081164704,0,0,1,Lower-risk active
711708408,0.0064227814,0,0,6,Lower-risk active
812449758,0.99766135,1,1,10,Dormant high-risk
715682208,0.0018324334,0,0,3,Lower-risk active
719914908,0.003469574,0,0,4,Lower-risk active
714744783,0.0012908808,0,0,2,Lower-risk active
710809833,0.42434216,0,1,9,Lower-risk active
720942333,0.6823911,1,1,9,Dormant high-risk
709423158,0.06677363,0,0,8,Lower-risk active
718307433,0.0020460442,0,0,3,Lower-risk active
772607433,0.034315802,0,0,7,Lower-risk active
801709308,0.13146822,0,0,8,Lower-risk active
778502958,0.60149217,1,1,9,Contacted but fragile
806656083,0.0025823936,0,0,4,Lower-risk active
823635033,0.00045451624,0,0,1,Lower-risk active
718739508,0.0023245013,0,0,4,Lower-risk active
709272333,0.004126713,0,0,5,Lower-risk active
721538883,0.004115056,0,0,5,Lower-risk active
718835583,0.0014519057,0,0,3,Lower-risk active
827970933,0.0010238211,0,0,2,Lower-risk active
719888358,0.0111564845,0,0,6,Lower-risk active
717030633,0.24952339,0,0,8,Lower-risk active
815085708,0.9981597,1,1,10,Dormant high-risk
716332533,0.00095524127,0,0,2,Lower-risk active
822964683,0.0072122016,0,0,6,Lower-risk active
719335233,0.0069278134,0,0,6,Lower-risk active
779683683,0.05026578,0,0,8,Lower-risk active
712653183,0.0009423825,0,0,2,Lower-risk active
715485483,0.86759025,1,1,9,Dormant high-risk
788912658,0.034482755,0,0,7,Lower-risk active
711396483,0.0062745092,0,0,6,Lower-risk active
789220008,0.011724356,0,0,6,Lower-risk active
716436483,0.9644191,1,1,9,Dormant high-risk
717661908,0.32373363,0,1,9,Lower-risk active
778459833,0.0102018295,0,0,6,Lower-risk active
769448658,0.008435466,0,0,6,Lower-risk active
820346133,0.004846718,0,0,5,Lower-risk active
720119808,0.18828656,0,0,8,Lower-risk active
721523658,0.0027717615,0,0,4,Lower-risk active
711176133,0.0003696934,0,0,1,Lower-risk active
794560833,0.9938262,1,1,10,Dormant high-risk
718197108,0.8435464,1,1,9,Dormant high-risk
713750583,0.5462786,1,1,9,Contacted but fragile
769576608,0.000995782,0,0,2,Lower-risk active
708626058,0.004376052,0,0,5,Lower-risk active
710333883,0.8900852,1,1,9,Lower-risk active
715401633,0.5490641,1,1,9,Lower-risk active
755220783,0.0013068103,0,0,2,Lower-risk active
789603183,0.017914869,0,0,7,Lower-risk active
767564358,0.002612752,0,0,4,Lower-risk active
789744033,0.0033787056,0,0,4,Lower-risk active
709887483,0.0023343295,0,0,4,Lower-risk active
779765058,0.001148512,0,0,2,Lower-risk active
789177333,0.9281667,1,1,9,Dormant high-risk
717262833,0.004539091,0,0,5,Lower-risk active
714878508,0.9656879,1,1,9,Dormant high-risk
711079308,0.97551847,1,1,9,Contacted but fragile
794510358,0.0015871027,0,0,3,Lower-risk active
715033533,0.0042198035,0,0,5,Lower-risk active
779400183,0.6787409,1,1,9,Dormant high-risk
716636808,0.15121959,0,0,8,Lower-risk active
708733983,0.9690429,1,1,9,Dormant high-risk
710521383,0.35456225,0,1,9,Lower-risk active
720075558,0.0039390502,0,0,5,Lower-risk active
716468658,0.0015413404,0,0,3,Lower-risk active
717569283,0.0010919876,0,0,2,Lower-risk active
787491483,0.0022859287,0,0,4,Lower-risk active
779995833,0.0010502947,0,0,2,Lower-risk active
714215058,0.0031868885,0,0,4,Lower-risk active
789407958,0.0045417137,0,0,5,Lower-risk active
715118058,0.09610775,0,0,8,Lower-risk active
713672208,0.019889263,0,0,7,Lower-risk active
720865383,0.23553291,0,0,8,Lower-risk active
713701533,0.00187031,0,0,3,Lower-risk active
778895883,0.0046985303,0,0,5,Lower-risk active
719655258,0.003826366,0,0,5,Lower-risk active
711205758,0.99204355,1,1,10,Dormant high-risk
806264958,0.006131981,0,0,6,Lower-risk active
714659133,0.9941566,1,1,10,Mono-product exposed
716425833,0.8195281,1,1,9,Lower-risk active
712166583,0.0027699303,0,0,4,Lower-risk active
713124558,0.0015629424,0,0,3,Lower-risk active
714048783,0.0006389521,0,0,1,Lower-risk active
708784908,0.00032177565,0,0,1,Lower-risk active
714332658,0.0031920704,0,0,4,Lower-risk active
719169783,0.4256247,0,1,9,Lower-risk active
718270833,0.0023133734,0,0,4,Lower-risk active
721268133,0.003246695,0,0,4,Lower-risk active
795343683,0.0010911433,0,0,2,Lower-risk active
715611933,0.034796204,0,0,7,Lower-risk active
711184983,0.0017846326,0,0,3,Lower-risk active
779601783,0.0006623069,0,0,1,Lower-risk active
784263558,0.075138934,0,0,8,Lower-risk active
720795858,0.0058082016,0,0,5,Lower-risk active
756629133,0.94985366,1,1,9,Lower-risk active
714387108,0.8200022,1,1,9,Contacted but fragile
712164333,0.15900975,0,0,8,Lower-risk active
714429258,0.05256135,0,0,8,Lower-risk active
796791258,0.0016262146,0,0,3,Lower-risk active
711220683,0.0012995988,0,0,2,Lower-risk active
717582558,0.0017288899,0,0,3,Lower-risk active
714779733,0.48316264,0,1,9,Lower-risk active
817965858,0.0008077233,0,0,1,Lower-risk active
717358158,0.0019578051,0,0,3,Lower-risk active
720301458,0.0025036049,0,0,4,Lower-risk active
826471458,0.9755377,1,1,9,Dormant high-risk
794579658,0.00403658,0,0,5,Lower-risk active
717052158,0.006275202,0,0,6,Lower-risk active
818311533,0.0030589174,0,0,4,Lower-risk active
716156508,0.0037526302,0,0,5,Lower-risk active
711191808,0.0005055257,0,0,1,Lower-risk active
712084383,0.0020763266,0,0,3,Lower-risk active
788641758,0.004847339,0,0,5,Lower-risk active
788768883,0.0025003573,0,0,4,Lower-risk active
713277783,0.49865562,0,1,9,Lower-risk active
717451833,0.016681504,0,0,7,Lower-risk active
712291308,0.012723242,0,0,6,Lower-risk active
712852233,0.0014130708,0,0,3,Lower-risk active
712312908,0.008674629,0,0,6,Lower-risk active
773457558,0.0006259683,0,0,1,Lower-risk active
716194683,0.42048118,0,1,9,Lower-risk active
720563058,0.0011569804,0,0,2,Lower-risk active
719502183,0.0010102841,0,0,2,Lower-risk active
712287333,0.0009799266,0,0,2,Lower-risk active
716944983,0.29059008,0,1,9,Lower-risk active
718115733,0.020255342,0,0,7,Lower-risk active
827691858,0.5549764,1,1,9,Contacted but fragile
716431833,0.0007129975,0,0,1,Lower-risk active
717265983,0.00039520016,0,0,1,Lower-risk active
769578858,0.002784401,0,0,4,Lower-risk active
712815858,0.0040388773,0,0,5,Lower-risk active
815851233,0.91596717,1,1,9,Contacted but fragile
779425608,0.0006603471,0,0,1,Lower-risk active
811532208,0.016164722,0,0,7,Lower-risk active
713896533,0.002596528,0,0,4,Lower-risk active
712546233,0.0018182963,0,0,3,Lower-risk active
772148058,0.66533,1,1,9,Dormant high-risk
771776808,0.9851488,1,1,10,Dormant high-risk
715905633,0.0013828033,0,0,3,Lower-risk active
778282758,0.003129964,0,0,4,Lower-risk active
717886008,0.018961472,0,0,7,Lower-risk active
709985133,0.16693111,0,0,8,Lower-risk active
709289358,0.038836684,0,0,7,Lower-risk active
720457608,0.0028349361,0,0,4,Lower-risk active
780612558,0.08984117,0,0,8,Lower-risk active
714216033,0.000390691,0,0,1,Lower-risk active
710577708,0.024634922,0,0,7,Lower-risk active
719462433,0.000335357,0,0,1,Lower-risk active
769063308,0.010602619,0,0,6,Lower-risk active
715136583,0.0018316408,0,0,3,Lower-risk active
710915358,0.0031560818,0,0,4,Lower-risk active
709841433,0.0018741355,0,0,3,Lower-risk active
710509758,0.04161556,0,0,7,Lower-risk active
720527058,0.001609115,0,0,3,Lower-risk active
711787383,0.0013274426,0,0,2,Lower-risk active
715824108,0.0014577188,0,0,3,Lower-risk active
719474583,0.7085143,1,1,9,Contacted but fragile
719282433,0.0023223306,0,0,4,Lower-risk active
772669833,0.023954982,0,0,7,Lower-risk active
789365508,0.9978224,1,1,10,Dormant high-risk
806641683,0.0021320903,0,0,3,Lower-risk active
805534608,0.011575202,0,0,6,Lower-risk active
781117533,0.17534718,0,0,8,Lower-risk active
710294808,0.00080938486,0,0,1,Lower-risk active
718788258,0.0029621865,0,0,4,Lower-risk active
716404383,0.9793411,1,1,10,Dormant high-risk
824795358,0.0009999012,0,0,2,Lower-risk active
715196508,0.0048354478,0,0,5,Lower-risk active
779051808,0.0021278902,0,0,3,Lower-risk active
720695583,0.0021815952,0,0,4,Lower-risk active
826414083,0.0033058582,0,0,4,Lower-risk active
708426483,0.0008326422,0,0,2,Lower-risk active
787472283,0.0014009399,0,0,3,Lower-risk active
716948283,0.0062210565,0,0,6,Lower-risk active
778375458,0.0020062393,0,0,3,Lower-risk active
718504983,0.044500865,0,0,8,Lower-risk active
709625733,0.03542935,0,0,7,Lower-risk active
719357058,0.0032841314,0,0,4,Lower-risk active
709626858,0.01971117,0,0,7,Lower-risk active
711843708,0.9982393,1,1,10,Dormant high-risk
711349083,0.06764754,0,0,8,Lower-risk active
721462458,0.0016117148,0,0,3,Lower-risk active
780833058,0.007492089,0,0,6,Lower-risk active
769962933,0.0034057654,0,0,4,Lower-risk active
719095533,0.009949774,0,0,6,Lower-risk active
709718058,0.0010115283,0,0,2,Lower-risk active
819151083,0.0022514316,0,0,4,Lower-risk active
770778108,0.0016127011,0,0,3,Lower-risk active
718877883,0.8669466,1,1,9,Lower-risk active
710376708,0.093751304,0,0,8,Lower-risk active
718366983,0.006207269,0,0,6,Lower-risk active
719604858,0.99735594,1,1,10,Dormant high-risk
714549558,0.9701637,1,1,9,Lower-risk active
822955008,0.92538196,1,1,9,Dormant high-risk
712986483,0.0027502142,0,0,4,Lower-risk active
779597133,0.00080356584,0,0,1,Lower-risk active
758426583,0.0064332727,0,0,6,Lower-risk active
716805408,0.0028080014,0,0,4,Lower-risk active
711275433,0.98895955,1,1,10,Dormant high-risk
778968408,0.14745983,0,0,8,Lower-risk active
827117808,0.988639,1,1,10,Dormant high-risk
804462633,0.9975938,1,1,10,Dormant high-risk
709321908,0.9144383,1,1,9,Contacted but fragile
714907908,0.00072413223,0,0,1,Lower-risk active
818336508,0.0054564015,0,0,5,Lower-risk active
712597233,0.960936,1,1,9,Dormant high-risk
711964533,0.017851606,0,0,7,Lower-risk active
716705433,0.0003456527,0,0,1,Lower-risk active
717983058,0.014672235,0,0,7,Lower-risk active
709587783,0.012782521,0,0,6,Lower-risk active
709804533,0.0010707276,0,0,2,Lower-risk active
712076358,0.008210287,0,0,6,Lower-risk active
711670308,0.0028642071,0,0,4,Lower-risk active
720717108,0.018022774,0,0,7,Lower-risk active
784789758,0.0002695961,0,0,1,Lower-risk active
779689233,0.006673383,0,0,6,Lower-risk active
788792583,0.0019036987,0,0,3,Lower-risk active
710657508,0.0061715124,0,0,6,Lower-risk active
716393958,0.00089076377,0,0,2,Lower-risk active
770708133,0.0019873676,0,0,3,Lower-risk active
766131033,0.013471951,0,0,7,Lower-risk active
719816583,0.93360466,1,1,9,Lower-risk active
715376508,0.013394877,0,0,7,Lower-risk active
709300458,0.0011349331,0,0,2,Lower-risk active
778340733,0.031014392,0,0,7,Lower-risk active
708195633,0.40213898,0,1,9,Lower-risk active
714729933,0.0030318075,0,0,4,Lower-risk active
794514108,0.014204153,0,0,7,Lower-risk active
812501358,0.0019828642,0,0,3,Lower-risk active
718961208,0.0028411394,0,0,4,Lower-risk active
814459833,0.7585918,1,1,9,Dormant high-risk
720363258,0.0018999606,0,0,3,Lower-risk active
714496083,0.12156478,0,0,8,Lower-risk active
713004933,0.85316867,1,1,9,Lower-risk active
712011633,0.0012940987,0,0,2,Lower-risk active
772466508,0.90975314,1,1,9,Lower-risk active
708225483,0.000827359,0,0,2,Lower-risk active
788923758,0.002096649,0,0,3,Lower-risk active
789150633,0.010105206,0,0,6,Lower-risk active
710809083,0.19312531,0,0,8,Lower-risk active
787669233,0.0053310194,0,0,5,Lower-risk active
708119658,0.67943245,1,1,9,Lower-risk active
737921733,0.82495695,1,1,9,Dormant high-risk
765940683,0.06894074,0,0,8,Lower-risk active
719732433,0.0015506439,0,0,3,Lower-risk active
715491483,0.0036655315,0,0,5,Lower-risk active
783381933,0.0016093403,0,0,3,Lower-risk active
811554708,0.0032884486,0,0,4,Lower-risk active
719536608,0.0011188367,0,0,2,Lower-risk active
720753183,0.003256343,0,0,4,Lower-risk active
714505683,0.043042477,0,0,8,Lower-risk active
711942783,0.002210138,0,0,4,Lower-risk active
714031983,0.0017185115,0,0,3,Lower-risk active
711372258,0.008569614,0,0,6,Lower-risk active
710825658,0.0008564428,0,0,2,Lower-risk active
716575758,0.9953945,1,1,10,Dormant high-risk
714732183,0.01312675,0,0,7,Lower-risk active
714097683,0.9938028,1,1,10,Dormant high-risk
720568083,0.6999095,1,1,9,Contacted but fragile
708121908,0.9978582,1,1,10,Dormant high-risk
778710783,0.0008979732,0,0,2,Lower-risk active
713745783,0.032264054,0,0,7,Lower-risk active
711043983,0.005206811,0,0,5,Lower-risk active
716438433,0.006231584,0,0,6,Lower-risk active
709435533,0.9828205,1,1,10,Dormant high-risk
711080358,0.0014972377,0,0,3,Lower-risk active
718677858,0.0024804284,0,0,4,Lower-risk active
720259308,0.003503758,0,0,4,Lower-risk active
719346708,0.0022549927,0,0,4,Lower-risk active
719874633,0.9961189,1,1,10,Contacted but fragile
720286908,0.0036755968,0,0,5,Lower-risk active
719168883,0.9952301,1,1,10,Dormant high-risk
789893808,0.7239788,1,1,9,Contacted but fragile
772472208,0.27020743,0,0,9,Lower-risk active
710402508,0.0061468254,0,0,6,Lower-risk active
710218233,0.012232584,0,0,6,Lower-risk active
714212358,0.9691095,1,1,9,Dormant high-risk
812956983,0.004528677,0,0,5,Lower-risk active
780241758,0.09657978,0,0,8,Lower-risk active
711580908,0.0022896521,0,0,4,Lower-risk active
712835433,0.00414534,0,0,5,Lower-risk active
716461683,0.0023003148,0,0,4,Lower-risk active
713617608,0.002250802,0,0,4,Lower-risk active
714622833,0.06633544,0,0,8,Lower-risk active
712115958,0.0025208306,0,0,4,Lower-risk active
712033833,0.0048698084,0,0,5,Lower-risk active
714548733,0.036327157,0,0,7,Lower-risk active
719523108,0.0016415656,0,0,3,Lower-risk active
710881008,0.0024492422,0,0,4,Lower-risk active
715098333,0.0038073452,0,0,5,Lower-risk active
708211383,0.0055427817,0,0,5,Lower-risk active
715054683,0.11559492,0,0,8,Lower-risk active
710670633,0.59429353,1,1,9,Dormant high-risk
784560258,0.0011920138,0,0,2,Lower-risk active
710871108,0.004318795,0,0,5,Lower-risk active
787770858,0.002484847,0,0,4,Lower-risk active
721104708,0.9910745,1,1,10,Dormant high-risk
717461283,0.9788456,1,1,10,Contacted but fragile
803028858,0.9973003,1,1,10,Dormant high-risk
716628633,0.0022129957,0,0,4,Lower-risk active
813380058,0.22244897,0,0,8,Lower-risk active
770135358,0.0007718811,0,0,1,Lower-risk active
719301258,0.0024715085,0,0,4,Lower-risk active
711340233,0.0002964168,0,0,1,Lower-risk active
710002833,0.009359467,0,0,6,Lower-risk active
808705758,0.0142003605,0,0,7,Lower-risk active
710839308,0.00074253546,0,0,1,Lower-risk active
768687183,0.2681676,0,0,9,Lower-risk active
720541758,0.0025932638,0,0,4,Lower-risk active
712263258,0.021420117,0,0,7,Lower-risk active
712751133,0.70767635,1,1,9,Dormant high-risk
779662308,0.00051008817,0,0,1,Lower-risk active
719260608,0.00878208,0,0,6,Lower-risk active
803319633,0.001202662,0,0,2,Lower-risk active
708170508,0.9771144,1,1,10,Dormant high-risk
711891933,0.028643353,0,0,7,Lower-risk active
802875333,0.22732005,0,0,8,Lower-risk active
719991783,0.001916408,0,0,3,Lower-risk active
745435533,0.0046610306,0,0,5,Lower-risk active
718063083,0.00045332938,0,0,1,Lower-risk active
710713608,0.0065547903,0,0,6,Lower-risk active
720487308,0.2247692,0,0,8,Lower-risk active
719770158,0.9993887,1,1,10,Dormant high-risk
712283808,0.21849805,0,0,8,Lower-risk active
779737233,0.0043072808,0,0,5,Lower-risk active
751076058,0.004553984,0,0,5,Lower-risk active
736552308,0.004442774,0,0,5,Lower-risk active
720578058,0.0065458138,0,0,6,Lower-risk active
714932658,0.003031525,0,0,4,Lower-risk active
804708633,0.0027776104,0,0,4,Lower-risk active
716271183,0.9102935,1,1,9,Lower-risk active
712442508,0.002241716,0,0,4,Lower-risk active
719165508,0.009593342,0,0,6,Lower-risk active
826467333,0.0062588244,0,0,6,Lower-risk active
721027083,0.00011160709,0,0,1,Lower-risk active
713764458,0.002154728,0,0,3,Lower-risk active
816261858,0.9295644,1,1,9,Dormant high-risk
710850633,0.001092903,0,0,2,Lower-risk active
805282908,0.008609803,0,0,6,Lower-risk active
771246708,0.0016549495,0,0,3,Lower-risk active
785119833,0.20420024,0,0,8,Lower-risk active
716780283,0.0007540643,0,0,1,Lower-risk active
716546283,0.0016242486,0,0,3,Lower-risk active
721308033,0.99069655,1,1,10,Dormant high-risk
779270883,0.0019889532,0,0,3,Lower-risk active
822061683,0.0013415809,0,0,2,Lower-risk active
710058033,0.0005443876,0,0,1,Lower-risk active
710678658,0.002940182,0,0,4,Lower-risk active
712943508,0.00045840163,0,0,1,Lower-risk active
816263808,0.02565458,0,0,7,Lower-risk active
714162033,0.20769322,0,0,8,Lower-risk active
711238908,0.06302602,0,0,8,Lower-risk active
713971608,0.0020086258,0,0,3,Lower-risk active
715193433,0.008227005,0,0,6,Lower-risk active
713111883,0.0006609777,0,0,1,Lower-risk active
716911608,0.0016266777,0,0,3,Lower-risk active
822898758,0.023972051,0,0,7,Lower-risk active
712085733,0.014159327,0,0,7,Lower-risk active
718583133,0.0004892048,0,0,1,Lower-risk active
772095858,0.004910734,0,0,5,Lower-risk active
780074733,0.0050004316,0,0,5,Lower-risk active
710182383,0.0007167704,0,0,1,Lower-risk active
713418558,0.00034880955,0,0,1,Lower-risk active
715445883,0.0007435179,0,0,1,Lower-risk active
718599108,0.0044675656,0,0,5,Lower-risk active
711546333,0.0023736279,0,0,4,Lower-risk active
721513833,0.0033527266,0,0,4,Lower-risk active
771669183,0.0027474535,0,0,4,Lower-risk active
774760458,0.94638777,1,1,9,Dormant high-risk
713453733,0.0004173508,0,0,1,Lower-risk active
804415083,0.29212442,0,1,9,Lower-risk active
711419133,0.0019463791,0,0,3,Lower-risk active
710691633,0.0012432205,0,0,2,Lower-risk active
715008858,0.002941471,0,0,4,Lower-risk active
771424908,0.95578986,1,1,9,Contacted but fragile
771215583,0.0017086058,0,0,3,Lower-risk active
711012783,0.9950759,1,1,10,Dormant high-risk
827408058,0.0023782619,0,0,4,Lower-risk active
713904708,0.0006441711,0,0,1,Lower-risk active
807596358,0.004357394,0,0,5,Lower-risk active
708788583,0.9321865,1,1,9,Lower-risk active
713446083,0.005399784,0,0,5,Lower-risk active
717888108,0.023209775,0,0,7,Lower-risk active
819714408,0.66038585,1,1,9,Dormant high-risk
716853258,0.004539595,0,0,5,Lower-risk active
719455083,0.003223972,0,0,4,Lower-risk active
779299233,0.0011968069,0,0,2,Lower-risk active
771922008,0.00572414,0,0,5,Lower-risk active
708887433,0.10264376,0,0,8,Lower-risk active
713214558,0.008896874,0,0,6,Lower-risk active
718038483,0.002490694,0,0,4,Lower-risk active
714053358,0.001856011,0,0,3,Lower-risk active
713730933,0.9984471,1,1,10,Dormant high-risk
762775908,0.0011900046,0,0,2,Lower-risk active
713181558,0.003919123,0,0,5,Lower-risk active
713079108,0.0039891982,0,0,5,Lower-risk active
804426858,0.09316016,0,0,8,Lower-risk active
788379933,0.007208668,0,0,6,Lower-risk active
713740533,0.26107877,0,0,9,Lower-risk active
712235433,0.9974942,1,1,10,Dormant high-risk
811705233,0.0075312494,0,0,6,Lower-risk active
714594933,0.0013697435,0,0,2,Lower-risk active
714377058,0.98252165,1,1,10,Dormant high-risk
827114058,0.0064314874,0,0,6,Lower-risk active
708654933,0.9941004,1,1,10,Contacted but fragile
720283758,0.8239409,1,1,9,Dormant high-risk
801994458,0.039618667,0,0,7,Lower-risk active
718834233,0.0011624519,0,0,2,Lower-risk active
719196858,0.0012151327,0,0,2,Lower-risk active
708451233,0.006635933,0,0,6,Lower-risk active
718735908,0.9496307,1,1,9,Dormant high-risk
789339633,0.1290173,0,0,8,Lower-risk active
804833058,0.9773257,1,1,10,Dormant high-risk
712542258,0.00086890283,0,0,2,Lower-risk active
713639058,0.56322944,1,1,9,Dormant high-risk
709560258,0.9992685,1,1,10,Dormant high-risk
718317258,0.006078476,0,0,6,Lower-risk active
720362058,0.9048413,1,1,9,Dormant high-risk
712606158,0.0019805017,0,0,3,Lower-risk active
713162358,0.010828735,0,0,6,Lower-risk active
710673558,0.003733417,0,0,5,Lower-risk active
710096658,0.97588867,1,1,10,Dormant high-risk
721313808,0.000570503,0,0,1,Lower-risk active
778924158,0.0029840586,0,0,4,Lower-risk active
719602908,0.969837,1,1,9,Dormant high-risk
820383558,0.021755299,0,0,7,Lower-risk active
717953283,0.15925309,0,0,8,Lower-risk active
710327508,0.0009174949,0,0,2,Lower-risk active
785134758,0.0026418753,0,0,4,Lower-risk active
811970808,0.0044986852,0,0,5,Lower-risk active
718676283,0.0019156118,0,0,3,Lower-risk active
720439533,0.00090580294,0,0,2,Lower-risk active
793720908,0.05700145,0,0,8,Lower-risk active
708937608,0.00949731,0,0,6,Lower-risk active
769189083,0.0010933492,0,0,2,Lower-risk active
713455233,0.008135006,0,0,6,Lower-risk active
719563158,0.001774605,0,0,3,Lower-risk active
753118533,0.0026594084,0,0,4,Lower-risk active
713265858,0.00064214855,0,0,1,Lower-risk active
709713033,0.9525484,1,1,9,Dormant high-risk
711608958,0.00077586184,0,0,1,Lower-risk active
708633783,0.9379672,1,1,9,Contacted but fragile
714532158,0.00652287,0,0,6,Lower-risk active
720950283,0.3007051,0,1,9,Lower-risk active
809797158,0.0028916562,0,0,4,Lower-risk active
713692683,0.0018234643,0,0,3,Lower-risk active
710748483,0.00236967,0,0,4,Lower-risk active
720868683,0.73222524,1,1,9,Contacted but fragile
787532808,0.008433042,0,0,6,Lower-risk active
709453833,0.008090763,0,0,6,Lower-risk active
712114458,0.012033326,0,0,6,Lower-risk active
811013658,0.008608961,0,0,6,Lower-risk active
789180933,0.0021903745,0,0,4,Lower-risk active
717151383,0.0042442526,0,0,5,Lower-risk active
712470033,0.009902878,0,0,6,Lower-risk active
717840108,0.99125797,1,1,10,Dormant high-risk
709131033,0.0018063361,0,0,3,Lower-risk active
721506708,0.011661037,0,0,6,Lower-risk active
716039433,0.002109696,0,0,3,Lower-risk active
710874933,0.44624472,0,1,9,Lower-risk active
794682483,0.02246588,0,0,7,Lower-risk active
709229358,0.00056697056,0,0,1,Lower-risk active
772177308,0.0993192,0,0,8,Lower-risk active
715016508,0.99921966,1,1,10,Dormant high-risk
716071233,0.001670254,0,0,3,Lower-risk active
818308533,0.2678889,0,0,9,Lower-risk active
711000933,0.05951792,0,0,8,Lower-risk active
760104333,0.014344012,0,0,7,Lower-risk active
718201383,0.52118754,1,1,9,Contacted but fragile
779450958,0.00059991283,0,0,1,Lower-risk active
717990183,0.002620065,0,0,4,Lower-risk active
721252683,0.0033253613,0,0,4,Lower-risk active
710505483,0.015266196,0,0,7,Lower-risk active
711587433,0.03617485,0,0,7,Lower-risk active
720964683,0.02846379,0,0,7,Lower-risk active
711478233,0.013368884,0,0,7,Lower-risk active
717096858,0.0034275104,0,0,4,Lower-risk active
719739108,0.15458596,0,0,8,Lower-risk active
717432933,0.0015727752,0,0,3,Lower-risk active
721501308,0.0105729075,0,0,6,Lower-risk active
714169083,0.0006415983,0,0,1,Lower-risk active
710194683,0.3846645,0,1,9,Lower-risk active
715365183,0.0037251755,0,0,5,Lower-risk active
715448058,0.008349104,0,0,6,Lower-risk active
779008158,0.0023556487,0,0,4,Lower-risk active
712822758,0.094987206,0,0,8,Lower-risk active
717466158,0.28498313,0,0,9,Lower-risk active
798687258,0.00092190213,0,0,2,Lower-risk active
717380133,0.0023276461,0,0,4,Lower-risk active
709693833,0.7369775,1,1,9,Dormant high-risk
804847308,0.0036281713,0,0,5,Lower-risk active
716321583,0.07550293,0,0,8,Lower-risk active
712685733,0.0026326878,0,0,4,Lower-risk active
781306758,0.9386955,1,1,9,Contacted but fragile
743912958,0.0067889253,0,0,6,Lower-risk active
712294083,0.9946543,1,1,10,Dormant high-risk
716630508,0.0014007231,0,0,3,Lower-risk active
711334983,0.99723464,1,1,10,Contacted but fragile
717442758,0.001357446,0,0,2,Lower-risk active
709137558,0.00255433,0,0,4,Lower-risk active
714366708,0.00036164382,0,0,1,Lower-risk active
711925608,0.0006041247,0,0,1,Lower-risk active
721202058,0.0046334774,0,0,5,Lower-risk active
716931183,0.002106198,0,0,3,Lower-risk active
800164083,0.0007867853,0,0,1,Lower-risk active
719682183,0.595097,1,1,9,Dormant high-risk
710984133,0.0022606698,0,0,4,Lower-risk active
780307233,0.002638352,0,0,4,Lower-risk active
716434533,0.9468888,1,1,9,Dormant high-risk
828215508,0.96848273,1,1,9,Dormant high-risk
716138958,0.0031196955,0,0,4,Lower-risk active
709276908,0.004386123,0,0,5,Lower-risk active
815767983,0.026151093,0,0,7,Lower-risk active
712812408,0.99509084,1,1,10,Dormant high-risk
712403358,0.0018088225,0,0,3,Lower-risk active
717826308,0.0035067126,0,0,4,Lower-risk active
753443583,0.004680201,0,0,5,Lower-risk active
721428333,0.0040549156,0,0,5,Lower-risk active
719910333,0.0016432317,0,0,3,Lower-risk active
713585958,0.988729,1,1,10,Dormant high-risk
712866933,0.0038326182,0,0,5,Lower-risk active
719219883,0.0010314442,0,0,2,Lower-risk active
779170008,0.0032384067,0,0,4,Lower-risk active
779727558,0.001485902,0,0,3,Lower-risk active
714373308,0.009798226,0,0,6,Lower-risk active
715000383,0.00089064584,0,0,2,Lower-risk active
710493558,0.99736494,1,1,10,Lower-risk active
778839108,0.0030821431,0,0,4,Lower-risk active
715548183,0.0016567365,0,0,3,Lower-risk active
712545183,0.002995676,0,0,4,Lower-risk active
779032308,0.0050003817,0,0,5,Lower-risk active
721500108,0.36064184,0,1,9,Lower-risk active
713389233,0.039817337,0,0,7,Lower-risk active
718811058,0.0031316082,0,0,4,Lower-risk active
717084708,0.0035510913,0,0,5,Lower-risk active
778247358,0.0046707303,0,0,5,Lower-risk active
710702733,0.007906222,0,0,6,Lower-risk active
815240358,0.00068596547,0,0,1,Lower-risk active
715165758,0.18122242,0,0,8,Lower-risk active
827964858,0.9776564,1,1,10,Dormant high-risk
773667708,0.9158345,1,1,9,Dormant high-risk
717400533,0.0019696578,0,0,3,Lower-risk active
713586858,0.0009834737,0,0,2,Lower-risk active
711393483,0.0027263798,0,0,4,Lower-risk active
812979408,0.97180545,1,1,9,Contacted but fragile
711877458,0.00223836,0,0,4,Lower-risk active
714351558,0.008419237,0,0,6,Lower-risk active
828343083,0.0037720557,0,0,5,Lower-risk active
790002783,0.0040507084,0,0,5,Lower-risk active
708615183,0.0008700071,0,0,2,Lower-risk active
718509858,0.0022704373,0,0,4,Lower-risk active
718540308,0.005607627,0,0,5,Lower-risk active
778180158,0.0018821331,0,0,3,Lower-risk active
778242708,0.0027347966,0,0,4,Lower-risk active
806947308,0.90169877,1,1,9,Dormant high-risk
714899283,0.0017807302,0,0,3,Lower-risk active
708386958,0.990604,1,1,10,Dormant high-risk
710986758,0.0011537448,0,0,2,Lower-risk active
718220358,0.98136085,1,1,10,Dormant high-risk
710568333,0.5960204,1,1,9,Contacted but fragile
712656783,0.9915388,1,1,10,Dormant high-risk
717483558,0.0011339902,0,0,2,Lower-risk active
721440633,0.003618438,0,0,5,Lower-risk active
738899658,0.99167913,1,1,10,Contacted but fragile
711423558,0.0067804134,0,0,6,Lower-risk active
721522533,0.0024556958,0,0,4,Lower-risk active
708558408,0.0013623779,0,0,2,Lower-risk active
714727833,0.9885483,1,1,10,Contacted but fragile
714365883,0.0029176886,0,0,4,Lower-risk active
715856208,0.001054109,0,0,2,Lower-risk active
708944958,0.0014324603,0,0,3,Lower-risk active
771516333,0.0039425874,0,0,5,Lower-risk active
772051308,0.0032315075,0,0,4,Lower-risk active
788350908,0.0018533389,0,0,3,Lower-risk active
818322033,0.0011276593,0,0,2,Lower-risk active
716288958,0.0061297663,0,0,6,Lower-risk active
712347258,0.008618559,0,0,6,Lower-risk active
779072733,0.005352717,0,0,5,Lower-risk active
710003958,0.0017259627,0,0,3,Lower-risk active
715287708,0.0016179349,0,0,3,Lower-risk active
708774708,0.0014021116,0,0,3,Lower-risk active
713535033,0.0006688381,0,0,1,Lower-risk active
719314683,0.007512412,0,0,6,Lower-risk active
789293358,0.004222812,0,0,5,Lower-risk active
787638408,0.002672748,0,0,4,Lower-risk active
715974783,0.010659553,0,0,6,Lower-risk active
716134533,0.0019552389,0,0,3,Lower-risk active
708834483,0.98730344,1,1,10,Contacted but fragile
780168333,0.0006827898,0,0,1,Lower-risk active
711557508,0.0008901525,0,0,2,Lower-risk active
772506858,0.004062039,0,0,5,Lower-risk active
765692658,0.0053476724,0,0,5,Lower-risk active
720598308,0.9370547,1,1,9,Contacted but fragile
709912683,0.0005378108,0,0,1,Lower-risk active
815353083,0.9792627,1,1,10,Dormant high-risk
720093333,0.00460766,0,0,5,Lower-risk active
717281658,0.0057709315,0,0,5,Lower-risk active
765731433,0.0047156382,0,0,5,Lower-risk active
712050933,0.7804448,1,1,9,Contacted but fragile
787361583,0.03374923,0,0,7,Lower-risk active
709921158,0.00063317886,0,0,1,Lower-risk active
714781908,0.0139482785,0,0,7,Lower-risk active
717592758,0.9871082,1,1,10,Lower-risk active
821339433,0.008983782,0,0,6,Lower-risk active
715174983,0.009458753,0,0,6,Lower-risk active
710863308,0.00039655366,0,0,1,Lower-risk active
806824908,0.007291821,0,0,6,Lower-risk active
710592933,0.60572493,1,1,9,Contacted but fragile
771881283,0.00062342425,0,0,1,Lower-risk active
708687483,0.9943715,1,1,10,Contacted but fragile
719147208,0.0011276363,0,0,2,Lower-risk active
709607733,0.0010189721,0,0,2,Lower-risk active
713184858,0.0011760975,0,0,2,Lower-risk active
719929758,0.6738693,1,1,9,Dormant high-risk
759127158,0.0014024067,0,0,3,Lower-risk active
780717483,0.2373142,0,0,8,Lower-risk active
708507483,0.0026055695,0,0,4,Lower-risk active
787617483,0.00081608613,0,0,1,Lower-risk active
816608808,0.25490397,0,0,8,Lower-risk active
716727258,0.0015757214,0,0,3,Lower-risk active
813890883,0.0073328405,0,0,6,Lower-risk active
768256908,0.97539705,1,1,9,Dormant high-risk
811095483,0.19450127,0,0,8,Lower-risk active
720168558,0.014044148,0,0,7,Lower-risk active
719309133,0.008427768,0,0,6,Lower-risk active
721451208,0.98264664,1,1,10,Dormant high-risk
772879158,0.0014500486,0,0,3,Lower-risk active
712934583,0.0022395966,0,0,4,Lower-risk active
710088483,0.012731217,0,0,6,Lower-risk active
753534633,0.04507629,0,0,8,Lower-risk active
710932683,0.0033672208,0,0,4,Mono-product exposed
714751158,0.9502969,1,1,9,Contacted but fragile
718109808,0.00037818067,0,0,1,Lower-risk active
713227233,0.0013860085,0,0,3,Lower-risk active
718342158,0.92827874,1,1,9,Mono-product exposed
804606033,0.0062698373,0,0,6,Lower-risk active
720755658,0.0015678365,0,0,3,Lower-risk active
711795633,0.777799,1,1,9,Dormant high-risk
716654808,0.9872777,1,1,10,Dormant high-risk
817616433,0.0040758788,0,0,5,Lower-risk active
716390958,0.9845835,1,1,10,Dormant high-risk
716564433,0.9929889,1,1,10,Contacted but fragile
719530158,0.004795108,0,0,5,Lower-risk active
710621283,0.0013341943,0,0,2,Lower-risk active
716714733,0.00075710966,0,0,1,Lower-risk active
720921408,0.00088853826,0,0,2,Lower-risk active
789185508,0.002178243,0,0,4,Lower-risk active
807014583,0.0021006654,0,0,3,Lower-risk active
721388283,0.16845448,0,0,8,Lower-risk active
716022258,0.958623,1,1,9,Dormant high-risk
789362058,0.0038092015,0,0,5,Lower-risk active
771460158,0.00038050304,0,0,1,Lower-risk active
714147858,0.0029255813,0,0,4,Lower-risk active
708394908,0.00096158753,0,0,2,Lower-risk active
778433283,0.8997897,1,1,9,Dormant high-risk
720637008,0.23017433,0,0,8,Lower-risk active
716877258,0.0126465205,0,0,6,Lower-risk active
812973708,0.0011784195,0,0,2,Lower-risk active
788760633,0.0041535804,0,0,5,Lower-risk active
718602708,0.0007811893,0,0,1,Lower-risk active
712365483,0.0013731616,0,0,3,Lower-risk active
789154833,0.0015644022,0,0,3,Lower-risk active
715849983,0.0017632657,0,0,3,Lower-risk active
780336258,0.001974539,0,0,3,Lower-risk active
716567433,0.00080707326,0,0,1,Lower-risk active
713057658,0.0011038838,0,0,2,Lower-risk active
718191483,0.0023777562,0,0,4,Lower-risk active
811527933,0.8899192,1,1,9,Dormant high-risk
778617708,0.9695351,1,1,9,Contacted but fragile
785055108,0.00213064,0,0,3,Lower-risk active
822961533,0.0025544954,0,0,4,Lower-risk active
709124883,0.00020352416,0,0,1,Lower-risk active
772574283,0.779731,1,1,9,Contacted but fragile
761240358,0.0005776866,0,0,1,Lower-risk active
708469533,0.0007118223,0,0,1,Lower-risk active
769927533,0.0017099238,0,0,3,Lower-risk active
718545033,0.00025766593,0,0,1,Lower-risk active
714972558,0.9969062,1,1,10,Dormant high-risk
772204758,0.7973443,1,1,9,Lower-risk active
709039533,0.006245318,0,0,6,Lower-risk active
716492583,0.0006841759,0,0,1,Lower-risk active
766381908,0.00064166007,0,0,1,Lower-risk active
719109783,0.0038116921,0,0,5,Lower-risk active
796236258,0.00055347505,0,0,1,Lower-risk active
709700058,0.011166732,0,0,6,Lower-risk active
716905158,0.00094491564,0,0,2,Lower-risk active
718851783,0.03131171,0,0,7,Lower-risk active
709709283,0.99845076,1,1,10,Contacted but fragile
711993258,0.0021878413,0,0,4,Lower-risk active
780105483,0.99537647,1,1,10,Dormant high-risk
718350033,0.008348042,0,0,6,Lower-risk active
715294083,0.9906579,1,1,10,Dormant high-risk
710905908,0.5222574,1,1,9,Contacted but fragile
721387008,0.0062093907,0,0,6,Lower-risk active
715411608,0.006056018,0,0,6,Lower-risk active
710598408,0.00025949103,0,0,1,Lower-risk active
718521258,0.003597848,0,0,5,Lower-risk active
713138433,0.050549198,0,0,8,Lower-risk active
718819158,0.00062799494,0,0,1,Lower-risk active
718871358,0.00075014913,0,0,1,Lower-risk active
720186258,0.0017302006,0,0,3,Lower-risk active
710197308,0.0019746358,0,0,3,Lower-risk active
817086783,0.13035785,0,0,8,Lower-risk active
749211483,0.020792346,0,0,7,Lower-risk active
789749433,0.000820154,0,0,1,Lower-risk active
715082133,0.003258371,0,0,4,Lower-risk active
714946908,0.0010638777,0,0,2,Lower-risk active
716711433,0.9856161,1,1,10,Dormant high-risk
712429458,0.0018553954,0,0,3,Lower-risk active
708406083,0.0013268889,0,0,2,Lower-risk active
720029508,0.0004710567,0,0,1,Lower-risk active
709227033,0.0018506355,0,0,3,Lower-risk active
720846558,0.989576,1,1,10,Dormant high-risk
716475183,0.0018913507,0,0,3,Lower-risk active
714296358,0.005104006,0,0,5,Lower-risk active
719998233,0.029521136,0,0,7,Lower-risk active
719217483,0.000924915,0,0,2,Lower-risk active
720479058,0.0044992147,0,0,5,Lower-risk active
779192283,0.0028171113,0,0,4,Lower-risk active
716385033,0.00084755284,0,0,2,Lower-risk active
711588708,0.9936759,1,1,10,Dormant high-risk
714492783,0.9884871,1,1,10,Dormant high-risk
709192233,0.9952501,1,1,10,Lower-risk active
797998158,0.0030916943,0,0,4,Lower-risk active
714021183,0.002432427,0,0,4,Lower-risk active
780710433,0.00083939795,0,0,2,Lower-risk active
780068283,0.004321433,0,0,5,Lower-risk active
719930658,0.0015362421,0,0,3,Lower-risk active
755593983,0.0018854343,0,0,3,Lower-risk active
770938533,0.0012606177,0,0,2,Lower-risk active
714121083,0.3394138,0,1,9,Lower-risk active
779210283,0.004993518,0,0,5,Lower-risk active
709739283,0.0017296514,0,0,3,Lower-risk active
716230158,0.0005744765,0,0,1,Lower-risk active
708724908,0.0041093146,0,0,5,Lower-risk active
789025083,0.00026096677,0,0,1,Lower-risk active
713804058,0.0038253267,0,0,5,Lower-risk active
718791708,0.9542878,1,1,9,Contacted but fragile
785529708,0.008916969,0,0,6,Lower-risk active
794528283,0.0038116504,0,0,5,Lower-risk active
794856033,0.003136201,0,0,4,Lower-risk active
712939533,0.0010365631,0,0,2,Lower-risk active
708178608,0.014339712,0,0,7,Lower-risk active
716556258,0.020336019,0,0,7,Lower-risk active
708404883,0.07334818,0,0,8,Lower-risk active
709742958,0.0015542479,0,0,3,Lower-risk active
772695033,0.9395032,1,1,9,Dormant high-risk
714850158,0.00090350927,0,0,2,Lower-risk active
708831858,0.9927114,1,1,10,Dormant high-risk
718076733,0.0042125084,0,0,5,Lower-risk active
714336333,0.0012270737,0,0,2,Lower-risk active
780006783,0.98030454,1,1,10,Lower-risk active
779741883,0.0025720506,0,0,4,Lower-risk active
780657708,0.0068689347,0,0,6,Lower-risk active
771342183,0.9929824,1,1,10,Dormant high-risk
712901283,0.859005,1,1,9,Dormant high-risk
802101858,0.0044927015,0,0,5,Lower-risk active
718473558,0.9673697,1,1,9,Dormant high-risk
743590608,0.0028051587,0,0,4,Lower-risk active
720146733,0.0028111208,0,0,4,Lower-risk active
788252358,0.0008173964,0,0,1,Lower-risk active
717740658,0.0008750311,0,0,2,Lower-risk active
714567708,0.0041603846,0,0,5,Lower-risk active
711208083,0.0015184964,0,0,3,Lower-risk active
709708233,0.9750934,1,1,9,Dormant high-risk
709957158,0.0017455168,0,0,3,Lower-risk active
828288333,0.0021748957,0,0,4,Lower-risk active
709178733,0.9851879,1,1,10,Contacted but fragile
721325133,0.0019957446,0,0,3,Lower-risk active
816606333,0.023229057,0,0,7,Lower-risk active
720454158,0.087025665,0,0,8,Lower-risk active
717444558,0.0007260259,0,0,1,Lower-risk active
816756783,0.001748905,0,0,3,Lower-risk active
715474833,0.0007114893,0,0,1,Lower-risk active
718271958,0.002780741,0,0,4,Lower-risk active
708924783,0.0007599993,0,0,1,Lower-risk active
717669483,0.52435815,1,1,9,Lower-risk active
809360883,0.0038520922,0,0,5,Lower-risk active
717176508,0.0014456166,0,0,3,Lower-risk active
711571383,0.00033050575,0,0,1,Lower-risk active
713444058,0.06442383,0,0,8,Lower-risk active
713253858,0.99877447,1,1,10,Contacted but fragile
719609433,0.0033976585,0,0,4,Lower-risk active
797234508,0.72231895,1,1,9,Contacted but fragile
714537258,0.00088277156,0,0,2,Lower-risk active
793412958,0.00021923521,0,0,1,Lower-risk active
714680208,0.0036655436,0,0,5,Lower-risk active
715240683,0.0044192635,0,0,5,Lower-risk active
803796708,0.99659663,1,1,10,Dormant high-risk
717368208,0.95879406,1,1,9,Contacted but fragile
802662858,0.0014639462,0,0,3,Lower-risk active
780206958,0.0023343384,0,0,4,Lower-risk active
779906658,0.008064608,0,0,6,Lower-risk active
772341783,0.90404916,1,1,9,Contacted but fragile
711491283,0.005454236,0,0,5,Lower-risk active
720211533,0.003952945,0,0,5,Lower-risk active
715409733,0.99905366,1,1,10,Contacted but fragile
710974308,0.007872281,0,0,6,Lower-risk active
715732533,0.4978686,0,1,9,Lower-risk active
713722608,0.92795867,1,1,9,Contacted but fragile
709101258,0.9651871,1,1,9,Lower-risk active
708588408,0.0020342593,0,0,3,Lower-risk active
721427358,0.912906,1,1,9,Contacted but fragile
717099408,0.0015323428,0,0,3,Lower-risk active
715155033,0.0008986566,0,0,2,Lower-risk active
789586833,0.0010040556,0,0,2,Lower-risk active
709338633,0.9840614,1,1,10,Dormant high-risk
714106833,0.006257769,0,0,6,Lower-risk active
741116058,0.57633644,1,1,9,Contacted but fragile
813755658,0.0056050406,0,0,5,Lower-risk active
718855983,0.0068710074,0,0,6,Lower-risk active
711245433,0.9937178,1,1,10,Dormant high-risk
814219008,0.0017944257,0,0,3,Lower-risk active
711916533,0.00044412562,0,0,1,Lower-risk active
715182108,0.0005338256,0,0,1,Lower-risk active
717078933,0.019069983,0,0,7,Lower-risk active
719491233,0.010806311,0,0,6,Lower-risk active
789520533,0.0038595705,0,0,5,Lower-risk active
714738033,0.0020585163,0,0,3,Lower-risk active
718576908,0.0067833522,0,0,6,Lower-risk active
715093383,0.0022143682,0,0,4,Lower-risk active
717195933,0.9977997,1,1,10,Contacted but fragile
747107508,0.00054098736,0,0,1,Lower-risk active
717920583,0.1558131,0,0,8,Lower-risk active
710516283,0.0014528192,0,0,3,Lower-risk active
787593558,0.009718059,0,0,6,Lower-risk active
778747608,0.050176702,0,0,8,Lower-risk active
714431058,0.0016330277,0,0,3,Lower-risk active
708801108,0.99754745,1,1,10,Contacted but fragile
715948833,0.0018937638,0,0,3,Lower-risk active
770667408,0.0016781937,0,0,3,Lower-risk active
823590483,0.0015345513,0,0,3,Lower-risk active
710635083,0.15522406,0,0,8,Lower-risk active
716408058,0.0023109864,0,0,4,Lower-risk active
713803158,0.000614892,0,0,1,Lower-risk active
713593683,0.0022775831,0,0,4,Lower-risk active
709339758,0.0010572562,0,0,2,Lower-risk active
789382758,0.8921623,1,1,9,Dormant high-risk
813427833,0.0026188241,0,0,4,Lower-risk active
717846108,0.0018408983,0,0,3,Lower-risk active
720968583,0.002228113,0,0,4,Lower-risk active
721437333,0.9953542,1,1,10,Mono-product exposed
709134333,0.004219016,0,0,5,Lower-risk active
712630608,0.0029860896,0,0,4,Lower-risk active
712404483,0.012990412,0,0,7,Lower-risk active
717812133,0.0060931453,0,0,6,Lower-risk active
714926508,0.81071943,1,1,9,Dormant high-risk
771474108,0.0069548977,0,0,6,Lower-risk active
709774608,0.007235414,0,0,6,Lower-risk active
718802283,0.009138638,0,0,6,Lower-risk active
711626658,0.999483,1,1,10,Dormant high-risk
789354783,0.00031850472,0,0,1,Lower-risk active
720486408,0.003885126,0,0,5,Lower-risk active
717793983,0.98082906,1,1,10,Dormant high-risk
718582158,0.002343497,0,0,4,Lower-risk active
713127708,0.004815483,0,0,5,Lower-risk active
717112533,0.0003371316,0,0,1,Lower-risk active
713681433,0.0006535293,0,0,1,Lower-risk active
718846008,0.0018330563,0,0,3,Lower-risk active
714119283,0.9934701,1,1,10,Dormant high-risk
713056083,0.0035055631,0,0,4,Lower-risk active
718538958,0.0026427247,0,0,4,Lower-risk active
710353233,0.7868827,1,1,9,Dormant high-risk
713853858,0.11049231,0,0,8,Lower-risk active
710342508,0.0041298773,0,0,5,Lower-risk active
787563858,0.0053723566,0,0,5,Lower-risk active
799239033,0.9989629,1,1,10,Dormant high-risk
710733183,0.0008284931,0,0,2,Lower-risk active
718489608,0.0026813056,0,0,4,Lower-risk active
758824608,0.0027377075,0,0,4,Lower-risk active
780984408,0.007905253,0,0,6,Lower-risk active
814483608,0.9970059,1,1,10,Dormant high-risk
708848208,0.0010185635,0,0,2,Lower-risk active
719713683,0.0045812367,0,0,5,Lower-risk active
715514133,0.9745112,1,1,9,Dormant high-risk
715955208,0.0018330589,0,0,3,Lower-risk active
794707083,0.98686045,1,1,10,Contacted but fragile
805313808,0.9990331,1,1,10,Contacted but fragile
772922883,0.9381461,1,1,9,Dormant high-risk
715716333,0.0011744497,0,0,2,Lower-risk active
714502458,0.001792592,0,0,3,Lower-risk active
712444533,0.0029067874,0,0,4,Lower-risk active
797748708,0.17608821,0,0,8,Lower-risk active
780203883,0.0078003076,0,0,6,Lower-risk active
720616908,0.0015759442,0,0,3,Lower-risk active
817038333,0.0014394857,0,0,3,Lower-risk active
713333433,0.894755,1,1,9,Dormant high-risk
710820783,0.0007031363,0,0,1,Lower-risk active
720338658,0.022913463,0,0,7,Lower-risk active
803938908,0.0038038797,0,0,5,Lower-risk active
787921383,0.96234983,1,1,9,Dormant high-risk
787849833,0.0007246852,0,0,1,Lower-risk active
721143258,0.016469944,0,0,7,Lower-risk active
709335558,0.0023220521,0,0,4,Lower-risk active
806619333,0.004492891,0,0,5,Lower-risk active
719378658,0.0082952455,0,0,6,Lower-risk active
720670458,0.0050654556,0,0,5,Lower-risk active
716955783,0.14116502,0,0,8,Lower-risk active
817970208,0.0071327793,0,0,6,Lower-risk active
708506508,0.00066346553,0,0,1,Lower-risk active
750147483,0.311513,0,1,9,Lower-risk active
715540233,0.00039219394,0,0,1,Lower-risk active
807584958,0.9912458,1,1,10,Contacted but fragile
720686583,0.022595255,0,0,7,Lower-risk active
820637433,0.014215101,0,0,7,Lower-risk active
716346183,0.0034359249,0,0,4,Lower-risk active
715405758,0.9848408,1,1,10,Contacted but fragile
710094108,0.0014574461,0,0,3,Lower-risk active
713168733,0.09713773,0,0,8,Lower-risk active
708614058,0.0033697737,0,0,4,Lower-risk active
718088133,0.00032593388,0,0,1,Lower-risk active
720614658,0.00085976644,0,0,2,Lower-risk active
716695533,0.0017601419,0,0,3,Lower-risk active
717091533,0.000737735,0,0,1,Lower-risk active
713231658,0.19412814,0,0,8,Lower-risk active
715675458,0.001065026,0,0,2,Lower-risk active
712463883,0.0017835948,0,0,3,Lower-risk active
708489258,0.0028668395,0,0,4,Lower-risk active
708403308,0.0018389873,0,0,3,Lower-risk active
769684158,0.0017987646,0,0,3,Lower-risk active
710349258,0.0018914975,0,0,3,Lower-risk active
713940033,0.0003439757,0,0,1,Lower-risk active
713482608,0.0002904822,0,0,1,Lower-risk active
714571008,0.004699369,0,0,5,Lower-risk active
715354008,0.0016148839,0,0,3,Lower-risk active
819363708,0.0034030508,0,0,4,Lower-risk active
712014708,0.00027212113,0,0,1,Lower-risk active
788717358,0.0017053433,0,0,3,Lower-risk active
710413533,0.034370977,0,0,7,Lower-risk active
718515483,0.9639652,1,1,9,Dormant high-risk
715059258,0.0011334157,0,0,2,Lower-risk active
713852958,0.0015984436,0,0,3,Lower-risk active
767835558,0.005005713,0,0,5,Lower-risk active
721531683,0.0012092498,0,0,2,Lower-risk active
720660558,0.0037015176,0,0,5,Lower-risk active
814845933,0.0049195006,0,0,5,Lower-risk active
773155533,0.0018276741,0,0,3,Lower-risk active
711199908,0.0012920322,0,0,2,Lower-risk active
721398858,0.004354999,0,0,5,Lower-risk active
715664808,0.9761313,1,1,10,Dormant high-risk
715500558,0.00031971646,0,0,1,Lower-risk active
719239158,0.008281575,0,0,6,Lower-risk active
820633833,0.0019856081,0,0,3,Lower-risk active
720551733,0.99856573,1,1,10,Dormant high-risk
718487958,0.00044398702,0,0,1,Lower-risk active
710533233,0.9914259,1,1,10,Dormant high-risk
778878633,0.002691654,0,0,4,Lower-risk active
720197058,0.99893016,1,1,10,Dormant high-risk
716317458,0.98617065,1,1,10,Dormant high-risk
718569258,0.002787778,0,0,4,Lower-risk active
711649908,0.0036471356,0,0,5,Lower-risk active
720879708,0.023077473,0,0,7,Lower-risk active
815761908,0.00505667,0,0,5,Lower-risk active
711850533,0.0047207056,0,0,5,Lower-risk active
721028283,0.0010325364,0,0,2,Lower-risk active
710763783,0.070499904,0,0,8,Lower-risk active
720432858,0.0016350565,0,0,3,Lower-risk active
772525308,0.009278567,0,0,6,Lower-risk active
767354208,0.0054625273,0,0,5,Lower-risk active
715670058,0.002169086,0,0,4,Lower-risk active
713856708,0.002388278,0,0,4,Lower-risk active
758086458,0.05245262,0,0,8,Lower-risk active
717035283,0.9925218,1,1,10,Dormant high-risk
709604958,0.0041165375,0,0,5,Lower-risk active
714931458,0.0022521045,0,0,4,Lower-risk active
711047658,0.00079157,0,0,1,Lower-risk active
718110858,0.9992343,1,1,10,Dormant high-risk
716385858,0.0011261808,0,0,2,Lower-risk active
708812133,0.00049774745,0,0,1,Lower-risk active
787655058,0.00095500005,0,0,2,Lower-risk active
803113383,0.9911142,1,1,10,Dormant high-risk
721273008,0.7897972,1,1,9,Dormant high-risk
715762083,0.75188303,1,1,9,Dormant high-risk
711629733,0.0059323735,0,0,6,Lower-risk active
718410258,0.0024694214,0,0,4,Lower-risk active
719745558,0.0042240256,0,0,5,Lower-risk active
820282383,0.97203505,1,1,9,Dormant high-risk
793543758,0.0016356029,0,0,3,Lower-risk active
778224858,0.0013859484,0,0,3,Lower-risk active
712555233,0.40707898,0,1,9,Lower-risk active
718516533,0.00095731445,0,0,2,Lower-risk active
708923658,0.0004427862,0,0,1,Lower-risk active
717708783,0.0024018097,0,0,4,Lower-risk active
780688383,0.03470817,0,0,7,Lower-risk active
718821783,0.002674364,0,0,4,Lower-risk active
718163808,0.014015522,0,0,7,Lower-risk active
712693908,0.92441607,1,1,9,Dormant high-risk
711286533,0.073363654,0,0,8,Lower-risk active
711655683,0.03901236,0,0,7,Lower-risk active
718188858,0.0007097235,0,0,1,Lower-risk active
718514283,0.003948892,0,0,5,Lower-risk active
708642708,0.87563175,1,1,9,Contacted but fragile
811475733,0.99671966,1,1,10,Contacted but fragile
712089108,0.0046478007,0,0,5,Lower-risk active
710761533,0.0009680815,0,0,2,Lower-risk active
714963558,0.0050104368,0,0,5,Lower-risk active
714834258,0.00084820477,0,0,2,Lower-risk active
713788083,0.9864898,1,1,10,Contacted but fragile
719583558,0.012567186,0,0,6,Lower-risk active
744705408,0.004813077,0,0,5,Lower-risk active
713240133,0.2131317,0,0,8,Lower-risk active
815015283,0.0046300963,0,0,5,Lower-risk active
718072758,0.0051821726,0,0,5,Lower-risk active
709127808,0.004576403,0,0,5,Lower-risk active
715080258,0.003339607,0,0,4,Lower-risk active
709567758,0.00097200525,0,0,2,Lower-risk active
780067158,0.9601754,1,1,9,Dormant high-risk
715357308,0.0016350377,0,0,3,Lower-risk active
720559908,0.052206654,0,0,8,Lower-risk active
720339558,0.0012497553,0,0,2,Lower-risk active
809599158,0.9834293,1,1,10,Dormant high-risk
793269933,0.0062792804,0,0,6,Lower-risk active
809978733,0.0013460175,0,0,2,Lower-risk active
788996058,0.002293899,0,0,4,Lower-risk active
712575708,0.00041410897,0,0,1,Lower-risk active
789625383,0.01086486,0,0,6,Lower-risk active
719730258,0.0025277077,0,0,4,Lower-risk active
793717608,0.00010599104,0,0,1,Lower-risk active
709798908,0.9969478,1,1,10,Dormant high-risk
716077458,0.0029259487,0,0,4,Lower-risk active
813435108,0.0024471544,0,0,4,Lower-risk active
708084558,0.83896863,1,1,9,Dormant high-risk
719880408,0.03172638,0,0,7,Lower-risk active
719343633,0.0010683317,0,0,2,Lower-risk active
718711158,0.9943492,1,1,10,Contacted but fragile
717443658,0.0012731368,0,0,2,Lower-risk active
715976433,0.0013994956,0,0,3,Lower-risk active
719038008,0.94132835,1,1,9,Lower-risk active
709143183,0.97803706,1,1,10,Contacted but fragile
710186958,0.001167499,0,0,2,Lower-risk active
709274583,0.00047818967,0,0,1,Lower-risk active
816864483,0.0012774732,0,0,2,Lower-risk active
708271833,0.0047539994,0,0,5,Lower-risk active
821759658,0.84292406,1,1,9,Contacted but fragile
820920408,0.09436344,0,0,8,Lower-risk active
718403358,0.02329342,0,0,7,Lower-risk active
713476758,0.000586696,0,0,1,Lower-risk active
720690933,0.0009800778,0,0,2,Lower-risk active
719252583,0.0008133108,0,0,1,Lower-risk active
712783083,0.9985643,1,1,10,Contacted but fragile
771204108,0.00088524044,0,0,2,Lower-risk active
817247658,0.0025279736,0,0,4,Lower-risk active
821749608,0.9513808,1,1,9,Dormant high-risk
714389883,0.0012109661,0,0,2,Lower-risk active
713648208,0.003097467,0,0,4,Lower-risk active
826261008,0.9819328,1,1,10,Dormant high-risk
824163333,0.008675449,0,0,6,Lower-risk active
709444983,0.96179193,1,1,9,Contacted but fragile
711154908,0.0022857036,0,0,4,Lower-risk active
769575783,0.993455,1,1,10,Dormant high-risk
720334833,0.00035061603,0,0,1,Lower-risk active
709563258,0.99732566,1,1,10,Dormant high-risk
708205083,0.0017427233,0,0,3,Lower-risk active
715276683,0.07926368,0,0,8,Lower-risk active
721254858,0.0011222761,0,0,2,Lower-risk active
712257258,0.85800976,1,1,9,Contacted but fragile
789616158,0.065213755,0,0,8,Lower-risk active
708773583,0.0010265587,0,0,2,Lower-risk active
711110733,0.0027502992,0,0,4,Lower-risk active
714043008,0.0029338454,0,0,4,Lower-risk active
780602733,0.0051360773,0,0,5,Lower-risk active
823557333,0.0034942098,0,0,4,Lower-risk active
772825308,0.0052739964,0,0,5,Lower-risk active
713251008,0.0076551493,0,0,6,Lower-risk active
711175083,0.012446793,0,0,6,Lower-risk active
756477333,0.015182017,0,0,7,Lower-risk active
712294983,0.00029997135,0,0,1,Lower-risk active
717023508,0.00040674812,0,0,1,Lower-risk active
709869708,0.0012479388,0,0,2,Lower-risk active
772133808,0.0012572651,0,0,2,Lower-risk active
768196008,0.040634323,0,0,7,Lower-risk active
708916083,0.99295276,1,1,10,Contacted but fragile
789526458,0.0045870417,0,0,5,Lower-risk active
716079708,0.00646776,0,0,6,Lower-risk active
720087708,0.007213086,0,0,6,Lower-risk active
714259533,0.0010585851,0,0,2,Lower-risk active
714691683,0.006431761,0,0,6,Lower-risk active
768420558,0.005930448,0,0,6,Lower-risk active
778364583,0.6684609,1,1,9,Contacted but fragile
719186433,0.0006695677,0,0,1,Lower-risk active
719951208,0.0042549283,0,0,5,Lower-risk active
720182658,0.0025976114,0,0,4,Lower-risk active
789022233,0.0026511033,0,0,4,Lower-risk active
778353183,0.0015214137,0,0,3,Lower-risk active
713789883,0.00053837826,0,0,1,Lower-risk active
773018583,0.0009774142,0,0,2,Lower-risk active
771354633,0.0035730868,0,0,5,Lower-risk active
717308433,0.99705815,1,1,10,Dormant high-risk
712271958,0.0013850677,0,0,3,Lower-risk active
716736858,0.0046316655,0,0,5,Lower-risk active
713796033,0.93228376,1,1,9,Dormant high-risk
710812533,0.9595048,1,1,9,Contacted but fragile
782555058,0.00048532468,0,0,1,Lower-risk active
714864333,0.16492255,0,0,8,Lower-risk active
787918158,0.0019055977,0,0,3,Lower-risk active
779070033,0.15498061,0,0,8,Lower-risk active
789945933,0.011577984,0,0,6,Lower-risk active
720810783,0.97393143,1,1,9,Dormant high-risk
715627833,0.0004529864,0,0,1,Lower-risk active
809538783,0.0012576148,0,0,2,Lower-risk active
715987758,0.92986566,1,1,9,Lower-risk active
711967158,0.00034562845,0,0,1,Lower-risk active
712325433,0.000684187,0,0,1,Lower-risk active
716470683,0.00046909993,0,0,1,Lower-risk active
713289183,0.0008253798,0,0,1,Lower-risk active
711549408,0.00040020057,0,0,1,Lower-risk active
709523508,0.002335656,0,0,4,Lower-risk active
717578358,0.0004390941,0,0,1,Lower-risk active
711673983,0.00028803165,0,0,1,Lower-risk active
713388108,0.9788132,1,1,10,Contacted but fragile
715679733,0.0038259537,0,0,5,Lower-risk active
779694183,0.0014655162,0,0,3,Lower-risk active
788544108,0.00060623226,0,0,1,Lower-risk active
715583283,0.004021802,0,0,5,Lower-risk active
719917233,0.85505074,1,1,9,Dormant high-risk
717103758,0.90305775,1,1,9,Lower-risk active
714621183,0.002578476,0,0,4,Lower-risk active
721365033,0.9774336,1,1,10,Contacted but fragile
712999008,0.00053659134,0,0,1,Lower-risk active
780790008,0.0077412394,0,0,6,Lower-risk active
779499933,0.00018502434,0,0,1,Lower-risk active
717200508,0.00069844665,0,0,1,Lower-risk active
716995083,0.0038267423,0,0,5,Lower-risk active
718137183,0.0072816457,0,0,6,Lower-risk active
787507833,0.0094468985,0,0,6,Lower-risk active
810974958,0.949342,1,1,9,Dormant high-risk
717967833,0.00013595828,0,0,1,Lower-risk active
712267983,0.9791556,1,1,10,Dormant high-risk
717376758,0.0012213652,0,0,2,Lower-risk active
718250883,0.8610064,1,1,9,Dormant high-risk
717491058,0.05799757,0,0,8,Lower-risk active
802243458,0.9030336,1,1,9,Dormant high-risk
714485508,0.0011356237,0,0,2,Lower-risk active
711377808,0.0015113213,0,0,3,Lower-risk active
718565733,0.0025514548,0,0,4,Lower-risk active
712723608,0.0025699646,0,0,4,Lower-risk active
789948408,0.02025848,0,0,7,Lower-risk active
734909358,0.0003175436,0,0,1,Lower-risk active
719267283,0.00047952618,0,0,1,Lower-risk active
780684933,0.0030007828,0,0,4,Lower-risk active
720330558,0.9675615,1,1,9,Contacted but fragile
720784833,0.98597175,1,1,10,Dormant high-risk
789059958,0.0025099493,0,0,4,Lower-risk active
797138883,0.0011708032,0,0,2,Lower-risk active
721448283,0.96634936,1,1,9,Dormant high-risk
710552733,0.99877375,1,1,10,Dormant high-risk
742778358,0.0014619958,0,0,3,Lower-risk active
713933658,0.0045169657,0,0,5,Lower-risk active
788142483,0.004104252,0,0,5,Lower-risk active
789705408,0.026155174,0,0,7,Lower-risk active
780378633,0.003066513,0,0,4,Lower-risk active
817422408,0.0007561871,0,0,1,Lower-risk active
781297983,0.0006897571,0,0,1,Lower-risk active
710671608,0.004884416,0,0,5,Lower-risk active
719967708,0.0013081614,0,0,2,Lower-risk active
711879633,0.0006709676,0,0,1,Lower-risk active
716444733,0.0034506856,0,0,4,Lower-risk active
718460958,0.0017829413,0,0,3,Lower-risk active
789953733,0.00050319143,0,0,1,Lower-risk active
770278833,0.00045043213,0,0,1,Lower-risk active
787291308,0.0023526507,0,0,4,Lower-risk active
710644158,0.001591051,0,0,3,Lower-risk active
717095733,0.0041107726,0,0,5,Lower-risk active
813338733,0.0016022858,0,0,3,Lower-risk active
787536933,0.0023543,0,0,4,Lower-risk active
714384783,0.9933843,1,1,10,Dormant high-risk
713847858,0.9972492,1,1,10,Dormant high-risk
809809008,0.0018939449,0,0,3,Lower-risk active
719446833,0.00080747553,0,0,1,Lower-risk active
720570333,0.00062717614,0,0,1,Lower-risk active
815308683,0.02118582,0,0,7,Lower-risk active
810875958,0.9994449,1,1,10,Dormant high-risk
717775608,0.00045492742,0,0,1,Lower-risk active
718766058,0.9969771,1,1,10,Mono-product exposed
710656683,0.0039818822,0,0,5,Lower-risk active
768390708,0.0014894508,0,0,3,Lower-risk active
713263758,0.0009746584,0,0,2,Lower-risk active
754564308,0.003790143,0,0,5,Lower-risk active
827890758,0.0019852652,0,0,3,Lower-risk active
779945508,0.00081273983,0,0,1,Lower-risk active
720807183,0.004048908,0,0,5,Lower-risk active
709309308,0.9938858,1,1,10,Dormant high-risk
715844733,0.0050177756,0,0,5,Lower-risk active
712332183,0.0005048321,0,0,1,Lower-risk active
790123983,0.0007900313,0,0,1,Lower-risk active
711721458,0.9913965,1,1,10,Lower-risk active
716860233,0.00040585574,0,0,1,Lower-risk active
714678408,0.0009918478,0,0,2,Lower-risk active
708798483,0.9981888,1,1,10,Dormant high-risk
708501783,0.9472377,1,1,9,Contacted but fragile
713645883,0.00047773137,0,0,1,Lower-risk active
718622658,0.0007480957,0,0,1,Lower-risk active
710641008,0.87712413,1,1,9,Dormant high-risk
718547358,0.0028735376,0,0,4,Lower-risk active
716177583,0.0011893156,0,0,2,Lower-risk active
713417433,0.0019433959,0,0,3,Lower-risk active
713043183,0.0007980053,0,0,1,Lower-risk active
719328858,0.99426067,1,1,10,Contacted but fragile
718501983,0.0007322057,0,0,1,Lower-risk active
803800533,0.42877853,0,1,9,Lower-risk active
771790083,0.0036427993,0,0,5,Lower-risk active
712817808,0.011868926,0,0,6,Lower-risk active
811697958,0.0012792465,0,0,2,Lower-risk active
817089408,0.0012850962,0,0,2,Lower-risk active
803406558,0.00057773205,0,0,1,Lower-risk active
717297708,0.0019285447,0,0,3,Lower-risk active
808756458,0.0013560886,0,0,2,Lower-risk active
718352358,0.99777585,1,1,10,Dormant high-risk
780638958,0.0008320533,0,0,2,Lower-risk active
721026033,0.06240983,0,0,8,Lower-risk active
719894433,0.97379524,1,1,9,Contacted but fragile
812493033,0.014109599,0,0,7,Lower-risk active
718256658,0.005966536,0,0,6,Lower-risk active
711421233,0.0039837114,0,0,5,Lower-risk active
710335983,0.0020174475,0,0,3,Lower-risk active
720108783,0.007145512,0,0,6,Lower-risk active
818259558,0.0007465463,0,0,1,Lower-risk active
708511983,0.0018992,0,0,3,Lower-risk active
708838908,0.013330905,0,0,7,Lower-risk active
778720533,0.99008614,1,1,10,Contacted but fragile
793015083,0.0014508857,0,0,3,Lower-risk active
821336133,0.007435316,0,0,6,Lower-risk active
713905608,0.012106264,0,0,6,Lower-risk active
779164608,0.0014740222,0,0,3,Lower-risk active
714835833,0.0047226083,0,0,5,Lower-risk active
823863033,0.00269364,0,0,4,Lower-risk active
713321508,0.00030863896,0,0,1,Lower-risk active
708992733,0.00083822856,0,0,2,Lower-risk active
709488108,0.96624225,1,1,9,Contacted but fragile
716094333,0.027658444,0,0,7,Lower-risk active
778567983,0.00054216664,0,0,1,Lower-risk active
712178883,0.0010814319,0,0,2,Lower-risk active
717490008,0.020007575,0,0,7,Lower-risk active
718282983,0.003502192,0,0,4,Lower-risk active
747208083,0.003570292,0,0,5,Lower-risk active
820276908,0.9962682,1,1,10,Dormant high-risk
719960133,0.0037509527,0,0,5,Lower-risk active
711062958,0.034349576,0,0,7,Lower-risk active
714917583,0.0007319036,0,0,1,Lower-risk active
767256933,0.0026045325,0,0,4,Lower-risk active
712568358,0.016158497,0,0,7,Lower-risk active
789182358,0.000486042,0,0,1,Lower-risk active
716989683,0.0052391742,0,0,5,Lower-risk active
827968383,0.0054928786,0,0,5,Lower-risk active
819647358,0.9841868,1,1,10,Dormant high-risk
788966958,0.00082638283,0,0,1,Lower-risk active
789502308,0.9956975,1,1,10,Dormant high-risk
756458508,0.0038104155,0,0,5,Lower-risk active
714643983,0.0022210176,0,0,4,Lower-risk active
711606558,0.0014150497,0,0,3,Lower-risk active
824155458,0.0008550769,0,0,2,Lower-risk active
710445183,0.016460476,0,0,7,Lower-risk active
802834158,0.4831482,0,1,9,Lower-risk active
712038258,0.9668376,1,1,9,Dormant high-risk
712864683,0.99933285,1,1,10,Dormant high-risk
813971283,0.00071775133,0,0,1,Lower-risk active
764211033,0.0014621217,0,0,3,Lower-risk active
721424583,0.0014087926,0,0,3,Lower-risk active
713886333,0.9922185,1,1,10,Dormant high-risk
711741708,0.99256855,1,1,10,Contacted but fragile
794217108,0.002469822,0,0,4,Lower-risk active
715339758,0.004334806,0,0,5,Lower-risk active
709610283,0.008534201,0,0,6,Lower-risk active
714575208,0.0020446875,0,0,3,Lower-risk active
716758908,0.0024315154,0,0,4,Lower-risk active
778915233,0.99215055,1,1,10,Contacted but fragile
789466008,0.0046218997,0,0,5,Lower-risk active
716635758,0.010415439,0,0,6,Lower-risk active
771819258,0.0012052653,0,0,2,Lower-risk active
713451408,0.001108851,0,0,2,Lower-risk active
780146658,0.9250792,1,1,9,Contacted but fragile
711675108,0.0025456534,0,0,4,Lower-risk active
755467683,0.9892642,1,1,10,Contacted but fragile
792864858,0.35658205,0,1,9,Lower-risk active
713009208,0.0020267572,0,0,3,Lower-risk active
772231233,0.0010019233,0,0,2,Lower-risk active
720510333,0.0005507948,0,0,1,Lower-risk active
780199233,0.0003212417,0,0,1,Lower-risk active
711700158,0.008440174,0,0,6,Lower-risk active
788275083,0.002907028,0,0,4,Lower-risk active
708804633,0.9986167,1,1,10,Mono-product exposed
714479358,0.97360396,1,1,9,Dormant high-risk
711406758,0.0017739994,0,0,3,Lower-risk active
821424483,0.015975118,0,0,7,Lower-risk active
769438608,0.99231285,1,1,10,Dormant high-risk
822068583,0.055617798,0,0,8,Lower-risk active
711371208,0.007019818,0,0,6,Lower-risk active
788832033,0.007854157,0,0,6,Lower-risk active
713452533,0.0058012726,0,0,5,Lower-risk active
720212508,0.00207873,0,0,3,Lower-risk active
717825033,0.0032475544,0,0,4,Lower-risk active
779926608,0.0035287063,0,0,5,Lower-risk active
713608383,0.9872388,1,1,10,Contacted but fragile
710125608,0.0035779472,0,0,5,Lower-risk active
712724733,0.0007500677,0,0,1,Lower-risk active
718286658,0.0020638166,0,0,3,Lower-risk active
714195108,0.0020207085,0,0,3,Lower-risk active
720867708,0.9925845,1,1,10,Dormant high-risk
752573508,0.0017347082,0,0,3,Lower-risk active
768661758,0.00108254,0,0,2,Lower-risk active
721126833,0.9916698,1,1,10,Contacted but fragile
716093133,0.0064310087,0,0,6,Lower-risk active
771092433,0.006543284,0,0,6,Lower-risk active
712807758,0.99652845,1,1,10,Dormant high-risk
721514883,0.0009796461,0,0,2,Lower-risk active
824140908,0.9213246,1,1,9,Dormant high-risk
712971708,0.0040466934,0,0,5,Lower-risk active
716471508,0.0009502165,0,0,2,Lower-risk active
782548758,0.0022657176,0,0,4,Lower-risk active
720444408,0.9830973,1,1,10,Contacted but fragile
717389433,0.004028374,0,0,5,Lower-risk active
714292533,0.0013735619,0,0,3,Lower-risk active
709585758,0.0012936539,0,0,2,Lower-risk active
712096758,0.0009058551,0,0,2,Lower-risk active
811463283,0.034077965,0,0,7,Lower-risk active
789358908,0.99556255,1,1,10,Lower-risk active
718146258,0.0055854707,0,0,5,Lower-risk active
710779083,0.0024799223,0,0,4,Lower-risk active
709166883,0.0026423214,0,0,4,Lower-risk active
712554183,0.0034818437,0,0,4,Lower-risk active
721315233,0.0033909339,0,0,4,Lower-risk active
714766383,0.0006717328,0,0,1,Lower-risk active
797491683,0.9679956,1,1,9,Contacted but fragile
714157908,0.0005402824,0,0,1,Lower-risk active
714588408,0.0073779784,0,0,6,Lower-risk active
719627133,0.049834523,0,0,8,Lower-risk active
714125883,0.001054575,0,0,2,Lower-risk active
712865583,0.0043493025,0,0,5,Lower-risk active
779363283,0.0019594475,0,0,3,Lower-risk active
779224758,0.0012959637,0,0,2,Lower-risk active
718775808,0.0005773913,0,0,1,Lower-risk active
710267583,0.001434389,0,0,3,Lower-risk active
711305208,0.010271074,0,0,6,Lower-risk active
717531483,0.001443123,0,0,3,Lower-risk active
709170108,0.9745315,1,1,9,Contacted but fragile
716056158,0.9806661,1,1,10,Dormant high-risk
711326583,0.0347019,0,0,7,Lower-risk active
715406658,0.99240077,1,1,10,Lower-risk active
712814658,0.00033126917,0,0,1,Lower-risk active
773228133,0.98695695,1,1,10,Lower-risk active
710453283,0.0013023453,0,0,2,Lower-risk active
795266208,0.0017889896,0,0,3,Lower-risk active
779090883,0.001084215,0,0,2,Lower-risk active
712309758,0.0011034644,0,0,2,Lower-risk active
716625033,0.99708337,1,1,10,Dormant high-risk
790112133,0.0010597435,0,0,2,Lower-risk active
797238108,0.00091902114,0,0,2,Lower-risk active
716782758,0.9731731,1,1,9,Contacted but fragile
715588008,0.2651037,0,0,9,Lower-risk active
713977308,0.002377125,0,0,4,Lower-risk active
719059083,0.00057142245,0,0,1,Lower-risk active
708797583,0.9915154,1,1,10,Dormant high-risk
708809283,0.9991117,1,1,10,Dormant high-risk
771529608,0.025097638,0,0,7,Lower-risk active
715776033,0.0038415636,0,0,5,Lower-risk active
778619358,0.0005385071,0,0,1,Lower-risk active
715717608,0.0077157994,0,0,6,Lower-risk active
789204933,0.004049002,0,0,5,Lower-risk active
711100608,0.9585554,1,1,9,Lower-risk active
713591283,0.0003677478,0,0,1,Lower-risk active
719344608,0.00095273176,0,0,2,Lower-risk active
787659483,0.007898068,0,0,6,Lower-risk active
822948708,0.03457453,0,0,7,Lower-risk active
710080383,0.002232748,0,0,4,Lower-risk active
715596783,0.0007285654,0,0,1,Lower-risk active
798773208,0.002257596,0,0,4,Lower-risk active
768624258,0.99787045,1,1,10,Mono-product exposed
721412208,0.00048068928,0,0,1,Lower-risk active
708129933,0.004638994,0,0,5,Lower-risk active
719703483,0.0019866724,0,0,3,Lower-risk active
708290208,0.0036862867,0,0,5,Lower-risk active
710431158,0.00080970884,0,0,1,Lower-risk active
816528333,0.014929662,0,0,7,Lower-risk active
778760808,0.09708814,0,0,8,Lower-risk active
718025808,0.032283995,0,0,7,Lower-risk active
815860008,0.0014759254,0,0,3,Lower-risk active
780126033,0.3162925,0,1,9,Lower-risk active
720135333,0.018423826,0,0,7,Lower-risk active
719174433,0.9924711,1,1,10,Mono-product exposed
821521983,0.00070415594,0,0,1,Lower-risk active
716961933,0.002495264,0,0,4,Lower-risk active
712834533,0.0012416407,0,0,2,Lower-risk active
710544033,0.00056912977,0,0,1,Lower-risk active
710622333,0.0029336095,0,0,4,Lower-risk active
714277758,0.0007928632,0,0,1,Lower-risk active
713166333,0.0020094507,0,0,3,Lower-risk active
714346608,0.97654086,1,1,10,Contacted but fragile
778284783,0.0045948885,0,0,5,Lower-risk active
714721608,0.0005048241,0,0,1,Lower-risk active
716453883,0.010386123,0,0,6,Lower-risk active
713876958,0.0014664766,0,0,3,Lower-risk active
794967408,0.0015362266,0,0,3,Lower-risk active
798481383,0.96821445,1,1,9,Lower-risk active
718697583,0.0014337861,0,0,3,Lower-risk active
711799458,0.00022632495,0,0,1,Lower-risk active
823904133,0.9946031,1,1,10,Contacted but fragile
718005108,0.00070245884,0,0,1,Lower-risk active
717877533,0.0014140004,0,0,3,Lower-risk active
711883833,0.00037932055,0,0,1,Lower-risk active
711646908,0.99723756,1,1,10,Contacted but fragile
718171308,0.98770744,1,1,10,Dormant high-risk
709627983,0.000990373,0,0,2,Lower-risk active
716580933,0.004252311,0,0,5,Lower-risk active
713600958,0.002933084,0,0,4,Lower-risk active
772248408,0.004681667,0,0,5,Lower-risk active
720196158,0.008791516,0,0,6,Lower-risk active
770024733,0.9985928,1,1,10,Contacted but fragile
710912733,0.00037686274,0,0,1,Lower-risk active
712860858,0.025414923,0,0,7,Lower-risk active
708702258,0.9775318,1,1,10,Lower-risk active
797169633,0.43426898,0,1,9,Lower-risk active
709922508,0.0016059416,0,0,3,Lower-risk active
712802733,0.011749561,0,0,6,Lower-risk active
716981358,0.003258041,0,0,4,Lower-risk active
758787333,0.0055697663,0,0,5,Lower-risk active
720519333,0.9919316,1,1,10,Dormant high-risk
717387933,0.028519925,0,0,7,Lower-risk active
738195708,0.015220236,0,0,7,Lower-risk active
708560733,0.0076668435,0,0,6,Lower-risk active
717001908,0.98932123,1,1,10,Lower-risk active
768972558,0.00557992,0,0,5,Lower-risk active
716899233,0.0022851806,0,0,4,Lower-risk active
715567608,0.0024491502,0,0,4,Lower-risk active
713264583,0.003190479,0,0,4,Lower-risk active
716769783,0.0015745725,0,0,3,Lower-risk active
719564208,0.8829487,1,1,9,Lower-risk active
716680983,0.0017393718,0,0,3,Lower-risk active
715719033,0.005345991,0,0,5,Lower-risk active
713229633,0.98593754,1,1,10,Contacted but fragile
788246958,0.0007697411,0,0,1,Lower-risk active
720419358,0.0010322212,0,0,2,Lower-risk active
772545858,0.0034653412,0,0,4,Lower-risk active
771431133,0.004038994,0,0,5,Lower-risk active
717800358,0.0045994404,0,0,5,Lower-risk active
798041508,0.99774075,1,1,10,Dormant high-risk
710626758,0.005870153,0,0,6,Lower-risk active
718982058,0.0013044433,0,0,2,Lower-risk active
791822733,0.0008982359,0,0,2,Lower-risk active
718762308,0.007053692,0,0,6,Lower-risk active
716841783,0.0030531366,0,0,4,Lower-risk active
794524833,0.0012321168,0,0,2,Lower-risk active
721359183,0.0008126756,0,0,1,Lower-risk active
715014633,0.87609,1,1,9,Dormant high-risk
714372333,0.9594935,1,1,9,Dormant high-risk
766946058,0.002593085,0,0,4,Lower-risk active
708549033,0.002686006,0,0,4,Lower-risk active
708378108,0.0019163978,0,0,3,Lower-risk active
826168083,0.0019849658,0,0,3,Lower-risk active
779320008,0.9855725,1,1,10,Dormant high-risk
715312158,0.010050466,0,0,6,Lower-risk active
711688983,0.0055660596,0,0,5,Lower-risk active
714393708,0.006018859,0,0,6,Lower-risk active
789477483,0.0010456572,0,0,2,Lower-risk active
712481733,0.00096799986,0,0,2,Lower-risk active
713153733,0.9563087,1,1,9,Dormant high-risk
780201633,0.49876544,0,1,9,Lower-risk active
709285683,0.0052972496,0,0,5,Lower-risk active
789823383,0.0034944057,0,0,4,Lower-risk active
709980783,0.00152684,0,0,3,Lower-risk active
772054458,0.0014847182,0,0,3,Lower-risk active
788095158,0.996265,1,1,10,Dormant high-risk
717045033,0.0007772756,0,0,1,Lower-risk active
710503308,0.000734869,0,0,1,Lower-risk active
757167633,0.0017545017,0,0,3,Lower-risk active
779739783,0.0009562247,0,0,2,Lower-risk active
758653833,0.0018308426,0,0,3,Lower-risk active
771288258,0.005609877,0,0,5,Lower-risk active
716855058,0.9959705,1,1,10,Contacted but fragile
708433683,0.0008598177,0,0,2,Lower-risk active
713175483,0.0031962441,0,0,4,Lower-risk active
709500183,0.9989128,1,1,10,Dormant high-risk
789238683,0.0012880248,0,0,2,Lower-risk active
710502258,0.0025264781,0,0,4,Lower-risk active
715445058,0.9851,1,1,10,Dormant high-risk
719464758,0.0010148697,0,0,2,Lower-risk active
708442158,0.0020534543,0,0,3,Lower-risk active
718524783,0.9997179,1,1,10,Dormant high-risk
717093858,0.004936636,0,0,5,Lower-risk active
711654558,0.0021718307,0,0,4,Lower-risk active
718924983,0.0013966231,0,0,3,Lower-risk active
717463608,0.0004900659,0,0,1,Lower-risk active
715779333,0.009623322,0,0,6,Lower-risk active
708117933,0.9983126,1,1,10,Contacted but fragile
789563658,0.30650634,0,1,9,Lower-risk active
709239483,0.00070992747,0,0,1,Lower-risk active
766456683,0.00029174448,0,0,1,Lower-risk active
779703258,0.009007174,0,0,6,Lower-risk active
709719333,0.0017518187,0,0,3,Lower-risk active
717016833,0.003237614,0,0,4,Lower-risk active
711017433,0.006506384,0,0,6,Lower-risk active
712777233,0.99565685,1,1,10,Dormant high-risk
712706058,0.9977944,1,1,10,Contacted but fragile
720905133,0.9951538,1,1,10,Contacted but fragile
712947333,0.9079645,1,1,9,Dormant high-risk
806995683,0.34875908,0,1,9,Lower-risk active
720575058,0.0007764372,0,0,1,Lower-risk active
770828358,0.31294164,0,1,9,Lower-risk active
721361433,0.0007938789,0,0,1,Lower-risk active
770268933,0.0048029236,0,0,5,Lower-risk active
789209283,0.0005679982,0,0,1,Lower-risk active
716204883,0.0023656704,0,0,4,Lower-risk active
715506258,0.00063513767,0,0,1,Lower-risk active
711871758,0.9959428,1,1,10,Contacted but fragile
772655733,0.0013480091,0,0,2,Lower-risk active
719519058,0.98508346,1,1,10,Contacted but fragile
716873733,0.95718944,1,1,9,Dormant high-risk
780383358,0.0003709746,0,0,1,Lower-risk active
718522308,0.0006794565,0,0,1,Lower-risk active
716308683,0.0019933765,0,0,3,Lower-risk active
719056833,0.0020601244,0,0,3,Lower-risk active
712303908,0.00093833095,0,0,2,Lower-risk active
715572783,0.00066201,0,0,1,Lower-risk active
713641233,0.004491829,0,0,5,Lower-risk active
712854633,0.33021864,0,1,9,Lower-risk active
779340183,0.0028418177,0,0,4,Lower-risk active
771952683,0.007756751,0,0,6,Lower-risk active
716639058,0.3907619,0,1,9,Lower-risk active
779027733,0.13721466,0,0,8,Lower-risk active
713368833,0.003814927,0,0,5,Lower-risk active
713926308,0.011598477,0,0,6,Lower-risk active
720206658,0.95447576,1,1,9,Contacted but fragile
708720558,0.0071583684,0,0,6,Lower-risk active
713857758,0.97814834,1,1,10,Dormant high-risk
711255858,0.0015518442,0,0,3,Lower-risk active
798717783,0.0039507677,0,0,5,Lower-risk active
710674533,0.8598851,1,1,9,Dormant high-risk
718642458,0.0003151745,0,0,1,Lower-risk active
709788783,0.011560475,0,0,6,Lower-risk active
752199183,0.0020672528,0,0,3,Lower-risk active
789707433,0.005544935,0,0,5,Lower-risk active
717448383,0.9986517,1,1,10,Contacted but fragile
779468808,0.0019265494,0,0,3,Lower-risk active
790000608,0.0023450684,0,0,4,Lower-risk active
770917608,0.010787885,0,0,6,Lower-risk active
716307558,0.86103857,1,1,9,Contacted but fragile
719048133,0.017216576,0,0,7,Lower-risk active
771488583,0.004101526,0,0,5,Lower-risk active
717202908,0.067075774,0,0,8,Lower-risk active
720696558,0.001236872,0,0,2,Lower-risk active
788989083,0.00030608868,0,0,1,Lower-risk active
720398958,0.0014135762,0,0,3,Lower-risk active
716530533,0.0005003359,0,0,1,Lower-risk active
714499908,0.015746877,0,0,7,Lower-risk active
708879483,0.00032021402,0,0,1,Lower-risk active
716044383,0.0015717774,0,0,3,Lower-risk active
781320783,0.99565876,1,1,10,Contacted but fragile
711657783,0.012237753,0,0,6,Lower-risk active
715423233,0.013949556,0,0,7,Lower-risk active
719264058,0.09968407,0,0,8,Lower-risk active
711120333,0.0008336159,0,0,2,Lower-risk active
714100008,0.9800117,1,1,10,Contacted but fragile
798030933,0.003952457,0,0,5,Lower-risk active
708223383,0.9487355,1,1,9,Dormant high-risk
708705783,0.9512468,1,1,9,Dormant high-risk
778949133,0.002924786,0,0,4,Lower-risk active
709017258,0.9985868,1,1,10,Mono-product exposed
709161108,0.97227466,1,1,9,Contacted but fragile
716842908,0.00073972734,0,0,1,Lower-risk active
787513533,0.15528671,0,0,8,Lower-risk active
717949983,0.000875587,0,0,2,Lower-risk active
714089658,0.9923395,1,1,10,Lower-risk active
718863258,0.9982002,1,1,10,Contacted but fragile
717549408,0.3032716,0,1,9,Lower-risk active
807600633,0.006038964,0,0,6,Lower-risk active
770293758,0.0012392269,0,0,2,Lower-risk active
765584208,0.00057682587,0,0,1,Lower-risk active
811989858,0.004751171,0,0,5,Lower-risk active
721276383,0.0021032458,0,0,3,Lower-risk active
708585933,0.00076451496,0,0,1,Lower-risk active
713283933,0.99967337,1,1,10,Dormant high-risk
714915633,0.93970203,1,1,9,Dormant high-risk
709236633,0.004157292,0,0,5,Lower-risk active
827948133,0.009869776,0,0,6,Lower-risk active
718946358,0.032546658,0,0,7,Lower-risk active
714400308,0.001484099,0,0,3,Lower-risk active
789670533,0.0015628196,0,0,3,Lower-risk active
770942283,0.03764651,0,0,7,Lower-risk active
827074758,0.014261118,0,0,7,Lower-risk active
818326083,0.00016959436,0,0,1,Lower-risk active
712292133,0.9871869,1,1,10,Contacted but fragile
709449333,0.0017563041,0,0,3,Lower-risk active
788840283,0.0010528158,0,0,2,Lower-risk active
716013858,0.00055089616,0,0,1,Lower-risk active
712229283,0.994381,1,1,10,Contacted but fragile
751422258,0.004811668,0,0,5,Lower-risk active
715691808,0.0031315533,0,0,4,Lower-risk active
794273283,0.97301316,1,1,9,Dormant high-risk
788838033,0.96043015,1,1,9,Contacted but fragile
712778658,0.0046803183,0,0,5,Lower-risk active
789580908,0.0011158282,0,0,2,Lower-risk active
778965183,0.0051988442,0,0,5,Lower-risk active
714462558,0.006635896,0,0,6,Lower-risk active
789013833,0.9871716,1,1,10,Lower-risk active
800869758,0.0002737099,0,0,1,Lower-risk active
807426033,0.00112656,0,0,2,Lower-risk active
720091083,0.0035140987,0,0,5,Lower-risk active
711918033,0.8865002,1,1,9,Contacted but fragile
709679658,0.0051063714,0,0,5,Lower-risk active
779296908,0.031285517,0,0,7,Lower-risk active
720682308,0.0012527519,0,0,2,Lower-risk active
714084483,0.97753644,1,1,10,Contacted but fragile
719495958,0.99373925,1,1,10,Dormant high-risk
789775308,0.00036304336,0,0,1,Lower-risk active
714726858,0.97354376,1,1,9,Dormant high-risk
709749483,0.0034807357,0,0,4,Lower-risk active
710926383,0.002021601,0,0,3,Lower-risk active
717172308,0.9491077,1,1,9,Contacted but fragile
771795933,0.92547804,1,1,9,Dormant high-risk
785024808,0.0011046013,0,0,2,Lower-risk active
710277183,0.0030031065,0,0,4,Lower-risk active
714647808,0.001688072,0,0,3,Lower-risk active
709857033,0.0020828857,0,0,3,Lower-risk active
714283458,0.00034244964,0,0,1,Lower-risk active
804829533,0.9919342,1,1,10,Dormant high-risk
716702358,0.0018725592,0,0,3,Lower-risk active
720028683,0.0068475446,0,0,6,Lower-risk active
757044033,0.0073328684,0,0,6,Lower-risk active
719672283,0.014463451,0,0,7,Lower-risk active
719054733,0.0069643003,0,0,6,Lower-risk active
793336383,0.0005166511,0,0,1,Lower-risk active
795599883,0.9882693,1,1,10,Dormant high-risk
715650783,0.0044004116,0,0,5,Lower-risk active
711819708,0.9045935,1,1,9,Contacted but fragile
713041683,0.9707484,1,1,9,Contacted but fragile
779544708,0.0027713648,0,0,4,Lower-risk active
712967508,0.00050874584,0,0,1,Lower-risk active
710231433,0.0012740471,0,0,2,Lower-risk active
817960533,0.001092856,0,0,2,Lower-risk active
713431008,0.0011510771,0,0,2,Lower-risk active
709663608,0.9870864,1,1,10,Contacted but fragile
754851783,0.0003298001,0,0,1,Lower-risk active
808743558,0.23971602,0,0,8,Lower-risk active
778905033,0.0044577043,0,0,5,Lower-risk active
720844008,0.0047713304,0,0,5,Lower-risk active
714286383,0.008850968,0,0,6,Lower-risk active
718767183,0.00088775204,0,0,2,Lower-risk active
712707408,0.0061824396,0,0,6,Lower-risk active
789859833,0.001912501,0,0,3,Lower-risk active
812411058,0.99452436,1,1,10,Dormant high-risk
712311258,0.21538477,0,0,8,Lower-risk active
778397358,0.9926951,1,1,10,Contacted but fragile
715340733,0.19653311,0,0,8,Lower-risk active
797495958,0.0042118225,0,0,5,Lower-risk active
720384633,0.012931205,0,0,7,Lower-risk active
810868758,0.11191295,0,0,8,Lower-risk active
719105433,0.002838185,0,0,4,Lower-risk active
715609533,0.9964328,1,1,10,Dormant high-risk
712160058,0.9825361,1,1,10,Dormant high-risk
779130108,0.9956109,1,1,10,Contacted but fragile
712335858,0.05233407,0,0,8,Lower-risk active
789643383,0.029348934,0,0,7,Lower-risk active
717733158,0.002380103,0,0,4,Lower-risk active
713205108,0.0005320178,0,0,1,Lower-risk active
719749083,0.0049985265,0,0,5,Lower-risk active
811762383,0.001196933,0,0,2,Lower-risk active
708710283,0.0005273344,0,0,1,Lower-risk active
708542283,0.0037301853,0,0,5,Lower-risk active
720667383,0.0012002022,0,0,2,Lower-risk active
822952158,0.0047303126,0,0,5,Lower-risk active
716922633,0.95903397,1,1,9,Dormant high-risk
709081683,0.0024671555,0,0,4,Lower-risk active
710211783,0.98133653,1,1,10,Lower-risk active
720364158,0.00130621,0,0,2,Lower-risk active
713064783,0.0015372349,0,0,3,Lower-risk active
709873683,0.0010433353,0,0,2,Lower-risk active
758106108,0.0023933903,0,0,4,Lower-risk active
711445233,0.0021715942,0,0,4,Lower-risk active
778912683,0.0011014763,0,0,2,Lower-risk active
780496833,0.9836299,1,1,10,Lower-risk active
720057183,0.0010868002,0,0,2,Lower-risk active
789081408,0.9942782,1,1,10,Dormant high-risk
720634683,0.993328,1,1,10,Contacted but fragile
808732458,0.04117694,0,0,7,Lower-risk active
719947533,0.0039020681,0,0,5,Lower-risk active
715452408,0.0075242533,0,0,6,Lower-risk active
718103733,0.0074755377,0,0,6,Lower-risk active
788705358,0.0054740985,0,0,5,Lower-risk active
772105608,0.001423986,0,0,3,Lower-risk active
718396533,0.0014645172,0,0,3,Lower-risk active
712949733,0.05334941,0,0,8,Lower-risk active
772036233,0.0051779463,0,0,5,Lower-risk active
713285058,0.001924168,0,0,3,Lower-risk active
710289783,0.91813976,1,1,9,Contacted but fragile
780390108,0.002516081,0,0,4,Lower-risk active
720585183,0.00440364,0,0,5,Lower-risk active
711831558,0.0035191101,0,0,5,Lower-risk active
710854008,0.021598661,0,0,7,Lower-risk active
717017808,0.0005860207,0,0,1,Lower-risk active
823615983,0.98498327,1,1,10,Contacted but fragile
807587433,0.9903948,1,1,10,Dormant high-risk
709987683,0.99349207,1,1,10,Dormant high-risk
714435408,0.15824111,0,0,8,Lower-risk active
718994583,0.003976241,0,0,5,Lower-risk active
793616883,0.0023816866,0,0,4,Lower-risk active
779978283,0.004380246,0,0,5,Lower-risk active
713370033,0.89216745,1,1,9,Contacted but fragile
710482533,0.00027450727,0,0,1,Lower-risk active
778830933,0.0023729526,0,0,4,Lower-risk active
736145283,0.01102752,0,0,6,Lower-risk active
778718658,0.005212878,0,0,5,Lower-risk active
719482008,0.0018848582,0,0,3,Lower-risk active
715004808,0.0013639183,0,0,2,Lower-risk active
720014358,0.00085762487,0,0,2,Lower-risk active
718208358,0.1659539,0,0,8,Lower-risk active
713380308,0.0009635354,0,0,2,Lower-risk active
716477133,0.0025194127,0,0,4,Lower-risk active
713949858,0.9329346,1,1,9,Dormant high-risk
827619933,0.0006829154,0,0,1,Lower-risk active
779135808,0.0008659311,0,0,2,Lower-risk active
719751483,0.9844438,1,1,10,Dormant high-risk
708219858,0.0036080985,0,0,5,Lower-risk active
779681433,0.9606498,1,1,9,Dormant high-risk
720169383,0.00053611514,0,0,1,Lower-risk active
718056033,0.0768109,0,0,8,Lower-risk active
789226683,0.0008367554,0,0,2,Lower-risk active
822902508,0.0014371454,0,0,3,Lower-risk active
780462183,0.002977537,0,0,4,Lower-risk active
715502808,0.0017400425,0,0,3,Lower-risk active
788755158,0.0052098203,0,0,5,Lower-risk active
780038058,0.9908852,1,1,10,Contacted but fragile
709536483,0.9722134,1,1,9,Contacted but fragile
712563408,0.9962373,1,1,10,Contacted but fragile
771222558,0.00035617824,0,0,1,Lower-risk active
708145908,0.00032505908,0,0,1,Lower-risk active
717755058,0.0019541227,0,0,3,Lower-risk active
789109983,0.0024575642,0,0,4,Lower-risk active
802600233,0.0028706165,0,0,4,Lower-risk active
720449208,0.018844804,0,0,7,Lower-risk active
719557983,0.0024934772,0,0,4,Lower-risk active
766111383,0.0035007077,0,0,4,Lower-risk active
789367083,0.0034552454,0,0,4,Lower-risk active
710538183,0.0014975343,0,0,3,Lower-risk active
708534033,0.0011834167,0,0,2,Lower-risk active
716739258,0.01229071,0,0,6,Lower-risk active
788940558,0.00050748466,0,0,1,Lower-risk active
714722808,0.00032174465,0,0,1,Lower-risk active
713249883,0.0013517065,0,0,2,Lower-risk active
714207483,0.00037026725,0,0,1,Lower-risk active
720068808,0.003720033,0,0,5,Lower-risk active
778601733,0.882739,1,1,9,Dormant high-risk
709779258,0.00921279,0,0,6,Lower-risk active
713696808,0.9939324,1,1,10,Dormant high-risk
720044658,0.8933084,1,1,9,Contacted but fragile
716373483,0.9017695,1,1,9,Dormant high-risk
714305508,0.0025825482,0,0,4,Lower-risk active
712202433,0.00268018,0,0,4,Lower-risk active
716600733,0.99498796,1,1,10,Dormant high-risk
778372158,0.00044340335,0,0,1,Lower-risk active
714176133,0.0008529676,0,0,2,Lower-risk active
708969633,0.0009772023,0,0,2,Lower-risk active
715765758,0.003199585,0,0,4,Lower-risk active
803097333,0.0031864932,0,0,4,Lower-risk active
710411358,0.8202368,1,1,9,Contacted but fragile
715660308,0.9929844,1,1,10,Dormant high-risk
711866358,0.017211188,0,0,7,Lower-risk active
710738883,0.0106124375,0,0,6,Lower-risk active
717822108,0.001939136,0,0,3,Lower-risk active
714407058,0.0006109771,0,0,1,Lower-risk active
710744433,0.00058213685,0,0,1,Lower-risk active
778959258,0.99621683,1,1,10,Dormant high-risk
713320008,0.008807345,0,0,6,Lower-risk active
766795983,0.0007716292,0,0,1,Lower-risk active
716256483,0.0008667904,0,0,2,Lower-risk active
712364283,0.0008343804,0,0,2,Lower-risk active
714620358,0.9557917,1,1,9,Dormant high-risk
709145958,0.9737379,1,1,9,Mono-product exposed
709787733,0.0006370488,0,0,1,Lower-risk active
809071083,0.00015332054,0,0,1,Lower-risk active
721165608,0.0030902885,0,0,4,Lower-risk active
716668308,0.98967654,1,1,10,Contacted but fragile
708760458,0.006024124,0,0,6,Lower-risk active
720333783,0.051809028,0,0,8,Lower-risk active
789212883,0.9207143,1,1,9,Lower-risk active
711341433,0.00063788786,0,0,1,Lower-risk active
720235608,0.12476757,0,0,8,Lower-risk active
716890533,0.0075948606,0,0,6,Lower-risk active
708491508,0.001311147,0,0,2,Lower-risk active
718542858,0.0010521159,0,0,2,Lower-risk active
717750858,0.0015035421,0,0,3,Lower-risk active
712450008,0.9952206,1,1,10,Contacted but fragile
827628408,0.00327241,0,0,4,Lower-risk active
713492583,0.98798186,1,1,10,Lower-risk active
718054833,0.0416924,0,0,7,Lower-risk active
788770908,0.004146862,0,0,5,Lower-risk active
710175783,0.0147941,0,0,7,Lower-risk active
715429608,0.0012116572,0,0,2,Lower-risk active
714058308,0.9452285,1,1,9,Dormant high-risk
717965808,0.10143685,0,0,8,Lower-risk active
709265208,0.021226132,0,0,7,Lower-risk active
713114133,0.99675363,1,1,10,Contacted but fragile
721349883,0.024047134,0,0,7,Lower-risk active
758965158,0.0013282329,0,0,2,Lower-risk active
749722908,0.0037253224,0,0,5,Lower-risk active
709495833,0.99750453,1,1,10,Contacted but fragile
717575958,0.99280775,1,1,10,Dormant high-risk
714406158,0.9990246,1,1,10,Dormant high-risk
767243208,0.00055900344,0,0,1,Lower-risk active
711515433,0.00084762956,0,0,2,Lower-risk active
720190908,0.0022463547,0,0,4,Lower-risk active
818814933,0.0067013837,0,0,6,Lower-risk active
719794383,0.0061180564,0,0,6,Lower-risk active
709766808,0.0019266733,0,0,3,Lower-risk active
709666908,0.0005739825,0,0,1,Lower-risk active
794653983,0.0020070004,0,0,3,Lower-risk active
716593533,0.004496847,0,0,5,Lower-risk active
714113658,0.0009551575,0,0,2,Lower-risk active
708776658,0.0034672618,0,0,4,Lower-risk active
712225008,0.0012119977,0,0,2,Lower-risk active
787450758,0.0034046907,0,0,4,Lower-risk active
789099783,0.00384825,0,0,5,Lower-risk active
711751533,0.0013103025,0,0,2,Lower-risk active
708367908,0.0005144307,0,0,1,Lower-risk active
714951858,0.07452385,0,0,8,Lower-risk active
720436008,0.005062337,0,0,5,Lower-risk active
718984533,0.00040007127,0,0,1,Lower-risk active
716982483,0.0029757172,0,0,4,Lower-risk active
708681708,0.9919966,1,1,10,Dormant high-risk
720202008,0.0036665727,0,0,5,Lower-risk active
714483033,0.0022519266,0,0,4,Lower-risk active
711468708,0.99424803,1,1,10,Dormant high-risk
821724483,0.97449285,1,1,9,Dormant high-risk
716402508,0.0014643722,0,0,3,Lower-risk active
721189008,0.008751785,0,0,6,Lower-risk active
712867983,0.018021854,0,0,7,Lower-risk active
713814408,0.0022733547,0,0,4,Lower-risk active
716671983,0.0027248429,0,0,4,Lower-risk active
708252108,0.0025680354,0,0,4,Lower-risk active
717212958,0.36949012,0,1,9,Lower-risk active
713048733,0.0027419417,0,0,4,Lower-risk active
779841483,0.9949896,1,1,10,Dormant high-risk
710701233,0.00032200274,0,0,1,Lower-risk active
718837683,0.81090033,1,1,9,Dormant high-risk
718127958,0.0004756738,0,0,1,Lower-risk active
718685358,0.0008724153,0,0,2,Lower-risk active
771559158,0.0019043864,0,0,3,Lower-risk active
710138883,0.8822185,1,1,9,Lower-risk active
711197658,0.00036567994,0,0,1,Lower-risk active
709045683,0.011405815,0,0,6,Lower-risk active
708272808,0.019940922,0,0,7,Lower-risk active
720292983,0.011965495,0,0,6,Lower-risk active
709112508,0.9625828,1,1,9,Dormant high-risk
712840608,0.0013421957,0,0,2,Lower-risk active
788920308,0.0011134567,0,0,2,Lower-risk active
718160358,0.99718875,1,1,10,Dormant high-risk
719325783,0.903258,1,1,9,Contacted but fragile
712885533,0.013271996,0,0,7,Lower-risk active
719268333,0.0030619376,0,0,4,Lower-risk active
721004133,0.0021070554,0,0,3,Lower-risk active
714103908,0.0040640286,0,0,5,Lower-risk active
771502383,0.0023175483,0,0,4,Lower-risk active
713014533,0.0018390425,0,0,3,Lower-risk active
713980383,0.9982152,1,1,10,Contacted but fragile
711294258,0.0011182469,0,0,2,Lower-risk active
719954733,0.0019821548,0,0,3,Lower-risk active
711561933,0.003211709,0,0,4,Lower-risk active
826077033,0.99683255,1,1,10,Contacted but fragile
711555483,0.0045578377,0,0,5,Lower-risk active
715194183,0.9958741,1,1,10,Dormant high-risk
716929233,0.0013875616,0,0,3,Lower-risk active
709014558,0.0028734857,0,0,4,Lower-risk active
710636208,0.0061807763,0,0,6,Lower-risk active
815525508,0.044525728,0,0,8,Mono-product exposed
718746933,0.002794726,0,0,4,Lower-risk active
715686183,0.030636568,0,0,7,Lower-risk active
741778458,0.0072011678,0,0,6,Lower-risk active
801056358,0.0006093337,0,0,1,Lower-risk active
709486158,0.0035044926,0,0,4,Lower-risk active
713826183,0.9970692,1,1,10,Dormant high-risk
803342358,0.04743347,0,0,8,Lower-risk active
780292683,0.9711095,1,1,9,Dormant high-risk
788646858,0.0054488922,0,0,5,Lower-risk active
711116133,0.9684377,1,1,9,Contacted but fragile
708584208,0.9832055,1,1,10,Contacted but fragile
789097833,0.0003206695,0,0,1,Lower-risk active
709443633,0.017968616,0,0,7,Lower-risk active
767280633,0.00043768348,0,0,1,Lower-risk active
713096583,0.98699397,1,1,10,Dormant high-risk
721033908,0.0020877656,0,0,3,Lower-risk active
756025233,0.9752279,1,1,9,Dormant high-risk
711977508,0.99873346,1,1,10,Contacted but fragile
772076208,0.0010983606,0,0,2,Lower-risk active
710666583,0.95231277,1,1,9,Contacted but fragile
712369308,0.7601719,1,1,9,Dormant high-risk
794784633,0.00051730353,0,0,1,Lower-risk active
716437533,0.0025665725,0,0,4,Lower-risk active
715109508,0.00039547548,0,0,1,Lower-risk active
795392433,0.0032927212,0,0,4,Lower-risk active
712721358,0.98342866,1,1,10,Dormant high-risk
720118908,0.0010215334,0,0,2,Lower-risk active
799486158,0.0031246168,0,0,4,Lower-risk active
718980633,0.003514234,0,0,5,Lower-risk active
717336408,0.93978065,1,1,9,Dormant high-risk
709546608,0.027184108,0,0,7,Lower-risk active
823624158,0.0024290448,0,0,4,Lower-risk active
771688983,0.0006720841,0,0,1,Lower-risk active
708701358,0.001528411,0,0,3,Lower-risk active
712048008,0.002965364,0,0,4,Lower-risk active
710712783,0.0013175481,0,0,2,Lower-risk active
716626008,0.00051617215,0,0,1,Lower-risk active
718284408,0.0023198393,0,0,4,Lower-risk active
717414933,0.01605052,0,0,7,Lower-risk active
713032233,0.00077298924,0,0,1,Lower-risk active
714234858,0.00056812575,0,0,1,Lower-risk active
714818058,0.005099765,0,0,5,Lower-risk active
708731658,0.96820474,1,1,9,Dormant high-risk
708706833,0.9928375,1,1,10,Dormant high-risk
780100533,0.0039307596,0,0,5,Lower-risk active
711712983,0.002052961,0,0,3,Lower-risk active
712549758,0.013329599,0,0,7,Lower-risk active
713348433,0.01668788,0,0,7,Lower-risk active
820599333,0.0005083585,0,0,1,Lower-risk active
787261008,0.0021977455,0,0,4,Lower-risk active
778343958,0.0017109172,0,0,3,Lower-risk active
788407833,0.001425763,0,0,3,Lower-risk active
760807608,0.0012980804,0,0,2,Lower-risk active
771108933,0.0036311257,0,0,5,Lower-risk active
715954158,0.98490834,1,1,10,Contacted but fragile
715499058,0.9933751,1,1,10,Dormant high-risk
717995958,0.00087554695,0,0,2,Lower-risk active
718736883,0.0011064186,0,0,2,Lower-risk active
721045608,0.0026427698,0,0,4,Lower-risk active
715215108,0.038466193,0,0,7,Lower-risk active
795823383,0.003700215,0,0,5,Lower-risk active
718338708,0.0024668574,0,0,4,Lower-risk active
713588958,0.00079611334,0,0,1,Lower-risk active
710120358,0.56014353,1,1,9,Contacted but fragile
809582058,0.0032151698,0,0,4,Lower-risk active
709199358,0.9925954,1,1,10,Dormant high-risk
821889858,0.946957,1,1,9,Dormant high-risk
815324433,0.0050253873,0,0,5,Lower-risk active
793656633,0.00085761666,0,0,2,Lower-risk active
713246208,0.024217028,0,0,7,Lower-risk active
711493158,0.0010417625,0,0,2,Lower-risk active
721163133,0.07531193,0,0,8,Lower-risk active
826417233,0.007763136,0,0,6,Lower-risk active
711619608,0.002145006,0,0,3,Lower-risk active
712244733,0.00062753214,0,0,1,Lower-risk active
709638783,0.00043092933,0,0,1,Lower-risk active
720296808,0.9518205,1,1,9,Dormant high-risk
718926258,0.0008682746,0,0,2,Lower-risk active
714706083,0.0025803947,0,0,4,Lower-risk active
721473783,0.003560223,0,0,5,Lower-risk active
712230408,0.0011423342,0,0,2,Lower-risk active
716186883,0.0010876812,0,0,2,Lower-risk active
715204083,0.0029943716,0,0,4,Lower-risk active
709283358,0.99505424,1,1,10,Contacted but fragile
817887408,0.00039295084,0,0,1,Lower-risk active
789481233,0.7301345,1,1,9,Dormant high-risk
718184883,0.012247383,0,0,6,Lower-risk active
821157183,0.0007951073,0,0,1,Lower-risk active
709837308,0.006597611,0,0,6,Lower-risk active
779491908,0.056879237,0,0,8,Lower-risk active
718399233,0.004476014,0,0,5,Lower-risk active
779447358,0.00074633333,0,0,1,Lower-risk active
710661333,0.93216956,1,1,9,Dormant high-risk
789114408,0.0029190402,0,0,4,Lower-risk active
710570058,0.9972282,1,1,10,Contacted but fragile
712681608,0.005972563,0,0,6,Lower-risk active
709086933,0.0070705744,0,0,6,Lower-risk active
709179708,0.0013722361,0,0,2,Lower-risk active
711206958,0.0012130956,0,0,2,Lower-risk active
823928058,0.004802511,0,0,5,Lower-risk active
796330983,0.00057059136,0,0,1,Lower-risk active
771284658,0.9544037,1,1,9,Contacted but fragile
779307558,0.0054250574,0,0,5,Lower-risk active
788846508,0.00039177522,0,0,1,Lower-risk active
783500283,0.0022742157,0,0,4,Lower-risk active
802247658,0.9946964,1,1,10,Dormant high-risk
795573333,0.005497131,0,0,5,Lower-risk active
721366308,0.0026569953,0,0,4,Lower-risk active
720377433,0.0040410818,0,0,5,Lower-risk active
711243108,0.0017034496,0,0,3,Lower-risk active
789351783,0.0004930602,0,0,1,Lower-risk active
719699208,0.0042489343,0,0,5,Lower-risk active
720774183,0.0015395845,0,0,3,Lower-risk active
713590158,0.7066049,1,1,9,Contacted but fragile
715547058,0.9741675,1,1,9,Dormant high-risk
815596608,0.0016893992,0,0,3,Lower-risk active
718921683,0.3791462,0,1,9,Lower-risk active
720031908,0.0011958395,0,0,2,Lower-risk active
716716083,0.001058799,0,0,2,Lower-risk active
819969933,0.003996429,0,0,5,Lower-risk active
714382608,0.00073877943,0,0,1,Lower-risk active
720092283,0.0011384647,0,0,2,Lower-risk active
720531633,0.9942703,1,1,10,Lower-risk active
718508883,0.9855899,1,1,10,Dormant high-risk
708794133,0.10702768,0,0,8,Lower-risk active
713447583,0.2178852,0,0,8,Lower-risk active
716107158,0.87139374,1,1,9,Contacted but fragile
712713108,0.0013159767,0,0,2,Lower-risk active
719245083,0.0023513609,0,0,4,Lower-risk active
708269583,0.00096013607,0,0,2,Lower-risk active
720234708,0.9544147,1,1,9,Dormant high-risk
709436883,0.00218892,0,0,4,Lower-risk active
714140133,0.000474493,0,0,1,Lower-risk active
716136333,0.993525,1,1,10,Lower-risk active
715031433,0.06420987,0,0,8,Lower-risk active
810667158,0.0008580801,0,0,2,Lower-risk active
715253433,0.003590648,0,0,5,Lower-risk active
809937933,0.0028238276,0,0,4,Lower-risk active
708997833,0.0068056583,0,0,6,Lower-risk active
718296558,0.986046,1,1,10,Dormant high-risk
780086658,0.98036665,1,1,10,Contacted but fragile
708754833,0.0045971875,0,0,5,Lower-risk active
788638908,0.0015965612,0,0,3,Lower-risk active
715607958,0.00047707034,0,0,1,Lower-risk active
708515358,0.0029621234,0,0,4,Lower-risk active
716357058,0.31251413,0,1,9,Lower-risk active
714569958,0.00816808,0,0,6,Lower-risk active
716822583,0.0041452474,0,0,5,Lower-risk active
721109358,0.0011600129,0,0,2,Lower-risk active
827635083,0.0021988899,0,0,4,Lower-risk active
715492983,0.035304736,0,0,7,Lower-risk active
712234308,0.00034066846,0,0,1,Lower-risk active
708334158,0.038075082,0,0,7,Lower-risk active
812488608,0.0011504102,0,0,2,Lower-risk active
793345008,0.001063366,0,0,2,Lower-risk active
715487733,0.9949374,1,1,10,Dormant high-risk
788856408,0.002356707,0,0,4,Lower-risk active
708154833,0.99663204,1,1,10,Dormant high-risk
721147383,0.0010960762,0,0,2,Lower-risk active
803973483,0.0031966874,0,0,4,Lower-risk active
788941983,0.9824613,1,1,10,Dormant high-risk
715603233,0.0005126975,0,0,1,Lower-risk active
709945458,0.0006682618,0,0,1,Lower-risk active
714614133,0.99772996,1,1,10,Dormant high-risk
768167358,0.00046596222,0,0,1,Lower-risk active
737967708,0.00050501927,0,0,1,Lower-risk active
712920633,0.00097364676,0,0,2,Lower-risk active
780373233,0.00028480915,0,0,1,Lower-risk active
721384308,0.0007885353,0,0,1,Lower-risk active
712242633,0.0011080222,0,0,2,Lower-risk active
713610933,0.0019395484,0,0,3,Lower-risk active
714257958,0.0029815657,0,0,4,Lower-risk active
772172883,0.00076616864,0,0,1,Lower-risk active
720204558,0.00046298013,0,0,1,Lower-risk active
779635533,0.006311406,0,0,6,Lower-risk active
804658833,0.0018677794,0,0,3,Lower-risk active
756691608,0.0027012252,0,0,4,Lower-risk active
806219808,0.0026858656,0,0,4,Lower-risk active
826266483,0.00097586267,0,0,2,Lower-risk active
775152708,0.9961719,1,1,10,Dormant high-risk
787596558,0.0016024108,0,0,3,Lower-risk active
803205258,0.002620844,0,0,4,Lower-risk active
716041908,0.0020643696,0,0,3,Lower-risk active
708837858,0.002813687,0,0,4,Lower-risk active
828227433,0.0039729,0,0,5,Lower-risk active
714487458,0.99472815,1,1,10,Dormant high-risk
711390333,0.98401606,1,1,10,Dormant high-risk
787974108,0.9753669,1,1,9,Lower-risk active
714036258,0.0014017579,0,0,3,Lower-risk active
788752833,0.0019864938,0,0,3,Lower-risk active
773108958,0.0008396379,0,0,2,Lower-risk active
782437008,0.0007254283,0,0,1,Lower-risk active
710729358,0.9910216,1,1,10,Dormant high-risk
827423433,0.0014176522,0,0,3,Lower-risk active
756919683,0.0005914718,0,0,1,Lower-risk active
779219208,0.0013849812,0,0,3,Lower-risk active
712342833,0.001300078,0,0,2,Lower-risk active
721121283,0.0005069736,0,0,1,Lower-risk active
790006383,0.0036770762,0,0,5,Lower-risk active
756989583,0.006900609,0,0,6,Lower-risk active
717477783,0.9891612,1,1,10,Mono-product exposed
716614683,0.0018885138,0,0,3,Lower-risk active
789942033,0.98575056,1,1,10,Dormant high-risk
740784258,0.0009054655,0,0,2,Lower-risk active
711336033,0.0011132207,0,0,2,Lower-risk active
768141558,0.00058690325,0,0,1,Lower-risk active
717179508,0.0006240633,0,0,1,Lower-risk active
716520033,0.013839366,0,0,7,Lower-risk active
783625008,0.0032551961,0,0,4,Lower-risk active
769330908,0.00971865,0,0,6,Lower-risk active
789396783,0.0005485451,0,0,1,Lower-risk active
709310433,0.0022455503,0,0,4,Lower-risk active
713094483,0.0043515186,0,0,5,Lower-risk active
770753733,0.0016507352,0,0,3,Lower-risk active
712659408,0.0019583772,0,0,3,Lower-risk active
768475383,0.0065383664,0,0,6,Lower-risk active
779655183,0.0012313273,0,0,2,Lower-risk active
711278283,0.01523767,0,0,7,Lower-risk active
713345508,0.0009302576,0,0,2,Lower-risk active
711379083,0.0022368173,0,0,4,Lower-risk active
789144633,0.6365531,1,1,9,Lower-risk active
708393633,0.0007623789,0,0,1,Lower-risk active
708657033,0.0027252457,0,0,4,Lower-risk active
717949008,0.99626833,1,1,10,Contacted but fragile
788866983,0.005041447,0,0,5,Lower-risk active
751283658,0.0008740507,0,0,2,Lower-risk active
718243533,0.004828017,0,0,5,Lower-risk active
779754408,0.002075812,0,0,3,Lower-risk active
794866983,0.002277114,0,0,4,Lower-risk active
711832533,0.004795167,0,0,5,Lower-risk active
788552658,0.0010275582,0,0,2,Lower-risk active
715415508,0.002653905,0,0,4,Lower-risk active
719962458,0.0038617875,0,0,5,Lower-risk active
712734933,0.98035264,1,1,10,Contacted but fragile
717410508,0.005260598,0,0,5,Lower-risk active
711796683,0.004634795,0,0,5,Lower-risk active
709407933,0.0063375584,0,0,6,Lower-risk active
810493458,0.0011636867,0,0,2,Lower-risk active
720494058,0.005931466,0,0,6,Lower-risk active
717050883,0.0019812465,0,0,3,Lower-risk active
713163258,0.96521044,1,1,9,Dormant high-risk
715659333,0.09694861,0,0,8,Lower-risk active
712414908,0.00331786,0,0,4,Lower-risk active
720175008,0.0012527836,0,0,2,Lower-risk active
719876808,0.039046727,0,0,7,Lower-risk active
713334483,0.98208,1,1,10,Contacted but fragile
708360108,0.00021955548,0,0,1,Lower-risk active
720676158,0.0029440667,0,0,4,Lower-risk active
716631708,0.002945891,0,0,4,Lower-risk active
713025558,0.9978108,1,1,10,Contacted but fragile
710506683,0.00030511848,0,0,1,Lower-risk active
712428333,0.0021217593,0,0,3,Lower-risk active
718041033,0.014711704,0,0,7,Lower-risk active
709169133,0.0013750414,0,0,3,Lower-risk active
718164858,0.00057932344,0,0,1,Lower-risk active
809565183,0.99726856,1,1,10,Dormant high-risk
778377183,0.0003355988,0,0,1,Lower-risk active
712845258,0.004779242,0,0,5,Lower-risk active
716915133,0.008642474,0,0,6,Lower-risk active
771403008,0.001345153,0,0,2,Lower-risk active
787441383,0.0014443527,0,0,3,Lower-risk active
711345258,0.0030695482,0,0,4,Lower-risk active
713685033,0.9949687,1,1,10,Lower-risk active
718205283,0.0029662452,0,0,4,Lower-risk active
708337683,0.007192783,0,0,6,Lower-risk active
720941433,0.9944056,1,1,10,Dormant high-risk
710201058,0.002442384,0,0,4,Lower-risk active
785218458,0.00047807486,0,0,1,Lower-risk active
770740308,0.00039298044,0,0,1,Lower-risk active
787493808,0.9637999,1,1,9,Lower-risk active
708846183,0.002312799,0,0,4,Lower-risk active
810586833,0.0020592373,0,0,3,Lower-risk active
711151383,0.9948213,1,1,10,Contacted but fragile
712425258,0.0006048794,0,0,1,Lower-risk active
772063308,0.00058555725,0,0,1,Lower-risk active
718574808,0.0011162758,0,0,2,Lower-risk active
717131283,0.0010135106,0,0,2,Lower-risk active
798996183,0.0009629109,0,0,2,Lower-risk active
716831508,0.0018709217,0,0,3,Lower-risk active
715297908,0.9675291,1,1,9,Contacted but fragile
813234108,0.0010503002,0,0,2,Lower-risk active
711027183,0.001975368,0,0,3,Lower-risk active
718812708,0.92457783,1,1,9,Dormant high-risk
709505808,0.94279575,1,1,9,Dormant high-risk
711267633,0.9956546,1,1,10,Dormant high-risk
719613783,0.006954809,0,0,6,Lower-risk active
719035758,0.0006939215,0,0,1,Lower-risk active
708473133,0.004894652,0,0,5,Lower-risk active
712996833,0.0007121792,0,0,1,Lower-risk active
720963258,0.99702674,1,1,10,Contacted but fragile
819606258,0.029259305,0,0,7,Lower-risk active
714634983,0.9945939,1,1,10,Dormant high-risk
806428908,0.011378716,0,0,6,Lower-risk active
710903358,0.00082524965,0,0,1,Lower-risk active
712676208,0.0009499631,0,0,2,Lower-risk active
709005633,0.713122,1,1,9,Contacted but fragile
712102983,0.0024429476,0,0,4,Lower-risk active
754480233,0.19144619,0,0,8,Lower-risk active
719042208,0.0045442,0,0,5,Lower-risk active
716251608,0.0015259869,0,0,3,Lower-risk active
715537383,0.00097055285,0,0,2,Lower-risk active
709460883,0.9934841,1,1,10,Contacted but fragile
789325008,0.0011496454,0,0,2,Lower-risk active
719195733,0.0017103618,0,0,3,Lower-risk active
787665258,0.9983114,1,1,10,Mono-product exposed
710226708,0.00021828327,0,0,1,Lower-risk active
711982383,0.0049233306,0,0,5,Lower-risk active
716345283,0.0017117474,0,0,3,Lower-risk active
816850458,0.983478,1,1,10,Contacted but fragile
710842308,0.0010861952,0,0,2,Lower-risk active
713132133,0.0014070361,0,0,3,Lower-risk active
788874333,0.00096286775,0,0,2,Lower-risk active
717987258,0.0021205875,0,0,3,Lower-risk active
793712658,0.69244313,1,1,9,Contacted but fragile
708324483,0.0049115284,0,0,5,Lower-risk active
768612258,0.0020830154,0,0,3,Lower-risk active
719659758,0.00043874973,0,0,1,Lower-risk active
711313158,0.005518418,0,0,5,Lower-risk active
716483358,0.05723595,0,0,8,Lower-risk active
719829633,0.0033442099,0,0,4,Lower-risk active
812465958,0.00088407676,0,0,2,Lower-risk active
786536808,0.003599592,0,0,5,Lower-risk active
807369708,0.003555763,0,0,5,Lower-risk active
711397533,0.05022313,0,0,8,Lower-risk active
711740508,0.00077628635,0,0,1,Lower-risk active
715233108,0.00051637046,0,0,1,Lower-risk active
813807258,0.0023501597,0,0,4,Lower-risk active
769183908,0.021577077,0,0,7,Lower-risk active
718451133,0.0016174089,0,0,3,Lower-risk active
721115733,0.000777369,0,0,1,Lower-risk active
720085233,0.990288,1,1,10,Dormant high-risk
717036408,0.003365381,0,0,4,Lower-risk active
714427608,0.0018054423,0,0,3,Lower-risk active
780019908,0.0010622223,0,0,2,Lower-risk active
827898033,0.8635159,1,1,9,Contacted but fragile
720302883,0.003006166,0,0,4,Lower-risk active
715893633,0.0051777745,0,0,5,Lower-risk active
720730683,0.0041166176,0,0,5,Lower-risk active
720638283,0.0010166459,0,0,2,Lower-risk active
789053883,0.0005876007,0,0,1,Lower-risk active
719286708,0.0011313435,0,0,2,Lower-risk active
713952558,0.98737085,1,1,10,Dormant high-risk
793395933,0.005931159,0,0,6,Lower-risk active
813895458,0.0018819475,0,0,3,Lower-risk active
771733608,0.99507856,1,1,10,Dormant high-risk
710102208,0.0032325506,0,0,4,Lower-risk active
719511783,0.0015825869,0,0,3,Lower-risk active
712849158,0.97279084,1,1,9,Dormant high-risk
783070833,0.0007767192,0,0,1,Lower-risk active
713419908,0.0046987114,0,0,5,Lower-risk active
789345408,0.1333947,0,0,8,Lower-risk active
720992883,0.002022905,0,0,3,Lower-risk active
803652633,0.02073678,0,0,7,Lower-risk active
789248958,0.0047899885,0,0,5,Lower-risk active
716178483,0.009578845,0,0,6,Lower-risk active
715440558,0.0008772484,0,0,2,Lower-risk active
711535158,0.97490025,1,1,9,Dormant high-risk
713647083,0.0012542306,0,0,2,Lower-risk active
718311933,0.9896376,1,1,10,Lower-risk active
718404783,0.98718876,1,1,10,Contacted but fragile
817332483,0.9844297,1,1,10,Dormant high-risk
710015733,0.9405812,1,1,9,Dormant high-risk
794965233,0.89856017,1,1,9,Dormant high-risk
710512833,0.00050011463,0,0,1,Lower-risk active
710803008,0.0029887254,0,0,4,Lower-risk active
712987608,0.0018290995,0,0,3,Lower-risk active
716974383,0.05805152,0,0,8,Lower-risk active
720930633,0.9942542,1,1,10,Dormant high-risk
710136258,0.9862329,1,1,10,Contacted but fragile
779438208,0.0013816976,0,0,3,Lower-risk active
721017333,0.0011510503,0,0,2,Lower-risk active
720952608,0.00072711747,0,0,1,Lower-risk active
712886733,0.0019607656,0,0,3,Lower-risk active
810545733,0.005455442,0,0,5,Lower-risk active
822132858,0.9965745,1,1,10,Mono-product exposed
713526258,0.99500364,1,1,10,Dormant high-risk
712877733,0.001186297,0,0,2,Lower-risk active
713339283,0.0032929387,0,0,4,Lower-risk active
720473433,0.0013382431,0,0,2,Lower-risk active
780584658,0.8571109,1,1,9,Lower-risk active
711824358,0.007665011,0,0,6,Lower-risk active
789990333,0.0009076007,0,0,2,Lower-risk active
721332033,0.003277623,0,0,4,Lower-risk active
709612983,0.96886474,1,1,9,Contacted but fragile
771058908,0.02231116,0,0,7,Lower-risk active
715471833,0.0031478012,0,0,4,Lower-risk active
711781233,0.003719936,0,0,5,Lower-risk active
713947908,0.00084463874,0,0,2,Lower-risk active
709741608,0.061019957,0,0,8,Lower-risk active
709333608,0.0006695715,0,0,1,Lower-risk active
709688883,0.9927557,1,1,10,Dormant high-risk
716269308,0.0004447541,0,0,1,Lower-risk active
708692583,0.9975746,1,1,10,Dormant high-risk
709892658,0.0076114684,0,0,6,Lower-risk active
713815383,0.98813814,1,1,10,Lower-risk active
710183283,0.0014129746,0,0,3,Lower-risk active
711937158,0.004957103,0,0,5,Lower-risk active
771486933,0.0006764444,0,0,1,Lower-risk active
717450633,0.9691897,1,1,9,Contacted but fragile
718421808,0.002390971,0,0,4,Lower-risk active
716403633,0.0015653037,0,0,3,Lower-risk active
717646983,0.9500345,1,1,9,Dormant high-risk
778837083,0.26035047,0,0,9,Lower-risk active
768632958,0.95112646,1,1,9,Dormant high-risk
715622508,0.99014294,1,1,10,Dormant high-risk
708402333,0.00021897846,0,0,1,Lower-risk active
708946008,0.98841816,1,1,10,Lower-risk active
715625658,0.001056234,0,0,2,Lower-risk active
789599283,0.0076976395,0,0,6,Lower-risk active
708960858,0.00167018,0,0,3,Lower-risk active
814840833,0.9732656,1,1,9,Dormant high-risk
772082208,0.0015152185,0,0,3,Lower-risk active
711597183,0.00789867,0,0,6,Lower-risk active
712110333,0.95990205,1,1,9,Contacted but fragile
718673358,0.36879689,0,1,9,Lower-risk active
712479633,0.9575133,1,1,9,Lower-risk active
716108283,0.0017183969,0,0,3,Lower-risk active
779360808,0.0021286854,0,0,3,Lower-risk active
716352033,0.0016904088,0,0,3,Lower-risk active
716643033,0.9672261,1,1,9,Dormant high-risk
711567333,0.0050941505,0,0,5,Lower-risk active
788756133,0.0023529385,0,0,4,Lower-risk active
755437533,0.0010952256,0,0,2,Lower-risk active
713573508,0.98726803,1,1,10,Contacted but fragile
709430508,0.87629855,1,1,9,Contacted but fragile
710645583,0.0005872905,0,0,1,Lower-risk active
714253983,0.011381485,0,0,6,Lower-risk active
771566208,0.000912027,0,0,2,Lower-risk active
713314533,0.9918562,1,1,10,Contacted but fragile
720725883,0.0029624046,0,0,4,Lower-risk active
708539583,0.0030158842,0,0,4,Lower-risk active
716747283,0.0006952666,0,0,1,Lower-risk active
787519683,0.00079167564,0,0,1,Lower-risk active
721044333,0.00024365715,0,0,1,Lower-risk active
713679633,0.967039,1,1,9,Dormant high-risk
711126483,0.0015988225,0,0,3,Lower-risk active
814191333,0.98835105,1,1,10,Dormant high-risk
715040208,0.0032834697,0,0,4,Lower-risk active
710769258,0.001542565,0,0,3,Lower-risk active
715227633,0.13236384,0,0,8,Lower-risk active
708635058,0.00023823236,0,0,1,Lower-risk active
709051533,0.0001594071,0,0,1,Lower-risk active
718940208,0.000654187,0,0,1,Lower-risk active
712361583,0.02898395,0,0,7,Lower-risk active
708390633,0.004702037,0,0,5,Lower-risk active
720281508,0.00012022472,0,0,1,Lower-risk active
720885558,0.00079481374,0,0,1,Lower-risk active
709781208,0.0156627,0,0,7,Lower-risk active
710086308,0.00036070883,0,0,1,Lower-risk active
713282733,0.003186831,0,0,4,Lower-risk active
815812683,0.0017712478,0,0,3,Lower-risk active
708204033,0.0010526231,0,0,2,Lower-risk active
720040158,0.0033662573,0,0,4,Lower-risk active
755996583,0.9890865,1,1,10,Contacted but fragile
711359058,0.0020963158,0,0,3,Lower-risk active
714064908,0.0011988186,0,0,2,Lower-risk active
717074283,0.9730645,1,1,9,Contacted but fragile
765847383,0.004693812,0,0,5,Lower-risk active
789531633,0.0017396209,0,0,3,Lower-risk active
820593033,0.00084335444,0,0,2,Lower-risk active
710078358,0.00065323414,0,0,1,Lower-risk active
715025208,0.0082206605,0,0,6,Lower-risk active
709596783,0.0008471378,0,0,2,Lower-risk active
715960308,0.873988,1,1,9,Dormant high-risk
716653758,0.0027682078,0,0,4,Lower-risk active
787268733,0.00049207703,0,0,1,Lower-risk active
789923058,0.9940766,1,1,10,Dormant high-risk
771079833,0.0031715082,0,0,4,Lower-risk active
710507733,0.006007638,0,0,6,Lower-risk active
779269158,0.99075085,1,1,10,Contacted but fragile
711627558,0.0009697428,0,0,2,Lower-risk active
710536983,0.013556097,0,0,7,Lower-risk active
712237458,0.0015102121,0,0,3,Lower-risk active
778289883,0.99722797,1,1,10,Dormant high-risk
714154533,0.010310013,0,0,6,Lower-risk active
803657133,0.0014932409,0,0,3,Lower-risk active
769053033,0.9212476,1,1,9,Contacted but fragile
713613258,0.0009784666,0,0,2,Lower-risk active
768544833,0.00107697,0,0,2,Lower-risk active
720782658,0.0012938473,0,0,2,Lower-risk active
768162108,0.9414006,1,1,9,Dormant high-risk
710511858,0.001151795,0,0,2,Lower-risk active
714516033,0.0002468786,0,0,1,Lower-risk active
788630958,0.0074090012,0,0,6,Lower-risk active
717646008,0.008932161,0,0,6,Lower-risk active
712290258,0.0011119271,0,0,2,Lower-risk active
716292033,0.003442688,0,0,4,Lower-risk active
780372408,0.0117613375,0,0,6,Lower-risk active
720853158,0.005950643,0,0,6,Lower-risk active
823507833,0.002318553,0,0,4,Lower-risk active
711111633,0.0010908112,0,0,2,Lower-risk active
709904508,0.0008506609,0,0,2,Lower-risk active
712022883,0.000550005,0,0,1,Lower-risk active
712173108,0.0004440033,0,0,1,Lower-risk active
714156633,0.0076998468,0,0,6,Lower-risk active
714581358,0.99840313,1,1,10,Dormant high-risk
713256033,0.0016584188,0,0,3,Lower-risk active
825831933,0.0007682696,0,0,1,Lower-risk active
720274158,0.00057491165,0,0,1,Lower-risk active
772394883,0.9981415,1,1,10,Dormant high-risk
794253108,0.002163936,0,0,4,Lower-risk active
720899883,0.0016258298,0,0,3,Lower-risk active
714313608,0.0012011622,0,0,2,Lower-risk active
716602683,0.026003048,0,0,7,Lower-risk active
715928808,0.0008916359,0,0,2,Lower-risk active
771899433,0.79465955,1,1,9,Contacted but fragile
714771708,0.004644779,0,0,5,Lower-risk active
709711758,0.9975049,1,1,10,Lower-risk active
721137558,0.99707806,1,1,10,Contacted but fragile
820268358,0.0006966591,0,0,1,Lower-risk active
709273383,0.00030740234,0,0,1,Lower-risk active
822959133,0.00078012847,0,0,1,Lower-risk active
720491958,0.004780748,0,0,5,Lower-risk active
713607108,0.002053508,0,0,3,Lower-risk active
709729533,0.9728381,1,1,9,Dormant high-risk
717890583,0.00028850988,0,0,1,Lower-risk active
718384233,0.03399207,0,0,7,Lower-risk active
713401758,0.002253548,0,0,4,Lower-risk active
773257233,0.0035106926,0,0,4,Lower-risk active
713556033,0.013629904,0,0,7,Lower-risk active
719265108,0.0003660528,0,0,1,Lower-risk active
778740708,0.0024753415,0,0,4,Lower-risk active
710952933,0.00066097325,0,0,1,Lower-risk active
720991833,0.86760616,1,1,9,Dormant high-risk
779954658,0.0058588106,0,0,6,Lower-risk active
714204108,0.064244345,0,0,8,Lower-risk active
805546308,0.0037057775,0,0,5,Lower-risk active
716244933,0.003594919,0,0,5,Lower-risk active
712018233,0.0018387598,0,0,3,Lower-risk active
802878408,0.0014964987,0,0,3,Lower-risk active
719504433,0.0062201372,0,0,6,Lower-risk active
794558658,0.0005149112,0,0,1,Lower-risk active
711634008,0.0037076157,0,0,5,Lower-risk active
708260208,0.0011916261,0,0,2,Lower-risk active
713435058,0.005779408,0,0,5,Lower-risk active
719656533,0.0027716917,0,0,4,Lower-risk active
719709558,0.00047741065,0,0,1,Lower-risk active
710311233,0.003923366,0,0,5,Lower-risk active
719216508,0.006726709,0,0,6,Lower-risk active
713105508,0.021542706,0,0,7,Lower-risk active
710719683,0.00087544264,0,0,2,Lower-risk active
817892208,0.000558711,0,0,1,Lower-risk active
714102183,0.99729544,1,1,10,Contacted but fragile
715410783,0.9883456,1,1,10,Contacted but fragile
718202658,0.00085802656,0,0,2,Lower-risk active
719445633,0.00788213,0,0,6,Lower-risk active
709820658,0.0036321399,0,0,5,Lower-risk active
718481283,0.0020171613,0,0,3,Lower-risk active
789300408,0.000778304,0,0,1,Lower-risk active
711970533,0.00039689286,0,0,1,Lower-risk active
815088483,0.0006213567,0,0,1,Lower-risk active
717139608,0.00996755,0,0,6,Lower-risk active
717626508,0.011222592,0,0,6,Lower-risk active
767668908,0.91692865,1,1,9,Dormant high-risk
712484733,0.0029184544,0,0,4,Lower-risk active
716216958,0.0037976908,0,0,5,Lower-risk active
714246333,0.9931544,1,1,10,Dormant high-risk
718693683,0.0023479806,0,0,4,Lower-risk active
716298633,0.004300954,0,0,5,Lower-risk active
755661933,0.9897183,1,1,10,Dormant high-risk
712914783,0.0010654685,0,0,2,Lower-risk active
711240108,0.048711848,0,0,8,Lower-risk active
721396758,0.0006725858,0,0,1,Lower-risk active
715636533,0.011811891,0,0,6,Lower-risk active
711508608,0.0017196015,0,0,3,Lower-risk active
716669658,0.9495958,1,1,9,Dormant high-risk
718212633,0.001147554,0,0,2,Lower-risk active
708357183,0.0072483043,0,0,6,Lower-risk active
713629533,0.0013340375,0,0,2,Lower-risk active
771450708,0.0015457872,0,0,3,Lower-risk active
711311883,0.01457164,0,0,7,Lower-risk active
802673508,0.9966689,1,1,10,Dormant high-risk
708113208,0.0047332905,0,0,5,Lower-risk active
788786208,0.001616286,0,0,3,Lower-risk active
720043533,0.0031893754,0,0,4,Lower-risk active
801083133,0.002353196,0,0,4,Lower-risk active
716246733,0.0009910124,0,0,2,Lower-risk active
807157833,0.0013540842,0,0,2,Lower-risk active
721032633,0.7296716,1,1,9,Dormant high-risk
828285858,0.0010162658,0,0,2,Lower-risk active
718890933,0.99435544,1,1,10,Lower-risk active
711148308,0.00057000894,0,0,1,Lower-risk active
712810233,0.00090542366,0,0,2,Lower-risk active
714098883,0.0012605751,0,0,2,Lower-risk active
779327733,0.0013381974,0,0,2,Lower-risk active
716364408,0.0027270815,0,0,4,Lower-risk active
710461083,0.0014444229,0,0,3,Lower-risk active
709306983,0.00428485,0,0,5,Lower-risk active
769035933,0.007446268,0,0,6,Lower-risk active
813182658,0.0011274645,0,0,2,Lower-risk active
781110408,0.001980793,0,0,3,Lower-risk active
818007783,0.0006212489,0,0,1,Lower-risk active
708862233,0.0051206355,0,0,5,Lower-risk active
714006333,0.9960418,1,1,10,Contacted but fragile
770596458,0.97602737,1,1,10,Dormant high-risk
789392883,0.00053523184,0,0,1,Lower-risk active
803805483,0.029074265,0,0,7,Lower-risk active
709534083,0.9876369,1,1,10,Contacted but fragile
710579583,0.0008770553,0,0,2,Lower-risk active
708949908,0.9946516,1,1,10,Dormant high-risk
711907083,0.023914194,0,0,7,Lower-risk active
718696458,0.0018735735,0,0,3,Lower-risk active
710611683,0.00036868732,0,0,1,Lower-risk active
721511883,0.0017477866,0,0,3,Lower-risk active
779116158,0.0009811022,0,0,2,Lower-risk active
720193533,0.0017512768,0,0,3,Lower-risk active
753094533,0.00914771,0,0,6,Lower-risk active
719545983,0.0025879596,0,0,4,Lower-risk active
716494383,0.0009073197,0,0,2,Lower-risk active
769892058,0.017410453,0,0,7,Lower-risk active
709098108,0.0029248262,0,0,4,Lower-risk active
715705683,0.005689504,0,0,5,Lower-risk active
715724808,0.0010551547,0,0,2,Lower-risk active
717123858,0.0011570409,0,0,2,Lower-risk active
716236683,0.0014546529,0,0,3,Lower-risk active
771224358,0.0013767626,0,0,3,Lower-risk active
779310033,0.99799854,1,1,10,Contacted but fragile
710595783,0.001379241,0,0,3,Lower-risk active
711409833,0.00086761924,0,0,2,Lower-risk active
721174008,0.0063152206,0,0,6,Lower-risk active
714192933,0.99849474,1,1,10,Dormant high-risk
709632483,0.00076993764,0,0,1,Lower-risk active
718431258,0.0019915937,0,0,3,Lower-risk active
817029108,0.0035761576,0,0,5,Lower-risk active
796931508,0.98979723,1,1,10,Dormant high-risk
769577358,0.0005842736,0,0,1,Lower-risk active
815589558,0.0021971266,0,0,4,Lower-risk active
714287583,0.998131,1,1,10,Contacted but fragile
718975083,0.99308103,1,1,10,Dormant high-risk
715315008,0.0026938142,0,0,4,Lower-risk active
779252283,0.0012207319,0,0,2,Lower-risk active
714031083,0.9968892,1,1,10,Lower-risk active
772442883,0.99715745,1,1,10,Dormant high-risk
714533058,0.0007257533,0,0,1,Lower-risk active
716570958,0.9918047,1,1,10,Contacted but fragile
710116833,0.99513984,1,1,10,Dormant high-risk
718586133,0.003037818,0,0,4,Lower-risk active
773322558,0.0013166254,0,0,2,Lower-risk active
714554808,0.00026934457,0,0,1,Lower-risk active
717903108,0.14873132,0,0,8,Lower-risk active
815908908,0.97398245,1,1,9,Dormant high-risk
771464808,0.0008066384,0,0,1,Lower-risk active
708234558,0.001203078,0,0,2,Lower-risk active
715737258,0.013091278,0,0,7,Lower-risk active
710188308,0.001157273,0,0,2,Lower-risk active
708670608,0.0016554545,0,0,3,Lower-risk active
714839808,0.0007010097,0,0,1,Lower-risk active
811140933,0.008965549,0,0,6,Lower-risk active
788937933,0.000939153,0,0,2,Lower-risk active
721527858,0.9845561,1,1,10,Dormant high-risk
718265658,0.00022516696,0,0,1,Lower-risk active
714312708,0.010623769,0,0,6,Lower-risk active
715821183,0.0041811974,0,0,5,Lower-risk active
709487058,0.013995557,0,0,7,Lower-risk active
712675158,0.0010134788,0,0,2,Lower-risk active
826473858,0.010803298,0,0,6,Lower-risk active
817382958,0.0011246321,0,0,2,Lower-risk active
712927383,0.9739386,1,1,9,Dormant high-risk
712894308,0.005724031,0,0,5,Lower-risk active
712349808,0.0004904187,0,0,1,Lower-risk active
778780008,0.0034243697,0,0,4,Lower-risk active
711430908,0.9934524,1,1,10,Lower-risk active
779670783,0.010316851,0,0,6,Lower-risk active
718757808,0.007394151,0,0,6,Lower-risk active
779530908,0.85692924,1,1,9,Contacted but fragile
716389833,0.00092912326,0,0,2,Lower-risk active
718469658,0.0013743155,0,0,3,Lower-risk active
809849358,0.99958116,1,1,10,Dormant high-risk
719772258,0.0010563355,0,0,2,Lower-risk active
809363958,0.0019628783,0,0,3,Lower-risk active
709165533,0.0019144736,0,0,3,Lower-risk active
809846283,0.0009823383,0,0,2,Lower-risk active
708427908,0.0009348241,0,0,2,Lower-risk active
721228308,0.98876065,1,1,10,Dormant high-risk
713374533,0.0005551623,0,0,1,Lower-risk active
708708858,0.9990502,1,1,10,Dormant high-risk
721111233,0.0044351355,0,0,5,Lower-risk active
708538608,0.003267381,0,0,4,Lower-risk active
718866633,0.064925484,0,0,8,Lower-risk active
719100633,0.001441868,0,0,3,Lower-risk active
789328083,0.99240005,1,1,10,Dormant high-risk
822905058,0.0015052324,0,0,3,Lower-risk active
816549933,0.0005370206,0,0,1,Lower-risk active
716421633,0.98509294,1,1,10,Contacted but fragile
712667958,0.0033532062,0,0,4,Lower-risk active
809559933,0.9917585,1,1,10,Dormant high-risk
819979458,0.0027192144,0,0,4,Lower-risk active
708100533,0.0014585507,0,0,3,Lower-risk active
778669608,0.0034996385,0,0,4,Lower-risk active
802867683,0.0013232462,0,0,2,Lower-risk active
711893358,0.0015531938,0,0,3,Lower-risk active
785410158,0.0073026046,0,0,6,Lower-risk active
718596858,0.005394705,0,0,5,Lower-risk active
708338958,0.00067356304,0,0,1,Lower-risk active
714688833,0.00093403034,0,0,2,Lower-risk active
789662283,0.99356395,1,1,10,Dormant high-risk
712805658,0.0052788793,0,0,5,Lower-risk active
815598858,0.0006713261,0,0,1,Lower-risk active
779412783,0.0013877968,0,0,3,Lower-risk active
780036483,0.0021686596,0,0,4,Lower-risk active
711527508,0.9992686,1,1,10,Dormant high-risk
720768258,0.011208504,0,0,6,Lower-risk active
716023533,0.00092808594,0,0,2,Lower-risk active
714075708,0.0032304986,0,0,4,Lower-risk active
787475433,0.0082181655,0,0,6,Lower-risk active
787505133,0.933888,1,1,9,Contacted but fragile
712241433,0.0005722629,0,0,1,Lower-risk active
807990108,0.09035309,0,0,8,Lower-risk active
719018208,0.98047787,1,1,10,Dormant high-risk
716641983,0.0041255453,0,0,5,Lower-risk active
708989358,0.0006154783,0,0,1,Lower-risk active
708807483,0.0016079381,0,0,3,Lower-risk active
715774833,0.000634097,0,0,1,Lower-risk active
714733908,0.0017173813,0,0,3,Lower-risk active
721067658,0.0007324576,0,0,1,Lower-risk active
788997408,0.004914088,0,0,5,Lower-risk active
719835033,0.005124169,0,0,5,Lower-risk active
771854808,0.002642927,0,0,4,Lower-risk active
717299958,0.00058668456,0,0,1,Lower-risk active
720778458,0.0005134323,0,0,1,Lower-risk active
713019783,0.0024700535,0,0,4,Lower-risk active
770968383,0.67279494,1,1,9,Contacted but fragile
709747308,0.052067034,0,0,8,Lower-risk active
801366783,0.0018034728,0,0,3,Lower-risk active
798786333,0.0053357724,0,0,5,Lower-risk active
771723408,0.87433684,1,1,9,Contacted but fragile
715117008,0.0031494745,0,0,4,Lower-risk active
713944833,0.0065517733,0,0,6,Lower-risk active
713569158,0.9910693,1,1,10,Dormant high-risk
713037333,0.054447178,0,0,8,Lower-risk active
718267233,0.0013372514,0,0,2,Lower-risk active
709736658,0.00077568926,0,0,1,Lower-risk active
710929233,0.0009288162,0,0,2,Lower-risk active
714290583,0.0014193273,0,0,3,Lower-risk active
717972408,0.0015697209,0,0,3,Lower-risk active
718626033,0.9913174,1,1,10,Dormant high-risk
720008133,0.0008840771,0,0,2,Lower-risk active
710476908,0.0022977917,0,0,4,Lower-risk active
709888383,0.00053463964,0,0,1,Lower-risk active
788864508,0.0007085969,0,0,1,Lower-risk active
714010383,0.98792005,1,1,10,Dormant high-risk
719549508,0.0016986988,0,0,3,Lower-risk active
718670808,0.00036105938,0,0,1,Lower-risk active
718211208,0.0058071273,0,0,5,Lower-risk active
712578933,0.99877805,1,1,10,Contacted but fragile
709343433,0.0010579136,0,0,2,Lower-risk active
767488908,0.004986498,0,0,5,Lower-risk active
719531133,0.0032324567,0,0,4,Lower-risk active
719006508,0.00088714954,0,0,2,Lower-risk active
721287183,0.008510651,0,0,6,Lower-risk active
711144183,0.9918434,1,1,10,Dormant high-risk
709080783,0.003133111,0,0,4,Lower-risk active
710520408,0.0011814598,0,0,2,Lower-risk active
785262333,0.6711296,1,1,9,Dormant high-risk
716513358,0.00050734606,0,0,1,Lower-risk active
719073483,0.99610597,1,1,10,Dormant high-risk
715372083,0.0050291843,0,0,5,Lower-risk active
780034083,0.0019474743,0,0,3,Lower-risk active
794581533,0.000842988,0,0,2,Lower-risk active
710013258,0.0040675774,0,0,5,Lower-risk active
719084358,0.9842987,1,1,10,Dormant high-risk
789173958,0.00044984685,0,0,1,Lower-risk active
789575583,0.00023101697,0,0,1,Lower-risk active
712434708,0.9872984,1,1,10,Dormant high-risk
808675083,0.0011185884,0,0,2,Lower-risk active
710864358,0.003984321,0,0,5,Lower-risk active
712574583,0.012240664,0,0,6,Lower-risk active
708412758,0.9834245,1,1,10,Contacted but fragile
714389058,0.0030071852,0,0,4,Lower-risk active
715767033,0.001239783,0,0,2,Lower-risk active
779281233,0.0007433468,0,0,1,Lower-risk active
717147708,0.0006339647,0,0,1,Lower-risk active
715029333,0.0042110747,0,0,5,Lower-risk active
806989008,0.00029768955,0,0,1,Lower-risk active
713158083,0.99688965,1,1,10,Dormant high-risk
771037008,0.0013132391,0,0,2,Lower-risk active
710587458,0.00048343276,0,0,1,Lower-risk active
710563458,0.0027379808,0,0,4,Lower-risk active
720010608,0.95530003,1,1,9,Contacted but fragile
710343783,0.005149485,0,0,5,Lower-risk active
772578858,0.004282777,0,0,5,Lower-risk active
708559533,0.0013330646,0,0,2,Lower-risk active
711939558,0.9975478,1,1,10,Contacted but fragile
772143333,0.0010386395,0,0,2,Lower-risk active
711067383,0.0032075942,0,0,4,Lower-risk active
817041408,0.00092510635,0,0,2,Lower-risk active
771942333,0.0052765864,0,0,5,Lower-risk active
755247108,0.00042688652,0,0,1,Lower-risk active
715710708,0.0038066383,0,0,5,Lower-risk active
713858733,0.0022862756,0,0,4,Lower-risk active
717129333,0.0011283025,0,0,2,Lower-risk active
716924958,0.78208774,1,1,9,Contacted but fragile
719614758,0.0009131521,0,0,2,Lower-risk active
721537683,0.005298426,0,0,5,Lower-risk active
771500358,0.0011254895,0,0,2,Lower-risk active
711531858,0.98575646,1,1,10,Dormant high-risk
715060158,0.0011596676,0,0,2,Lower-risk active
779725833,0.005007782,0,0,5,Lower-risk active
716592558,0.0051547475,0,0,5,Lower-risk active
771020133,0.00043936502,0,0,1,Lower-risk active
709153008,0.0024927894,0,0,4,Lower-risk active
713394858,0.3131963,0,1,9,Lower-risk active
721175283,0.014195536,0,0,7,Lower-risk active
715503558,0.0137174865,0,0,7,Lower-risk active
819943458,0.5698444,1,1,9,Dormant high-risk
717094758,0.0019050175,0,0,3,Lower-risk active
772073508,0.9991862,1,1,10,Dormant high-risk
721351983,0.98066425,1,1,10,Dormant high-risk
714477408,0.9305488,1,1,9,Dormant high-risk
718471758,0.0024907663,0,0,4,Lower-risk active
711607833,0.00077757053,0,0,1,Lower-risk active
708621408,0.0020812736,0,0,3,Lower-risk active
719277033,0.026381513,0,0,7,Lower-risk active
813905508,0.001728537,0,0,3,Lower-risk active
719761458,0.009665565,0,0,6,Lower-risk active
708222558,0.0007923458,0,0,1,Lower-risk active
713937558,0.0052065197,0,0,5,Lower-risk active
709603608,0.0009661733,0,0,2,Lower-risk active
804661083,0.0014831426,0,0,3,Lower-risk active
720977358,0.00077072857,0,0,1,Lower-risk active
718420308,0.00070234906,0,0,1,Lower-risk active
714046608,0.002216955,0,0,4,Lower-risk active
718048608,0.003268086,0,0,4,Lower-risk active
718497033,0.3381963,0,1,9,Lower-risk active
711801933,0.9857405,1,1,10,Dormant high-risk
716282208,0.9957184,1,1,10,Dormant high-risk
789076083,0.0015791301,0,0,3,Lower-risk active
714045783,0.9946824,1,1,10,Contacted but fragile
769720683,0.04936351,0,0,8,Lower-risk active
721092783,0.0040222663,0,0,5,Lower-risk active
720243933,0.9994517,1,1,10,Dormant high-risk
818502708,0.0010485701,0,0,2,Lower-risk active
712942308,0.00083989353,0,0,2,Lower-risk active
714262533,0.0002457804,0,0,1,Lower-risk active
714708183,0.006591773,0,0,6,Lower-risk active
718285308,0.11441935,0,0,8,Lower-risk active
720595083,0.0016034953,0,0,3,Lower-risk active
787501758,0.003603317,0,0,5,Lower-risk active
714990633,0.0014786243,0,0,3,Lower-risk active
714652383,0.0048567466,0,0,5,Lower-risk active
788776008,0.00031181454,0,0,1,Lower-risk active
709176108,0.0027140856,0,0,4,Lower-risk active
719354433,0.0013727981,0,0,3,Lower-risk active
709368483,0.0045549134,0,0,5,Lower-risk active
717621333,0.0026011174,0,0,4,Lower-risk active
716272158,0.9247868,1,1,9,Dormant high-risk
803355408,0.0036114273,0,0,5,Lower-risk active
717073308,0.0035888439,0,0,5,Lower-risk active
789105183,0.0012753797,0,0,2,Lower-risk active
721305408,0.0036381502,0,0,5,Lower-risk active
715739733,0.00057546893,0,0,1,Lower-risk active
779217333,0.00074866763,0,0,1,Lower-risk active
712133508,0.0016380738,0,0,3,Lower-risk active
714602658,0.9995173,1,1,10,Contacted but fragile
712446783,0.9733743,1,1,9,Dormant high-risk
720049083,0.9773573,1,1,10,Dormant high-risk
824172258,0.00042692473,0,0,1,Lower-risk active
717695058,0.0017611042,0,0,3,Lower-risk active
719782458,0.0015519467,0,0,3,Lower-risk active
718141983,0.00032947262,0,0,1,Lower-risk active
718853358,0.0026035171,0,0,4,Lower-risk active
772539558,0.024567533,0,0,7,Lower-risk active
817094283,0.001413585,0,0,3,Lower-risk active
716932308,0.0013103212,0,0,2,Lower-risk active
714738858,0.0005246506,0,0,1,Lower-risk active
772409733,0.0009332271,0,0,2,Lower-risk active
717534108,0.00057061255,0,0,1,Lower-risk active
816378033,0.6114902,1,1,9,Dormant high-risk
790141308,0.0028395446,0,0,4,Lower-risk active
710770383,0.0005871995,0,0,1,Lower-risk active
711351108,0.03624848,0,0,7,Lower-risk active
713744058,0.0014186173,0,0,3,Lower-risk active
708998583,0.0023434858,0,0,4,Lower-risk active
827451333,0.9979267,1,1,10,Dormant high-risk
714228558,0.005391401,0,0,5,Lower-risk active
797668983,0.004374197,0,0,5,Lower-risk active
713023158,0.0007549717,0,0,1,Lower-risk active
709982658,0.001235954,0,0,2,Lower-risk active
715398858,0.0010276684,0,0,2,Lower-risk active
715615233,0.0013894519,0,0,3,Lower-risk active
710650608,0.0013983685,0,0,3,Lower-risk active
803214108,0.0018542742,0,0,3,Lower-risk active
717202083,0.9991435,1,1,10,Dormant high-risk
719051733,0.0066896626,0,0,6,Lower-risk active
789900633,0.0037852346,0,0,5,Lower-risk active
789122808,0.99449724,1,1,10,Contacted but fragile
709902108,0.0030340552,0,0,4,Lower-risk active
713666058,0.0005296155,0,0,1,Lower-risk active
711453783,0.0012883886,0,0,2,Lower-risk active
778936008,0.0024330541,0,0,4,Lower-risk active
708085458,0.0011696022,0,0,2,Lower-risk active
749067633,0.0060418067,0,0,6,Lower-risk active
716170308,0.00020851675,0,0,1,Lower-risk active
711507783,0.9989512,1,1,10,Dormant high-risk
819752133,0.0012869701,0,0,2,Lower-risk active
711061908,0.14968137,0,0,8,Lower-risk active
744231708,0.0018233133,0,0,3,Lower-risk active
716856408,0.99492586,1,1,10,Contacted but fragile
711780108,0.0062409104,0,0,6,Lower-risk active
715178733,0.001319893,0,0,2,Lower-risk active
721418133,0.00087599625,0,0,2,Lower-risk active
720124758,0.98718226,1,1,10,Dormant high-risk
809068983,0.0032722438,0,0,4,Lower-risk active
711052308,0.0052064653,0,0,5,Lower-risk active
718967433,0.0047321566,0,0,5,Lower-risk active
709827933,0.0019034696,0,0,3,Lower-risk active
787568433,0.0006049774,0,0,1,Lower-risk active
720256158,0.0042059687,0,0,5,Lower-risk active
715435758,0.0005239747,0,0,1,Lower-risk active
719505483,0.00092498685,0,0,2,Lower-risk active
721247883,0.0009271053,0,0,2,Lower-risk active
772220433,0.0012724549,0,0,2,Lower-risk active
789692283,0.017497774,0,0,7,Lower-risk active
815091333,0.0003081691,0,0,1,Lower-risk active
778732158,0.0012862276,0,0,2,Lower-risk active
715129233,0.0042886967,0,0,5,Lower-risk active
714083208,0.00087912864,0,0,2,Lower-risk active
716559108,0.008446729,0,0,6,Lower-risk active
715102308,0.46449494,0,1,9,Lower-risk active
768814983,0.00047510694,0,0,1,Lower-risk active
788744058,0.001046609,0,0,2,Lower-risk active
782802033,0.51917493,1,1,9,Lower-risk active
708499608,0.000614795,0,0,1,Lower-risk active
794947683,0.010233831,0,0,6,Lower-risk active
716442333,0.0003586371,0,0,1,Lower-risk active
772189308,0.0032339415,0,0,4,Lower-risk active
721529583,0.008399515,0,0,6,Lower-risk active
713578608,0.0022268242,0,0,4,Lower-risk active
718976283,0.0031869053,0,0,4,Lower-risk active
711505308,0.0020902497,0,0,3,Lower-risk active
711131958,0.0028399415,0,0,4,Lower-risk active
714687858,0.0011642494,0,0,2,Lower-risk active
780289308,0.96110666,1,1,9,Dormant high-risk
708504783,0.008512756,0,0,6,Lower-risk active
778857108,0.0006076018,0,0,1,Lower-risk active
756598833,0.00399396,0,0,5,Lower-risk active
718748133,0.0015633956,0,0,3,Lower-risk active
714503433,0.99750596,1,1,10,Dormant high-risk
710869008,0.0024738384,0,0,4,Lower-risk active
779643858,0.0006694101,0,0,1,Lower-risk active
715250583,0.01696781,0,0,7,Lower-risk active
714396558,0.0019824773,0,0,3,Lower-risk active
752766783,0.00093669863,0,0,2,Lower-risk active
715532208,0.01647271,0,0,7,Lower-risk active
719130558,0.0012772998,0,0,2,Lower-risk active
806232408,0.0024907128,0,0,4,Lower-risk active
715497558,0.98865557,1,1,10,Dormant high-risk
716303583,0.0008355806,0,0,2,Lower-risk active
713522058,0.0109616285,0,0,6,Lower-risk active
719074308,0.00052231416,0,0,1,Lower-risk active
711881733,0.00445821,0,0,5,Lower-risk active
710310108,0.0006018454,0,0,1,Lower-risk active
715814433,0.0018040894,0,0,3,Lower-risk active
717252483,0.97883695,1,1,10,Dormant high-risk
770874483,0.0011430422,0,0,2,Lower-risk active
719742108,0.98032093,1,1,10,Contacted but fragile
711064008,0.020503767,0,0,7,Lower-risk active
717208833,0.9585712,1,1,9,Mono-product exposed
709022883,0.0012934309,0,0,2,Lower-risk active
713653983,0.00070792227,0,0,1,Lower-risk active
713463708,0.9969157,1,1,10,Contacted but fragile
789143283,0.0011963254,0,0,2,Lower-risk active
778550583,0.0017775537,0,0,3,Lower-risk active
711181608,0.0064635295,0,0,6,Lower-risk active
711790308,0.9216465,1,1,9,Dormant high-risk
779791908,0.009562217,0,0,6,Lower-risk active
789515283,0.0010774615,0,0,2,Lower-risk active
712046808,0.9878861,1,1,10,Dormant high-risk
712169883,0.003665615,0,0,5,Lower-risk active
712637283,0.00035393224,0,0,1,Lower-risk active
715555833,0.0012343122,0,0,2,Lower-risk active
708712833,0.0016927344,0,0,3,Lower-risk active
717841683,0.0006962539,0,0,1,Lower-risk active
708689958,0.0008168459,0,0,1,Lower-risk active
708888633,0.99012166,1,1,10,Dormant high-risk
721012983,0.0012628568,0,0,2,Lower-risk active
812406183,0.994487,1,1,10,Dormant high-risk
714595983,0.99692625,1,1,10,Dormant high-risk
715725858,0.002122348,0,0,3,Lower-risk active
720270633,0.9793809,1,1,10,Dormant high-risk
720269283,0.0006294349,0,0,1,Lower-risk active
710142258,0.0020338518,0,0,3,Lower-risk active
708525108,0.0011878524,0,0,2,Lower-risk active
709621008,0.00087040383,0,0,2,Lower-risk active
717181833,0.004293248,0,0,5,Lower-risk active
711288558,0.0014791841,0,0,3,Lower-risk active
718653333,0.9991978,1,1,10,Dormant high-risk
766628733,0.013527897,0,0,7,Lower-risk active
711724083,0.08643835,0,0,8,Lower-risk active
719690733,0.00211049,0,0,3,Lower-risk active
770783508,0.0016523722,0,0,3,Lower-risk active
713422083,0.70947605,1,1,9,Dormant high-risk
718026858,0.00063142244,0,0,1,Lower-risk active
716028108,0.0035316902,0,0,5,Lower-risk active
712222758,0.9917121,1,1,10,Contacted but fragile
718436133,0.0021977287,0,0,4,Lower-risk active
719313633,0.09554516,0,0,8,Lower-risk active
814586958,0.0023674886,0,0,4,Lower-risk active
804344733,0.00044860117,0,0,1,Lower-risk active
717166383,0.0012416064,0,0,2,Lower-risk active
713060283,0.00020491173,0,0,1,Lower-risk active
713070033,0.0011249107,0,0,2,Lower-risk active
793625583,0.00316041,0,0,4,Lower-risk active
713918358,0.0019861138,0,0,3,Lower-risk active
714308283,0.0041017947,0,0,5,Lower-risk active
714086133,0.0011161354,0,0,2,Lower-risk active
718872858,0.00052592787,0,0,1,Lower-risk active
718148358,0.9992084,1,1,10,Dormant high-risk
709665783,0.0026874945,0,0,4,Lower-risk active
708483708,0.011099501,0,0,6,Lower-risk active
715347783,0.048242178,0,0,8,Lower-risk active
709054083,0.0006505597,0,0,1,Lower-risk active
807915408,0.0024422526,0,0,4,Lower-risk active
794507133,0.99102473,1,1,10,Contacted but fragile
712569408,0.0012354414,0,0,2,Lower-risk active
788805108,0.0010174778,0,0,2,Lower-risk active
710150208,0.002122139,0,0,3,Lower-risk active
711825558,0.0016735881,0,0,3,Lower-risk active
712891833,0.00026476113,0,0,1,Lower-risk active
719680908,0.00070530473,0,0,1,Lower-risk active
801053208,0.0016330074,0,0,3,Lower-risk active
758642733,0.0061124135,0,0,6,Lower-risk active
771201408,0.006178354,0,0,6,Lower-risk active
789523683,0.00066404307,0,0,1,Lower-risk active
767266758,0.9974953,1,1,10,Dormant high-risk
713732883,0.0009001155,0,0,2,Lower-risk active
720739083,0.8041257,1,1,9,Contacted but fragile
718010133,0.0038641987,0,0,5,Lower-risk active
771518658,0.0003811244,0,0,1,Lower-risk active
710508858,0.0010115616,0,0,2,Lower-risk active
772590408,0.0005998325,0,0,1,Lower-risk active
719334408,0.0055395653,0,0,5,Lower-risk active
717500133,0.0045968452,0,0,5,Lower-risk active
720988083,0.0010692832,0,0,2,Lower-risk active
713594883,0.94756037,1,1,9,Dormant high-risk
719848908,0.0056432034,0,0,5,Lower-risk active
714962658,0.9908409,1,1,10,Dormant high-risk
717429258,0.99788755,1,1,10,Dormant high-risk
717022533,0.0032954626,0,0,4,Lower-risk active
710853033,0.005056706,0,0,5,Lower-risk active
709548783,0.95402825,1,1,9,Dormant high-risk
780055308,0.32493618,0,1,9,Lower-risk active
714252933,0.0021614793,0,0,4,Lower-risk active
713336883,0.9924103,1,1,10,Dormant high-risk
713119308,0.0039134235,0,0,5,Lower-risk active
710815608,0.0014874876,0,0,3,Lower-risk active
809626983,0.9981646,1,1,10,Dormant high-risk
803398983,0.0066640717,0,0,6,Lower-risk active
717568308,0.0017950023,0,0,3,Lower-risk active
711694083,0.0011348159,0,0,2,Lower-risk active
712258308,0.00067798176,0,0,1,Lower-risk active
713884458,0.0008863388,0,0,2,Lower-risk active
716160708,0.0003674932,0,0,1,Lower-risk active
772728933,0.9716669,1,1,9,Dormant high-risk
815320383,0.95718026,1,1,9,Dormant high-risk
712117983,0.110757284,0,0,8,Lower-risk active
788694558,0.0010459034,0,0,2,Lower-risk active
709275558,0.2866709,0,1,9,Lower-risk active
711216933,0.003549553,0,0,5,Lower-risk active
717069033,0.006490068,0,0,6,Lower-risk active
714992733,0.0008745918,0,0,2,Lower-risk active
809445858,0.0008982791,0,0,2,Lower-risk active
708859158,0.00051703065,0,0,1,Lower-risk active
710040483,0.00063332124,0,0,1,Lower-risk active
714667608,0.0073952745,0,0,6,Lower-risk active
714475908,0.9593346,1,1,9,Dormant high-risk
713656308,0.0047633196,0,0,5,Lower-risk active
716790633,0.9846178,1,1,10,Contacted but fragile
716127333,0.9908174,1,1,10,Contacted but fragile
713017758,0.000589363,0,0,1,Lower-risk active
717893358,0.0027169783,0,0,4,Lower-risk active
780032208,0.9684397,1,1,9,Dormant high-risk
720219633,0.00070144807,0,0,1,Lower-risk active
711676008,0.0045484817,0,0,5,Lower-risk active
714192033,0.00092355633,0,0,2,Lower-risk active
713442933,0.0033264237,0,0,4,Lower-risk active
789052308,0.9731986,1,1,9,Lower-risk active
714948858,0.6905926,1,1,9,Lower-risk active
711772983,0.0014824627,0,0,3,Lower-risk active
802937058,0.0008025389,0,0,1,Lower-risk active
712493058,0.004817617,0,0,5,Lower-risk active
718808883,0.0040675197,0,0,5,Lower-risk active
719685408,0.99005413,1,1,10,Lower-risk active
708829758,0.024116507,0,0,7,Lower-risk active
710792733,0.0060389526,0,0,6,Lower-risk active
716838633,0.0017800421,0,0,3,Lower-risk active
714041283,0.0009775897,0,0,2,Lower-risk active
710284233,0.97177166,1,1,9,Dormant high-risk
752944533,0.00022289761,0,0,1,Lower-risk active
713312208,0.99864036,1,1,10,Contacted but fragile
804045933,0.0028762768,0,0,4,Lower-risk active
716662683,0.0023641707,0,0,4,Lower-risk active
713432508,0.0025621792,0,0,4,Lower-risk active
799475658,0.001289246,0,0,2,Lower-risk active
719849958,0.0015893409,0,0,3,Lower-risk active
715803933,0.0032332775,0,0,4,Lower-risk active
779486433,0.0011064358,0,0,2,Lower-risk active
708281433,0.0018157822,0,0,3,Lower-risk active
779844408,0.9962851,1,1,10,Dormant high-risk
721306908,0.7292166,1,1,9,Dormant high-risk
713964858,0.0011087877,0,0,2,Lower-risk active
717545808,0.0009383199,0,0,2,Lower-risk active
771232533,0.0010598823,0,0,2,Lower-risk active
710883483,0.0015621858,0,0,3,Lower-risk active
801715383,0.9559311,1,1,9,Dormant high-risk
719594433,0.003404335,0,0,4,Lower-risk active
716310633,0.0019749224,0,0,3,Lower-risk active
714188883,0.997122,1,1,10,Lower-risk active
772437633,0.0045016417,0,0,5,Lower-risk active
708536283,0.94059455,1,1,9,Lower-risk active
772569033,0.0006389301,0,0,1,Lower-risk active
714443883,0.0014827444,0,0,3,Lower-risk active
710369658,0.0003759975,0,0,1,Lower-risk active
788440083,0.0013480791,0,0,2,Lower-risk active
773332908,0.00086788955,0,0,2,Lower-risk active
709307808,0.9854092,1,1,10,Dormant high-risk
712507758,0.0026770832,0,0,4,Lower-risk active
715701033,0.82037663,1,1,9,Dormant high-risk
718478883,0.0024362784,0,0,4,Lower-risk active
788734158,0.10008277,0,0,8,Lower-risk active
794490858,0.054022495,0,0,8,Lower-risk active
718397658,0.0011296135,0,0,2,Lower-risk active
718826883,0.994058,1,1,10,Dormant high-risk
716733933,0.006921567,0,0,6,Lower-risk active
809307108,0.0008775577,0,0,2,Lower-risk active
778671483,0.0027601097,0,0,4,Lower-risk active
815504583,0.99671197,1,1,10,Contacted but fragile
789319458,0.005406587,0,0,5,Lower-risk active
710382108,0.012481521,0,0,6,Lower-risk active
720895533,0.0012268254,0,0,2,Lower-risk active
709891608,0.9792712,1,1,10,Contacted but fragile
717136533,0.0018172459,0,0,3,Lower-risk active
790164408,0.0012513555,0,0,2,Lower-risk active
795613233,0.00027916275,0,0,1,Lower-risk active
709009833,0.008128029,0,0,6,Lower-risk active
720054183,0.0020257267,0,0,3,Lower-risk active
713193408,0.0018891844,0,0,3,Lower-risk active
801508383,0.0012478408,0,0,2,Lower-risk active
711949683,0.7393306,1,1,9,Contacted but fragile
787747308,0.99442863,1,1,10,Dormant high-risk
720064158,0.0045146374,0,0,5,Lower-risk active
779104608,0.985388,1,1,10,Contacted but fragile
715477233,0.0031090677,0,0,4,Lower-risk active
719524383,0.0006608482,0,0,1,Lower-risk active
713804883,0.9977235,1,1,10,Lower-risk active
710359458,0.0030681344,0,0,4,Lower-risk active
716311683,0.012025007,0,0,6,Lower-risk active
753795633,0.9152616,1,1,9,Dormant high-risk
780076833,0.0014483698,0,0,3,Lower-risk active
716019333,0.0012136983,0,0,2,Lower-risk active
820657083,0.0018981474,0,0,3,Lower-risk active
716901858,0.0029721868,0,0,4,Lower-risk active
756571983,0.0015524353,0,0,3,Lower-risk active
817607358,0.9883868,1,1,10,Dormant high-risk
778268508,0.0007648654,0,0,1,Lower-risk active
778984383,0.0031983121,0,0,4,Lower-risk active
720771933,0.008467546,0,0,6,Lower-risk active
748827033,0.0067062993,0,0,6,Lower-risk active
712591983,0.0012888783,0,0,2,Lower-risk active
712181658,0.0013064631,0,0,2,Lower-risk active
712297683,0.9788582,1,1,10,Dormant high-risk
714684933,0.99236214,1,1,10,Contacted but fragile
720742083,0.99077857,1,1,10,Dormant high-risk
772310958,0.0007241184,0,0,1,Lower-risk active
715343883,0.029733712,0,0,7,Lower-risk active
720470133,0.0012271783,0,0,2,Lower-risk active
710420133,0.009944538,0,0,6,Lower-risk active
720933408,0.00033787085,0,0,1,Lower-risk active
716304483,0.0014355102,0,0,3,Lower-risk active
719534058,0.007891992,0,0,6,Lower-risk active
710515308,0.0054050568,0,0,5,Lower-risk active
797241108,0.0014889465,0,0,3,Lower-risk active
708884658,0.00031115024,0,0,1,Lower-risk active
794475483,0.15975675,0,0,8,Lower-risk active
714315858,0.1480134,0,0,8,Lower-risk active
717217983,0.018424327,0,0,7,Lower-risk active
721124658,0.7938036,1,1,9,Contacted but fragile
716753058,0.0023125766,0,0,4,Lower-risk active
711069483,0.0020840494,0,0,3,Lower-risk active
708478233,0.00065504364,0,0,1,Lower-risk active
710783358,0.00091251987,0,0,2,Lower-risk active
713710383,0.30897528,0,1,9,Lower-risk active
720815208,0.9904867,1,1,10,Dormant high-risk
721338783,0.008031581,0,0,6,Lower-risk active
714121983,0.0014016024,0,0,3,Lower-risk active
715061733,0.00021235438,0,0,1,Lower-risk active
720520308,0.9434946,1,1,9,Contacted but fragile
806908608,0.0014530697,0,0,3,Lower-risk active
798972183,0.99938047,1,1,10,Dormant high-risk
715030308,0.0020833258,0,0,3,Lower-risk active
708244458,0.0020891053,0,0,3,Lower-risk active
789479058,0.0062203077,0,0,6,Lower-risk active
784998108,0.001698727,0,0,3,Lower-risk active
711808383,0.0012547426,0,0,2,Lower-risk active
770839608,0.00034392552,0,0,1,Lower-risk active
713866308,0.0010847605,0,0,2,Lower-risk active
714250908,0.8852421,1,1,9,Dormant high-risk
739317558,0.0027761038,0,0,4,Lower-risk active
718702908,0.0013335681,0,0,2,Lower-risk active
720644883,0.00089525426,0,0,2,Lower-risk active
717182883,0.0012272086,0,0,2,Lower-risk active
719384433,0.519384,1,1,9,Contacted but fragile
787301208,0.0011788225,0,0,2,Lower-risk active
720924633,0.012137962,0,0,6,Lower-risk active
721316358,0.003164476,0,0,4,Lower-risk active
716118633,0.0008071321,0,0,1,Lower-risk active
789880533,0.95171595,1,1,9,Dormant high-risk
711221958,0.9971635,1,1,10,Lower-risk active
715510683,0.0013864362,0,0,3,Lower-risk active
718689258,0.00088361814,0,0,2,Lower-risk active
716368008,0.9399728,1,1,9,Lower-risk active
712092783,0.96374047,1,1,9,Contacted but fragile
789541458,0.000675896,0,0,1,Lower-risk active
719539458,0.0017638634,0,0,3,Lower-risk active
713082708,0.022146227,0,0,7,Lower-risk active
794665608,0.15061718,0,0,8,Lower-risk active
712827258,0.0072684805,0,0,6,Lower-risk active
714525633,0.0008542833,0,0,2,Lower-risk active
708726708,0.98444265,1,1,10,Contacted but fragile
768498258,0.0009681,0,0,2,Lower-risk active
712767858,0.97571576,1,1,10,Contacted but fragile
709231683,0.0010713745,0,0,2,Lower-risk active
712445583,0.9583388,1,1,9,Contacted but fragile
711461658,0.0012207697,0,0,2,Lower-risk active
713891133,0.9814027,1,1,10,Lower-risk active
710074458,0.0004047874,0,0,1,Lower-risk active
779279883,0.9622402,1,1,9,Dormant high-risk
719674533,0.00069847226,0,0,1,Lower-risk active
716535408,0.0010314058,0,0,2,Lower-risk active
710319108,0.0011882071,0,0,2,Lower-risk active
714777858,0.002209322,0,0,4,Lower-risk active
769974258,0.0029505107,0,0,4,Lower-risk active
717819633,0.0031345529,0,0,4,Lower-risk active
712953483,0.98875684,1,1,10,Dormant high-risk
779029458,0.9966993,1,1,10,Dormant high-risk
721321383,0.0020668898,0,0,3,Lower-risk active
716973333,0.0010150857,0,0,2,Lower-risk active
709946658,0.068709366,0,0,8,Lower-risk active
709243533,0.0029534847,0,0,4,Lower-risk active
709999308,0.0021823333,0,0,4,Lower-risk active
712389108,0.0009261801,0,0,2,Lower-risk active
712305333,0.013517967,0,0,7,Lower-risk active
812785158,0.01637539,0,0,7,Lower-risk active
765459858,0.9208064,1,1,9,Dormant high-risk
714894708,0.98261803,1,1,10,Dormant high-risk
711296508,0.0036623548,0,0,5,Lower-risk active
795713058,0.00049221376,0,0,1,Lower-risk active
789487308,0.0014170706,0,0,3,Lower-risk active
720130233,0.9910595,1,1,10,Dormant high-risk
789047208,0.0025749076,0,0,4,Lower-risk active
715864983,0.0019221762,0,0,3,Lower-risk active
708765933,0.0016766407,0,0,3,Lower-risk active
809320908,0.0033980669,0,0,4,Lower-risk active
779324358,0.00035970064,0,0,1,Lower-risk active
713730108,0.0061934916,0,0,6,Lower-risk active
711783483,0.002026441,0,0,3,Lower-risk active
719294433,0.009154005,0,0,6,Lower-risk active
718279008,0.97444296,1,1,9,Contacted but fragile
721238508,0.0010623717,0,0,2,Lower-risk active
709365483,0.0067698597,0,0,6,Lower-risk active
718477983,0.00053451455,0,0,1,Lower-risk active
719809533,0.0003693635,0,0,1,Lower-risk active
717239133,0.009230775,0,0,6,Lower-risk active
814091058,0.955723,1,1,9,Contacted but fragile
710555433,0.9789155,1,1,10,Lower-risk active
770956158,0.0049769063,0,0,5,Lower-risk active
718263108,0.9721176,1,1,9,Dormant high-risk
715984908,0.0013453413,0,0,2,Lower-risk active
711020358,0.00056024146,0,0,1,Lower-risk active
788769783,0.0005411013,0,0,1,Lower-risk active
715496808,0.012116162,0,0,6,Lower-risk active
779931783,0.9881379,1,1,10,Dormant high-risk
818763033,0.0029457454,0,0,4,Lower-risk active
711953358,0.00064491155,0,0,1,Lower-risk active
716485308,0.00057010236,0,0,1,Lower-risk active
716432658,0.0065043187,0,0,6,Lower-risk active
712691883,0.99351114,1,1,10,Lower-risk active
712611108,0.9652254,1,1,9,Dormant high-risk
716245833,0.042375203,0,0,8,Lower-risk active
780052008,0.004984821,0,0,5,Lower-risk active
709759908,0.0014549271,0,0,3,Lower-risk active
788667408,0.0008382449,0,0,2,Lower-risk active
721449408,0.0012820251,0,0,2,Lower-risk active
708316008,0.99513334,1,1,10,Contacted but fragile
714655758,0.0022320237,0,0,4,Lower-risk active
711846183,0.9782456,1,1,10,Contacted but fragile
720612333,0.98422444,1,1,10,Lower-risk active
714673833,0.0026826104,0,0,4,Lower-risk active
710525508,0.9539279,1,1,9,Dormant high-risk
757854858,0.988247,1,1,10,Dormant high-risk
714658233,0.0010870653,0,0,2,Lower-risk active
716381808,0.0034887814,0,0,4,Lower-risk active
720831783,0.001018435,0,0,2,Lower-risk active
714319233,0.99861073,1,1,10,Dormant high-risk
718178583,0.0011953822,0,0,2,Lower-risk active
708886533,0.0006649164,0,0,1,Lower-risk active
716239383,0.0026702695,0,0,4,Lower-risk active
714672933,0.0006497137,0,0,1,Lower-risk active
809954133,0.005675702,0,0,5,Lower-risk active
714855108,0.003075459,0,0,4,Lower-risk active
718730283,0.008738186,0,0,6,Lower-risk active
709232808,0.9980324,1,1,10,Dormant high-risk
804428958,0.0016578141,0,0,3,Lower-risk active
711474333,0.9918207,1,1,10,Dormant high-risk
720070383,0.0029530495,0,0,4,Lower-risk active
720322008,0.0009415393,0,0,2,Lower-risk active
714527433,0.94541043,1,1,9,Lower-risk active
789267633,0.00031312887,0,0,1,Lower-risk active
714523383,0.0097518945,0,0,6,Lower-risk active
713996283,0.0004860272,0,0,1,Lower-risk active
714557583,0.00027344492,0,0,1,Lower-risk active
714014733,0.8300784,1,1,9,Dormant high-risk
779065458,0.0011633133,0,0,2,Lower-risk active
712733958,0.9720054,1,1,9,Dormant high-risk
719231583,0.0021972468,0,0,4,Lower-risk active
778801608,0.00030339454,0,0,1,Lower-risk active
720728133,0.005321859,0,0,5,Lower-risk active
718153233,0.008821055,0,0,6,Lower-risk active
716122008,0.9754426,1,1,9,Dormant high-risk
714960408,0.986827,1,1,10,Dormant high-risk
772382283,0.93974423,1,1,9,Dormant high-risk
817236708,0.0013831267,0,0,3,Lower-risk active
714266883,0.9945234,1,1,10,Dormant high-risk
792795933,0.013256136,0,0,7,Lower-risk active
717219933,0.950701,1,1,9,Dormant high-risk
719986758,0.99929273,1,1,10,Dormant high-risk
712326708,0.00605884,0,0,6,Lower-risk active
721505358,0.0077003464,0,0,6,Lower-risk active
804337233,0.10812247,0,0,8,Lower-risk active
785351133,0.0045928652,0,0,5,Lower-risk active
714034158,0.0025464164,0,0,4,Lower-risk active
720349983,0.0020599037,0,0,3,Lower-risk active
720155583,0.0010414469,0,0,2,Lower-risk active
806140383,0.99320203,1,1,10,Lower-risk active
799031958,0.0036459195,0,0,5,Lower-risk active
719556558,0.004311614,0,0,5,Lower-risk active
771455508,0.00140358,0,0,3,Lower-risk active
712214283,0.0044208034,0,0,5,Lower-risk active
712667058,0.0007049301,0,0,1,Lower-risk active
715393908,0.0007726774,0,0,1,Lower-risk active
751518633,0.86526364,1,1,9,Dormant high-risk
769100508,0.0010785218,0,0,2,Lower-risk active
720582558,0.0030625593,0,0,4,Lower-risk active
710773533,0.0022094587,0,0,4,Lower-risk active
712395408,0.98900884,1,1,10,Dormant high-risk
818459733,0.9848824,1,1,10,Lower-risk active
708867408,0.67198783,1,1,9,Dormant high-risk
772457583,0.0007741444,0,0,1,Lower-risk active
810271083,0.9978806,1,1,10,Dormant high-risk
712649058,0.0039250134,0,0,5,Lower-risk active
788737083,0.00084366713,0,0,2,Lower-risk active
714012258,0.0007687737,0,0,1,Lower-risk active
757662258,0.0003284956,0,0,1,Lower-risk active
714388158,0.0039054987,0,0,5,Lower-risk active
720067083,0.00071178505,0,0,1,Lower-risk active
814529508,0.0019611341,0,0,3,Lower-risk active
794068308,0.0007467606,0,0,1,Lower-risk active
824812983,0.0004782011,0,0,1,Lower-risk active
713396358,0.012611974,0,0,6,Lower-risk active
719420883,0.9959637,1,1,10,Dormant high-risk
785500533,0.0018689514,0,0,3,Lower-risk active
712138008,0.0030575146,0,0,4,Lower-risk active
709279608,0.0027582124,0,0,4,Lower-risk active
788771733,0.0029949397,0,0,4,Lower-risk active
753365883,0.9953595,1,1,10,Contacted but fragile
770717883,0.0035990772,0,0,5,Lower-risk active
716919633,0.0035333084,0,0,5,Lower-risk active
717915783,0.6757607,1,1,9,Contacted but fragile
720099708,0.01994351,0,0,7,Lower-risk active
711004533,0.00061465177,0,0,1,Lower-risk active
709482633,0.0011258187,0,0,2,Lower-risk active
717381183,0.013018615,0,0,7,Lower-risk active
719716983,0.0049840147,0,0,5,Lower-risk active
711117108,0.013178733,0,0,7,Lower-risk active
780567408,0.0006969791,0,0,1,Lower-risk active
778810083,0.14300776,0,0,8,Lower-risk active
778696608,0.0025124443,0,0,4,Lower-risk active
771469758,0.003923055,0,0,5,Lower-risk active
714172158,0.0007187685,0,0,1,Lower-risk active
713713983,0.0003417836,0,0,1,Lower-risk active
787454133,0.002368508,0,0,4,Lower-risk active
709597983,0.00074139563,0,0,1,Lower-risk active
708298233,0.83457243,1,1,9,Lower-risk active
779885358,0.0003180129,0,0,1,Lower-risk active
709938708,0.0014242153,0,0,3,Lower-risk active
719620983,0.0002240856,0,0,1,Lower-risk active
712329933,0.95741,1,1,9,Dormant high-risk
798280683,0.00044041665,0,0,1,Lower-risk active
715265208,0.0013692315,0,0,2,Lower-risk active
826069983,0.02602854,0,0,7,Lower-risk active
708890958,0.009147049,0,0,6,Lower-risk active
708818508,0.009716883,0,0,6,Lower-risk active
795784008,0.963427,1,1,9,Contacted but fragile
714965958,0.0010900736,0,0,2,Lower-risk active
716328558,0.0044265874,0,0,5,Lower-risk active
780747033,0.0015016333,0,0,3,Lower-risk active
713923233,0.0009981546,0,0,2,Lower-risk active
710962308,0.0010798126,0,0,2,Lower-risk active
713254983,0.0021015932,0,0,3,Lower-risk active
720275358,0.9899183,1,1,10,Dormant high-risk
715964058,0.00080636406,0,0,1,Lower-risk active
721461258,0.0004957306,0,0,1,Lower-risk active
710727333,0.99507743,1,1,10,Lower-risk active
717325158,0.0017655425,0,0,3,Lower-risk active
825856083,0.0007787529,0,0,1,Lower-risk active
807136758,0.99333984,1,1,10,Lower-risk active
715400733,0.9852042,1,1,10,Dormant high-risk
713927283,0.0009812743,0,0,2,Lower-risk active
711594858,0.0042162687,0,0,5,Lower-risk active
711389358,0.09800633,0,0,8,Lower-risk active
720769533,0.0013543391,0,0,2,Lower-risk active
715736283,0.00026419124,0,0,1,Lower-risk active
768949983,0.0009608842,0,0,2,Lower-risk active
711253383,0.9954787,1,1,10,Contacted but fragile
798457833,0.001915858,0,0,3,Lower-risk active
794554683,0.98875403,1,1,10,Lower-risk active
789996783,0.0009525742,0,0,2,Lower-risk active
712220283,0.04938307,0,0,8,Lower-risk active
751150233,0.018847814,0,0,7,Lower-risk active
715815783,0.002149028,0,0,3,Lower-risk active
712599783,0.0010249228,0,0,2,Lower-risk active
719653308,0.00417587,0,0,5,Lower-risk active
708928908,0.006351991,0,0,6,Lower-risk active
709780158,0.0017990487,0,0,3,Lower-risk active
768675483,0.0033080052,0,0,4,Lower-risk active
714243408,0.0012165577,0,0,2,Lower-risk active
711323283,0.96822774,1,1,9,Dormant high-risk
713499408,0.0021663816,0,0,4,Lower-risk active
719245983,0.0024071834,0,0,4,Lower-risk active
810789708,0.0007135552,0,0,1,Lower-risk active
710301858,0.0017152808,0,0,3,Lower-risk active
718611333,5.8199006e-05,0,0,1,Lower-risk active
787557258,0.003188393,0,0,4,Lower-risk active
711533058,0.008101839,0,0,6,Lower-risk active
715805133,0.004475757,0,0,5,Lower-risk active
708680583,0.0027044178,0,0,4,Lower-risk active
789454683,0.0007654619,0,0,1,Lower-risk active
711428733,0.0042473995,0,0,5,Lower-risk active
715842183,0.0033649635,0,0,4,Lower-risk active
815772333,0.001142461,0,0,2,Lower-risk active
778255083,0.0060772025,0,0,6,Lower-risk active
715571583,0.0014883194,0,0,3,Lower-risk active
720711483,0.9562686,1,1,9,Contacted but fragile
827436483,0.0025383763,0,0,4,Lower-risk active
710715783,0.0035257295,0,0,5,Lower-risk active
758367933,0.0025121134,0,0,4,Lower-risk active
721399833,0.00066551927,0,0,1,Lower-risk active
708727983,0.20434605,0,0,8,Lower-risk active
802822833,0.0014293472,0,0,3,Lower-risk active
713276733,0.0008048437,0,0,1,Lower-risk active
809440008,0.99740416,1,1,10,Dormant high-risk
716959833,0.0065615075,0,0,6,Lower-risk active
714432108,0.0012968767,0,0,2,Lower-risk active
772580958,0.00066646567,0,0,1,Lower-risk active
715071483,0.002191809,0,0,4,Lower-risk active
712410858,0.00091905054,0,0,2,Lower-risk active
715395933,0.31914777,0,1,9,Lower-risk active
711237633,0.9904552,1,1,10,Dormant high-risk
781337658,0.0016213114,0,0,3,Lower-risk active
718913358,0.9919235,1,1,10,Dormant high-risk
715784808,0.0004983226,0,0,1,Lower-risk active
718452633,0.9889135,1,1,10,Dormant high-risk
769883733,0.99864215,1,1,10,Dormant high-risk
709375158,0.0014578216,0,0,3,Lower-risk active
801977733,0.0005629897,0,0,1,Lower-risk active
709175208,0.0017172373,0,0,3,Lower-risk active
788990508,0.005286023,0,0,5,Lower-risk active
720835308,0.0024625491,0,0,4,Lower-risk active
717365958,0.002773072,0,0,4,Lower-risk active
779577108,0.008078482,0,0,6,Lower-risk active
801497508,0.0019102778,0,0,3,Lower-risk active
716131083,0.0038891658,0,0,5,Lower-risk active
784734258,0.0722583,0,0,8,Lower-risk active
711122958,0.92280406,1,1,9,Dormant high-risk
779508333,0.013050299,0,0,7,Lower-risk active
717699408,0.004457097,0,0,5,Lower-risk active
720210483,0.0013651865,0,0,2,Lower-risk active
709329558,0.004990633,0,0,5,Lower-risk active
721222833,0.0013475104,0,0,2,Lower-risk active
712682583,0.00051324687,0,0,1,Lower-risk active
710051658,0.0039905016,0,0,5,Lower-risk active
708606633,0.98354894,1,1,10,Dormant high-risk
710862258,0.005978828,0,0,6,Lower-risk active
720072933,0.0008406666,0,0,2,Lower-risk active
757527033,0.0044977544,0,0,5,Lower-risk active
713115483,0.9927441,1,1,10,Dormant high-risk
816078708,0.03337046,0,0,7,Lower-risk active
713985183,0.0012255891,0,0,2,Lower-risk active
789601308,0.0014703465,0,0,3,Lower-risk active
720133908,0.0008321901,0,0,2,Lower-risk active
803197833,0.0043939175,0,0,5,Lower-risk active
812222208,0.29406303,0,1,9,Lower-risk active
757634583,0.0032317624,0,0,4,Lower-risk active
719362458,0.0065465826,0,0,6,Lower-risk active
789331908,0.28528646,0,1,9,Lower-risk active
715616358,0.001985524,0,0,3,Lower-risk active
711784908,0.0016994437,0,0,3,Lower-risk active
806900508,0.0018129591,0,0,3,Lower-risk active
710098233,0.0020528096,0,0,3,Lower-risk active
713508333,0.0014803206,0,0,3,Lower-risk active
712176708,0.0021308863,0,0,3,Lower-risk active
719724933,0.002069248,0,0,3,Lower-risk active
716537433,0.017231453,0,0,7,Lower-risk active
713186058,0.9863664,1,1,10,Contacted but fragile
787558683,0.0022475275,0,0,4,Lower-risk active
718002633,0.081372514,0,0,8,Lower-risk active
789241308,0.9939586,1,1,10,Dormant high-risk
713941158,0.00380134,0,0,5,Lower-risk active
808950108,0.0021028365,0,0,3,Lower-risk active
719050458,0.008035377,0,0,6,Lower-risk active
718021608,0.0023283684,0,0,4,Lower-risk active
788870283,0.0013194084,0,0,2,Lower-risk active
778272408,0.9540978,1,1,9,Dormant high-risk
720079758,0.0039041892,0,0,5,Lower-risk active
787457883,0.00056407467,0,0,1,Lower-risk active
719884983,0.01586274,0,0,7,Lower-risk active
822056583,0.0021389553,0,0,3,Lower-risk active
714585033,0.0021067997,0,0,3,Lower-risk active
713981283,0.000708682,0,0,1,Lower-risk active
715328658,0.6763641,1,1,9,Dormant high-risk
708918558,0.7450979,1,1,9,Dormant high-risk
748194633,0.0029940768,0,0,4,Lower-risk active
719323683,0.00096248946,0,0,2,Lower-risk active
708611733,0.0024921314,0,0,4,Lower-risk active
771219033,0.0033986077,0,0,4,Lower-risk active
721480158,0.9894974,1,1,10,Dormant high-risk
708086958,0.069685675,0,0,8,Lower-risk active
709100283,0.98412675,1,1,10,Lower-risk active
719350908,0.005710018,0,0,5,Lower-risk active
714124983,0.0071533066,0,0,6,Lower-risk active
718031508,0.0027702856,0,0,4,Lower-risk active
709732608,0.0016470145,0,0,3,Lower-risk active
713466033,0.997357,1,1,10,Contacted but fragile
716369208,0.0010187911,0,0,2,Lower-risk active
781143933,0.0012002616,0,0,2,Lower-risk active
711337158,0.002388702,0,0,4,Lower-risk active
714724908,0.0010374439,0,0,2,Lower-risk active
719973033,0.0061254604,0,0,6,Lower-risk active
714196008,0.0016158281,0,0,3,Lower-risk active
780272208,0.002230733,0,0,4,Lower-risk active
717849708,0.0011701793,0,0,2,Lower-risk active
712437108,0.0015913759,0,0,3,Lower-risk active
767802483,0.010081813,0,0,6,Lower-risk active
709064208,0.9965243,1,1,10,Dormant high-risk
714343608,0.0035881158,0,0,5,Lower-risk active
709668408,0.055167362,0,0,8,Lower-risk active
712753758,0.0030704208,0,0,4,Lower-risk active
807722658,0.0009855476,0,0,2,Lower-risk active
826808208,0.0027147944,0,0,4,Lower-risk active
757224108,0.0030261872,0,0,4,Lower-risk active
816091608,0.004571913,0,0,5,Lower-risk active
819684183,0.009515868,0,0,6,Lower-risk active
719630358,0.9983664,1,1,10,Dormant high-risk
712399308,0.8646889,1,1,9,Dormant high-risk
721282908,0.004742703,0,0,5,Lower-risk active
820848408,0.0017710144,0,0,3,Lower-risk active
710888883,0.0017326798,0,0,3,Lower-risk active
711338058,0.00084457715,0,0,2,Lower-risk active
721317333,0.0015577371,0,0,3,Lower-risk active
711350133,0.0006755357,0,0,1,Lower-risk active
803606958,0.0018849515,0,0,3,Lower-risk active
721039308,0.0026037213,0,0,4,Lower-risk active
713440833,0.0012382618,0,0,2,Lower-risk active
780814158,0.0010778583,0,0,2,Lower-risk active
717255333,0.9985555,1,1,10,Mono-product exposed
714368883,0.0015534104,0,0,3,Lower-risk active
788797983,0.0010801001,0,0,2,Lower-risk active
720642633,0.000924316,0,0,2,Lower-risk active
708793008,0.9945716,1,1,10,Dormant high-risk
819351258,0.0039826934,0,0,5,Lower-risk active
715212108,0.0026202782,0,0,4,Lower-risk active
720046458,0.0030085123,0,0,4,Lower-risk active
779942808,0.0039984793,0,0,5,Lower-risk active
713709258,0.0007001704,0,0,1,Lower-risk active
779961408,0.002266425,0,0,4,Lower-risk active
798699033,0.0013019001,0,0,2,Lower-risk active
754968033,0.0009789099,0,0,2,Lower-risk active
710163633,0.00044435472,0,0,1,Lower-risk active
781675983,0.004013033,0,0,5,Lower-risk active
720418383,0.00082281313,0,0,1,Lower-risk active
778486008,0.0028139614,0,0,4,Lower-risk active
718303683,0.20260173,0,0,8,Lower-risk active
716756133,0.003952008,0,0,5,Lower-risk active
711363258,0.0033185994,0,0,4,Lower-risk active
708551508,0.0063847867,0,0,6,Lower-risk active
715019883,0.0022701782,0,0,4,Lower-risk active
711125358,0.00086494687,0,0,2,Lower-risk active
708453408,0.05445031,0,0,8,Lower-risk active
716370258,0.014212709,0,0,7,Lower-risk active
803880108,0.012008516,0,0,6,Lower-risk active
708660408,0.97398436,1,1,9,Contacted but fragile
709822008,0.003855655,0,0,5,Lower-risk active
716411358,0.0050796755,0,0,5,Lower-risk active
717524433,0.0008340644,0,0,2,Lower-risk active
721011858,0.0051560267,0,0,5,Lower-risk active
719734533,0.0052479273,0,0,5,Lower-risk active
712285908,0.008041423,0,0,6,Lower-risk active
713675658,0.0003975406,0,0,1,Lower-risk active
712869783,0.008206925,0,0,6,Lower-risk active
708545058,0.0011525687,0,0,2,Lower-risk active
817240833,0.0015958119,0,0,3,Lower-risk active
711671058,0.9941512,1,1,10,Lower-risk active
719815383,0.00079559383,0,0,1,Lower-risk active
808747233,0.82742757,1,1,9,Dormant high-risk
713084208,0.9897816,1,1,10,Dormant high-risk
806652483,0.0049883416,0,0,5,Lower-risk active
709803258,0.94051766,1,1,9,Contacted but fragile
717765183,0.0049400525,0,0,5,Lower-risk active
779041983,0.002061769,0,0,3,Lower-risk active
709868433,0.0042324536,0,0,5,Lower-risk active
818699208,0.9961908,1,1,10,Dormant high-risk
717395733,0.0019104377,0,0,3,Lower-risk active
719516208,0.99045116,1,1,10,Contacted but fragile
717026658,0.99578094,1,1,10,Dormant high-risk
801516183,0.0012188108,0,0,2,Lower-risk active
716231133,0.07873729,0,0,8,Lower-risk active
779625858,0.0012570561,0,0,2,Lower-risk active
709575858,0.0045831767,0,0,5,Lower-risk active
720927183,0.004868362,0,0,5,Lower-risk active
772198983,0.00058308867,0,0,1,Lower-risk active
721122258,0.01662868,0,0,7,Lower-risk active
758875908,0.0013361737,0,0,2,Lower-risk active
716501133,0.0004574668,0,0,1,Lower-risk active
719250783,0.0033252647,0,0,4,Lower-risk active
789179583,0.00023868048,0,0,1,Lower-risk active
708254733,0.0021719506,0,0,4,Lower-risk active
719758758,0.029012464,0,0,7,Lower-risk active
805458933,0.0012271573,0,0,2,Lower-risk active
720408708,0.02089591,0,0,7,Lower-risk active
788911458,0.001417346,0,0,3,Lower-risk active
771862308,0.0014997078,0,0,3,Lower-risk active
714616308,0.0031061,0,0,4,Lower-risk active
721221783,0.004830744,0,0,5,Lower-risk active
766021083,0.9959096,1,1,10,Dormant high-risk
771918033,0.0020865004,0,0,3,Lower-risk active
719756133,0.8202133,1,1,9,Contacted but fragile
711777633,0.0027525222,0,0,4,Lower-risk active
713261133,0.98262167,1,1,10,Contacted but fragile
788519958,0.014604852,0,0,7,Lower-risk active
768412608,0.0012490513,0,0,2,Lower-risk active
709972908,0.0010184932,0,0,2,Lower-risk active
713029683,0.002523836,0,0,4,Lower-risk active
768243858,0.9928122,1,1,10,Dormant high-risk
711685758,0.00027052144,0,0,1,Lower-risk active
714528258,0.0008137256,0,0,1,Lower-risk active
818930808,0.001349663,0,0,2,Lower-risk active
713310558,0.0019246542,0,0,3,Lower-risk active
719995008,0.025676677,0,0,7,Lower-risk active
811713408,0.0010455567,0,0,2,Lower-risk active
709649958,0.9968586,1,1,10,Dormant high-risk
708822783,0.011815236,0,0,6,Lower-risk active
771869508,0.0013389081,0,0,2,Lower-risk active
804413508,0.00096335646,0,0,2,Lower-risk active
815756058,0.0012194936,0,0,2,Lower-risk active
712278108,0.005660746,0,0,5,Lower-risk active
717072108,0.99782014,1,1,10,Dormant high-risk
721460283,0.62468076,1,1,9,Lower-risk active
784827108,0.001467168,0,0,3,Lower-risk active
717862308,0.0017108456,0,0,3,Lower-risk active
716726058,0.0004557523,0,0,1,Lower-risk active
717405408,0.0005925154,0,0,1,Lower-risk active
718734408,0.022018244,0,0,7,Lower-risk active
771666783,0.004729056,0,0,5,Lower-risk active
789301458,0.0008618433,0,0,2,Lower-risk active
772329183,0.001762586,0,0,3,Lower-risk active
713792583,0.0007255728,0,0,1,Lower-risk active
719577258,0.9701828,1,1,9,Dormant high-risk
770878458,0.00036653207,0,0,1,Lower-risk active
798308058,0.00096241425,0,0,2,Lower-risk active
772528158,0.99753416,1,1,10,Dormant high-risk
718707933,0.9722679,1,1,9,Dormant high-risk
709791333,0.0003807402,0,0,1,Lower-risk active
710090958,0.0016146086,0,0,3,Lower-risk active
772687983,0.75354004,1,1,9,Dormant high-risk
714707133,0.00072648923,0,0,1,Lower-risk active
720126033,0.0006062427,0,0,1,Lower-risk active
713995233,0.0015086276,0,0,3,Lower-risk active
771638733,0.7297724,1,1,9,Contacted but fragile
715009833,0.0020421136,0,0,3,Lower-risk active
711497283,0.0010730436,0,0,2,Lower-risk active
803418783,0.0017588029,0,0,3,Lower-risk active
814611633,0.0008469695,0,0,2,Lower-risk active
709411383,0.0010222011,0,0,2,Lower-risk active
825753258,0.0015691373,0,0,3,Lower-risk active
713930433,0.9808472,1,1,10,Dormant high-risk
715941633,0.00824804,0,0,6,Lower-risk active
772162683,0.96478814,1,1,9,Lower-risk active
712531008,0.987039,1,1,10,Dormant high-risk
711583458,0.002742595,0,0,4,Lower-risk active
714418983,0.0026577243,0,0,4,Lower-risk active
708699108,0.25202164,0,0,8,Lower-risk active
771749733,0.00086737494,0,0,2,Lower-risk active
715235808,0.001700117,0,0,3,Lower-risk active
716666133,0.01388534,0,0,7,Lower-risk active
716709858,0.9889866,1,1,10,Contacted but fragile
715356258,0.0005415027,0,0,1,Lower-risk active
720389283,0.0019445291,0,0,3,Lower-risk active
778131333,0.004175767,0,0,5,Lower-risk active
708286683,0.00092094735,0,0,2,Lower-risk active
814765533,0.91392714,1,1,9,Dormant high-risk
814195758,0.00059918483,0,0,1,Lower-risk active
717121758,0.009334974,0,0,6,Lower-risk active
768720708,0.0010301032,0,0,2,Lower-risk active
718032483,0.0005777604,0,0,1,Lower-risk active
809966058,0.00129745,0,0,2,Lower-risk active
711553308,0.0005160002,0,0,1,Lower-risk active
708253458,0.0012771009,0,0,2,Lower-risk active
711276933,0.0015037776,0,0,3,Lower-risk active
718165758,0.0024048337,0,0,4,Lower-risk active
780089658,0.0040641422,0,0,5,Lower-risk active
826421958,0.835064,1,1,9,Dormant high-risk
778712658,0.0011228332,0,0,2,Lower-risk active
708158133,0.99094146,1,1,10,Lower-risk active
712514508,0.219329,0,0,8,Lower-risk active
710725383,0.03898543,0,0,7,Lower-risk active
772601283,0.55725485,1,1,9,Lower-risk active
716371308,0.0016380255,0,0,3,Lower-risk active
718518858,0.0018260559,0,0,3,Lower-risk active
712579983,0.8542655,1,1,9,Contacted but fragile
716511483,0.023316018,0,0,7,Lower-risk active
708653958,0.9084796,1,1,9,Lower-risk active
712161858,0.90932465,1,1,9,Contacted but fragile
716761308,0.004623025,0,0,5,Lower-risk active
710547783,0.0013640606,0,0,2,Lower-risk active
772118583,0.00078436657,0,0,1,Lower-risk active
712154883,0.0010302283,0,0,2,Lower-risk active
793842558,0.0026224784,0,0,4,Lower-risk active
792695808,0.0007460215,0,0,1,Lower-risk active
798047583,0.004198269,0,0,5,Lower-risk active
719453283,0.0019187434,0,0,3,Lower-risk active
717637908,0.00034124558,0,0,1,Lower-risk active
708303108,0.00013377325,0,0,1,Lower-risk active
788876208,0.0076190033,0,0,6,Lower-risk active
772069683,0.0008104858,0,0,1,Lower-risk active
780143283,0.9868838,1,1,10,Dormant high-risk
805453908,0.0003437056,0,0,1,Lower-risk active
780897858,0.0010390591,0,0,2,Lower-risk active
719881533,0.9747864,1,1,9,Dormant high-risk
717346833,0.0044999435,0,0,5,Lower-risk active
718555308,0.0018633434,0,0,3,Lower-risk active
771783333,0.7217633,1,1,9,Lower-risk active
709208808,0.0013624454,0,0,2,Lower-risk active
818901708,0.0006000735,0,0,1,Lower-risk active
713247408,0.0009940322,0,0,2,Lower-risk active
715617333,0.0010910799,0,0,2,Lower-risk active
714230808,0.0008985466,0,0,2,Lower-risk active
715866033,0.0015504734,0,0,3,Lower-risk active
718065333,0.00085803313,0,0,2,Lower-risk active
710756133,0.0018672585,0,0,3,Lower-risk active
713873658,0.0022819235,0,0,4,Lower-risk active
771499233,0.00079757464,0,0,1,Lower-risk active
711274458,0.98901725,1,1,10,Dormant high-risk
790108908,0.047161546,0,0,8,Lower-risk active
797389758,0.0012703278,0,0,2,Lower-risk active
827100333,0.000349628,0,0,1,Lower-risk active
711647808,0.0005343403,0,0,1,Lower-risk active
714035283,0.84707725,1,1,9,Lower-risk active
720553158,0.00086710806,0,0,2,Lower-risk active
717924933,0.0006269971,0,0,1,Lower-risk active
802856508,0.0013407813,0,0,2,Lower-risk active
708376983,0.9716157,1,1,9,Lower-risk active
712673283,0.0027522158,0,0,4,Lower-risk active
711862533,0.95182747,1,1,9,Dormant high-risk
772407333,0.99240464,1,1,10,Dormant high-risk
778356408,0.00060855254,0,0,1,Lower-risk active
716791908,0.0037785373,0,0,5,Lower-risk active
757761033,0.001093596,0,0,2,Lower-risk active
758186433,0.0021473335,0,0,3,Lower-risk active
786546783,0.0010394645,0,0,2,Lower-risk active
789634983,0.0016562563,0,0,3,Lower-risk active
720654183,0.9952466,1,1,10,Dormant high-risk
715880283,0.0007548699,0,0,1,Lower-risk active
719990358,0.00086692016,0,0,2,Lower-risk active
779348358,0.9802259,1,1,10,Dormant high-risk
715130808,0.0006228791,0,0,1,Lower-risk active
713818158,0.08586653,0,0,8,Lower-risk active
709728183,0.0022791787,0,0,4,Lower-risk active
715797783,0.0008555288,0,0,2,Lower-risk active
710879283,0.0034660988,0,0,4,Lower-risk active
827051808,0.88865876,1,1,9,Dormant high-risk
710484408,0.8536544,1,1,9,Dormant high-risk
817108083,0.5809401,1,1,9,Dormant high-risk
715995933,0.0018521114,0,0,3,Lower-risk active
713567958,0.001042828,0,0,2,Lower-risk active
779118708,0.0023481771,0,0,4,Lower-risk active
721484283,0.001791309,0,0,3,Lower-risk active
708817608,0.000533192,0,0,1,Lower-risk active
789231858,0.0030888342,0,0,4,Lower-risk active
788661408,0.0013359237,0,0,2,Lower-risk active
813449508,0.94673735,1,1,9,Contacted but fragile
789925833,0.0011440313,0,0,2,Lower-risk active
709296558,0.0036685958,0,0,5,Lower-risk active
780180033,0.0006906419,0,0,1,Lower-risk active
713474733,0.95222163,1,1,9,Dormant high-risk
771527508,0.0041907183,0,0,5,Lower-risk active
709614333,0.0015219578,0,0,3,Lower-risk active
767005683,0.0011297173,0,0,2,Lower-risk active
718686558,0.0030727936,0,0,4,Lower-risk active
715655283,0.0036908395,0,0,5,Lower-risk active
819631158,0.0013273192,0,0,2,Lower-risk active
710866758,0.00047164352,0,0,1,Lower-risk active
790119408,0.98173195,1,1,10,Dormant high-risk
771332283,0.0030952722,0,0,4,Lower-risk active
771408483,0.0019547215,0,0,3,Lower-risk active
811912608,0.00026618637,0,0,1,Lower-risk active
708684108,0.94421434,1,1,9,Dormant high-risk
768638208,0.015931722,0,0,7,Lower-risk active
803115258,0.9981047,1,1,10,Dormant high-risk
708869283,0.003657816,0,0,5,Lower-risk active
720892833,0.007951652,0,0,6,Lower-risk active
709762008,0.0005017986,0,0,1,Lower-risk active
708600033,0.0035077175,0,0,4,Lower-risk active
708736608,0.9851659,1,1,10,Dormant high-risk
713047608,0.63547826,1,1,9,Contacted but fragile
711717258,0.0029116024,0,0,4,Lower-risk active
711886383,0.98931366,1,1,10,Dormant high-risk
713058858,0.9774665,1,1,10,Dormant high-risk
713993208,0.0042332537,0,0,5,Lower-risk active
717855933,0.0014810786,0,0,3,Lower-risk active
713436183,0.002984429,0,0,4,Lower-risk active
778360608,0.0008813986,0,0,2,Lower-risk active
710914158,0.014552794,0,0,7,Lower-risk active
714789033,0.9147167,1,1,9,Dormant high-risk
809811858,0.99425757,1,1,10,Dormant high-risk
826709658,0.99854064,1,1,10,Dormant high-risk
752648883,0.01681323,0,0,7,Lower-risk active
715771608,0.008809639,0,0,6,Lower-risk active
719061933,0.0038791606,0,0,5,Lower-risk active
792345258,0.007991539,0,0,6,Lower-risk active
711765708,0.014917509,0,0,7,Lower-risk active
783393633,0.0032152464,0,0,4,Lower-risk active
779667408,0.0015987541,0,0,3,Lower-risk active
805461783,0.0009227849,0,0,2,Lower-risk active
719098308,0.78893983,1,1,9,Dormant high-risk
771433608,0.008019216,0,0,6,Lower-risk active
825811158,0.0028975068,0,0,4,Lower-risk active
715252383,0.1602569,0,0,8,Lower-risk active
809092458,0.0017468676,0,0,3,Lower-risk active
713706258,0.011980025,0,0,6,Lower-risk active
714693708,0.001109045,0,0,2,Lower-risk active
721072908,0.013886705,0,0,7,Lower-risk active
716675358,0.0010739932,0,0,2,Lower-risk active
708128733,0.0014770854,0,0,3,Lower-risk active
711392508,0.0027141657,0,0,4,Lower-risk active
771420708,0.0054546297,0,0,5,Lower-risk active
721207908,0.0012742049,0,0,2,Lower-risk active
715798608,0.0007890813,0,0,1,Lower-risk active
716758008,0.001168984,0,0,2,Lower-risk active
714847983,0.0009769812,0,0,2,Lower-risk active
716975583,0.0106057655,0,0,6,Lower-risk active
804434058,0.0056132986,0,0,5,Lower-risk active
714293358,0.003496738,0,0,4,Lower-risk active
710989008,0.00062081683,0,0,1,Lower-risk active
757194408,0.9302973,1,1,9,Dormant high-risk
711459483,0.030054389,0,0,7,Lower-risk active
762020133,0.99239117,1,1,10,Dormant high-risk
719256483,0.0017610135,0,0,3,Lower-risk active
717211608,0.0026786663,0,0,4,Lower-risk active
717125958,0.00096645224,0,0,2,Lower-risk active
779261433,0.0017266809,0,0,3,Lower-risk active
780720258,0.9874313,1,1,10,Contacted but fragile
715593783,0.0018170063,0,0,3,Lower-risk active
770858283,0.00067215937,0,0,1,Lower-risk active
718570158,0.0026061807,0,0,4,Lower-risk active
711039633,0.06722407,0,0,8,Lower-risk active
714074808,0.0014316508,0,0,3,Lower-risk active
710439483,0.0010241064,0,0,2,Lower-risk active
717516333,0.00050778996,0,0,1,Lower-risk active
788835408,0.99529845,1,1,10,Dormant high-risk
716414958,0.00353065,0,0,5,Lower-risk active
712327608,0.98627615,1,1,10,Dormant high-risk
796326483,0.048433673,0,0,8,Lower-risk active
714146208,0.00096310495,0,0,2,Lower-risk active
779166783,0.00033541518,0,0,1,Lower-risk active
720818658,0.0032793619,0,0,4,Lower-risk active
712982808,0.9996346,1,1,10,Dormant high-risk
718657083,0.057836834,0,0,8,Lower-risk active
715222533,0.9703592,1,1,9,Dormant high-risk
718187508,0.002333718,0,0,4,Lower-risk active
802455633,0.0052135605,0,0,5,Lower-risk active
714493983,0.0007060556,0,0,1,Lower-risk active
780664758,0.00012955174,0,0,1,Lower-risk active
718466883,0.00044300832,0,0,1,Lower-risk active
771338658,0.0007271996,0,0,1,Lower-risk active
709052883,0.004227571,0,0,5,Lower-risk active
708373083,0.9964922,1,1,10,Dormant high-risk
716157408,0.0019622573,0,0,3,Lower-risk active
713305233,0.0046553663,0,0,5,Lower-risk active
713000058,0.004034717,0,0,5,Lower-risk active
714909858,0.0012855614,0,0,2,Lower-risk active
804371733,0.00097064715,0,0,2,Lower-risk active
772846383,0.0006890272,0,0,1,Lower-risk active
712552608,0.9960829,1,1,10,Dormant high-risk
719887008,0.0034582133,0,0,4,Lower-risk active
773342808,0.0016047698,0,0,3,Lower-risk active
708375858,0.0020663284,0,0,3,Lower-risk active
789417708,0.000456292,0,0,1,Lower-risk active
794675058,0.57015127,1,1,9,Dormant high-risk
718034058,0.005851636,0,0,6,Lower-risk active
778919583,0.00047673736,0,0,1,Lower-risk active
713850783,0.0023843835,0,0,4,Lower-risk active
814785108,0.0024437911,0,0,4,Lower-risk active
809616108,0.93247235,1,1,9,Dormant high-risk
809378133,0.0017934053,0,0,3,Lower-risk active
779658408,0.0034774507,0,0,4,Lower-risk active
717954333,0.0012079829,0,0,2,Lower-risk active
737052258,0.07888894,0,0,8,Lower-risk active
708108333,0.9855839,1,1,10,Dormant high-risk
715047333,0.0002444371,0,0,1,Lower-risk active
714390858,0.0070967344,0,0,6,Lower-risk active
717107808,0.0011779284,0,0,2,Lower-risk active
713564208,0.0007642159,0,0,1,Lower-risk active
720357483,0.0005677027,0,0,1,Lower-risk active
803339583,0.01794776,0,0,7,Lower-risk active
708972783,0.9939573,1,1,10,Contacted but fragile
710157108,0.0017808336,0,0,3,Lower-risk active
721483158,0.0051986123,0,0,5,Lower-risk active
767553333,0.99916255,1,1,10,Dormant high-risk
710436108,0.006960888,0,0,6,Lower-risk active
779870883,0.0033879133,0,0,4,Lower-risk active
817188408,0.0053878245,0,0,5,Lower-risk active
719723658,0.00059921085,0,0,1,Lower-risk active
806189658,0.0017394951,0,0,3,Lower-risk active
789070233,0.0028456727,0,0,4,Lower-risk active
712013808,0.00187853,0,0,3,Lower-risk active
708602283,0.0022466637,0,0,4,Lower-risk active
809452383,0.00066056015,0,0,1,Lower-risk active
714413283,0.00428718,0,0,5,Lower-risk active
712407783,0.0007568316,0,0,1,Lower-risk active
720062508,0.9911607,1,1,10,Lower-risk active
717878883,0.001139865,0,0,2,Lower-risk active
714013983,0.99690443,1,1,10,Dormant high-risk
753208833,0.0019110679,0,0,3,Lower-risk active
721241583,0.11115319,0,0,8,Lower-risk active
713695158,0.0015246957,0,0,3,Lower-risk active
711540108,0.99842715,1,1,10,Dormant high-risk
823878408,0.0010778722,0,0,2,Lower-risk active
779533983,0.00048430724,0,0,1,Lower-risk active
713583408,0.9073412,1,1,9,Dormant high-risk
714037308,0.0015160454,0,0,3,Lower-risk active
715581633,0.007504111,0,0,6,Lower-risk active
795684783,0.019779962,0,0,7,Lower-risk active
718645308,0.0008475149,0,0,2,Lower-risk active
717870108,0.0007635269,0,0,1,Lower-risk active
815515158,0.00069113827,0,0,1,Lower-risk active
713957283,0.99768305,1,1,10,Contacted but fragile
715058433,0.0020713224,0,0,3,Lower-risk active
794771208,0.0014434033,0,0,3,Lower-risk active
720180633,0.0037674948,0,0,5,Lower-risk active
815539233,0.9935393,1,1,10,Dormant high-risk
778933983,0.017796377,0,0,7,Lower-risk active
717960033,0.0013159317,0,0,2,Lower-risk active
825368658,0.0018937051,0,0,3,Lower-risk active
721154208,0.0003942104,0,0,1,Lower-risk active
718572408,0.0007442981,0,0,1,Lower-risk active
749571633,0.0024429334,0,0,4,Lower-risk active
713914683,0.0048630424,0,0,5,Lower-risk active
713301633,0.00033698604,0,0,1,Lower-risk active
711399408,0.99734265,1,1,10,Dormant high-risk
711494208,0.0017316978,0,0,3,Lower-risk active
711716133,0.9841201,1,1,10,Dormant high-risk
713906508,0.019360606,0,0,7,Lower-risk active
708768258,0.00012919928,0,0,1,Lower-risk active
719538183,0.006428776,0,0,6,Lower-risk active
718957083,0.0007992214,0,0,1,Lower-risk active
720872433,0.99728787,1,1,10,Dormant high-risk
779403558,0.000798886,0,0,1,Lower-risk active
788994783,0.0025610097,0,0,4,Lower-risk active
715530258,0.98909575,1,1,10,Dormant high-risk
803380383,0.0007728869,0,0,1,Lower-risk active
716766033,0.0020056588,0,0,3,Lower-risk active
757300008,0.0010675687,0,0,2,Lower-risk active
810986883,0.00047346516,0,0,1,Lower-risk active
819200133,0.08321524,0,0,8,Lower-risk active
710410158,0.9739842,1,1,9,Dormant high-risk
714488433,0.004118385,0,0,5,Lower-risk active
714267858,0.0008735362,0,0,2,Lower-risk active
827062158,0.007671583,0,0,6,Lower-risk active
710669733,0.0012877451,0,0,2,Lower-risk active
716498883,0.0019660317,0,0,3,Lower-risk active
780529908,0.0009772144,0,0,2,Lower-risk active
714028083,0.0019990925,0,0,3,Lower-risk active
714572208,0.004120429,0,0,5,Lower-risk active
708976908,0.9948362,1,1,10,Dormant high-risk
721409358,0.0016152714,0,0,3,Lower-risk active
809311758,0.0021193558,0,0,3,Lower-risk active
712602708,0.93741214,1,1,9,Lower-risk active
789087858,0.006780481,0,0,6,Lower-risk active
711264033,0.0049878187,0,0,5,Lower-risk active
770180808,0.002211701,0,0,4,Lower-risk active
789271533,0.0016952584,0,0,3,Lower-risk active
720152058,0.0022497068,0,0,4,Lower-risk active
826490133,0.0013163207,0,0,2,Lower-risk active
717966933,0.0003408283,0,0,1,Lower-risk active
808669083,0.012872772,0,0,7,Lower-risk active
771422883,0.9993622,1,1,10,Dormant high-risk
717570258,0.004900541,0,0,5,Lower-risk active
708703308,0.80742145,1,1,9,Dormant high-risk
789508758,0.0059008896,0,0,6,Lower-risk active
780653208,0.041817334,0,0,7,Lower-risk active
709077933,0.0054515055,0,0,5,Lower-risk active
715200783,0.0010522247,0,0,2,Lower-risk active
710526633,0.0005817877,0,0,1,Lower-risk active
714186108,0.0013671194,0,0,2,Lower-risk active
820047858,0.95618683,1,1,9,Dormant high-risk
708894183,0.002286068,0,0,4,Lower-risk active
708186933,0.92287105,1,1,9,Dormant high-risk
778937583,0.00031016633,0,0,1,Lower-risk active
708498033,0.9731049,1,1,9,Dormant high-risk
815315058,0.9927442,1,1,10,Lower-risk active
751607058,0.004179933,0,0,5,Lower-risk active
718194858,0.00059610605,0,0,1,Lower-risk active
827123883,0.00080694555,0,0,1,Lower-risk active
711473058,0.005598559,0,0,5,Lower-risk active
715197633,0.0005479658,0,0,1,Lower-risk active
713512308,0.99819845,1,1,10,Dormant high-risk
790023408,0.001624759,0,0,3,Lower-risk active
720403008,0.014908465,0,0,7,Lower-risk active
709581483,0.99119604,1,1,10,Mono-product exposed
711201108,0.9977749,1,1,10,Dormant high-risk
708784083,0.0010616457,0,0,2,Lower-risk active
712838358,0.0028273785,0,0,4,Lower-risk active
714887808,0.9930768,1,1,10,Dormant high-risk
716581983,0.0004921199,0,0,1,Lower-risk active
716930133,0.0023628408,0,0,4,Lower-risk active
808981608,0.0008794516,0,0,2,Lower-risk active
709714008,0.9876737,1,1,10,Dormant high-risk
811942983,0.001286665,0,0,2,Lower-risk active
715565058,0.004867803,0,0,5,Lower-risk active
714519408,0.97500926,1,1,9,Dormant high-risk
719153433,0.0011684279,0,0,2,Lower-risk active
809127858,0.0013030557,0,0,2,Lower-risk active
712740108,0.99449325,1,1,10,Dormant high-risk
720251358,0.99142927,1,1,10,Dormant high-risk
713935533,0.0010832094,0,0,2,Lower-risk active
710243208,0.0030106928,0,0,4,Lower-risk active
708870408,0.03104395,0,0,7,Lower-risk active
795844983,0.010481804,0,0,6,Lower-risk active
828294933,0.97835255,1,1,10,Contacted but fragile
713531808,0.0014238837,0,0,3,Lower-risk active
712307283,0.91985184,1,1,9,Contacted but fragile
715778358,0.0027324243,0,0,4,Lower-risk active
778910883,0.93987834,1,1,9,Dormant high-risk
710637183,0.0027353663,0,0,4,Lower-risk active
712781883,0.0021109208,0,0,3,Lower-risk active
709664658,0.002911875,0,0,4,Lower-risk active
717574683,0.0008675068,0,0,2,Lower-risk active
771497283,0.00072052074,0,0,1,Lower-risk active
714991608,0.014240206,0,0,7,Lower-risk active
779848383,0.98914194,1,1,10,Lower-risk active
715495308,0.0023624361,0,0,4,Lower-risk active
712431183,0.01167441,0,0,6,Lower-risk active
714895608,0.0052040825,0,0,5,Lower-risk active
718324983,0.0008917098,0,0,2,Lower-risk active
713541033,0.0007611746,0,0,1,Lower-risk active
771989733,0.0018740881,0,0,3,Lower-risk active
789698733,0.00072417886,0,0,1,Lower-risk active
787514433,0.0059605855,0,0,6,Lower-risk active
811081083,0.0010629203,0,0,2,Lower-risk active
717371583,0.9988186,1,1,10,Dormant high-risk
715579233,0.0009951247,0,0,2,Lower-risk active
781930233,0.0012725125,0,0,2,Lower-risk active
716825808,0.00016415713,0,0,1,Lower-risk active
757053408,0.00048890896,0,0,1,Lower-risk active
788418933,0.00087100087,0,0,2,Lower-risk active
788898933,0.015457956,0,0,7,Lower-risk active
712163433,0.9925114,1,1,10,Contacted but fragile
717343833,0.0005742649,0,0,1,Lower-risk active
820868508,0.0044470476,0,0,5,Lower-risk active
789240258,0.0021522196,0,0,3,Lower-risk active
716951658,0.0028919794,0,0,4,Lower-risk active
718932633,0.0021777072,0,0,4,Lower-risk active
711487533,0.99567777,1,1,10,Dormant high-risk
715306983,0.99886596,1,1,10,Contacted but fragile
712771233,0.0007143329,0,0,1,Lower-risk active
789637308,0.9903143,1,1,10,Dormant high-risk
717247383,0.03652453,0,0,7,Lower-risk active
714842208,0.0022596163,0,0,4,Lower-risk active
794172033,0.9870667,1,1,10,Contacted but fragile
713592408,0.0037485745,0,0,5,Lower-risk active
709314408,0.0011337337,0,0,2,Lower-risk active
715957233,0.0013971453,0,0,3,Lower-risk active
719414658,0.002487366,0,0,4,Lower-risk active
719632683,0.0032904889,0,0,4,Lower-risk active
708136908,0.0064851386,0,0,6,Lower-risk active
721393083,0.068017386,0,0,8,Lower-risk active
714520233,0.99396896,1,1,10,Dormant high-risk
709455108,0.0012363943,0,0,2,Lower-risk active
767058183,0.017642843,0,0,7,Lower-risk active
770800683,0.009212368,0,0,6,Lower-risk active
779651058,0.009780407,0,0,6,Lower-risk active
710443833,0.0015812931,0,0,3,Lower-risk active
717725433,0.99292725,1,1,10,Dormant high-risk
720600858,0.0017850955,0,0,3,Lower-risk active
717797658,0.00049208547,0,0,1,Lower-risk active
779458383,0.0012693778,0,0,2,Lower-risk active
788767983,0.0033738199,0,0,4,Lower-risk active
711994458,0.0011812673,0,0,2,Lower-risk active
713948808,0.00023428924,0,0,1,Lower-risk active
710456658,0.00089851103,0,0,2,Lower-risk active
771531708,0.0010422778,0,0,2,Lower-risk active
713546883,0.0010726746,0,0,2,Lower-risk active
711447783,0.0010921723,0,0,2,Lower-risk active
713746608,0.002618499,0,0,4,Lower-risk active
718020408,0.0044377493,0,0,5,Lower-risk active
719475633,0.002424274,0,0,4,Lower-risk active
719654283,0.012689211,0,0,6,Lower-risk active
720114633,0.0006777001,0,0,1,Lower-risk active
816315558,0.0014797223,0,0,3,Lower-risk active
712567083,0.001294384,0,0,2,Lower-risk active
711302883,0.0008661617,0,0,2,Lower-risk active
719775408,0.003156379,0,0,4,Lower-risk active
712070208,0.0054141106,0,0,5,Lower-risk active
718641483,0.0007017446,0,0,1,Lower-risk active
710690733,0.99421024,1,1,10,Dormant high-risk
718441308,0.0052992827,0,0,5,Lower-risk active
772243833,0.001054696,0,0,2,Lower-risk active
711992133,0.0018800094,0,0,3,Lower-risk active
779084208,0.9858046,1,1,10,Lower-risk active
715304958,0.97155964,1,1,9,Lower-risk active
713179083,0.0025673697,0,0,4,Lower-risk active
709836258,0.00038716706,0,0,1,Lower-risk active
715950483,0.9784037,1,1,10,Dormant high-risk
798281808,0.005051383,0,0,5,Lower-risk active
720414558,0.00057463965,0,0,1,Lower-risk active
713509908,0.00021668924,0,0,1,Lower-risk active
711919608,0.95911777,1,1,9,Dormant high-risk
709993158,0.00031860647,0,0,1,Lower-risk active
767815233,0.0012360245,0,0,2,Lower-risk active
717624708,0.96932745,1,1,9,Dormant high-risk
720015183,0.00042177486,0,0,1,Lower-risk active
778236858,0.0043782275,0,0,5,Lower-risk active
789095958,0.9770881,1,1,10,Dormant high-risk
713736333,0.999514,1,1,10,Dormant high-risk
717836733,0.00066065113,0,0,1,Lower-risk active
712619808,0.0005521428,0,0,1,Lower-risk active
712221408,0.0017017963,0,0,3,Lower-risk active
714213708,0.9631812,1,1,9,Dormant high-risk
720289533,0.0006257342,0,0,1,Lower-risk active
709469658,0.0010108487,0,0,2,Lower-risk active
772323033,0.00082658837,0,0,1,Lower-risk active
742572558,0.00063789333,0,0,1,Lower-risk active
718848183,0.0002862181,0,0,1,Lower-risk active
719034183,0.0009305785,0,0,2,Lower-risk active
720142308,0.93325365,1,1,9,Dormant high-risk
771872733,0.0014621315,0,0,3,Lower-risk active
718816158,0.0012516094,0,0,2,Lower-risk active
720003558,0.020524831,0,0,7,Lower-risk active
818993508,0.0029127572,0,0,4,Lower-risk active
715672458,0.001648745,0,0,3,Lower-risk active
789820308,0.06711524,0,0,8,Lower-risk active
819688458,0.9975145,1,1,10,Dormant high-risk
710785383,0.8115101,1,1,9,Dormant high-risk
712837233,0.013729,0,0,7,Lower-risk active
713597658,0.36682403,0,1,9,Lower-risk active
713953383,0.98756427,1,1,10,Dormant high-risk
716891583,0.0020358379,0,0,3,Lower-risk active
716510658,0.9512879,1,1,9,Dormant high-risk
708125733,0.0043185675,0,0,5,Lower-risk active
716484333,0.00027822534,0,0,1,Lower-risk active
708519108,0.68847424,1,1,9,Dormant high-risk
719740008,0.9693685,1,1,9,Dormant high-risk
717087858,0.0031026923,0,0,4,Lower-risk active
711605208,0.9090023,1,1,9,Dormant high-risk
714882258,0.0016588492,0,0,3,Lower-risk active
792300858,0.0014167696,0,0,3,Lower-risk active
766550808,0.014329512,0,0,7,Lower-risk active
718941183,0.0008836742,0,0,2,Lower-risk active
708516558,0.00066675793,0,0,1,Lower-risk active
709350783,0.00035470948,0,0,1,Lower-risk active
771230508,0.00094869774,0,0,2,Lower-risk active
710978058,0.0009949261,0,0,2,Lower-risk active
713405133,0.00054817245,0,0,1,Lower-risk active
710723958,0.0011246203,0,0,2,Lower-risk active
823840458,0.0007863723,0,0,1,Lower-risk active
791754258,0.0009428046,0,0,2,Lower-risk active
789472833,0.011763272,0,0,6,Lower-risk active
711099408,0.0011804546,0,0,2,Lower-risk active
745853283,0.0024161325,0,0,4,Lower-risk active
717790233,0.0011664502,0,0,2,Lower-risk active
818791833,0.0010011737,0,0,2,Lower-risk active
714981483,0.0014741023,0,0,3,Lower-risk active
719373558,0.0010189275,0,0,2,Lower-risk active
823609383,0.0008100774,0,0,1,Lower-risk active
714408933,0.9599873,1,1,9,Lower-risk active
713661933,0.005190954,0,0,5,Lower-risk active
716218908,0.4120981,0,1,9,Lower-risk active
818710233,0.0021506154,0,0,3,Lower-risk active
719463708,0.00033754326,0,0,1,Lower-risk active
817958733,0.0010152763,0,0,2,Lower-risk active
708397008,0.0028261864,0,0,4,Lower-risk active
720547533,0.0008904159,0,0,2,Lower-risk active
708780783,0.0015085571,0,0,3,Lower-risk active
758178558,0.0012694618,0,0,2,Lower-risk active
716237508,0.025273254,0,0,7,Lower-risk active
714735033,0.0012628501,0,0,2,Lower-risk active
709726158,0.00016595727,0,0,1,Lower-risk active
770909433,0.0022411367,0,0,4,Lower-risk active
822121608,0.0014225357,0,0,3,Lower-risk active
717278808,0.09275389,0,0,8,Lower-risk active
712640583,0.015513607,0,0,7,Lower-risk active
716099958,0.9606827,1,1,9,Dormant high-risk
788772708,0.06361356,0,0,8,Lower-risk active
712795833,0.9946913,1,1,10,Contacted but fragile
718892283,0.0019389016,0,0,3,Lower-risk active
720294258,0.002939384,0,0,4,Lower-risk active
721181883,0.0061682644,0,0,6,Lower-risk active
712098033,0.0022784674,0,0,4,Lower-risk active
712593933,0.99227554,1,1,10,Dormant high-risk
711343233,0.0010777556,0,0,2,Lower-risk active
712394283,0.001265824,0,0,2,Lower-risk active
790021233,0.0008842545,0,0,2,Lower-risk active
711890808,0.0010810632,0,0,2,Lower-risk active
714164808,0.96242535,1,1,9,Dormant high-risk
825850383,0.003620944,0,0,5,Lower-risk active
789533133,0.00031034913,0,0,1,Lower-risk active
779523258,0.0010219028,0,0,2,Lower-risk active
719617758,0.00072924857,0,0,1,Lower-risk active
779858058,0.0131944865,0,0,7,Lower-risk active
710423358,0.0033788483,0,0,4,Lower-risk active
710500983,0.9920873,1,1,10,Dormant high-risk
711851583,0.0016260659,0,0,3,Lower-risk active
779405133,0.001154875,0,0,2,Lower-risk active
719410083,0.017020058,0,0,7,Lower-risk active
796196733,0.0038899328,0,0,5,Lower-risk active
711904008,0.98624647,1,1,10,Dormant high-risk
717666783,0.9338849,1,1,9,Dormant high-risk
719911458,0.0009704359,0,0,2,Lower-risk active
787506558,0.0022146916,0,0,4,Lower-risk active
719046558,0.005322038,0,0,5,Lower-risk active
708291633,0.0025934945,0,0,4,Lower-risk active
720731808,0.9867813,1,1,10,Dormant high-risk
745124658,0.005518797,0,0,5,Lower-risk active
789907533,0.8334042,1,1,9,Contacted but fragile
716466483,0.001176534,0,0,2,Lower-risk active
715919283,0.9972625,1,1,10,Contacted but fragile
756736008,0.013957548,0,0,7,Lower-risk active
772857558,0.00080510176,0,0,1,Lower-risk active
709246683,0.0010256706,0,0,2,Lower-risk active
714559458,0.95559037,1,1,9,Lower-risk active
778405458,0.0010839108,0,0,2,Lower-risk active
772150983,0.97532123,1,1,9,Lower-risk active
715128408,0.0028372353,0,0,4,Lower-risk active
717856983,0.001463036,0,0,3,Lower-risk active
778231983,0.015814034,0,0,7,Lower-risk active
823908858,0.0020364358,0,0,3,Lower-risk active
798011733,0.0011759016,0,0,2,Lower-risk active
717945108,0.0004477704,0,0,1,Lower-risk active
712560558,0.0013121795,0,0,2,Lower-risk active
711391308,0.00047201768,0,0,1,Lower-risk active
717688233,0.0012792203,0,0,2,Lower-risk active
721093608,0.04486531,0,0,8,Lower-risk active
712669983,0.004780231,0,0,5,Lower-risk active
790017858,0.002381391,0,0,4,Lower-risk active
712012758,0.0005475059,0,0,1,Lower-risk active
720249183,0.0010867749,0,0,2,Lower-risk active
821813058,0.0007451746,0,0,1,Lower-risk active
778152108,0.0007448888,0,0,1,Lower-risk active
720563958,0.00080204307,0,0,1,Lower-risk active
719633508,0.00064807764,0,0,1,Lower-risk active
716689383,0.0006225153,0,0,1,Lower-risk active
711420258,0.0048408364,0,0,5,Lower-risk active
713177808,0.0077979416,0,0,6,Lower-risk active
708897408,0.0018397719,0,0,3,Lower-risk active
710855508,0.0008554436,0,0,2,Lower-risk active
710115108,0.0014351938,0,0,3,Lower-risk active
713920158,0.9846624,1,1,10,Dormant high-risk
715303608,0.0007500984,0,0,1,Lower-risk active
710897133,0.0006663783,0,0,1,Lower-risk active
772813458,0.001731908,0,0,3,Lower-risk active
712998033,0.97286654,1,1,9,Lower-risk active
712843983,0.9982803,1,1,10,Dormant high-risk
717947508,0.0011042173,0,0,2,Lower-risk active
719279208,0.0005508555,0,0,1,Lower-risk active
711365133,0.0037952256,0,0,5,Lower-risk active
720328008,0.00031085283,0,0,1,Lower-risk active
718183833,0.0058272756,0,0,5,Lower-risk active
717985158,0.0014371406,0,0,3,Lower-risk active
771928608,0.00072880357,0,0,1,Lower-risk active
713355708,0.002489094,0,0,4,Lower-risk active
816761433,0.0013506938,0,0,2,Lower-risk active
714245358,0.0011745179,0,0,2,Lower-risk active
716313858,0.00023916799,0,0,1,Lower-risk active
714868608,0.000978889,0,0,2,Lower-risk active
717273333,0.0016929471,0,0,3,Lower-risk active
711631158,0.00058828073,0,0,1,Lower-risk active
714127383,0.9937628,1,1,10,Dormant high-risk
790204983,0.002155973,0,0,4,Lower-risk active
822051858,0.00044871558,0,0,1,Lower-risk active
715144383,0.0022476623,0,0,4,Lower-risk active
717971208,0.0027994611,0,0,4,Lower-risk active
718829358,0.00043091594,0,0,1,Lower-risk active
779380908,0.708349,1,1,9,Dormant high-risk
714144258,0.011788747,0,0,6,Lower-risk active
797666358,0.0011755348,0,0,2,Lower-risk active
709965858,0.0017703039,0,0,3,Lower-risk active
779980758,0.0003246899,0,0,1,Lower-risk active
811775883,0.00037936523,0,0,1,Lower-risk active
799720158,0.0014562807,0,0,3,Lower-risk active
713011683,0.99643457,1,1,10,Contacted but fragile
713503983,0.00053537625,0,0,1,Lower-risk active
712137033,0.0050319606,0,0,5,Lower-risk active
715910883,0.00067332207,0,0,1,Lower-risk active
718142958,0.0021941368,0,0,4,Lower-risk active
719359458,0.026653292,0,0,7,Lower-risk active
714869958,0.0014199906,0,0,3,Lower-risk active
771163533,0.0008027469,0,0,1,Lower-risk active
709028208,0.007089497,0,0,6,Lower-risk active
719834208,0.00021988858,0,0,1,Lower-risk active
779305008,0.0011346531,0,0,2,Lower-risk active
714506583,0.0038454325,0,0,5,Lower-risk active
712677633,0.99597543,1,1,10,Dormant high-risk
708450033,0.004932541,0,0,5,Lower-risk active
719606133,0.0004643642,0,0,1,Lower-risk active
789772983,0.043088265,0,0,8,Lower-risk active
720656883,0.0059850966,0,0,6,Lower-risk active
718108758,0.0006055713,0,0,1,Lower-risk active
709408983,0.0006179732,0,0,1,Lower-risk active
771592458,0.0006475936,0,0,1,Lower-risk active
778932633,0.0010093292,0,0,2,Lower-risk active
708669408,0.0040913303,0,0,5,Lower-risk active
779947908,0.0073192925,0,0,6,Lower-risk active
716007708,0.0009340659,0,0,2,Lower-risk active
767574108,0.006588423,0,0,6,Lower-risk active
720777558,0.00065897405,0,0,1,Lower-risk active
816841083,0.0007083501,0,0,1,Lower-risk active
778849908,0.00166003,0,0,3,Lower-risk active
708745983,0.0011281418,0,0,2,Lower-risk active
713381433,0.9404204,1,1,9,Dormant high-risk
779404383,0.0006375849,0,0,1,Lower-risk active
718607883,0.012831733,0,0,7,Lower-risk active
710542983,0.0012240491,0,0,2,Lower-risk active
709769283,0.0023451752,0,0,4,Lower-risk active
721253508,0.0008364142,0,0,2,Lower-risk active
801037833,0.002148339,0,0,3,Lower-risk active
711452583,0.06905906,0,0,8,Lower-risk active
716697708,0.65992415,1,1,9,Contacted but fragile
708176208,0.0020294809,0,0,3,Lower-risk active
716474358,0.006861552,0,0,6,Lower-risk active
713121408,0.0070806816,0,0,6,Lower-risk active
794567133,0.0023129552,0,0,4,Lower-risk active
717609633,0.03583346,0,0,7,Lower-risk active
708899283,0.0009234502,0,0,2,Lower-risk active
772415808,0.004981655,0,0,5,Lower-risk active
716176683,0.0002714262,0,0,1,Lower-risk active
709245783,0.00029927492,0,0,1,Lower-risk active
720507108,0.9965616,1,1,10,Dormant high-risk
716751858,0.9976841,1,1,10,Dormant high-risk
712829808,0.9822912,1,1,10,Dormant high-risk
711900033,0.00092356507,0,0,2,Lower-risk active
712566258,0.001181278,0,0,2,Lower-risk active
712732908,0.00093888375,0,0,2,Lower-risk active
717908208,0.00029160018,0,0,1,Lower-risk active
826136283,0.002845701,0,0,4,Lower-risk active
778714833,0.000511235,0,0,1,Lower-risk active
779302233,0.9955771,1,1,10,Contacted but fragile
778659108,0.0019100067,0,0,3,Lower-risk active
720374808,0.001331606,0,0,2,Lower-risk active
719592483,0.003633797,0,0,5,Lower-risk active
714702033,0.081163794,0,0,8,Lower-risk active
717042333,0.99197865,1,1,10,Dormant high-risk
779122908,0.0003780684,0,0,1,Lower-risk active
710676483,0.0023634983,0,0,4,Lower-risk active
827712108,0.00049079186,0,0,1,Lower-risk active
769200858,0.002257381,0,0,4,Lower-risk active
779114283,0.0013372864,0,0,2,Lower-risk active
771061008,0.86126983,1,1,9,Contacted but fragile
716201133,0.003104196,0,0,4,Lower-risk active
817968783,0.002229328,0,0,4,Lower-risk active
826480308,0.037816714,0,0,7,Lower-risk active
720307683,0.0008024437,0,0,1,Lower-risk active
709618308,0.4891246,0,1,9,Lower-risk active
710119233,0.0045427335,0,0,5,Lower-risk active
789419658,0.0016424959,0,0,3,Lower-risk active
789800358,0.00045152794,0,0,1,Lower-risk active
715466133,0.002881037,0,0,4,Lower-risk active
717659883,0.0056113796,0,0,5,Lower-risk active
781942983,0.002872786,0,0,4,Lower-risk active
712755783,0.0028921857,0,0,4,Lower-risk active
779551533,0.0009665061,0,0,2,Lower-risk active
714405183,0.033673167,0,0,7,Lower-risk active
801783108,0.007295595,0,0,6,Lower-risk active
779839758,0.00087350333,0,0,2,Lower-risk active
820648608,0.00055297336,0,0,1,Lower-risk active
787587033,0.00065130054,0,0,1,Lower-risk active
813967983,0.00154722,0,0,3,Lower-risk active
718067658,0.002790563,0,0,4,Lower-risk active
709952658,0.10246415,0,0,8,Lower-risk active
720824883,0.8323175,1,1,9,Lower-risk active
789631908,0.0020833444,0,0,3,Lower-risk active
789089958,0.0021576704,0,0,4,Lower-risk active
715847058,0.99418664,1,1,10,Dormant high-risk
721256808,0.00038952535,0,0,1,Lower-risk active
721269108,0.0016611004,0,0,3,Lower-risk active
712770408,0.9946219,1,1,10,Dormant high-risk
767958933,0.0005797134,0,0,1,Lower-risk active
779866458,0.0010909915,0,0,2,Lower-risk active
721246833,0.0025376494,0,0,4,Lower-risk active
710752233,0.92821914,1,1,9,Lower-risk active
709813008,0.00066708843,0,0,1,Lower-risk active
710219658,0.0021159018,0,0,3,Lower-risk active
789121233,0.00074389426,0,0,1,Lower-risk active
715146558,0.9732327,1,1,9,Dormant high-risk
720205608,0.0012696226,0,0,2,Lower-risk active
778606308,0.8936746,1,1,9,Contacted but fragile
710438358,0.9967963,1,1,10,Dormant high-risk
712562433,0.99433607,1,1,10,Dormant high-risk
718186233,0.0018869765,0,0,3,Lower-risk active
713717283,0.97472125,1,1,9,Dormant high-risk
713822208,0.9888081,1,1,10,Dormant high-risk
710466633,0.00094877946,0,0,2,Lower-risk active
711153783,0.0013714345,0,0,2,Lower-risk active
718230933,0.8506069,1,1,9,Contacted but fragile
788885133,0.007731564,0,0,6,Lower-risk active
711637458,0.99862826,1,1,10,Dormant high-risk
719532108,0.0043322793,0,0,5,Lower-risk active
757643733,0.0041192593,0,0,5,Lower-risk active
715122858,0.009524384,0,0,6,Lower-risk active
708384033,0.9956189,1,1,10,Dormant high-risk
708273858,0.0013861153,0,0,3,Lower-risk active
803952408,0.0012433307,0,0,2,Lower-risk active
778394358,0.0006733747,0,0,1,Lower-risk active
713180433,0.0047055623,0,0,5,Lower-risk active
787458783,0.0015702979,0,0,3,Lower-risk active
720315933,0.0016600672,0,0,3,Lower-risk active
713677158,0.99735427,1,1,10,Contacted but fragile
739828308,0.0021644393,0,0,4,Lower-risk active
720959058,0.014548877,0,0,7,Lower-risk active
718090233,0.9581154,1,1,9,Dormant high-risk
789939558,0.0019396483,0,0,3,Lower-risk active
714169908,0.00057517446,0,0,1,Lower-risk active
796145133,0.0010524051,0,0,2,Lower-risk active
789233808,0.0023587134,0,0,4,Lower-risk active
709071408,0.0011950083,0,0,2,Lower-risk active
815830083,0.0007679848,0,0,1,Lower-risk active
715932708,0.001737543,0,0,3,Lower-risk active
715281933,0.003954134,0,0,5,Lower-risk active
787529583,0.8789544,1,1,9,Contacted but fragile
717446208,0.0068478337,0,0,6,Lower-risk active
715236783,0.005367958,0,0,5,Lower-risk active
804583833,0.00053112145,0,0,1,Lower-risk active
713772333,0.9941738,1,1,10,Dormant high-risk
715321983,0.0008862705,0,0,2,Lower-risk active
717773433,0.0012668311,0,0,2,Lower-risk active
778632933,0.00038436445,0,0,1,Lower-risk active
808527183,0.00014419165,0,0,1,Lower-risk active
714514008,0.9970138,1,1,10,Dormant high-risk
711669258,0.99568534,1,1,10,Dormant high-risk
797218233,0.00066610693,0,0,1,Lower-risk active
710612583,0.0010368228,0,0,2,Lower-risk active
712613808,0.006710013,0,0,6,Lower-risk active
807173358,0.022367744,0,0,7,Lower-risk active
778349883,0.0015050797,0,0,3,Lower-risk active
720592533,0.9845302,1,1,10,Dormant high-risk
714668433,0.003059246,0,0,4,Lower-risk active
720967233,0.00054774,0,0,1,Lower-risk active
718629858,0.0022214614,0,0,4,Lower-risk active
737962608,0.0046484973,0,0,5,Lower-risk active
778207083,0.94869554,1,1,9,Dormant high-risk
778781508,0.98417354,1,1,10,Dormant high-risk
714142158,0.0001828742,0,0,1,Mono-product exposed
715390608,0.00424472,0,0,5,Lower-risk active
715243458,0.00035151717,0,0,1,Lower-risk active
715418508,0.0034018864,0,0,4,Mono-product exposed
711164508,0.0032858176,0,0,4,Mono-product exposed
713239308,0.0015050288,0,0,3,Mono-product exposed
712323183,0.071536675,0,0,8,Mono-product exposed
797410983,0.0010876765,0,0,2,Mono-product exposed
721167783,0.022098625,0,0,7,Mono-product exposed
712130058,0.9975585,1,1,10,Dormant high-risk
714060408,0.00032123007,0,0,1,Lower-risk active
715515333,0.00032679574,0,0,1,Mono-product exposed
806970033,0.00092924555,0,0,2,Mono-product exposed
817337958,0.0008951115,0,0,2,Mono-product exposed
788132208,0.0035365664,0,0,5,Lower-risk active
812653383,0.0004977726,0,0,1,Lower-risk active
709762908,0.0008281391,0,0,2,Mono-product exposed
717114708,0.00060015614,0,0,1,Lower-risk active
767388783,0.015352275,0,0,7,Lower-risk active
794719983,0.99907947,1,1,10,Contacted but fragile
778378983,0.9694205,1,1,9,Lower-risk active
773275083,0.00056315796,0,0,1,Mono-product exposed
719971458,0.0022570773,0,0,4,Mono-product exposed
721001883,0.10309974,0,0,8,Lower-risk active
778245633,0.0050830315,0,0,5,Lower-risk active
718535733,0.0028603233,0,0,4,Lower-risk active
711909933,0.0027685896,0,0,4,Lower-risk active
709253433,0.4767826,0,1,9,Mono-product exposed
719797758,0.0027347524,0,0,4,Lower-risk active
789420933,0.00070787803,0,0,1,Lower-risk active
709850508,0.9749614,1,1,9,Contacted but fragile
715335558,0.00034323914,0,0,1,Mono-product exposed
711516783,0.00020197571,0,0,1,Mono-product exposed
798917883,0.0025160979,0,0,4,Mono-product exposed
721525758,0.0009376715,0,0,2,Mono-product exposed
716249508,0.006891834,0,0,6,Lower-risk active
716953083,0.00051701494,0,0,1,Lower-risk active
712448658,0.94135463,1,1,9,Dormant high-risk
711766758,0.0021567785,0,0,4,Lower-risk active
709432833,0.0011124056,0,0,2,Mono-product exposed
719964933,0.0016929422,0,0,3,Lower-risk active
719857008,0.0011489076,0,0,2,Lower-risk active
758340108,0.00152156,0,0,3,Lower-risk active
708276183,0.997498,1,1,10,Dormant high-risk
716481408,0.00080907485,0,0,1,Lower-risk active
720590058,0.8681755,1,1,9,Dormant high-risk
789347133,0.0010743098,0,0,2,Mono-product exposed
719112258,0.001875034,0,0,3,Lower-risk active
717748608,0.82054764,1,1,9,Contacted but fragile
710740008,0.00089390203,0,0,2,Lower-risk active
716694108,0.9987783,1,1,10,Dormant high-risk
719372583,0.0004883603,0,0,1,Mono-product exposed
719981508,0.9960517,1,1,10,Contacted but fragile
751350558,0.0014036488,0,0,3,Lower-risk active
715123983,0.105980024,0,0,8,Lower-risk active
709250508,0.0020044604,0,0,3,Lower-risk active
716754783,0.9575348,1,1,9,Contacted but fragile
719025333,0.021781791,0,0,7,Lower-risk active
718566858,0.0017295624,0,0,3,Lower-risk active
710675508,0.00034042366,0,0,1,Mono-product exposed
818729208,0.003348531,0,0,4,Lower-risk active
709068183,0.0042796307,0,0,5,Lower-risk active
715358283,0.010352121,0,0,6,Mono-product exposed
710966433,0.0012610898,0,0,2,Lower-risk active
708575058,0.70219225,1,1,9,Dormant high-risk
713929533,0.99900985,1,1,10,Mono-product exposed
714087258,0.030948538,0,0,7,Mono-product exposed
756383283,0.0017135808,0,0,3,Lower-risk active
720766908,0.9989285,1,1,10,Mono-product exposed
718133733,0.0004110844,0,0,1,Lower-risk active
720823458,0.0016825709,0,0,3,Mono-product exposed
720027258,0.0041642543,0,0,5,Lower-risk active
807604233,0.007495351,0,0,6,Mono-product exposed
801786483,0.0036090654,0,0,5,Lower-risk active
789138258,0.001489633,0,0,3,Mono-product exposed
805524708,0.9735386,1,1,9,Dormant high-risk
779642733,0.0004152538,0,0,1,Lower-risk active
771735933,0.0003831842,0,0,1,Mono-product exposed
789917208,0.059524983,0,0,8,Mono-product exposed
779608083,0.018536873,0,0,7,Mono-product exposed
711287733,0.0011945348,0,0,2,Lower-risk active
774675933,0.013930104,0,0,7,Mono-product exposed
716741508,0.0037213461,0,0,5,Mono-product exposed
721106133,0.0016332694,0,0,3,Lower-risk active
716698608,0.0013216881,0,0,2,Mono-product exposed
716299608,0.99908864,1,1,10,Contacted but fragile
718116933,0.0014699376,0,0,3,Mono-product exposed
720513333,0.0012150198,0,0,2,Mono-product exposed
802460433,0.99878556,1,1,10,Dormant high-risk
720482583,0.0035854008,0,0,5,Lower-risk active
719584608,0.0007157957,0,0,1,Lower-risk active
709477233,0.00062867976,0,0,1,Lower-risk active
719512983,0.9974195,1,1,10,Dormant high-risk
714923583,0.99032646,1,1,10,Dormant high-risk
779397183,0.02596227,0,0,7,Mono-product exposed
714671658,0.0008024368,0,0,1,Mono-product exposed
779218233,0.0095953755,0,0,6,Mono-product exposed
713456583,0.003735319,0,0,5,Lower-risk active
790221633,0.0020452014,0,0,3,Lower-risk active
721299483,0.0009339441,0,0,2,Mono-product exposed
711701958,0.009358865,0,0,6,Lower-risk active
783573408,0.0008422875,0,0,2,Lower-risk active
709641933,0.0006382622,0,0,1,Lower-risk active
718755483,0.0009190728,0,0,2,Lower-risk active
720914358,0.0013744307,0,0,3,Lower-risk active
714811533,0.0058349133,0,0,6,Lower-risk active
719898108,0.0054626022,0,0,5,Mono-product exposed
720719883,0.977363,1,1,10,Dormant high-risk
780338733,0.0007652806,0,0,1,Mono-product exposed
709810458,0.0004352779,0,0,1,Lower-risk active
821356083,0.0019099315,0,0,3,Lower-risk active
793428408,0.0011246111,0,0,2,Mono-product exposed
746453583,0.0007498633,0,0,1,Mono-product exposed
771799008,0.001305991,0,0,2,Lower-risk active
719075883,0.012462786,0,0,6,Mono-product exposed
714986583,0.08453271,0,0,8,Lower-risk active
753233733,0.0049390467,0,0,5,Lower-risk active
806914158,0.9830899,1,1,10,Dormant high-risk
812671758,0.98400104,1,1,10,Dormant high-risk
789191358,0.0021529244,0,0,3,Mono-product exposed
772111083,0.0019238759,0,0,3,Lower-risk active
714961383,0.0013496754,0,0,2,Lower-risk active
817288458,0.07202506,0,0,8,Lower-risk active
719163108,0.020755723,0,0,7,Mono-product exposed
713922183,0.0016170663,0,0,3,Lower-risk active
716443608,0.0015476282,0,0,3,Mono-product exposed
827953683,0.01210915,0,0,6,Mono-product exposed
789678483,0.004972986,0,0,5,Mono-product exposed
793630083,0.9989349,1,1,10,Dormant high-risk
756306183,0.00362087,0,0,5,Mono-product exposed
736893108,0.0026455515,0,0,4,Mono-product exposed
712900308,0.99620384,1,1,10,Dormant high-risk
798045708,0.0008172367,0,0,1,Mono-product exposed
715657833,0.0009430526,0,0,2,Mono-product exposed
712111608,0.008151147,0,0,6,Mono-product exposed
711792783,0.00030141533,0,0,1,Mono-product exposed
716067333,0.0020308634,0,0,3,Mono-product exposed
780660183,0.99411243,1,1,10,Dormant high-risk
720761208,0.9984732,1,1,10,Dormant high-risk
788794758,0.997577,1,1,10,Contacted but fragile
711150333,0.99375147,1,1,10,Dormant high-risk
714418158,0.008697453,0,0,6,Mono-product exposed
713634108,0.01912262,0,0,7,Mono-product exposed
717231558,0.0019520965,0,0,3,Mono-product exposed
711589758,0.0019060902,0,0,3,Mono-product exposed
787481208,0.004231867,0,0,5,Mono-product exposed
715516458,0.99456537,1,1,10,Dormant high-risk
714998508,0.18156634,0,0,8,Mono-product exposed
713328108,0.0007245022,0,0,1,Mono-product exposed
716229108,0.0020319384,0,0,3,Mono-product exposed
820925433,0.001576402,0,0,3,Mono-product exposed
816129258,0.0068374863,0,0,6,Mono-product exposed
808903308,0.9987551,1,1,10,Dormant high-risk
713809833,0.0026644163,0,0,4,Mono-product exposed
713542008,0.0035454654,0,0,5,Mono-product exposed
717385083,0.0012559217,0,0,2,Mono-product exposed
708652908,0.0010795281,0,0,2,Mono-product exposed
715644633,0.0019352952,0,0,3,Mono-product exposed
708761733,0.0153639205,0,0,7,Mono-product exposed
714600258,0.0024585896,0,0,4,Mono-product exposed
823566408,0.0007086134,0,0,1,Mono-product exposed
713373708,0.99664646,1,1,10,Dormant high-risk
708307533,0.0043691993,0,0,5,Mono-product exposed
820085808,0.0006565133,0,0,1,Mono-product exposed
716685033,0.0032524418,0,0,4,Mono-product exposed
713063958,0.0011714246,0,0,2,Mono-product exposed
708371733,0.006239154,0,0,6,Mono-product exposed
780277458,0.0022277187,0,0,4,Mono-product exposed
797232183,0.0006180298,0,0,1,Mono-product exposed
720789933,0.000839114,0,0,2,Mono-product exposed
808281483,0.00083633774,0,0,2,Mono-product exposed
712968708,0.0013413447,0,0,2,Mono-product exposed
711263058,0.00040340752,0,0,1,Mono-product exposed
788813658,0.0040201116,0,0,5,Mono-product exposed
721444758,0.0018464503,0,0,3,Mono-product exposed
711448983,0.996166,1,1,10,Mono-product exposed
712664658,0.98954403,1,1,10,Mono-product exposed
714237033,0.9710305,1,1,9,Contacted but fragile
718370733,0.0030388753,0,0,4,Mono-product exposed
713726958,0.99830294,1,1,10,Lower-risk active
794160408,0.0021729697,0,0,4,Mono-product exposed
716009883,0.0052438136,0,0,5,Mono-product exposed
711873033,0.90454113,1,1,9,Contacted but fragile
712715208,0.9976821,1,1,10,Dormant high-risk
778899708,0.9984273,1,1,10,Contacted but fragile
771865908,0.9829092,1,1,10,Contacted but fragile
716273133,0.0040080333,0,0,5,Mono-product exposed
709927458,0.00093160535,0,0,2,Mono-product exposed
715162608,0.95556784,1,1,9,Contacted but fragile
719862258,0.0013491265,0,0,2,Mono-product exposed
788719533,0.058877144,0,0,8,Mono-product exposed
715566408,0.00081980164,0,0,1,Mono-product exposed
717359208,0.002128176,0,0,3,Mono-product exposed
721410858,0.00026459078,0,0,1,Mono-product exposed
779420583,0.0030979011,0,0,4,Mono-product exposed
714222183,0.000558935,0,0,1,Mono-product exposed
709079883,0.9855084,1,1,10,Dormant high-risk
721406658,0.99116653,1,1,10,Dormant high-risk
713782608,0.0038804046,0,0,5,Mono-product exposed
720236433,0.007394798,0,0,6,Mono-product exposed
785106933,0.0040519414,0,0,5,Mono-product exposed
716673258,0.0005071609,0,0,1,Mono-product exposed
708341958,0.0011178582,0,0,2,Mono-product exposed
797150733,0.8219228,1,1,9,Lower-risk active
718279983,0.018125514,0,0,7,Mono-product exposed
718548558,0.002892337,0,0,4,Mono-product exposed
780360558,0.0022914263,0,0,4,Mono-product exposed
715012833,0.008860557,0,0,6,Mono-product exposed
772388508,0.0027453494,0,0,4,Mono-product exposed
788199858,0.0070925285,0,0,6,Mono-product exposed
769578108,0.0012562368,0,0,2,Mono-product exposed
719843958,0.0014164008,0,0,3,Mono-product exposed
767197983,0.0757073,0,0,8,Mono-product exposed
711874833,0.0074422807,0,0,6,Mono-product exposed
714930333,0.9931096,1,1,10,Dormant high-risk
720989133,0.00038063966,0,0,1,Mono-product exposed
720893958,0.18408024,0,0,8,Mono-product exposed
769709058,0.14066136,0,0,8,Mono-product exposed
711005583,0.0030937057,0,0,4,Mono-product exposed
826548708,0.00082165905,0,0,1,Mono-product exposed
711093408,0.0013919829,0,0,3,Mono-product exposed
712831908,0.0020509474,0,0,3,Mono-product exposed
780222408,0.005121321,0,0,5,Mono-product exposed
714181008,0.001461828,0,0,3,Mono-product exposed
772346358,0.0014604095,0,0,3,Mono-product exposed
717489033,0.87104666,1,1,9,Contacted but fragile
710969433,0.0052624894,0,0,5,Mono-product exposed
715807383,0.01245814,0,0,6,Mono-product exposed
711807333,0.0011499341,0,0,2,Mono-product exposed
816086508,0.015138312,0,0,7,Mono-product exposed
714424533,0.9974164,1,1,10,Lower-risk active
779536233,0.0017813871,0,0,3,Mono-product exposed
710794983,0.0016615228,0,0,3,Mono-product exposed
779890833,0.038559917,0,0,7,Mono-product exposed
779837808,0.008638415,0,0,6,Mono-product exposed
713748708,0.99939907,1,1,10,Contacted but fragile
709123908,0.005390442,0,0,5,Mono-product exposed
816476658,0.9942088,1,1,10,Dormant high-risk
743800833,0.00042991503,0,0,1,Mono-product exposed
806415183,0.0020232373,0,0,3,Mono-product exposed
794054058,0.2787376,0,0,9,Mono-product exposed
771907158,0.0010456364,0,0,2,Mono-product exposed
815789883,0.00225601,0,0,4,Mono-product exposed
712177908,0.0018192009,0,0,3,Mono-product exposed
711234783,0.9949597,1,1,10,Contacted but fragile
793379058,0.0010128388,0,0,2,Mono-product exposed
720480183,0.00062496954,0,0,1,Mono-product exposed
712974558,0.0027720793,0,0,4,Mono-product exposed
717409533,0.99682957,1,1,10,Contacted but fragile
712200033,0.0070774807,0,0,6,Mono-product exposed
713563383,0.0019516941,0,0,3,Mono-product exposed
802795608,0.0025101572,0,0,4,Mono-product exposed
787452333,0.9978929,1,1,10,Mono-product exposed
709520058,0.98408127,1,1,10,Lower-risk active
819690933,0.0017766207,0,0,3,Mono-product exposed
820694133,0.9722972,1,1,9,Contacted but fragile
711800658,0.9993868,1,1,10,Dormant high-risk
717722958,0.0033792323,0,0,4,Mono-product exposed
712279683,0.99490464,1,1,10,Dormant high-risk
716606733,0.0009772112,0,0,2,Mono-product exposed
716060358,0.004025863,0,0,5,Mono-product exposed
709158333,0.00078973727,0,0,1,Mono-product exposed
721113333,0.00087694085,0,0,2,Mono-product exposed
712620858,0.2743921,0,0,9,Mono-product exposed
712855683,0.0008082323,0,0,1,Mono-product exposed
715463133,0.005859319,0,0,6,Mono-product exposed
716551533,0.0005170445,0,0,1,Mono-product exposed
771220758,0.0004144095,0,0,1,Mono-product exposed
709920258,0.0040601934,0,0,5,Mono-product exposed
708959583,0.0021562972,0,0,4,Mono-product exposed
712510833,0.0027792486,0,0,4,Mono-product exposed
710840433,0.26348767,0,0,9,Mono-product exposed
712853358,0.99670416,1,1,10,Dormant high-risk
788502858,0.0055675115,0,0,5,Mono-product exposed
721139808,0.0012151494,0,0,2,Mono-product exposed
711375558,0.0013895326,0,0,3,Mono-product exposed
713798958,0.001265692,0,0,2,Mono-product exposed
709362033,0.99868315,1,1,10,Dormant high-risk
719860308,0.9980647,1,1,10,Dormant high-risk
714443058,0.988415,1,1,10,Contacted but fragile
716315508,0.99333984,1,1,10,Contacted but fragile
717651333,0.00636238,0,0,6,Mono-product exposed
798489258,0.0054868152,0,0,5,Mono-product exposed
710742408,0.00027142465,0,0,1,Mono-product exposed
812089383,0.0009855058,0,0,2,Mono-product exposed
711968358,0.000966408,0,0,2,Mono-product exposed
794227308,0.0008908308,0,0,2,Mono-product exposed
719845908,0.0022259927,0,0,4,Mono-product exposed
716851908,0.0055754134,0,0,5,Mono-product exposed
720599658,0.0071036182,0,0,6,Mono-product exposed
720401658,0.9255135,1,1,9,Dormant high-risk
827442858,0.018733246,0,0,7,Mono-product exposed
779034708,0.0036840616,0,0,5,Mono-product exposed
718806783,0.99854374,1,1,10,Dormant high-risk
714484008,0.9980355,1,1,10,Dormant high-risk
719176308,0.982128,1,1,10,Dormant high-risk
769662033,0.0025544078,0,0,4,Mono-product exposed
721020858,0.0073410543,0,0,6,Mono-product exposed
714630858,0.99907035,1,1,10,Dormant high-risk
710838108,0.0075915367,0,0,6,Mono-product exposed
712662783,0.9973953,1,1,10,Contacted but fragile
713160258,0.0006011772,0,0,1,Mono-product exposed
778163508,0.008046098,0,0,6,Mono-product exposed
713785608,0.73920107,1,1,9,Contacted but fragile
779905008,0.9991186,1,1,10,Mono-product exposed
789491058,0.0031949135,0,0,4,Mono-product exposed
793736958,0.00075892097,0,0,1,Mono-product exposed
720961383,0.8917017,1,1,9,Dormant high-risk
714202008,0.98869634,1,1,10,Dormant high-risk
721479108,0.01432459,0,0,7,Mono-product exposed
715549158,0.00095706724,0,0,2,Mono-product exposed
710308983,0.0016514921,0,0,3,Mono-product exposed
710981583,0.0006832116,0,0,1,Mono-product exposed
712704933,0.99418503,1,1,10,Dormant high-risk
716165508,0.00056686543,0,0,1,Mono-product exposed
710630583,0.0004132304,0,0,1,Mono-product exposed
709571958,0.017257262,0,0,7,Mono-product exposed
790115358,0.0011802786,0,0,2,Mono-product exposed
715904433,0.99908376,1,1,10,Dormant high-risk
709078908,0.0014814064,0,0,3,Mono-product exposed
717541308,0.0011946191,0,0,2,Mono-product exposed
779916408,0.018105492,0,0,7,Mono-product exposed
714979383,0.0009878225,0,0,2,Mono-product exposed
711691608,0.9972783,1,1,10,Dormant high-risk
788930358,0.00091234373,0,0,2,Mono-product exposed
716351208,0.005517852,0,0,5,Mono-product exposed
708266883,0.9983865,1,1,10,Contacted but fragile
718858683,0.0039207987,0,0,5,Mono-product exposed
771617883,0.0021788762,0,0,4,Mono-product exposed
718001508,0.00041612523,0,0,1,Mono-product exposed
708995283,0.0013997622,0,0,3,Mono-product exposed
721173183,0.00040463306,0,0,1,Mono-product exposed
711102858,0.9252344,1,1,9,Contacted but fragile
711722808,0.9978502,1,1,10,Dormant high-risk
787466808,0.0035307084,0,0,5,Mono-product exposed
716116383,0.002858318,0,0,4,Mono-product exposed
713257083,0.0058885696,0,0,6,Mono-product exposed
772661808,0.00089627213,0,0,2,Mono-product exposed
713382558,0.0009415945,0,0,2,Mono-product exposed
717596883,0.007172806,0,0,6,Lower-risk active
712993008,0.0029574274,0,0,4,Lower-risk active
824763783,0.001728876,0,0,3,Mono-product exposed
771730758,0.0035652032,0,0,5,Lower-risk active
780265458,0.0008656823,0,0,2,Lower-risk active
714256758,0.004810949,0,0,5,Lower-risk active
710292333,0.98754555,1,1,10,Dormant high-risk
712171158,0.0017876151,0,0,3,Lower-risk active
787339158,0.99634874,1,1,10,Dormant high-risk
788782008,0.01178837,0,0,6,Lower-risk active
714848958,0.9816595,1,1,10,Lower-risk active
714987633,0.39932245,0,1,9,Mono-product exposed
717684858,0.30509833,0,1,9,Lower-risk active
767376483,0.00027554407,0,0,1,Lower-risk active
709901058,0.0011144095,0,0,2,Mono-product exposed
823149483,0.006220373,0,0,6,Mono-product exposed
780073158,0.0004291618,0,0,1,Mono-product exposed
779998083,0.0054838182,0,0,5,Mono-product exposed
713144208,0.9977779,1,1,10,Dormant high-risk
771594783,0.9981085,1,1,10,Dormant high-risk
816613158,0.0064315023,0,0,6,Mono-product exposed
770774133,0.0063172136,0,0,6,Mono-product exposed
712300683,0.00060958666,0,0,1,Mono-product exposed
714536208,0.0017214253,0,0,3,Mono-product exposed
784880958,0.00075642637,0,0,1,Mono-product exposed
713784558,0.0021519382,0,0,3,Mono-product exposed
719305608,0.9158168,1,1,9,Dormant high-risk
720190083,0.99931157,1,1,10,Dormant high-risk
708323208,0.9914681,1,1,10,Contacted but fragile
781183233,0.000285291,0,0,1,Mono-product exposed
718825908,0.0012739853,0,0,2,Mono-product exposed
716963283,0.96435094,1,1,9,Contacted but fragile
714924483,0.0007050497,0,0,1,Mono-product exposed
779922183,0.0011487987,0,0,2,Mono-product exposed
719449533,0.99328846,1,1,10,Contacted but fragile
712559058,0.0014545877,0,0,3,Mono-product exposed
717853233,0.0010166193,0,0,2,Mono-product exposed
790069233,0.0019388952,0,0,3,Mono-product exposed
794576058,0.0021901722,0,0,4,Mono-product exposed
779877858,0.0042978106,0,0,5,Mono-product exposed
772334133,0.0029408587,0,0,4,Mono-product exposed
714139308,0.008290939,0,0,6,Mono-product exposed
806634783,0.0055730524,0,0,5,Mono-product exposed
720101658,0.001853743,0,0,3,Mono-product exposed
719925483,0.00029136284,0,0,1,Mono-product exposed
719572833,0.0014879962,0,0,3,Mono-product exposed
720729108,0.00400165,0,0,5,Mono-product exposed
819214233,0.0020560992,0,0,3,Mono-product exposed
718896108,0.0016021179,0,0,3,Mono-product exposed
713723433,0.0028887156,0,0,4,Mono-product exposed
708514383,0.0005730947,0,0,1,Mono-product exposed
716961033,0.0019416692,0,0,3,Mono-product exposed
778819083,0.9990206,1,1,10,Dormant high-risk
714773508,0.99735415,1,1,10,Dormant high-risk
814181433,0.010625217,0,0,6,Mono-product exposed
711984633,0.0014010625,0,0,3,Mono-product exposed
710662158,0.9878879,1,1,10,Dormant high-risk
711356733,0.002942053,0,0,4,Mono-product exposed
711456108,0.97320867,1,1,9,Dormant high-risk
780727833,0.0016425013,0,0,3,Mono-product exposed
771471708,0.0013078407,0,0,2,Mono-product exposed
714320358,0.15341875,0,0,8,Mono-product exposed
720700008,0.0007375962,0,0,1,Mono-product exposed
713027058,0.9992156,1,1,10,Contacted but fragile
778228458,0.25455436,0,0,8,Mono-product exposed
781137783,0.99909234,1,1,10,Dormant high-risk
719821908,0.99832076,1,1,10,Mono-product exposed
720537633,0.003044406,0,0,4,Mono-product exposed
712378983,0.104139164,0,0,8,Lower-risk active
763681908,0.054101188,0,0,8,Mono-product exposed
721164483,0.0009260217,0,0,2,Mono-product exposed
715447008,0.0015555011,0,0,3,Mono-product exposed
769676358,0.0009006634,0,0,2,Mono-product exposed
710487033,0.0046620904,0,0,5,Mono-product exposed
714197133,0.9982622,1,1,10,Dormant high-risk
718488783,0.034781057,0,0,7,Mono-product exposed
715663458,0.0012433692,0,0,2,Mono-product exposed
717865008,0.0005405763,0,0,1,Mono-product exposed
771400608,0.001680884,0,0,3,Mono-product exposed
708148158,0.0030887506,0,0,4,Mono-product exposed
720589008,0.0016086908,0,0,3,Mono-product exposed
784795083,0.00870968,0,0,6,Mono-product exposed
809844108,0.0014088476,0,0,3,Mono-product exposed
711521958,0.006097906,0,0,6,Mono-product exposed
711833508,0.005320309,0,0,5,Mono-product exposed
713146683,0.07206909,0,0,8,Mono-product exposed
716968683,0.00788711,0,0,6,Mono-product exposed
716279508,0.9952614,1,1,10,Dormant high-risk
771336783,0.0012426435,0,0,2,Mono-product exposed
717502083,0.98554176,1,1,10,Contacted but fragile
714843483,0.0009859045,0,0,2,Mono-product exposed
709745508,0.9996908,1,1,10,Dormant high-risk
711382458,0.99829715,1,1,10,Dormant high-risk
712190358,0.005361905,0,0,5,Mono-product exposed
788805858,0.00056208164,0,0,1,Mono-product exposed
709102458,0.99643564,1,1,10,Dormant high-risk
712533708,0.0022394005,0,0,4,Mono-product exposed
720326733,0.15584117,0,0,8,Mono-product exposed
713605908,0.0024774948,0,0,4,Mono-product exposed
711598533,0.0046687797,0,0,5,Mono-product exposed
795855258,0.0035910169,0,0,5,Mono-product exposed
826783233,0.0021297368,0,0,3,Mono-product exposed
789228108,0.0010032797,0,0,2,Mono-product exposed
785230083,0.001917157,0,0,3,Mono-product exposed
807946833,0.9975224,1,1,10,Dormant high-risk
711011508,0.0004674909,0,0,1,Mono-product exposed
718632933,0.009644213,0,0,6,Mono-product exposed
717284133,0.0025836944,0,0,4,Mono-product exposed
711701058,0.00047628948,0,0,1,Mono-product exposed
712228458,0.053270463,0,0,8,Mono-product exposed
717146208,0.97623956,1,1,10,Dormant high-risk
719028783,0.017714381,0,0,7,Mono-product exposed
713274183,0.0006046293,0,0,1,Mono-product exposed
789218433,0.0020573393,0,0,3,Mono-product exposed
790139583,0.0047212793,0,0,5,Mono-product exposed
720218658,0.0010174555,0,0,2,Mono-product exposed
747074058,0.0009205263,0,0,2,Mono-product exposed
719170683,0.008890087,0,0,6,Mono-product exposed
708753633,0.0008943816,0,0,2,Mono-product exposed
710780883,0.0013459931,0,0,2,Mono-product exposed
785237958,0.99903715,1,1,10,Dormant high-risk
711333933,0.0014655538,0,0,3,Mono-product exposed
710797833,0.00053050293,0,0,1,Mono-product exposed
720154533,0.0045227325,0,0,5,Mono-product exposed
719123958,0.9961366,1,1,10,Contacted but fragile
780942633,0.004607317,0,0,5,Mono-product exposed
720034983,0.0054056053,0,0,5,Mono-product exposed
717307158,0.0013409384,0,0,2,Mono-product exposed
708876183,0.020924075,0,0,7,Mono-product exposed
712660308,0.99946827,1,1,10,Dormant high-risk
715958583,0.029439708,0,0,7,Mono-product exposed
771546708,0.0016086134,0,0,3,Mono-product exposed
711252258,0.4748518,0,1,9,Mono-product exposed
772585008,0.0007907403,0,0,1,Mono-product exposed
751143858,0.0009524195,0,0,2,Mono-product exposed
708824958,0.020590609,0,0,7,Mono-product exposed
819612933,0.830946,1,1,9,Dormant high-risk
712804383,0.00039700302,0,0,1,Mono-product exposed
790149483,0.00090705045,0,0,2,Mono-product exposed
712121508,0.00043576118,0,0,1,Mono-product exposed
778853358,0.0025191994,0,0,4,Mono-product exposed
716512383,0.0024887163,0,0,4,Mono-product exposed
823548858,0.9761529,1,1,10,Dormant high-risk
712144158,0.8943789,1,1,9,Dormant high-risk
824560758,0.9577749,1,1,9,Dormant high-risk
757710783,0.7982617,1,1,9,Contacted but fragile
713081583,0.0018376242,0,0,3,Mono-product exposed
710481333,0.7754899,1,1,9,Dormant high-risk
721060083,0.0010374078,0,0,2,Mono-product exposed
713759583,0.0008495026,0,0,2,Mono-product exposed
717547383,0.0012177466,0,0,2,Mono-product exposed
711683358,0.99916005,1,1,10,Dormant high-risk
710044308,0.954564,1,1,9,Mono-product exposed
713101383,0.002304248,0,0,4,Mono-product exposed
757685733,0.0023452167,0,0,4,Mono-product exposed
717823383,0.00094709103,0,0,2,Mono-product exposed
796029483,0.0025786317,0,0,4,Mono-product exposed
710099358,0.0014549916,0,0,3,Mono-product exposed
713872008,0.0025711714,0,0,4,Mono-product exposed
788802483,0.0012601904,0,0,2,Mono-product exposed
817988433,0.0018124431,0,0,3,Mono-product exposed
823554783,0.0023499283,0,0,4,Mono-product exposed
710643183,0.0010798265,0,0,2,Mono-product exposed
779859558,0.99658126,1,1,10,Contacted but fragile
798238008,0.0019179792,0,0,3,Mono-product exposed
811974483,0.0014622374,0,0,3,Mono-product exposed
778471758,0.0020531367,0,0,3,Mono-product exposed
718513233,0.002187423,0,0,4,Mono-product exposed
718147233,0.0010120036,0,0,2,Mono-product exposed
713700258,0.0019791196,0,0,3,Mono-product exposed
780670083,0.9951793,1,1,10,Contacted but fragile
711438033,0.24078654,0,0,8,Mono-product exposed
712253058,0.00078583666,0,0,1,Mono-product exposed
713519508,0.00035902794,0,0,1,Mono-product exposed
789992733,0.0013014055,0,0,2,Mono-product exposed
710110683,0.00087033625,0,0,2,Mono-product exposed
720260433,0.0007606054,0,0,1,Mono-product exposed
714148758,0.0861472,0,0,8,Mono-product exposed
715522233,0.0003835316,0,0,1,Mono-product exposed
712790358,0.95922226,1,1,9,Dormant high-risk
714943233,0.000734758,0,0,1,Mono-product exposed
789579033,0.0019066365,0,0,3,Mono-product exposed
708952758,0.00038659727,0,0,1,Mono-product exposed
721374033,0.007097413,0,0,6,Mono-product exposed
808891983,0.041931078,0,0,8,Mono-product exposed
794516508,0.0031711813,0,0,4,Mono-product exposed
714032883,0.0016145303,0,0,3,Mono-product exposed
778722033,0.0013311907,0,0,2,Mono-product exposed
823578483,0.00050141965,0,0,1,Mono-product exposed
715148658,0.002511564,0,0,4,Mono-product exposed
709669533,0.0035439278,0,0,5,Mono-product exposed
787467858,0.29355836,0,1,9,Mono-product exposed
708671733,0.0023443867,0,0,4,Mono-product exposed
709790058,0.0009833534,0,0,2,Mono-product exposed
712714008,0.0020647144,0,0,3,Mono-product exposed
715191258,0.008448219,0,0,6,Mono-product exposed
757722708,0.0058564614,0,0,6,Mono-product exposed
718086783,0.8721325,1,1,9,Mono-product exposed
815253708,0.002418422,0,0,4,Mono-product exposed
715083633,0.0023371796,0,0,4,Mono-product exposed
792098883,0.000622208,0,0,1,Mono-product exposed
711873858,0.00042356626,0,0,1,Mono-product exposed
713931258,0.998676,1,1,10,Dormant high-risk
787591008,0.00045764647,0,0,1,Mono-product exposed
801518958,0.026718948,0,0,7,Mono-product exposed
713068833,0.0007729569,0,0,1,Mono-product exposed
710566533,0.0050129523,0,0,5,Mono-product exposed
789151983,0.0032545063,0,0,4,Mono-product exposed
766673433,0.004028919,0,0,5,Mono-product exposed
807589908,0.0008591085,0,0,2,Mono-product exposed
708190158,0.98902494,1,1,10,Dormant high-risk
784895358,0.97031903,1,1,9,Dormant high-risk
710090133,0.0024604215,0,0,4,Mono-product exposed
799242033,0.0016997997,0,0,3,Mono-product exposed
719377383,0.0006284359,0,0,1,Mono-product exposed
710371683,0.0031413455,0,0,4,Mono-product exposed
719926683,0.001880447,0,0,3,Mono-product exposed
793597833,0.004925639,0,0,5,Mono-product exposed
713739708,0.0072053904,0,0,6,Mono-product exposed
709389558,0.0028829295,0,0,4,Mono-product exposed
811907583,0.014652257,0,0,7,Mono-product exposed
709087983,0.0010584197,0,0,2,Mono-product exposed
712774908,0.0008488375,0,0,2,Mono-product exposed
820639908,0.001867687,0,0,3,Mono-product exposed
713497983,0.81568295,1,1,9,Mono-product exposed
713489358,0.0048847264,0,0,5,Mono-product exposed
711381183,0.0012857713,0,0,2,Mono-product exposed
814989933,0.0068889726,0,0,6,Mono-product exposed
711847833,0.0016467472,0,0,3,Mono-product exposed
772837083,0.003784154,0,0,5,Mono-product exposed
713652783,0.004201222,0,0,5,Mono-product exposed
719202708,0.0021224762,0,0,3,Mono-product exposed
714566133,0.00036432323,0,0,1,Mono-product exposed
717553683,0.050929673,0,0,8,Mono-product exposed
814987983,0.0023006292,0,0,4,Mono-product exposed
789588933,0.0015056266,0,0,3,Mono-product exposed
714317058,0.06529844,0,0,8,Mono-product exposed
772271508,0.99910897,1,1,10,Dormant high-risk
716366208,0.011193178,0,0,6,Mono-product exposed
710971908,0.0015676216,0,0,3,Mono-product exposed
711412533,0.83062744,1,1,9,Dormant high-risk
720593583,0.0009796483,0,0,2,Mono-product exposed
720165258,0.001973935,0,0,3,Mono-product exposed
716147658,0.0011442695,0,0,2,Mono-product exposed
778436283,0.00090322306,0,0,2,Mono-product exposed
711492258,0.0011857564,0,0,2,Mono-product exposed
771106458,0.08984491,0,0,8,Mono-product exposed
713183508,0.0014693995,0,0,3,Mono-product exposed
710832108,0.005079095,0,0,5,Mono-product exposed
719940483,0.00057449756,0,0,1,Mono-product exposed
715207458,0.00067176967,0,0,1,Mono-product exposed
716839983,0.008050206,0,0,6,Mono-product exposed
781073733,0.010492601,0,0,6,Mono-product exposed
757594083,0.0028401995,0,0,4,Mono-product exposed
764496708,0.004235767,0,0,5,Mono-product exposed
714080433,0.037542358,0,0,7,Mono-product exposed
757675158,0.0011164922,0,0,2,Mono-product exposed
715361433,0.0007541609,0,0,1,Mono-product exposed
778191933,0.99843603,1,1,10,Dormant high-risk
718792758,0.0015768921,0,0,3,Mono-product exposed
709738008,0.0018002918,0,0,3,Mono-product exposed
799020258,0.0022531066,0,0,4,Mono-product exposed
718152333,0.98319906,1,1,10,Dormant high-risk
716324583,0.0011452874,0,0,2,Mono-product exposed
720887058,0.0058833775,0,0,6,Mono-product exposed
714825408,0.16376787,0,0,8,Mono-product exposed
788620083,0.00041999525,0,0,1,Mono-product exposed
719490108,0.0049765054,0,0,5,Mono-product exposed
709044183,0.03650645,0,0,7,Mono-product exposed
756944133,0.0007211307,0,0,1,Mono-product exposed
785285883,0.9605525,1,1,9,Dormant high-risk
779770683,0.0042282576,0,0,5,Mono-product exposed
718510983,0.0028357303,0,0,4,Mono-product exposed
710322033,0.0007317041,0,0,1,Mono-product exposed
710560008,0.0006647079,0,0,1,Mono-product exposed
711298458,0.983942,1,1,10,Contacted but fragile
789164283,0.0004673209,0,0,1,Mono-product exposed
715773783,0.9990024,1,1,10,Dormant high-risk
779158533,0.0022439118,0,0,4,Mono-product exposed
720463833,0.0005641561,0,0,1,Mono-product exposed
712747758,0.99892384,1,1,10,Contacted but fragile
771067308,0.0060618846,0,0,6,Mono-product exposed
750995508,0.9881434,1,1,10,Dormant high-risk
716171358,0.001582303,0,0,3,Mono-product exposed
794637333,0.004220469,0,0,5,Mono-product exposed
718437033,0.9783766,1,1,10,Dormant high-risk
718492908,0.0010247047,0,0,2,Mono-product exposed
716033508,0.0026732667,0,0,4,Mono-product exposed
717603858,0.0011499461,0,0,2,Mono-product exposed
714741933,0.00047214102,0,0,1,Mono-product exposed
716558283,0.0010438847,0,0,2,Mono-product exposed
719022558,0.0038920748,0,0,5,Mono-product exposed
717334233,0.0052308757,0,0,5,Mono-product exposed
709222008,0.99805367,1,1,10,Dormant high-risk
719192808,0.0008305573,0,0,2,Mono-product exposed
719281533,0.0005647393,0,0,1,Mono-product exposed
710877108,0.0005825679,0,0,1,Mono-product exposed
714155283,0.000814893,0,0,1,Mono-product exposed
771214083,0.108792886,0,0,8,Mono-product exposed
770581983,0.0012910032,0,0,2,Mono-product exposed
718742808,0.9919269,1,1,10,Dormant high-risk
710257683,0.0032113164,0,0,4,Mono-product exposed
721426383,0.99299353,1,1,10,Dormant high-risk
721041483,0.9978002,1,1,10,Mono-product exposed
719922558,0.011449281,0,0,6,Mono-product exposed
715072533,0.006045,0,0,6,Mono-product exposed
716214108,0.0029322961,0,0,4,Mono-product exposed
772216833,0.00073562295,0,0,1,Mono-product exposed
708553008,0.020234574,0,0,7,Mono-product exposed
778880358,0.0027852962,0,0,4,Mono-product exposed
720258183,0.02886413,0,0,7,Mono-product exposed
720689583,0.001369722,0,0,2,Mono-product exposed
758168133,0.0012752964,0,0,2,Mono-product exposed
716322783,0.0016684715,0,0,3,Mono-product exposed
711118083,0.00057342666,0,0,1,Mono-product exposed
709591533,0.008107105,0,0,6,Mono-product exposed
794556333,0.0023335046,0,0,4,Mono-product exposed
771630783,0.00039539725,0,0,1,Mono-product exposed
708672708,0.038038924,0,0,7,Mono-product exposed
715590258,0.0028835943,0,0,4,Mono-product exposed
714241083,0.061176766,0,0,8,Mono-product exposed
708416433,0.99667895,1,1,10,Dormant high-risk
779183958,0.9996431,1,1,10,Dormant high-risk
709061658,0.0012309813,0,0,2,Mono-product exposed
717384183,0.0010626839,0,0,2,Mono-product exposed
778921908,0.0011521237,0,0,2,Mono-product exposed
714745608,0.062830456,0,0,8,Mono-product exposed
709200633,0.47797248,0,1,9,Mono-product exposed
714714558,0.0026565706,0,0,4,Mono-product exposed
801363633,0.002516918,0,0,4,Mono-product exposed
778847808,0.0012107654,0,0,2,Mono-product exposed
713015433,0.0031163192,0,0,4,Mono-product exposed
711666708,0.9849931,1,1,10,Dormant high-risk
809631483,0.0019371234,0,0,3,Mono-product exposed
808967883,0.00025640606,0,0,1,Mono-product exposed
710532258,0.000901683,0,0,2,Mono-product exposed
812235108,0.13799132,0,0,8,Mono-product exposed
817293258,0.014910705,0,0,7,Mono-product exposed
714695883,0.002327984,0,0,4,Mono-product exposed
738062658,0.068957984,0,0,8,Mono-product exposed
709518858,0.0012781522,0,0,2,Mono-product exposed
819634233,0.9624945,1,1,9,Lower-risk active
711272058,0.0019981063,0,0,3,Mono-product exposed
716262708,0.0036521102,0,0,5,Mono-product exposed
708928008,0.0041367565,0,0,5,Mono-product exposed
765755283,0.0028991618,0,0,4,Mono-product exposed
711922158,0.49949387,0,1,9,Mono-product exposed
773177358,0.0014783477,0,0,3,Mono-product exposed
779638983,0.0015427867,0,0,3,Mono-product exposed
708723858,0.0036310307,0,0,5,Mono-product exposed
712184133,0.0015681053,0,0,3,Mono-product exposed
709948233,0.0021600793,0,0,4,Mono-product exposed
709415583,0.0019566594,0,0,3,Mono-product exposed
714005508,0.005813609,0,0,5,Mono-product exposed
712407033,0.08741944,0,0,8,Mono-product exposed
716333283,0.0023993796,0,0,4,Mono-product exposed
715534083,0.0019361473,0,0,3,Mono-product exposed
789492558,0.00060540804,0,0,1,Mono-product exposed
770929383,0.0008958354,0,0,2,Mono-product exposed
708890133,0.002766143,0,0,4,Mono-product exposed
788595183,0.00098293,0,0,2,Mono-product exposed
713167383,0.00083107507,0,0,2,Mono-product exposed
717704433,0.001724684,0,0,3,Mono-product exposed
718590183,0.016054317,0,0,7,Mono-product exposed
719019483,0.024976011,0,0,7,Mono-product exposed
710401458,0.004456327,0,0,5,Mono-product exposed
720783558,0.006111359,0,0,6,Mono-product exposed
772364358,0.0006033844,0,0,1,Mono-product exposed
719868183,0.99701476,1,1,10,Dormant high-risk
709388058,0.001079044,0,0,2,Mono-product exposed
717004533,0.00071275904,0,0,1,Mono-product exposed
714969183,0.000795024,0,0,1,Mono-product exposed
720837708,0.0031765564,0,0,4,Mono-product exposed
759947433,0.0024654134,0,0,4,Mono-product exposed
767404083,0.9985482,1,1,10,Dormant high-risk
781926633,0.002190465,0,0,4,Mono-product exposed
772127508,0.942146,1,1,9,Lower-risk active
720518283,0.004301342,0,0,5,Mono-product exposed
715380483,0.006978792,0,0,6,Mono-product exposed
789296133,0.023089722,0,0,7,Mono-product exposed
711029358,0.09191935,0,0,8,Mono-product exposed
712615008,0.08469873,0,0,8,Mono-product exposed
816826008,0.00042417983,0,0,1,Mono-product exposed
715488483,0.008554605,0,0,6,Mono-product exposed
717759783,0.064582,0,0,8,Mono-product exposed
796083783,0.9962937,1,1,10,Contacted but fragile
709925733,0.00075489614,0,0,1,Mono-product exposed
715309083,0.0039061867,0,0,5,Mono-product exposed
778441533,0.9286706,1,1,9,Lower-risk active
715891533,0.0011863908,0,0,2,Mono-product exposed
788848458,0.0176864,0,0,7,Mono-product exposed
708399858,0.0010015515,0,0,2,Mono-product exposed
711944733,0.0007822187,0,0,1,Mono-product exposed
712683633,0.9890176,1,1,10,Dormant high-risk
785487783,0.00023206911,0,0,1,Mono-product exposed
718951683,0.0015088675,0,0,3,Mono-product exposed
718329183,0.011253657,0,0,6,Mono-product exposed
788960658,0.0007511353,0,0,1,Mono-product exposed
713120433,0.0011780082,0,0,2,Mono-product exposed
720980958,0.003446744,0,0,4,Mono-product exposed
709606158,0.0055083465,0,0,5,Mono-product exposed
714168183,0.0019043111,0,0,3,Mono-product exposed
712524858,0.0019856724,0,0,3,Mono-product exposed
815072283,0.002435399,0,0,4,Mono-product exposed
715980258,0.003415016,0,0,4,Mono-product exposed
788715483,0.0013917933,0,0,3,Mono-product exposed
809276808,0.002315936,0,0,4,Mono-product exposed
708885558,0.99805164,1,1,10,Dormant high-risk
789373683,0.008685353,0,0,6,Mono-product exposed
714216858,0.0011541542,0,0,2,Mono-product exposed
719150658,0.99776566,1,1,10,Dormant high-risk
712302783,0.002865007,0,0,4,Mono-product exposed
799717458,0.00317238,0,0,4,Mono-product exposed
716354883,0.97902256,1,1,10,Dormant high-risk
719601708,0.053990375,0,0,8,Mono-product exposed
720150858,0.9180852,1,1,9,Lower-risk active
824915208,0.0005608492,0,0,1,Mono-product exposed
798777708,0.019591294,0,0,7,Mono-product exposed
805229133,0.027396327,0,0,7,Mono-product exposed
716365233,0.009670678,0,0,6,Mono-product exposed
796544133,0.0016512579,0,0,3,Mono-product exposed
778143183,0.6844241,1,1,9,Contacted but fragile
717011958,0.0007885901,0,0,1,Mono-product exposed
778264008,0.0008462265,0,0,2,Mono-product exposed
789507408,0.0019705289,0,0,3,Mono-product exposed
788842008,0.0038545656,0,0,5,Mono-product exposed
714742758,0.0013237668,0,0,2,Mono-product exposed
717742908,0.0021922386,0,0,4,Mono-product exposed
712874433,0.00024145783,0,0,1,Mono-product exposed
711092658,0.9815186,1,1,10,Contacted but fragile
720299283,0.0030513695,0,0,4,Mono-product exposed
719237058,0.00048670173,0,0,1,Mono-product exposed
719671383,0.010027563,0,0,6,Mono-product exposed
788290383,0.0014404256,0,0,3,Mono-product exposed
779701983,0.0020215097,0,0,3,Mono-product exposed
779247483,0.9858212,1,1,10,Contacted but fragile
767093133,0.0031511022,0,0,4,Mono-product exposed
717979008,0.0008559052,0,0,2,Mono-product exposed
712132383,0.002223718,0,0,4,Mono-product exposed
772306383,0.9955695,1,1,10,Dormant high-risk
714469008,0.0011638297,0,0,2,Mono-product exposed
812446158,0.35222715,0,1,9,Mono-product exposed
779401233,0.00060634786,0,0,1,Mono-product exposed
784994883,0.0030535897,0,0,4,Mono-product exposed
721080183,0.0055509144,0,0,5,Mono-product exposed
712572858,0.5183181,1,1,9,Contacted but fragile
719759733,0.9973124,1,1,10,Dormant high-risk
780371433,0.0008237659,0,0,1,Mono-product exposed
822170733,0.93546516,1,1,9,Dormant high-risk
708224133,0.0024443343,0,0,4,Mono-product exposed
719299533,0.9958021,1,1,10,Dormant high-risk
780633483,0.00053658953,0,0,1,Mono-product exposed
771356508,0.0014751309,0,0,3,Mono-product exposed
823629333,0.4382727,0,1,9,Mono-product exposed
712961658,0.00088545925,0,0,2,Mono-product exposed
710464683,0.0016896462,0,0,3,Mono-product exposed
716688183,0.98751175,1,1,10,Dormant high-risk
789082758,0.00086449494,0,0,2,Mono-product exposed
709140858,0.0010265054,0,0,2,Mono-product exposed
822127008,0.0013980278,0,0,3,Mono-product exposed
720496158,0.00026759147,0,0,1,Mono-product exposed
774588633,0.0027380434,0,0,4,Mono-product exposed
788465583,0.9316508,1,1,9,Dormant high-risk
741517458,0.9975211,1,1,10,Dormant high-risk
709935708,0.0005309914,0,0,1,Mono-product exposed
721112508,0.0041545685,0,0,5,Mono-product exposed
720734583,0.0032596134,0,0,4,Mono-product exposed
772286658,0.91396946,1,1,9,Dormant high-risk
807149058,0.00060514355,0,0,1,Mono-product exposed
771045708,0.9493764,1,1,9,Dormant high-risk
711733308,0.0007241722,0,0,1,Mono-product exposed
710518308,0.0049738353,0,0,5,Mono-product exposed
716586408,0.00080552,0,0,1,Mono-product exposed
713152383,0.0010122113,0,0,2,Mono-product exposed
771935283,0.00094820885,0,0,2,Mono-product exposed
720460083,0.999724,1,1,10,Contacted but fragile
825838908,0.0009897782,0,0,2,Mono-product exposed
709082808,0.00042985933,0,0,1,Mono-product exposed
710937783,0.04564057,0,0,8,Mono-product exposed
789540108,0.0009582033,0,0,2,Mono-product exposed
709824633,0.0038685254,0,0,5,Mono-product exposed
717874533,0.7391889,1,1,9,Lower-risk active
712571883,0.6452085,1,1,9,Dormant high-risk
716926758,0.00075110944,0,0,1,Mono-product exposed
716181858,0.018394824,0,0,7,Mono-product exposed
779613933,0.0006690609,0,0,1,Mono-product exposed
712136058,0.9973683,1,1,10,Dormant high-risk
709678608,0.014033496,0,0,7,Mono-product exposed
714276408,0.99710435,1,1,10,Dormant high-risk
719953383,0.0025043862,0,0,4,Mono-product exposed
718795083,0.0010481832,0,0,2,Mono-product exposed
720503508,0.008179852,0,0,6,Mono-product exposed
770762133,0.0011252643,0,0,2,Mono-product exposed
713555133,0.9973079,1,1,10,Dormant high-risk
711232608,0.9986002,1,1,10,Dormant high-risk
780322908,0.004089598,0,0,5,Mono-product exposed
708207783,0.0037225115,0,0,5,Mono-product exposed
719590458,0.9777035,1,1,10,Dormant high-risk
778679883,0.010976693,0,0,6,Mono-product exposed
780230208,0.000473219,0,0,1,Mono-product exposed
827703258,0.06403538,0,0,8,Mono-product exposed
807379833,0.9992448,1,1,10,Dormant high-risk
711178383,0.0071866806,0,0,6,Mono-product exposed
712203333,0.0010356628,0,0,2,Mono-product exposed
709261383,0.0014678639,0,0,3,Mono-product exposed
715829358,0.0021446592,0,0,3,Mono-product exposed
713213133,0.0012832988,0,0,2,Mono-product exposed
778860783,0.99350315,1,1,10,Contacted but fragile
779442783,0.001010232,0,0,2,Mono-product exposed
780008358,0.9951768,1,1,10,Dormant high-risk
721274208,0.979871,1,1,10,Dormant high-risk
714076683,0.8882773,1,1,9,Mono-product exposed
788791383,0.015925653,0,0,7,Mono-product exposed
709459608,0.018531628,0,0,7,Mono-product exposed
711560058,0.0046757716,0,0,5,Mono-product exposed
717657333,0.05104533,0,0,8,Mono-product exposed
812218908,0.98285794,1,1,10,Dormant high-risk
787482033,0.9988759,1,1,10,Dormant high-risk
779141658,0.0017813253,0,0,3,Mono-product exposed
813810333,0.80204844,1,1,9,Dormant high-risk
789613083,0.0070409924,0,0,6,Mono-product exposed
794540883,0.0010185087,0,0,2,Mono-product exposed
811889808,0.014445294,0,0,7,Lower-risk active
720509433,0.0018700244,0,0,3,Mono-product exposed
715091208,0.021989902,0,0,7,Mono-product exposed
719269308,0.018878553,0,0,7,Lower-risk active
718200333,0.0041915923,0,0,5,Lower-risk active
713487633,0.0015963515,0,0,3,Lower-risk active
789363408,0.011042314,0,0,6,Lower-risk active
713916708,0.0014470574,0,0,3,Lower-risk active
823833483,0.03823779,0,0,7,Lower-risk active
717756258,0.02986934,0,0,7,Lower-risk active
712879158,0.62340856,1,1,9,Contacted but fragile
709474683,0.0065275687,0,0,6,Lower-risk active
772313358,0.016245263,0,0,7,Lower-risk active
711856683,0.035468873,0,0,7,Mono-product exposed
718530258,0.0020613894,0,0,3,Lower-risk active
716288208,0.23783503,0,0,8,Mono-product exposed
718712583,0.09156033,0,0,8,Lower-risk active
806432433,0.0019730155,0,0,3,Mono-product exposed
720074583,0.025689157,0,0,7,Mono-product exposed
768848658,0.18190996,0,0,8,Mono-product exposed
709895508,0.0016031876,0,0,3,Mono-product exposed
711542358,0.007638063,0,0,6,Mono-product exposed
718773333,0.05558156,0,0,8,Lower-risk active
816832383,0.08618853,0,0,8,Lower-risk active
714042108,0.011019696,0,0,6,Lower-risk active
714664683,0.04653861,0,0,8,Lower-risk active
713894358,0.0036525612,0,0,5,Mono-product exposed
715436883,0.0077253813,0,0,6,Mono-product exposed
715260558,0.69910544,1,1,9,Lower-risk active
713664258,0.0077923248,0,0,6,Mono-product exposed
713364783,0.0071954126,0,0,6,Lower-risk active
718078008,0.15366201,0,0,8,Lower-risk active
798546408,0.0021488646,0,0,3,Mono-product exposed
779018508,0.00093410385,0,0,2,Mono-product exposed
802668333,0.9391791,1,1,9,Dormant high-risk
718320933,0.0034576154,0,0,4,Mono-product exposed
789016983,0.22275317,0,0,8,Mono-product exposed
713907633,0.00508292,0,0,5,Mono-product exposed
708474333,0.03425265,0,0,7,Lower-risk active
778894233,0.59530276,1,1,9,Contacted but fragile
717244683,0.0073824846,0,0,6,Lower-risk active
711410958,0.71728873,1,1,9,Contacted but fragile
799711833,0.0006254036,0,0,1,Mono-product exposed
714047733,0.012813093,0,0,6,Mono-product exposed
710061783,0.7212565,1,1,9,Contacted but fragile
711082908,0.0048939907,0,0,5,Lower-risk active
721190358,0.030898975,0,0,7,Mono-product exposed
712760208,0.0010967014,0,0,2,Lower-risk active
751563933,0.0053303572,0,0,5,Lower-risk active
815498733,0.020834051,0,0,7,Lower-risk active
718433508,0.005344774,0,0,5,Mono-product exposed
720935658,0.010781145,0,0,6,Mono-product exposed
714754533,0.027557526,0,0,7,Lower-risk active
714713508,0.018575164,0,0,7,Lower-risk active
715038033,0.24199344,0,0,8,Lower-risk active
809169858,0.0014575856,0,0,3,Mono-product exposed
718379358,0.048303857,0,0,8,Lower-risk active
779456508,0.0051976163,0,0,5,Mono-product exposed
708907833,0.35592437,0,1,9,Mono-product exposed
708693558,0.00092127343,0,0,2,Lower-risk active
718665933,0.010884494,0,0,6,Lower-risk active
816073983,0.0070520653,0,0,6,Mono-product exposed
715851333,0.0010064044,0,0,2,Mono-product exposed
712884408,0.0005063499,0,0,1,Lower-risk active
715404783,0.001693588,0,0,3,Lower-risk active
773356008,0.049393266,0,0,8,Mono-product exposed
789525408,0.010756102,0,0,6,Lower-risk active
721212258,0.06413626,0,0,8,Mono-product exposed
719625933,0.0014151764,0,0,3,Mono-product exposed
714304458,0.6093988,1,1,9,Mono-product exposed
819975183,0.10577075,0,0,8,Mono-product exposed
785515533,0.0042200983,0,0,5,Lower-risk active
720712533,0.008167358,0,0,6,Mono-product exposed
709861008,0.02241078,0,0,7,Lower-risk active
713911233,0.017670857,0,0,7,Lower-risk active
712580958,0.00039092833,0,0,1,Mono-product exposed
719473458,0.009491172,0,0,6,Lower-risk active
711764733,0.48399398,0,1,9,Lower-risk active
794124708,0.3756984,0,1,9,Mono-product exposed
780707733,0.010081408,0,0,6,Lower-risk active
780620883,0.00055193756,0,0,1,Mono-product exposed
720849708,0.02560781,0,0,7,Lower-risk active
789312033,0.9853849,1,1,10,Dormant high-risk
778742358,0.6220355,1,1,9,Mono-product exposed
719658858,0.21103856,0,0,8,Lower-risk active
713425383,0.97939324,1,1,10,Dormant high-risk
770842833,0.98234415,1,1,10,Dormant high-risk
712029783,0.0023455995,0,0,4,Mono-product exposed
718893333,0.016888617,0,0,7,Lower-risk active
711203658,0.0049028927,0,0,5,Lower-risk active
718567758,0.00092970557,0,0,2,Lower-risk active
771719283,0.0032034074,0,0,4,Mono-product exposed
717926358,0.29290944,0,1,9,Lower-risk active
779751258,0.008099042,0,0,6,Mono-product exposed
774491958,0.1347832,0,0,8,Mono-product exposed
713428833,0.005776822,0,0,5,Mono-product exposed
714166833,0.4329328,0,1,9,Lower-risk active
809464608,0.99541676,1,1,10,Dormant high-risk
789681708,0.037251577,0,0,7,Lower-risk active
713102733,0.0015679874,0,0,3,Mono-product exposed
715195383,0.0006762726,0,0,1,Lower-risk active
812408058,0.001572412,0,0,3,Mono-product exposed
787226508,0.02911757,0,0,7,Mono-product exposed
713537733,0.0013209198,0,0,2,Mono-product exposed
715170183,0.007791455,0,0,6,Mono-product exposed
717109983,0.011777205,0,0,6,Lower-risk active
713208033,0.26523596,0,0,9,Mono-product exposed
712788258,0.026519038,0,0,7,Mono-product exposed
758382183,0.02111723,0,0,7,Mono-product exposed
715469583,0.0012620018,0,0,2,Lower-risk active
709235058,0.008510353,0,0,6,Lower-risk active
714786483,0.02784794,0,0,7,Mono-product exposed
713299758,0.016646039,0,0,7,Lower-risk active
771912408,0.0011179546,0,0,2,Lower-risk active
721445658,0.019006448,0,0,7,Lower-risk active
719787633,0.0018009577,0,0,3,Lower-risk active
713697933,0.10072778,0,0,8,Lower-risk active
712208658,0.0006034833,0,0,1,Mono-product exposed
708219108,0.1218199,0,0,8,Mono-product exposed
709065483,0.029378526,0,0,7,Mono-product exposed
715237683,0.0071019637,0,0,6,Mono-product exposed
712925808,0.96543336,1,1,9,Dormant high-risk
788931558,0.009097147,0,0,6,Mono-product exposed
717521508,0.0028613121,0,0,4,Mono-product exposed
713688933,0.3170586,0,1,9,Mono-product exposed
712405908,0.09487005,0,0,8,Mono-product exposed
789298833,0.007705037,0,0,6,Mono-product exposed
715729683,0.21871935,0,0,8,Mono-product exposed
717682233,0.022981664,0,0,7,Mono-product exposed
712266633,0.008615148,0,0,6,Mono-product exposed
719272458,0.005189851,0,0,5,Mono-product exposed
780769308,0.02781967,0,0,7,Mono-product exposed
721468533,0.035791054,0,0,7,Mono-product exposed
816615633,0.0034459925,0,0,4,Mono-product exposed
720167508,0.27467847,0,0,9,Mono-product exposed
711152658,0.008684115,0,0,6,Mono-product exposed
771772083,0.21455455,0,0,8,Mono-product exposed
708419733,0.9904975,1,1,10,Dormant high-risk
709372608,0.0011060638,0,0,2,Mono-product exposed
788907033,0.12846914,0,0,8,Mono-product exposed
711136008,0.0006153182,0,0,1,Mono-product exposed
716691783,0.07263708,0,0,8,Mono-product exposed
812618883,0.00073744013,0,0,1,Mono-product exposed
715908558,0.0015212015,0,0,3,Mono-product exposed
718024908,0.00070877624,0,0,1,Mono-product exposed
709558608,0.04778012,0,0,8,Mono-product exposed
824177733,0.0057191434,0,0,5,Mono-product exposed
719784708,0.003173559,0,0,4,Mono-product exposed
717535083,0.010338578,0,0,6,Mono-product exposed
712453308,0.027413437,0,0,7,Mono-product exposed
721008933,0.0037289008,0,0,5,Mono-product exposed
720859533,0.0010452688,0,0,2,Mono-product exposed
789556533,0.1432459,0,0,8,Mono-product exposed
717656433,0.009904047,0,0,6,Mono-product exposed
792524358,0.0023789532,0,0,4,Mono-product exposed
758211483,0.28115195,0,0,9,Mono-product exposed
801380808,0.9836511,1,1,10,Mono-product exposed
716329383,0.27358663,0,0,9,Lower-risk active
716871633,0.0024536208,0,0,4,Mono-product exposed
718491708,0.0066770227,0,0,6,Mono-product exposed
787502883,0.0014901217,0,0,3,Mono-product exposed
715183308,0.0008865657,0,0,2,Mono-product exposed
713872833,0.01709005,0,0,7,Mono-product exposed
708535158,0.023649756,0,0,7,Mono-product exposed
711658758,0.023185367,0,0,7,Lower-risk active
717248583,0.04423959,0,0,8,Lower-risk active
713087958,0.022367794,0,0,7,Lower-risk active
721495458,0.0023474882,0,0,4,Mono-product exposed
786097158,0.009754046,0,0,6,Mono-product exposed
712219083,0.027149735,0,0,7,Mono-product exposed
715327683,0.9973623,1,1,10,Dormant high-risk
715624533,0.0014454762,0,0,3,Mono-product exposed
715599633,0.08830108,0,0,8,Mono-product exposed
718958583,0.4519822,0,1,9,Lower-risk active
717397983,0.002205412,0,0,4,Mono-product exposed
715037133,0.0114132855,0,0,6,Mono-product exposed
818767458,0.0011364374,0,0,2,Mono-product exposed
778863258,0.9861296,1,1,10,Contacted but fragile
712075083,0.96109587,1,1,9,Dormant high-risk
711963183,0.011355321,0,0,6,Mono-product exposed
720903258,0.99749017,1,1,10,Mono-product exposed
772404633,0.13453342,0,0,8,Mono-product exposed
713302758,0.007609736,0,0,6,Mono-product exposed
717859233,0.43002325,0,1,9,Mono-product exposed
712955433,0.0044156397,0,0,5,Mono-product exposed
718292283,0.18944398,0,0,8,Mono-product exposed
713197308,0.3591191,0,1,9,Mono-product exposed
789175683,0.85411155,1,1,9,Dormant high-risk
811700058,0.97987384,1,1,10,Dormant high-risk
818476383,0.09639853,0,0,8,Mono-product exposed
720164358,0.98342794,1,1,10,Dormant high-risk
710357208,0.16207062,0,0,8,Mono-product exposed
711325308,0.8758366,1,1,9,Dormant high-risk
721486908,0.117964014,0,0,8,Mono-product exposed
711210633,0.06437021,0,0,8,Mono-product exposed
712570458,0.594747,1,1,9,Contacted but fragile
712058133,0.18801413,0,0,8,Mono-product exposed
708153558,0.004054921,0,0,5,Mono-product exposed
709893858,0.6146705,1,1,9,Lower-risk active
709225758,0.02805481,0,0,7,Mono-product exposed
709984083,0.0061395587,0,0,6,Mono-product exposed
711854808,0.97720975,1,1,10,Mono-product exposed
822125283,0.085029624,0,0,8,Mono-product exposed
717340608,0.00035752237,0,0,1,Mono-product exposed
711084183,0.16309935,0,0,8,Mono-product exposed
720891633,0.8460805,1,1,9,Lower-risk active
719607183,0.001023922,0,0,2,Mono-product exposed
715839708,0.03728737,0,0,7,Mono-product exposed
717008358,0.086128354,0,0,8,Mono-product exposed
769152783,0.98815745,1,1,10,Dormant high-risk
788240358,0.042359397,0,0,8,Mono-product exposed
716098683,0.0012499897,0,0,2,Mono-product exposed
802675983,0.03296337,0,0,7,Mono-product exposed
712716108,0.0057950187,0,0,5,Mono-product exposed
709238358,0.037437536,0,0,7,Mono-product exposed
708682908,0.15100285,0,0,8,Mono-product exposed
812794983,0.014888184,0,0,7,Mono-product exposed
708968733,0.2767452,0,0,9,Mono-product exposed
779315508,0.9682216,1,1,9,Mono-product exposed
740065833,0.0039064633,0,0,5,Mono-product exposed
721063533,0.1004195,0,0,8,Mono-product exposed
718189908,0.024868976,0,0,7,Mono-product exposed
780064983,0.022517143,0,0,7,Mono-product exposed
770920908,0.0366296,0,0,7,Mono-product exposed
718046433,0.023407035,0,0,7,Mono-product exposed
711842508,0.17704916,0,0,8,Mono-product exposed
772869033,0.006114972,0,0,6,Mono-product exposed
715298808,0.00609649,0,0,6,Mono-product exposed
708877458,0.025164468,0,0,7,Mono-product exposed
787496733,0.08188409,0,0,8,Mono-product exposed
789469083,0.34782156,0,1,9,Mono-product exposed
709497108,0.00016569764,0,0,1,Mono-product exposed
784819758,0.001099141,0,0,2,Mono-product exposed
720412308,0.061439067,0,0,8,Mono-product exposed
719178183,0.10415061,0,0,8,Mono-product exposed
789560433,0.9974017,1,1,10,Dormant high-risk
712931733,0.0053830254,0,0,5,Mono-product exposed
714417183,0.00155727,0,0,3,Mono-product exposed
771097683,0.9902242,1,1,10,Mono-product exposed
713824983,0.00019940945,0,0,1,Mono-product exposed
715360458,0.013126707,0,0,7,Mono-product exposed
711736083,0.99205106,1,1,10,Dormant high-risk
714821433,0.056624934,0,0,8,Mono-product exposed
779263533,0.11223621,0,0,8,Mono-product exposed
773988708,0.024543377,0,0,7,Mono-product exposed
719623083,0.13227803,0,0,8,Mono-product exposed
718304583,0.9794719,1,1,10,Dormant high-risk
720198183,0.024660984,0,0,7,Mono-product exposed
780545133,0.0017789402,0,0,3,Mono-product exposed
711128433,0.003863648,0,0,5,Mono-product exposed
789960783,0.037204493,0,0,7,Mono-product exposed
709556208,0.00039861395,0,0,1,Mono-product exposed
712053033,0.07693596,0,0,8,Mono-product exposed
794482158,0.26052043,0,0,9,Mono-product exposed
780450708,0.99681157,1,1,10,Dormant high-risk
710016708,0.006213479,0,0,6,Mono-product exposed
709434408,0.0007117077,0,0,1,Mono-product exposed
778716783,0.0008616097,0,0,2,Mono-product exposed
712447758,0.084162965,0,0,8,Mono-product exposed
779435883,0.25088292,0,0,8,Mono-product exposed
719918358,0.018108817,0,0,7,Mono-product exposed
720474408,0.033688735,0,0,7,Mono-product exposed
719401158,0.012850506,0,0,7,Mono-product exposed
778430733,0.01583326,0,0,7,Mono-product exposed
717583908,0.03763354,0,0,7,Mono-product exposed
823519458,0.00077196566,0,0,1,Mono-product exposed
712381683,0.16846868,0,0,8,Mono-product exposed
716045508,0.03982064,0,0,7,Mono-product exposed
820936533,0.020124462,0,0,7,Mono-product exposed
721227258,0.060215455,0,0,8,Mono-product exposed
771304383,0.17764843,0,0,8,Mono-product exposed
717600483,0.050712757,0,0,8,Mono-product exposed
778865583,0.0035358593,0,0,5,Mono-product exposed
709871658,0.043874882,0,0,8,Mono-product exposed
818280108,0.0017637543,0,0,3,Mono-product exposed
716350008,0.0027927242,0,0,4,Mono-product exposed
778172583,0.024486003,0,0,7,Mono-product exposed
719121708,0.00406638,0,0,5,Mono-product exposed
714342033,0.9958579,1,1,10,Dormant high-risk
788811558,0.3426863,0,1,9,Mono-product exposed
788943333,0.95032424,1,1,9,Lower-risk active
719258433,0.0008322654,0,0,2,Mono-product exposed
717895833,0.0014011994,0,0,3,Mono-product exposed
711550983,0.00085573556,0,0,2,Mono-product exposed
714077583,0.91523916,1,1,9,Dormant high-risk
720939933,0.98305374,1,1,10,Dormant high-risk
716725008,0.0012974964,0,0,2,Mono-product exposed
788824083,0.04935713,0,0,8,Mono-product exposed
716335983,0.06657533,0,0,8,Mono-product exposed
719157933,0.016969815,0,0,7,Mono-product exposed
716704158,0.08688145,0,0,8,Mono-product exposed
716258358,0.0052011553,0,0,5,Mono-product exposed
827904183,0.07365739,0,0,8,Mono-product exposed
820394733,0.00776563,0,0,6,Mono-product exposed
716574033,0.0061289156,0,0,6,Mono-product exposed
736786908,0.032928023,0,0,7,Mono-product exposed
774099708,0.04071617,0,0,7,Mono-product exposed
714282333,0.0026182912,0,0,4,Mono-product exposed
717471933,0.014482126,0,0,7,Mono-product exposed
818316108,0.045328185,0,0,8,Mono-product exposed
709838508,0.0006323035,0,0,1,Mono-product exposed
716212383,0.93264675,1,1,9,Dormant high-risk
757667133,0.996236,1,1,10,Mono-product exposed
794571108,0.8219025,1,1,9,Contacted but fragile
711370458,0.016610945,0,0,7,Mono-product exposed
788528958,0.5586067,1,1,9,Contacted but fragile
716745408,0.081983395,0,0,8,Mono-product exposed
771752508,0.27813452,0,0,9,Mono-product exposed
788916933,0.060688335,0,0,8,Mono-product exposed
714938733,0.98821974,1,1,10,Lower-risk active
761818758,0.0026666094,0,0,4,Mono-product exposed
714422058,0.022792002,0,0,7,Mono-product exposed
712191783,0.0005405709,0,0,1,Mono-product exposed
716319258,0.013609079,0,0,7,Mono-product exposed
719813058,0.0043800715,0,0,5,Mono-product exposed
712351908,0.2803466,0,0,9,Mono-product exposed
716742483,0.0020721524,0,0,3,Mono-product exposed
708160008,0.034486763,0,0,7,Mono-product exposed
709269708,0.001406053,0,0,3,Mono-product exposed
779098308,0.005347353,0,0,5,Mono-product exposed
717257658,0.026813617,0,0,7,Mono-product exposed
775112958,0.94977516,1,1,9,Dormant high-risk
788812608,0.15709169,0,0,8,Mono-product exposed
711002058,0.0029721486,0,0,4,Mono-product exposed
716199408,0.99381703,1,1,10,Dormant high-risk
718100808,0.0011836485,0,0,2,Mono-product exposed
790051758,0.9845916,1,1,10,Mono-product exposed
772430733,0.0012432354,0,0,2,Mono-product exposed
713460258,0.054417334,0,0,8,Mono-product exposed
820036533,0.0054243575,0,0,5,Mono-product exposed
719785683,0.0024672106,0,0,4,Mono-product exposed
711830433,0.01523707,0,0,7,Mono-product exposed
807393558,0.9689943,1,1,9,Dormant high-risk
718306308,0.05938419,0,0,8,Mono-product exposed
772725408,0.053302687,0,0,8,Mono-product exposed
711183558,0.0009235937,0,0,2,Mono-product exposed
720317658,0.03256807,0,0,7,Mono-product exposed
710596983,0.015184013,0,0,7,Mono-product exposed
716986458,0.0010740447,0,0,2,Mono-product exposed
717382608,0.1819196,0,0,8,Mono-product exposed
825767658,0.16901161,0,0,8,Mono-product exposed
717513933,0.045294285,0,0,8,Mono-product exposed
789186858,0.0027043996,0,0,4,Mono-product exposed
717658758,0.01064719,0,0,6,Mono-product exposed
715575258,0.0019070922,0,0,3,Mono-product exposed
714975633,0.0035277975,0,0,5,Mono-product exposed
715396983,0.0012056258,0,0,2,Mono-product exposed
712624383,0.0005360316,0,0,1,Mono-product exposed
721335558,0.0013355,0,0,2,Mono-product exposed
711167808,0.9505784,1,1,9,Dormant high-risk
713761608,0.051978134,0,0,8,Mono-product exposed
713367858,0.044917054,0,0,8,Mono-product exposed
710489583,0.0006046336,0,0,1,Mono-product exposed
720422358,0.0012888316,0,0,2,Mono-product exposed
772098858,0.013912057,0,0,7,Mono-product exposed
789304983,0.0011886593,0,0,2,Mono-product exposed
779257233,0.003720003,0,0,5,Mono-product exposed
717579258,0.9862299,1,1,10,Dormant high-risk
709418508,0.0011476978,0,0,2,Mono-product exposed
778439883,0.0018083664,0,0,3,Mono-product exposed
716063583,0.3849237,0,1,9,Mono-product exposed
716609433,0.9546738,1,1,9,Dormant high-risk
721053633,0.0012028265,0,0,2,Mono-product exposed
711559008,0.0045652296,0,0,5,Mono-product exposed
718698558,0.0020053622,0,0,3,Mono-product exposed
770190258,0.004754092,0,0,5,Mono-product exposed
709008708,0.0051188553,0,0,5,Mono-product exposed
823922208,0.0005712316,0,0,1,Mono-product exposed
718457058,0.054471035,0,0,8,Mono-product exposed
708472008,0.0019605667,0,0,3,Mono-product exposed
710395233,0.006175158,0,0,6,Mono-product exposed
716732958,0.013596768,0,0,7,Mono-product exposed
780108408,0.02645704,0,0,7,Mono-product exposed
720962208,0.980589,1,1,10,Mono-product exposed
714019083,0.0014471427,0,0,3,Mono-product exposed
721225083,0.0071047517,0,0,6,Mono-product exposed
819109308,0.011659955,0,0,6,Mono-product exposed
721029858,0.0003498581,0,0,1,Mono-product exposed
716762733,0.0006123906,0,0,1,Mono-product exposed
710260983,0.009645156,0,0,6,Mono-product exposed
793608258,0.9970686,1,1,10,Dormant high-risk
719677758,0.06473806,0,0,8,Mono-product exposed
771411408,0.9975394,1,1,10,Dormant high-risk
794191008,0.012282325,0,0,6,Mono-product exposed
708905733,0.0009385716,0,0,2,Mono-product exposed
788327358,0.001470378,0,0,3,Mono-product exposed
751974258,0.013243973,0,0,7,Mono-product exposed
805516608,0.036563832,0,0,7,Mono-product exposed
720006333,0.78300893,1,1,9,Dormant high-risk
780114558,0.0025263522,0,0,4,Mono-product exposed
713090658,0.00089179655,0,0,2,Mono-product exposed
718889508,0.0043268506,0,0,5,Mono-product exposed
824799108,0.0048572216,0,0,5,Mono-product exposed
788618208,0.53962845,1,1,9,Contacted but fragile
713133258,0.24958102,0,0,8,Mono-product exposed
717370533,0.0034509022,0,0,4,Mono-product exposed
720425508,0.017048074,0,0,7,Mono-product exposed
712948383,0.007394683,0,0,6,Mono-product exposed
712839633,0.0015618912,0,0,3,Mono-product exposed
820330008,0.001002416,0,0,2,Mono-product exposed
826150608,0.00043957992,0,0,1,Mono-product exposed
779187783,0.31916285,0,1,9,Mono-product exposed
720809358,0.001123612,0,0,2,Mono-product exposed
714054408,0.56142336,1,1,9,Contacted but fragile
789827208,0.0023735838,0,0,4,Mono-product exposed
718308558,0.0010670089,0,0,2,Mono-product exposed
801064833,0.0005829261,0,0,1,Mono-product exposed
719838558,0.0004080128,0,0,1,Mono-product exposed
714510483,0.068117514,0,0,8,Mono-product exposed
718246458,0.00056541123,0,0,1,Mono-product exposed
710822808,0.0071092844,0,0,6,Mono-product exposed
791730183,0.99745494,1,1,10,Contacted but fragile
709722858,0.040458877,0,0,7,Mono-product exposed
712582983,0.8390997,1,1,9,Dormant high-risk
714999483,0.001617801,0,0,3,Mono-product exposed
711388458,0.0025525677,0,0,4,Mono-product exposed
796174983,0.0030117491,0,0,4,Mono-product exposed
712918083,0.0058491956,0,0,6,Mono-product exposed
715459158,0.0026937337,0,0,4,Mono-product exposed
712687083,0.10551262,0,0,8,Mono-product exposed
713003358,0.9984774,1,1,10,Mono-product exposed
812443458,0.031912573,0,0,7,Mono-product exposed
712984983,0.0016920302,0,0,3,Mono-product exposed
708826158,0.0017785947,0,0,3,Mono-product exposed
788725608,0.0016965807,0,0,3,Mono-product exposed
717559533,0.0014458245,0,0,3,Mono-product exposed
720443358,0.008246773,0,0,6,Mono-product exposed
806694333,0.05895235,0,0,8,Mono-product exposed
709770408,0.001367596,0,0,2,Mono-product exposed
718259433,0.99334055,1,1,10,Dormant high-risk
770705208,0.008972199,0,0,6,Mono-product exposed
720655833,0.9867306,1,1,10,Dormant high-risk
797898858,0.0037048317,0,0,5,Mono-product exposed
779548008,0.418228,0,1,9,Mono-product exposed
718388733,0.004208582,0,0,5,Mono-product exposed
711742758,0.8652157,1,1,9,Dormant high-risk
757863258,0.024142867,0,0,7,Mono-product exposed
711947358,0.036027983,0,0,7,Mono-product exposed
712157958,0.9985567,1,1,10,Dormant high-risk
814760358,0.013296383,0,0,7,Mono-product exposed
710192283,0.0022213326,0,0,4,Mono-product exposed
718977483,0.0012800357,0,0,2,Mono-product exposed
712129158,0.001416164,0,0,3,Mono-product exposed
714880533,0.0025843594,0,0,4,Mono-product exposed
808287408,0.0007985808,0,0,1,Mono-product exposed
709619433,0.0018038015,0,0,3,Mono-product exposed
708881583,0.0039003785,0,0,5,Mono-product exposed
711332883,0.8350103,1,1,9,Dormant high-risk
717696333,0.9906211,1,1,10,Dormant high-risk
820587258,0.13352886,0,0,8,Mono-product exposed
768733533,0.03545747,0,0,7,Mono-product exposed
779779083,0.0056779785,0,0,5,Mono-product exposed
720735408,0.0016761242,0,0,3,Mono-product exposed
819160158,0.22372332,0,0,8,Mono-product exposed
804601833,0.015752539,0,0,7,Mono-product exposed
714823308,0.002294904,0,0,4,Mono-product exposed
711577458,0.0011829709,0,0,2,Mono-product exposed
787539333,0.09489685,0,0,8,Mono-product exposed
716806383,0.0005946508,0,0,1,Mono-product exposed
812230308,0.0017596058,0,0,3,Mono-product exposed
778420383,0.004055761,0,0,5,Mono-product exposed
774012933,0.0019930322,0,0,3,Mono-product exposed
718756533,0.00083298574,0,0,2,Mono-product exposed
812224983,0.001354646,0,0,2,Mono-product exposed
714284358,0.0036762466,0,0,5,Mono-product exposed
709530408,0.0020751562,0,0,3,Mono-product exposed
750690258,0.0010943136,0,0,2,Mono-product exposed
716283108,0.012959421,0,0,7,Mono-product exposed
718353633,0.96684474,1,1,9,Dormant high-risk
718528833,0.0015694952,0,0,3,Mono-product exposed
718006608,0.004130744,0,0,5,Mono-product exposed
710569233,0.00050461607,0,0,1,Mono-product exposed
718694658,0.0019392374,0,0,3,Mono-product exposed
779293308,0.0014150896,0,0,3,Mono-product exposed
718276758,0.0011044771,0,0,2,Mono-product exposed
712654233,0.019148676,0,0,7,Mono-product exposed
719296383,0.02417935,0,0,7,Mono-product exposed
808279158,0.0022667989,0,0,4,Mono-product exposed
780497958,0.0010396136,0,0,2,Mono-product exposed
715519983,0.0037369786,0,0,5,Mono-product exposed
708568983,0.00095060456,0,0,2,Mono-product exposed
823648983,0.00168699,0,0,3,Mono-product exposed
789412458,0.97782797,1,1,10,Dormant high-risk
716837508,0.007895614,0,0,6,Mono-product exposed
711249858,0.9942368,1,1,10,Dormant high-risk
712009083,0.0033807824,0,0,4,Mono-product exposed
720522633,0.00073751115,0,0,1,Mono-product exposed
713071383,0.0025547359,0,0,4,Mono-product exposed
712938258,0.0029771095,0,0,4,Mono-product exposed
719071158,0.9464853,1,1,9,Mono-product exposed
709046958,0.00067497353,0,0,1,Mono-product exposed
708748833,0.0032708878,0,0,4,Mono-product exposed
711364233,0.0006646389,0,0,1,Mono-product exposed
712645908,0.00092247326,0,0,2,Mono-product exposed
708428958,0.014290327,0,0,7,Mono-product exposed
719714658,0.9730242,1,1,9,Dormant high-risk
720874983,0.015613001,0,0,7,Mono-product exposed
719180958,0.019887522,0,0,7,Mono-product exposed
710360583,0.00035081597,0,0,1,Mono-product exposed
823848183,0.005964562,0,0,6,Mono-product exposed
783121008,0.002035251,0,0,3,Mono-product exposed
789529158,0.029876769,0,0,7,Mono-product exposed
708500883,0.0080502285,0,0,6,Mono-product exposed
811965558,0.07218372,0,0,8,Mono-product exposed
714383583,0.030314181,0,0,7,Lower-risk active
809425533,0.0027775615,0,0,4,Lower-risk active
716858433,0.9296377,1,1,9,Dormant high-risk
812534958,0.0022990087,0,0,4,Mono-product exposed
714052158,0.847688,1,1,9,Dormant high-risk
780200208,0.0012476238,0,0,2,Mono-product exposed
711458583,0.0005278511,0,0,1,Mono-product exposed
826451433,0.0010092503,0,0,2,Mono-product exposed
719740983,0.0015859093,0,0,3,Mono-product exposed
709019283,0.0014790059,0,0,3,Mono-product exposed
710213508,0.028602181,0,0,7,Mono-product exposed
710814633,0.016201435,0,0,7,Mono-product exposed
775267158,0.00074571586,0,0,1,Mono-product exposed
712268808,0.004169805,0,0,5,Mono-product exposed
720178158,0.98894125,1,1,10,Dormant high-risk
779805408,0.002697704,0,0,4,Mono-product exposed
710958933,0.884368,1,1,9,Dormant high-risk
720698883,0.9846224,1,1,10,Dormant high-risk
780384483,0.8825704,1,1,9,Mono-product exposed
714190983,0.97548485,1,1,9,Dormant high-risk
713808633,0.008928397,0,0,6,Mono-product exposed
710295858,0.005870582,0,0,6,Mono-product exposed
713209308,0.0027119801,0,0,4,Mono-product exposed
788709408,0.007607137,0,0,6,Mono-product exposed
717757608,0.0012435758,0,0,2,Mono-product exposed
715300683,0.00663572,0,0,6,Mono-product exposed
711436983,0.003231566,0,0,4,Mono-product exposed
789582483,0.0018248371,0,0,3,Mono-product exposed
790168083,0.003347277,0,0,4,Mono-product exposed
742865883,0.93424,1,1,9,Dormant high-risk
770848308,0.0016641389,0,0,3,Mono-product exposed
713486583,0.0015522963,0,0,3,Mono-product exposed
708697983,0.3072996,0,1,9,Mono-product exposed
823539558,0.007538043,0,0,6,Mono-product exposed
711339258,0.097142495,0,0,8,Mono-product exposed
781171908,0.0064892718,0,0,6,Mono-product exposed
815582358,0.00058332965,0,0,1,Mono-product exposed
755212608,0.80572194,1,1,9,Dormant high-risk
716486508,0.8225408,1,1,9,Lower-risk active
771674958,0.0017761817,0,0,3,Mono-product exposed
787909158,0.003881317,0,0,5,Mono-product exposed
717140733,0.3031314,0,1,9,Mono-product exposed
799468083,0.0068566827,0,0,6,Mono-product exposed
718993533,0.0005939784,0,0,1,Mono-product exposed
713870958,0.05403574,0,0,8,Mono-product exposed
709171308,0.005402092,0,0,5,Mono-product exposed
798553158,0.9644636,1,1,9,Mono-product exposed
720819858,0.0048722355,0,0,5,Mono-product exposed
815078433,0.0015263467,0,0,3,Mono-product exposed
710924658,0.0014148079,0,0,3,Mono-product exposed
709883883,0.0011050076,0,0,2,Mono-product exposed
718650258,0.007196847,0,0,6,Mono-product exposed
711613308,0.9951715,1,1,10,Mono-product exposed
718558758,0.9320109,1,1,9,Mono-product exposed
718504233,0.8697993,1,1,9,Contacted but fragile
709108533,0.025482075,0,0,7,Mono-product exposed
713236458,0.004449148,0,0,5,Mono-product exposed
714352533,0.0015960725,0,0,3,Mono-product exposed
717353433,0.003389814,0,0,4,Mono-product exposed
813804783,0.77345604,1,1,9,Dormant high-risk
771062733,0.0021291047,0,0,3,Mono-product exposed
715649358,0.95414954,1,1,9,Mono-product exposed
713552958,0.0034294,0,0,4,Mono-product exposed
715209333,0.00076791306,0,0,1,Mono-product exposed
769935783,0.016789377,0,0,7,Mono-product exposed
815613033,0.0038762765,0,0,5,Mono-product exposed
718732833,0.919792,1,1,9,Lower-risk active
816328308,0.014990276,0,0,7,Mono-product exposed
711814608,0.0016488401,0,0,3,Mono-product exposed
803216433,0.92040986,1,1,9,Dormant high-risk
710694033,0.002731885,0,0,4,Mono-product exposed
709257708,0.0013093568,0,0,2,Mono-product exposed
720174033,0.0026727403,0,0,4,Mono-product exposed
820666083,0.9618677,1,1,9,Dormant high-risk
712044558,0.680757,1,1,9,Contacted but fragile
713131158,0.99635637,1,1,10,Dormant high-risk
803335008,0.0065047843,0,0,6,Mono-product exposed
795869583,0.008790536,0,0,6,Mono-product exposed
789535233,0.00842988,0,0,6,Mono-product exposed
716441058,0.003564712,0,0,5,Mono-product exposed
718113633,0.9978782,1,1,10,Contacted but fragile
708908883,0.0042549223,0,0,5,Mono-product exposed
712152408,0.0029944056,0,0,4,Mono-product exposed
708229308,0.88761306,1,1,9,Lower-risk active
715351983,0.0010436982,0,0,2,Mono-product exposed
798451908,0.03766105,0,0,7,Mono-product exposed
794962983,0.003271998,0,0,4,Mono-product exposed
721000833,0.0056433934,0,0,5,Mono-product exposed
720086358,0.0015522992,0,0,3,Mono-product exposed
710064033,0.99651706,1,1,10,Contacted but fragile
780588258,0.0018628582,0,0,3,Mono-product exposed
710833908,0.0031679089,0,0,4,Mono-product exposed
714449283,0.0018732338,0,0,3,Mono-product exposed
772339383,0.0038101622,0,0,5,Mono-product exposed
721382208,0.0016310294,0,0,3,Mono-product exposed
779349783,0.001111673,0,0,2,Mono-product exposed
789450408,0.021171289,0,0,7,Mono-product exposed
709210833,0.0018796229,0,0,3,Mono-product exposed
821752908,0.0016296044,0,0,3,Mono-product exposed
789878283,0.0039760824,0,0,5,Mono-product exposed
709319658,0.9785967,1,1,10,Dormant high-risk
719222133,0.0033203126,0,0,4,Mono-product exposed
715551783,0.0007560664,0,0,1,Mono-product exposed
712718958,0.0011501241,0,0,2,Mono-product exposed
709764483,0.3716902,0,1,9,Mono-product exposed
783361533,0.0060253837,0,0,6,Mono-product exposed
717942033,0.0010153735,0,0,2,Mono-product exposed
817908783,0.002117185,0,0,3,Mono-product exposed
713708358,0.008754119,0,0,6,Mono-product exposed
713705358,0.0037952506,0,0,5,Mono-product exposed
789551883,0.046334613,0,0,8,Mono-product exposed
812247033,0.9901541,1,1,10,Dormant high-risk
717580458,0.9970885,1,1,10,Dormant high-risk
780551733,0.0036102931,0,0,5,Mono-product exposed
719722308,0.004857475,0,0,5,Mono-product exposed
718328283,0.0014622638,0,0,3,Mono-product exposed
826061508,0.002935976,0,0,4,Mono-product exposed
715610733,0.93080634,1,1,9,Contacted but fragile
710161083,0.99829656,1,1,10,Dormant high-risk
712464933,0.013715152,0,0,7,Mono-product exposed
768181608,0.0017643026,0,0,3,Mono-product exposed
713869083,0.00467691,0,0,5,Mono-product exposed
711465333,0.001417387,0,0,3,Mono-product exposed
719924433,0.013610634,0,0,7,Mono-product exposed
719248158,0.0053855437,0,0,5,Mono-product exposed
719944458,0.012415732,0,0,6,Mono-product exposed
715799808,0.9642949,1,1,9,Dormant high-risk
721264533,0.0021470443,0,0,3,Mono-product exposed
711838008,0.9964085,1,1,10,Dormant high-risk
711826983,0.99179864,1,1,10,Dormant high-risk
719413383,0.00526613,0,0,5,Mono-product exposed
712990458,0.0011847883,0,0,2,Mono-product exposed
789594108,0.0014382764,0,0,3,Mono-product exposed
718764708,0.00215274,0,0,3,Mono-product exposed
820271208,0.0035812142,0,0,5,Mono-product exposed
708369633,0.9205813,1,1,9,Dormant high-risk
712055433,0.016354596,0,0,7,Mono-product exposed
721114458,0.0029247093,0,0,4,Mono-product exposed
714959358,0.95701844,1,1,9,Dormant high-risk
708396033,0.0027124858,0,0,4,Mono-product exposed
719593608,0.9898852,1,1,10,Lower-risk active
715830558,0.969737,1,1,9,Lower-risk active
716406483,0.003940841,0,0,5,Mono-product exposed
714941358,0.99726236,1,1,10,Dormant high-risk
716088783,0.99838686,1,1,10,Dormant high-risk
718458858,0.96958905,1,1,9,Dormant high-risk
715754133,0.0011998855,0,0,2,Mono-product exposed
715630983,0.96491176,1,1,9,Contacted but fragile
712768983,0.99897254,1,1,10,Dormant high-risk
716881683,0.99571425,1,1,10,Dormant high-risk
711108408,0.00047225578,0,0,1,Mono-product exposed
717565233,0.003838669,0,0,5,Mono-product exposed
789539058,0.0023807655,0,0,4,Mono-product exposed
768643158,0.0020183108,0,0,3,Mono-product exposed
721530633,0.0018445987,0,0,3,Mono-product exposed
721188033,0.007846454,0,0,6,Mono-product exposed
810261633,0.0050480072,0,0,5,Mono-product exposed
717529233,0.9973929,1,1,10,Dormant high-risk
719365233,0.0045668418,0,0,5,Mono-product exposed
720943308,0.0010365201,0,0,2,Mono-product exposed
714425283,0.02772858,0,0,7,Mono-product exposed
711794358,0.974703,1,1,9,Dormant high-risk
719683158,0.9869392,1,1,10,Dormant high-risk
709406733,0.0008498106,0,0,2,Mono-product exposed
708572658,0.0011508118,0,0,2,Mono-product exposed
714001008,0.0014445198,0,0,3,Mono-product exposed
712833633,0.0019582235,0,0,3,Mono-product exposed
716260833,0.9383168,1,1,9,Dormant high-risk
708863733,0.0070905513,0,0,6,Mono-product exposed
717076458,0.004192665,0,0,5,Mono-product exposed
712412958,0.0021034582,0,0,3,Mono-product exposed
720535008,0.0040810304,0,0,5,Mono-product exposed
711578658,0.04889197,0,0,8,Mono-product exposed
709373883,0.006292296,0,0,6,Mono-product exposed
780730008,0.0012033427,0,0,2,Mono-product exposed
824816358,0.0108923,0,0,6,Mono-product exposed
716106108,0.007583849,0,0,6,Mono-product exposed
709807383,0.00055188447,0,0,1,Mono-product exposed
716430933,0.0051783123,0,0,5,Mono-product exposed
789866133,0.009110214,0,0,6,Mono-product exposed
718634058,0.0031118146,0,0,4,Mono-product exposed
715129983,0.02140203,0,0,7,Mono-product exposed
717177783,0.010705563,0,0,6,Mono-product exposed
719694408,0.995432,1,1,10,Dormant high-risk
806992533,0.0010430159,0,0,2,Mono-product exposed
718045008,0.8780285,1,1,9,Mono-product exposed
711010683,0.0024301982,0,0,4,Mono-product exposed
714759708,0.0017424867,0,0,3,Mono-product exposed
718801158,0.003428558,0,0,4,Mono-product exposed
712256358,0.0071155783,0,0,6,Mono-product exposed
779803008,0.0043317815,0,0,5,Mono-product exposed
710968008,0.0010274379,0,0,2,Mono-product exposed
771584658,0.002767568,0,0,4,Mono-product exposed
718102758,0.0020094784,0,0,3,Mono-product exposed
811076883,0.91111237,1,1,9,Dormant high-risk
770970558,0.005587553,0,0,5,Mono-product exposed
758863383,0.010635328,0,0,6,Mono-product exposed
716863458,0.9985846,1,1,10,Dormant high-risk
766821033,0.75791264,1,1,9,Dormant high-risk
814590483,0.0025502234,0,0,4,Mono-product exposed
773283108,0.0010387028,0,0,2,Mono-product exposed
721006458,0.0011841272,0,0,2,Mono-product exposed
714615258,0.9529412,1,1,9,Dormant high-risk
788687133,0.0050590453,0,0,5,Mono-product exposed
820108008,0.017240169,0,0,7,Mono-product exposed
717781608,0.0018629611,0,0,3,Mono-product exposed
720136458,0.0020305822,0,0,3,Mono-product exposed
716247708,0.0012609534,0,0,2,Mono-product exposed
714968208,0.0041342294,0,0,5,Mono-product exposed
719913783,0.001628128,0,0,3,Mono-product exposed
720621408,0.008130167,0,0,6,Mono-product exposed
721169883,0.018873975,0,0,7,Mono-product exposed
719324658,0.001701507,0,0,3,Mono-product exposed
714577233,0.0060510314,0,0,6,Mono-product exposed
712367658,0.000976723,0,0,2,Mono-product exposed
803655333,0.0060714963,0,0,6,Mono-product exposed
710455608,0.9858913,1,1,10,Dormant high-risk
711328458,0.001606593,0,0,3,Mono-product exposed
708123033,0.0033740923,0,0,4,Mono-product exposed
713514633,0.98028105,1,1,10,Dormant high-risk
710745633,0.0026506002,0,0,4,Mono-product exposed
710374008,0.0008607629,0,0,2,Mono-product exposed
772166058,0.004266243,0,0,5,Mono-product exposed
715017858,0.0008520485,0,0,2,Mono-product exposed
717571683,0.9478559,1,1,9,Dormant high-risk
743420208,0.004575962,0,0,5,Mono-product exposed
716201883,0.020255769,0,0,7,Mono-product exposed
714593883,0.0015768898,0,0,3,Mono-product exposed
711003483,0.0025195864,0,0,4,Mono-product exposed
819628158,0.009445418,0,0,6,Mono-product exposed
712021233,0.9992009,1,1,10,Contacted but fragile
708573933,0.0022890042,0,0,4,Mono-product exposed
710758683,0.059274226,0,0,8,Mono-product exposed
718288833,0.005276694,0,0,5,Mono-product exposed
708873183,0.0078223515,0,0,6,Mono-product exposed
766224933,0.00044783083,0,0,1,Mono-product exposed
771626283,0.0073411656,0,0,6,Mono-product exposed
720372483,0.001316072,0,0,2,Mono-product exposed
712916958,0.9724166,1,1,9,Dormant high-risk
716124408,0.9399224,1,1,9,Contacted but fragile
714128283,0.006352443,0,0,6,Mono-product exposed
708163758,0.0033339143,0,0,4,Mono-product exposed
716979183,0.0021433656,0,0,3,Mono-product exposed
716480358,0.10904203,0,0,8,Mono-product exposed
800758233,0.99563605,1,1,10,Lower-risk active
720413658,0.0013774695,0,0,3,Mono-product exposed
715832058,0.0024082966,0,0,4,Mono-product exposed
716323683,0.0023782074,0,0,4,Mono-product exposed
819616383,0.0023196451,0,0,4,Mono-product exposed
771069033,0.0023066895,0,0,4,Mono-product exposed
821241708,0.99844533,1,1,10,Dormant high-risk
716987358,0.9941326,1,1,10,Contacted but fragile
710300733,0.009723933,0,0,6,Mono-product exposed
712497783,0.0045014345,0,0,5,Mono-product exposed
709259958,0.98680186,1,1,10,Dormant high-risk
716296833,0.0035605917,0,0,5,Mono-product exposed
715728108,0.0009015739,0,0,2,Mono-product exposed
771507258,0.0012811755,0,0,2,Mono-product exposed
713758758,0.004246964,0,0,5,Mono-product exposed
779809908,0.015345386,0,0,7,Mono-product exposed
816310158,0.021950327,0,0,7,Mono-product exposed
780349833,0.0048654084,0,0,5,Mono-product exposed
818235408,0.0030959095,0,0,4,Mono-product exposed
709213458,0.9921699,1,1,10,Dormant high-risk
719634408,0.0058700168,0,0,6,Mono-product exposed
709934808,0.0046516713,0,0,5,Mono-product exposed
712238958,0.0059732245,0,0,6,Mono-product exposed
711813258,0.00062467746,0,0,1,Mono-product exposed
789983133,0.0018407537,0,0,3,Mono-product exposed
792139308,0.002341462,0,0,4,Mono-product exposed
718123608,0.00077998464,0,0,1,Mono-product exposed
715369008,0.005026308,0,0,5,Mono-product exposed
717556758,0.0026348387,0,0,4,Mono-product exposed
718252533,0.84675586,1,1,9,Lower-risk active
716340783,0.0008040622,0,0,1,Mono-product exposed
717898758,0.951737,1,1,9,Dormant high-risk
825743583,0.0036202506,0,0,5,Mono-product exposed
717711108,0.0012246281,0,0,2,Mono-product exposed
789791808,0.0033363185,0,0,4,Mono-product exposed
807971658,0.015414541,0,0,7,Mono-product exposed
770220558,0.9335569,1,1,9,Dormant high-risk
818239983,0.0006724425,0,0,1,Mono-product exposed
712544358,0.0055418806,0,0,5,Mono-product exposed
720306408,0.012758407,0,0,6,Mono-product exposed
721488858,0.00904054,0,0,6,Mono-product exposed
710771433,0.0013736266,0,0,3,Mono-product exposed
708662583,0.99402434,1,1,10,Dormant high-risk
717663033,0.0062883734,0,0,6,Mono-product exposed
721524858,0.002960514,0,0,4,Mono-product exposed
788778033,0.0015259876,0,0,3,Mono-product exposed
708649683,0.0017347999,0,0,3,Mono-product exposed
708770883,0.0016430159,0,0,3,Mono-product exposed
708152358,0.9736495,1,1,9,Dormant high-risk
719210133,0.0014278229,0,0,3,Mono-product exposed
714690633,0.0010692811,0,0,2,Mono-product exposed
719719158,0.0062979753,0,0,6,Mono-product exposed
712690458,0.0015195365,0,0,3,Mono-product exposed
718758783,0.028755765,0,0,7,Mono-product exposed
716947083,0.002489037,0,0,4,Mono-product exposed
709075533,0.9866193,1,1,10,Dormant high-risk
712952283,0.000988183,0,0,2,Mono-product exposed
718799958,0.005315227,0,0,5,Mono-product exposed
718663983,0.0028562504,0,0,4,Mono-product exposed
789550458,0.0023099664,0,0,4,Mono-product exposed
708226833,0.0034022375,0,0,4,Mono-product exposed
714361083,0.99677783,1,1,10,Contacted but fragile
714608583,0.99238575,1,1,10,Dormant high-risk
710775483,0.0021049317,0,0,3,Mono-product exposed
709410033,0.0027487369,0,0,4,Mono-product exposed
717173358,0.002396895,0,0,4,Mono-product exposed
719773158,0.0019647707,0,0,3,Mono-product exposed
771292233,0.008540107,0,0,6,Mono-product exposed
756371058,0.0030456292,0,0,4,Mono-product exposed
709476033,0.0009652072,0,0,2,Mono-product exposed
770560683,0.015528515,0,0,7,Mono-product exposed
788766933,0.0074358056,0,0,6,Mono-product exposed
713550483,0.0043124002,0,0,5,Mono-product exposed
709928358,0.96852934,1,1,9,Mono-product exposed
713895633,0.002269228,0,0,4,Mono-product exposed
720471108,0.0014718777,0,0,3,Mono-product exposed
718192608,0.00053295854,0,0,1,Mono-product exposed
805485933,0.0028765642,0,0,4,Mono-product exposed
712517808,0.0011264484,0,0,2,Mono-product exposed
780604083,0.0011444183,0,0,2,Mono-product exposed
715311183,0.0024242615,0,0,4,Mono-product exposed
712265508,0.9990569,1,1,10,Contacted but fragile
715051608,0.9965699,1,1,10,Dormant high-risk
757786608,0.004516402,0,0,5,Mono-product exposed
714303483,0.0011409438,0,0,2,Mono-product exposed
718728108,0.0015732186,0,0,3,Mono-product exposed
710019933,0.003924089,0,0,5,Mono-product exposed
812453283,0.0029498192,0,0,4,Mono-product exposed
717439983,0.9923644,1,1,10,Dormant high-risk
714391683,0.9798861,1,1,10,Dormant high-risk
827901183,0.0013618291,0,0,2,Mono-product exposed
708841233,0.99178,1,1,10,Dormant high-risk
710663508,0.0029207282,0,0,4,Mono-product exposed
716439258,0.0028392747,0,0,4,Mono-product exposed
719610708,0.0038692974,0,0,5,Lower-risk active
715026258,0.00079568714,0,0,1,Mono-product exposed
711706458,0.0011839952,0,0,2,Mono-product exposed
712180308,0.0021078957,0,0,3,Mono-product exposed
802622733,0.007885457,0,0,6,Mono-product exposed
778832883,0.0031269274,0,0,4,Mono-product exposed
788671608,0.0012780981,0,0,2,Mono-product exposed
718023708,0.00086905056,0,0,2,Mono-product exposed
718692258,0.0036925073,0,0,5,Mono-product exposed
718357458,0.0030475222,0,0,4,Mono-product exposed
714003483,0.030429777,0,0,7,Mono-product exposed
713632983,0.99158174,1,1,10,Dormant high-risk
711008508,0.0041675423,0,0,5,Mono-product exposed
815230458,0.0006525873,0,0,1,Mono-product exposed
719612583,0.996231,1,1,10,Dormant high-risk
709514433,0.0007019054,0,0,1,Mono-product exposed
815826708,0.006403099,0,0,6,Mono-product exposed
815520333,0.00089266314,0,0,2,Mono-product exposed
718661958,0.0009183567,0,0,2,Mono-product exposed
788980983,0.00302491,0,0,4,Mono-product exposed
721171008,0.0015163551,0,0,3,Mono-product exposed
714682233,0.009825466,0,0,6,Mono-product exposed
720736608,0.0021643713,0,0,4,Mono-product exposed
718333983,0.962029,1,1,9,Contacted but fragile
772207683,0.00097343436,0,0,2,Mono-product exposed
714794133,0.0014091972,0,0,3,Mono-product exposed
756639708,0.0022927804,0,0,4,Mono-product exposed
713686008,0.0012744998,0,0,2,Mono-product exposed
713475633,0.0070754774,0,0,6,Mono-product exposed
717518733,0.97413594,1,1,9,Dormant high-risk
712532058,0.00065214554,0,0,1,Mono-product exposed
789666333,0.0017454446,0,0,3,Mono-product exposed
711422358,0.0014434198,0,0,3,Mono-product exposed
708510858,0.010262216,0,0,6,Mono-product exposed
767023308,0.004932616,0,0,5,Mono-product exposed
789289383,0.0043935585,0,0,5,Mono-product exposed
708805908,0.9922867,1,1,10,Contacted but fragile
710155158,0.9978708,1,1,10,Mono-product exposed
713330133,0.0021500804,0,0,3,Mono-product exposed
714403983,0.0011535464,0,0,2,Mono-product exposed
720353808,0.99140644,1,1,10,Contacted but fragile
710362233,0.002131083,0,0,3,Mono-product exposed
771484908,0.0015315419,0,0,3,Mono-product exposed
717047583,0.99288154,1,1,10,Dormant high-risk
715694433,0.002269026,0,0,4,Mono-product exposed
793456983,0.0024737983,0,0,4,Mono-product exposed
715742658,0.002611039,0,0,4,Mono-product exposed
715518783,0.0012169576,0,0,2,Mono-product exposed
779514558,0.0021111679,0,0,3,Mono-product exposed
720017958,0.0014512878,0,0,3,Mono-product exposed
712895733,0.99730253,1,1,10,Dormant high-risk
719039283,0.04988702,0,0,8,Mono-product exposed
719629308,0.10622988,0,0,8,Mono-product exposed
754443033,0.9956468,1,1,10,Dormant high-risk
716159958,0.00058997277,0,0,1,Mono-product exposed
712195383,0.0029233037,0,0,4,Mono-product exposed
822885033,0.00083168625,0,0,2,Mono-product exposed
716543433,0.021406038,0,0,7,Mono-product exposed
717403158,0.0044253077,0,0,5,Mono-product exposed
826065258,0.0057188557,0,0,5,Mono-product exposed
709397508,0.0060634534,0,0,6,Mono-product exposed
720748608,0.98991966,1,1,10,Mono-product exposed
709823733,0.97571737,1,1,10,Dormant high-risk
713542908,0.0020125476,0,0,3,Mono-product exposed
720512433,0.6602157,1,1,9,Dormant high-risk
713671158,0.004219363,0,0,5,Mono-product exposed
802449933,0.001589623,0,0,3,Mono-product exposed
716723658,0.007135999,0,0,6,Mono-product exposed
710451708,0.00085723633,0,0,2,Mono-product exposed
809540733,0.00069396646,0,0,1,Mono-product exposed
716372358,0.0052860305,0,0,5,Mono-product exposed
710162133,0.99430746,1,1,10,Dormant high-risk
710878308,0.8330155,1,1,9,Contacted but fragile
710262408,0.0016445253,0,0,3,Mono-product exposed
713975433,0.0018551924,0,0,3,Mono-product exposed
771244383,0.0031278075,0,0,4,Mono-product exposed
710405808,0.0013291568,0,0,2,Mono-product exposed
715542783,0.011789998,0,0,6,Mono-product exposed
815840283,0.0027536207,0,0,4,Mono-product exposed
788908308,0.005879346,0,0,6,Mono-product exposed
789394833,0.003939368,0,0,5,Mono-product exposed
712609533,0.0016913328,0,0,3,Mono-product exposed
710237283,0.0006547341,0,0,1,Mono-product exposed
770766633,0.0041332906,0,0,5,Mono-product exposed
823837158,0.001500117,0,0,3,Mono-product exposed
712123008,0.0058775265,0,0,6,Mono-product exposed
711727083,0.0013506275,0,0,2,Mono-product exposed
720033033,0.001342418,0,0,2,Mono-product exposed
787723758,0.00070793985,0,0,1,Mono-product exposed
770926158,0.005039634,0,0,5,Mono-product exposed
711360783,0.0018895711,0,0,3,Mono-product exposed
708285108,0.000589192,0,0,1,Mono-product exposed
713390433,0.90129215,1,1,9,Dormant high-risk
718096608,0.0045187264,0,0,5,Mono-product exposed
719094333,0.0011028344,0,0,2,Mono-product exposed
813764283,0.0011786681,0,0,2,Mono-product exposed
713398158,0.035937317,0,0,7,Mono-product exposed
711227883,0.0025427118,0,0,4,Mono-product exposed
810040908,0.0016842578,0,0,3,Mono-product exposed
772640808,0.0015814971,0,0,3,Mono-product exposed
784907658,0.006017273,0,0,6,Mono-product exposed
794692158,0.0033898992,0,0,4,Mono-product exposed
718383183,0.0011886192,0,0,2,Mono-product exposed
721156758,0.007640818,0,0,6,Mono-product exposed
811793433,0.0017328572,0,0,3,Mono-product exposed
712010358,0.96861917,1,1,9,Dormant high-risk
719420058,0.0029872905,0,0,4,Mono-product exposed
809459733,0.017112227,0,0,7,Mono-product exposed
798783858,0.0026763424,0,0,4,Mono-product exposed
711432258,0.9965713,1,1,10,Dormant high-risk
721294533,0.0011535523,0,0,2,Mono-product exposed
718425333,0.0007744063,0,0,1,Mono-product exposed
714294183,0.9987457,1,1,10,Dormant high-risk
714637908,0.006617304,0,0,6,Mono-product exposed
712341933,0.0014877192,0,0,3,Mono-product exposed
708332808,0.010137611,0,0,6,Mono-product exposed
708354858,0.76584655,1,1,9,Dormant high-risk
766649283,0.008777317,0,0,6,Mono-product exposed
817951083,0.0036903082,0,0,5,Mono-product exposed
708301683,0.7911378,1,1,9,Contacted but fragile
713655108,0.021455053,0,0,7,Mono-product exposed
714560358,0.0018240372,0,0,3,Mono-product exposed
712113558,0.8613772,1,1,9,Dormant high-risk
710603958,0.0036765048,0,0,5,Mono-product exposed
720597108,0.9251293,1,1,9,Dormant high-risk
713810658,0.001403459,0,0,3,Mono-product exposed
721519908,0.0011096742,0,0,2,Mono-product exposed
712025958,0.0037573802,0,0,5,Mono-product exposed
794740458,0.0016680046,0,0,3,Mono-product exposed
709814883,0.0013725668,0,0,3,Mono-product exposed
719767683,0.9907171,1,1,10,Dormant high-risk
715321008,0.99148667,1,1,10,Dormant high-risk
710106933,0.002803504,0,0,4,Mono-product exposed
716655858,0.0054125264,0,0,5,Mono-product exposed
778260108,0.0025914414,0,0,4,Mono-product exposed
713986908,0.004065814,0,0,5,Mono-product exposed
780042633,0.9938759,1,1,10,Mono-product exposed
713269533,0.8838471,1,1,9,Dormant high-risk
713868033,0.009705337,0,0,6,Mono-product exposed
708103608,0.0058669792,0,0,6,Mono-product exposed
789684258,0.92913324,1,1,9,Dormant high-risk
779067408,0.0014893457,0,0,3,Mono-product exposed
712231308,0.0029447859,0,0,4,Mono-product exposed
761079783,0.99710375,1,1,10,Dormant high-risk
787518258,0.9977557,1,1,10,Dormant high-risk
717631908,0.99675214,1,1,10,Dormant high-risk
769396158,0.9961266,1,1,10,Contacted but fragile
713462508,0.00056463975,0,0,1,Mono-product exposed
716717733,0.9713595,1,1,9,Dormant high-risk
709383933,0.9910149,1,1,10,Contacted but fragile
717283008,0.0017955962,0,0,3,Mono-product exposed
793449333,0.009852791,0,0,6,Mono-product exposed
710873583,0.0016734017,0,0,3,Mono-product exposed
718486608,0.0009468145,0,0,2,Mono-product exposed
716748483,0.003539211,0,0,5,Mono-product exposed
715113933,0.9304656,1,1,9,Dormant high-risk
711160233,0.004469615,0,0,5,Mono-product exposed
715714458,0.99815077,1,1,10,Dormant high-risk
709615458,0.0014438556,0,0,3,Mono-product exposed
719955558,0.013553477,0,0,7,Mono-product exposed
713072358,0.0010444124,0,0,2,Mono-product exposed
721402233,0.001363304,0,0,2,Mono-product exposed
713691633,0.010739757,0,0,6,Mono-product exposed
708866133,0.0012767136,0,0,2,Mono-product exposed
757256358,0.0028131707,0,0,4,Mono-product exposed
784868958,0.0037831855,0,0,5,Mono-product exposed
710845308,0.001044454,0,0,2,Mono-product exposed
719368533,0.0028647631,0,0,4,Mono-product exposed
718337733,0.0010704538,0,0,2,Mono-product exposed
715132758,0.0013586365,0,0,2,Mono-product exposed
712556433,0.001629537,0,0,3,Mono-product exposed
718947558,0.001600933,0,0,3,Mono-product exposed
710303208,0.0030199657,0,0,4,Mono-product exposed
804158583,0.002121729,0,0,3,Mono-product exposed
711720408,0.002904124,0,0,4,Mono-product exposed
715808808,0.0011317111,0,0,2,Mono-product exposed
715076358,0.9961175,1,1,10,Dormant high-risk
718343058,0.011110025,0,0,6,Mono-product exposed
769667583,0.9739777,1,1,9,Dormant high-risk
709013208,0.000981934,0,0,2,Mono-product exposed
716004258,0.0004960345,0,0,1,Mono-product exposed
715645908,0.9993311,1,1,10,Contacted but fragile
717724233,0.0020009675,0,0,3,Mono-product exposed
719850933,0.0038364816,0,0,5,Mono-product exposed
790131033,0.00931895,0,0,6,Mono-product exposed
721211433,0.00456756,0,0,5,Mono-product exposed
721290708,0.0059373532,0,0,6,Mono-product exposed
712107783,0.0015046449,0,0,3,Mono-product exposed
818960133,0.0017284564,0,0,3,Mono-product exposed
713560758,0.0015505864,0,0,3,Mono-product exposed
718579833,0.017940467,0,0,7,Mono-product exposed
778643733,0.9371291,1,1,9,Lower-risk active
770977833,0.009533992,0,0,6,Mono-product exposed
708721533,0.0012914612,0,0,2,Mono-product exposed
772300383,0.0013588255,0,0,2,Lower-risk active
751155783,0.0007558456,0,0,1,Mono-product exposed
768457008,0.0009305315,0,0,2,Mono-product exposed
794494308,0.002553877,0,0,4,Lower-risk active
710980383,0.9153966,1,1,9,Contacted but fragile
716663808,0.003676582,0,0,5,Lower-risk active
712912233,0.0013902672,0,0,3,Lower-risk active
717992433,0.0046014753,0,0,5,Lower-risk active
709971708,0.99657744,1,1,10,Dormant high-risk
715600533,0.0025325827,0,0,4,Lower-risk active
710153583,0.9970229,1,1,10,Contacted but fragile
794132808,0.017909577,0,0,7,Lower-risk active
720565458,0.9918795,1,1,10,Dormant high-risk
715496058,0.96505684,1,1,9,Dormant high-risk
709015833,0.006948653,0,0,6,Lower-risk active
718612758,0.00097074895,0,0,2,Lower-risk active
712438308,0.005266642,0,0,5,Mono-product exposed
716238483,0.9678295,1,1,9,Contacted but fragile
718297683,0.97263056,1,1,9,Contacted but fragile
712206033,0.00053369615,0,0,1,Mono-product exposed
710904708,0.0014790504,0,0,3,Lower-risk active
711190233,0.0016167099,0,0,3,Lower-risk active
710535708,0.0015491305,0,0,3,Mono-product exposed
794573883,0.0032524096,0,0,4,Lower-risk active
719118708,0.99051803,1,1,10,Mono-product exposed
790201158,0.0039250916,0,0,5,Mono-product exposed
779333883,0.9922646,1,1,10,Dormant high-risk
719805183,0.004091177,0,0,5,Lower-risk active
721220583,0.00089966843,0,0,2,Lower-risk active
779685558,0.0014005456,0,0,3,Mono-product exposed
713965683,0.0024803765,0,0,4,Lower-risk active
710667708,0.001985559,0,0,3,Lower-risk active
718979733,0.0027379717,0,0,4,Mono-product exposed
712104333,0.0018644354,0,0,3,Mono-product exposed
793560033,0.0042673005,0,0,5,Mono-product exposed
779920533,0.004505214,0,0,5,Lower-risk active
717480783,0.000615178,0,0,1,Lower-risk active
709066983,0.0012648435,0,0,2,Mono-product exposed
718528008,0.003298217,0,0,4,Mono-product exposed
712390683,0.0014153564,0,0,3,Mono-product exposed
826245858,0.97639686,1,1,10,Dormant high-risk
712966458,0.010045102,0,0,6,Lower-risk active
709467183,0.0046704463,0,0,5,Lower-risk active
710529708,0.008094289,0,0,6,Lower-risk active
789817833,0.9750591,1,1,9,Dormant high-risk
712363158,0.0041123815,0,0,5,Lower-risk active
717060858,0.98251927,1,1,10,Contacted but fragile
718060983,0.0026318769,0,0,4,Mono-product exposed
711600033,0.0006365697,0,0,1,Mono-product exposed
709910733,0.059810676,0,0,8,Mono-product exposed
757291008,0.99750525,1,1,10,Dormant high-risk
819376683,0.0021154457,0,0,3,Mono-product exposed
720458883,0.0036544704,0,0,5,Lower-risk active
708963258,0.54042876,1,1,9,Lower-risk active
711746133,0.9977348,1,1,10,Dormant high-risk
715249533,0.0072932816,0,0,6,Lower-risk active
708522033,0.060356908,0,0,8,Mono-product exposed
708496833,0.9987141,1,1,10,Dormant high-risk
717464958,0.0030913814,0,0,4,Lower-risk active
751166508,0.0010487075,0,0,2,Lower-risk active
795218883,0.0013368432,0,0,2,Mono-product exposed
710856558,0.0024709348,0,0,4,Mono-product exposed
721107258,0.0014114247,0,0,3,Mono-product exposed
716457783,0.0006677238,0,0,1,Lower-risk active
710810883,0.0016224795,0,0,3,Lower-risk active
710895708,0.9756016,1,1,9,Dormant high-risk
789200208,0.0018894046,0,0,3,Mono-product exposed
718578708,0.001979402,0,0,3,Lower-risk active
719859033,0.9785815,1,1,10,Mono-product exposed
713036208,0.008712418,0,0,6,Mono-product exposed
771769383,0.023807408,0,0,7,Mono-product exposed
718316058,0.0031963442,0,0,4,Lower-risk active
710155983,0.9973335,1,1,10,Dormant high-risk
779571708,0.9897339,1,1,10,Contacted but fragile
718042383,0.0015381046,0,0,3,Lower-risk active
710244108,0.00072582945,0,0,1,Lower-risk active
806649333,0.0016383998,0,0,3,Lower-risk active
789280683,0.0016904322,0,0,3,Mono-product exposed
713318733,0.9937382,1,1,10,Contacted but fragile
709611183,0.9890826,1,1,10,Dormant high-risk
712441308,0.9942859,1,1,10,Contacted but fragile
709315383,0.0064868773,0,0,6,Lower-risk active
710141208,0.0014326588,0,0,3,Lower-risk active
711684408,0.84218484,1,1,9,Dormant high-risk
758331483,0.005638662,0,0,5,Mono-product exposed
715825458,0.954506,1,1,9,Dormant high-risk
708248358,0.0018766748,0,0,3,Lower-risk active
779808333,0.0005701288,0,0,1,Mono-product exposed
715989108,0.00303528,0,0,4,Lower-risk active
714912408,0.015205407,0,0,7,Lower-risk active
827683383,0.0033612777,0,0,4,Lower-risk active
719595708,0.0016580699,0,0,3,Lower-risk active
711566208,0.0012644039,0,0,2,Mono-product exposed
711161133,0.99843174,1,1,10,Dormant high-risk
715052583,0.0017253433,0,0,3,Lower-risk active
714586458,0.0016235064,0,0,3,Mono-product exposed
711523533,0.0027878124,0,0,4,Lower-risk active
756658083,0.0038832258,0,0,5,Lower-risk active
709247808,0.004622183,0,0,5,Mono-product exposed
713242383,0.89907026,1,1,9,Mono-product exposed
717135333,0.0015838878,0,0,3,Lower-risk active
716150358,0.0016969369,0,0,3,Lower-risk active
717457008,0.9372072,1,1,9,Dormant high-risk
711822933,0.0026304703,0,0,4,Mono-product exposed
803968233,0.013007016,0,0,7,Lower-risk active
779037408,0.0023597719,0,0,4,Mono-product exposed
709007883,0.0016816157,0,0,3,Mono-product exposed
714635883,0.0013905083,0,0,3,Lower-risk active
779914383,0.001435822,0,0,3,Lower-risk active
712841883,0.89939165,1,1,9,Dormant high-risk
719582058,0.95377123,1,1,9,Contacted but fragile
708387933,0.0016171642,0,0,3,Mono-product exposed
717251508,0.015611555,0,0,7,Mono-product exposed
710699283,0.00047422666,0,0,1,Mono-product exposed
709141908,0.014662498,0,0,7,Mono-product exposed
720356133,0.0018712227,0,0,3,Mono-product exposed
717788958,0.00440915,0,0,5,Mono-product exposed
778563858,0.0007767033,0,0,1,Mono-product exposed
711096633,0.97314215,1,1,9,Contacted but fragile
716816583,0.0019425601,0,0,3,Mono-product exposed
719841708,0.0019208915,0,0,3,Mono-product exposed
708555633,0.0043045497,0,0,5,Mono-product exposed
714638883,0.04274493,0,0,8,Mono-product exposed
809147283,0.002933565,0,0,4,Mono-product exposed
708197358,0.9793326,1,1,10,Contacted but fragile
757247808,0.99378103,1,1,10,Dormant high-risk
820922733,0.0019607309,0,0,3,Mono-product exposed
807977808,0.0039057173,0,0,5,Mono-product exposed
712863183,0.0067325933,0,0,6,Mono-product exposed
778825908,0.0013347734,0,0,2,Mono-product exposed
713379258,0.00097199326,0,0,2,Mono-product exposed
710232483,0.0019232745,0,0,3,Mono-product exposed
710170758,0.968661,1,1,9,Lower-risk active
803421108,0.025092589,0,0,7,Mono-product exposed
792152283,0.017064005,0,0,7,Mono-product exposed
717291333,0.0057240613,0,0,5,Mono-product exposed
714928158,0.002809886,0,0,4,Mono-product exposed
780511683,0.95531166,1,1,9,Dormant high-risk
772491333,0.0008587623,0,0,2,Mono-product exposed
719847108,0.9572421,1,1,9,Dormant high-risk
808045833,0.009348936,0,0,6,Mono-product exposed
708385533,0.9952998,1,1,10,Dormant high-risk
770205708,0.00612075,0,0,6,Mono-product exposed
719379858,0.9958242,1,1,10,Contacted but fragile
709657533,0.9929039,1,1,10,Dormant high-risk
798788958,0.0009329631,0,0,2,Mono-product exposed
720011958,0.0051017273,0,0,5,Mono-product exposed
708982158,0.0016163413,0,0,3,Mono-product exposed
710803983,0.008656887,0,0,6,Mono-product exposed
719768658,0.0012861264,0,0,2,Mono-product exposed
711355908,0.019638889,0,0,7,Mono-product exposed
813153108,0.0039144033,0,0,5,Mono-product exposed
712487883,0.98841685,1,1,10,Contacted but fragile
753220383,0.94955754,1,1,9,Contacted but fragile
708340758,0.9937172,1,1,10,Dormant high-risk
720852108,0.0011185841,0,0,2,Mono-product exposed
716728233,0.0015712535,0,0,3,Mono-product exposed
711863433,0.0023120784,0,0,4,Mono-product exposed
779422458,0.003123843,0,0,4,Mono-product exposed
715573758,0.007140876,0,0,6,Mono-product exposed
794530608,0.0052548116,0,0,5,Mono-product exposed
718376583,0.9970804,1,1,10,Dormant high-risk
720827133,0.99558455,1,1,10,Mono-product exposed
767414808,0.0030615316,0,0,4,Mono-product exposed
718919433,0.0036354926,0,0,5,Mono-product exposed
708694983,0.000854782,0,0,2,Mono-product exposed
719270358,0.0014460103,0,0,3,Mono-product exposed
708948483,0.9663185,1,1,9,Dormant high-risk
708462258,0.0005415794,0,0,1,Mono-product exposed
716721483,0.9590927,1,1,9,Mono-product exposed
799011558,0.0016842121,0,0,3,Mono-product exposed
710697408,0.002212644,0,0,4,Mono-product exposed
710527533,0.99705255,1,1,10,Dormant high-risk
709996833,0.99314135,1,1,10,Dormant high-risk
718531983,0.0023305402,0,0,4,Mono-product exposed
715554708,0.00050307345,0,0,1,Mono-product exposed
718774533,0.008658328,0,0,6,Mono-product exposed
712337208,0.0014847147,0,0,3,Mono-product exposed
714022833,0.9977405,1,1,10,Dormant high-risk
710026458,0.0043946975,0,0,5,Mono-product exposed
710178558,0.9908222,1,1,10,Dormant high-risk
768712383,0.9865382,1,1,10,Dormant high-risk
711156858,0.99039114,1,1,10,Dormant high-risk
719799033,0.0034772274,0,0,4,Mono-product exposed
720788883,0.007381231,0,0,6,Mono-product exposed
710306358,0.9484307,1,1,9,Mono-product exposed
758617233,0.0016499056,0,0,3,Lower-risk active
720163458,0.0042382493,0,0,5,Lower-risk active
708482658,0.0013243929,0,0,2,Lower-risk active
826148883,0.0022053607,0,0,4,Lower-risk active
779055033,0.9406795,1,1,9,Mono-product exposed
713118183,0.0012147884,0,0,2,Lower-risk active
714103083,0.0033638873,0,0,4,Lower-risk active
714145233,0.9974331,1,1,10,Contacted but fragile
719547033,0.9989273,1,1,10,Dormant high-risk
720899058,0.005651665,0,0,5,Lower-risk active
789432033,0.9907907,1,1,10,Contacted but fragile
717214158,0.024608286,0,0,7,Lower-risk active
715269483,0.0038594918,0,0,5,Lower-risk active
718805733,0.0041690287,0,0,5,Lower-risk active
789780033,0.0037239918,0,0,5,Lower-risk active
716482533,0.0024683904,0,0,4,Mono-product exposed
708319908,0.9703875,1,1,9,Mono-product exposed
711663858,0.0020267284,0,0,3,Lower-risk active
716894658,0.0019298614,0,0,3,Lower-risk active
714082308,0.9447152,1,1,9,Contacted but fragile
708082083,0.0034337607,0,0,4,Lower-risk active
714820158,0.99416685,1,1,10,Dormant high-risk
713347608,0.9978605,1,1,10,Dormant high-risk
721395633,0.0033807517,0,0,4,Lower-risk active
721438233,0.0038443129,0,0,5,Lower-risk active
713987808,0.011449378,0,0,6,Lower-risk active
721086483,0.0040439963,0,0,5,Lower-risk active
709969758,0.0025589813,0,0,4,Lower-risk active
801502008,0.0011572818,0,0,2,Lower-risk active
819051183,0.0017533905,0,0,3,Lower-risk active
710858658,0.001364434,0,0,2,Mono-product exposed
716002458,0.0026804656,0,0,4,Mono-product exposed
718080558,0.99851495,1,1,10,Dormant high-risk
788019483,0.0048129605,0,0,5,Lower-risk active
716151858,0.0012579599,0,0,2,Lower-risk active
717241233,0.0031033827,0,0,4,Lower-risk active
713880633,0.81181645,1,1,9,Contacted but fragile
712374708,0.0023614822,0,0,4,Mono-product exposed
721145433,0.0011757616,0,0,2,Lower-risk active
711398433,0.002895404,0,0,4,Lower-risk active
715601808,0.024727657,0,0,7,Lower-risk active
717324183,0.0010176658,0,0,2,Lower-risk active
720557883,0.0019782514,0,0,3,Lower-risk active
708759408,0.028441627,0,0,7,Lower-risk active
719430483,0.0026301902,0,0,4,Lower-risk active
758753283,0.96156746,1,1,9,Dormant high-risk
716933283,0.0007458637,0,0,1,Lower-risk active
773172483,0.9855012,1,1,10,Contacted but fragile
721459008,0.0007236083,0,0,1,Lower-risk active
710639658,0.981416,1,1,10,Contacted but fragile
710710233,0.013653843,0,0,7,Lower-risk active
708996708,0.0010533575,0,0,2,Lower-risk active
713315433,0.0048847753,0,0,5,Lower-risk active
712941483,0.9905144,1,1,10,Dormant high-risk
789890958,0.009648964,0,0,6,Lower-risk active
714757083,0.91699654,1,1,9,Mono-product exposed
789237333,0.013480287,0,0,7,Lower-risk active
714949758,0.00154265,0,0,3,Lower-risk active
714136233,0.9940183,1,1,10,Contacted but fragile
778888083,0.99592125,1,1,10,Contacted but fragile
710923533,0.009662416,0,0,6,Lower-risk active
709385133,0.005408593,0,0,5,Lower-risk active
716836308,0.002673625,0,0,4,Lower-risk active
720633558,0.001865324,0,0,3,Lower-risk active
712846458,0.003575055,0,0,5,Lower-risk active
709399908,0.0019349122,0,0,3,Lower-risk active
772698783,0.0024573794,0,0,4,Lower-risk active
718665033,0.96986467,1,1,9,Dormant high-risk
771561183,0.9774145,1,1,10,Dormant high-risk
789008508,0.0005189476,0,0,1,Mono-product exposed
719439108,0.003858291,0,0,5,Lower-risk active
720817533,0.004379585,0,0,5,Lower-risk active
813901458,0.004072431,0,0,5,Lower-risk active
717783483,0.001063171,0,0,2,Lower-risk active
718299933,0.0036372875,0,0,5,Lower-risk active
789074358,0.006440098,0,0,6,Mono-product exposed
712036383,0.99794346,1,1,10,Dormant high-risk
720618033,0.088030554,0,0,8,Mono-product exposed
720415833,0.0012478408,0,0,2,Lower-risk active
720385608,0.00077956443,0,0,1,Mono-product exposed
709937583,0.0019796253,0,0,3,Lower-risk active
770743983,0.0029987078,0,0,4,Mono-product exposed
715671183,0.99476093,1,1,10,Dormant high-risk
711283008,0.010825084,0,0,6,Lower-risk active
778873608,0.0007675023,0,0,1,Lower-risk active
709592808,0.001929348,0,0,3,Lower-risk active
773306658,0.006027766,0,0,6,Lower-risk active
822084333,0.8863621,1,1,9,Dormant high-risk
708821733,0.98710155,1,1,10,Dormant high-risk
711070683,0.0029243785,0,0,4,Lower-risk active
772596783,0.0013452921,0,0,2,Lower-risk active
806917983,0.0031749667,0,0,4,Mono-product exposed
719329983,0.06752306,0,0,8,Lower-risk active
710190858,0.004053947,0,0,5,Lower-risk active
708880683,0.0049996222,0,0,5,Lower-risk active
709332408,0.002434982,0,0,4,Lower-risk active
710751033,0.99734616,1,1,10,Contacted but fragile
710679933,0.999292,1,1,10,Dormant high-risk
710849208,0.0028879782,0,0,4,Lower-risk active
710056758,0.0016070993,0,0,3,Mono-product exposed
713520858,0.0032966342,0,0,4,Lower-risk active
714710733,0.0030421447,0,0,4,Lower-risk active
766769058,0.0023891667,0,0,4,Lower-risk active
716990883,0.0025364044,0,0,4,Lower-risk active
718298733,0.19408585,0,0,8,Lower-risk active
717174558,0.8895339,1,1,9,Dormant high-risk
714543633,0.9379418,1,1,9,Contacted but fragile
715756683,0.004673713,0,0,5,Lower-risk active
719400108,0.0052274233,0,0,5,Lower-risk active
710463408,0.0023292524,0,0,4,Lower-risk active
708245808,0.0015985525,0,0,3,Lower-risk active
799253808,0.0033497438,0,0,4,Lower-risk active
716552433,0.0016003097,0,0,3,Lower-risk active
720995583,0.0017417545,0,0,3,Lower-risk active
780118158,0.0029648284,0,0,4,Mono-product exposed
713668158,0.9981142,1,1,10,Dormant high-risk
709249083,0.9978783,1,1,10,Contacted but fragile
717081483,0.0016667251,0,0,3,Lower-risk active
718455633,0.009662347,0,0,6,Lower-risk active
708974283,0.0041587492,0,0,5,Lower-risk active
713399583,0.9641828,1,1,9,Dormant high-risk
713293983,0.034407116,0,0,7,Lower-risk active
714785508,0.0047013634,0,0,5,Lower-risk active
827318958,0.0023363137,0,0,4,Lower-risk active
718496283,0.0027883055,0,0,4,Lower-risk active
709608708,0.98774636,1,1,10,Contacted but fragile
710939283,0.0021893845,0,0,4,Lower-risk active
770824833,0.002854462,0,0,4,Mono-product exposed
779082633,0.0026355505,0,0,4,Lower-risk active
720515883,0.011103756,0,0,6,Lower-risk active
747885858,0.011085168,0,0,6,Lower-risk active
779140533,0.0024916169,0,0,4,Lower-risk active
716619558,0.0027558815,0,0,4,Lower-risk active
788633733,0.0015329374,0,0,3,Lower-risk active
715291908,0.0011181377,0,0,2,Lower-risk active
709977933,0.9990621,1,1,10,Dormant high-risk
716454858,0.0087777935,0,0,6,Lower-risk active
720539583,0.00093227753,0,0,2,Lower-risk active
739021908,0.016146114,0,0,7,Lower-risk active
711289533,0.0025107362,0,0,4,Lower-risk active
716464533,0.018253213,0,0,7,Lower-risk active
710590683,0.91148543,1,1,9,Dormant high-risk
710081208,0.98253834,1,1,10,Dormant high-risk
717482658,0.0036648975,0,0,5,Lower-risk active
712246983,0.005104991,0,0,5,Mono-product exposed
711460458,0.9926529,1,1,10,Contacted but fragile
713159133,0.0016911983,0,0,3,Lower-risk active
710047533,0.98691237,1,1,10,Dormant high-risk
716708583,0.9871589,1,1,10,Dormant high-risk
712766208,0.83911973,1,1,9,Lower-risk active
715150983,0.9991786,1,1,10,Dormant high-risk
717991533,0.0047476212,0,0,5,Lower-risk active
797641683,0.0038541679,0,0,5,Lower-risk active
714879483,0.9925304,1,1,10,Dormant high-risk
720105933,0.0041597346,0,0,5,Lower-risk active
804670758,0.0029614249,0,0,4,Lower-risk active
818987958,0.0049067023,0,0,5,Lower-risk active
824160333,0.0041605863,0,0,5,Lower-risk active
714919308,0.99784887,1,1,10,Dormant high-risk
717928308,0.0017896071,0,0,3,Lower-risk active
788890533,0.001633929,0,0,3,Lower-risk active
779692608,0.014991275,0,0,7,Lower-risk active
717774333,0.99286485,1,1,10,Contacted but fragile
718140783,0.002128647,0,0,3,Lower-risk active
714465558,0.0056306683,0,0,5,Lower-risk active
804431283,0.0017668575,0,0,3,Lower-risk active
715199808,0.0028430542,0,0,4,Lower-risk active
759584958,0.9928479,1,1,10,Contacted but fragile
758802333,0.00068940787,0,0,1,Lower-risk active
720237408,0.007842331,0,0,6,Lower-risk active
713787333,0.0017331551,0,0,3,Lower-risk active
709660233,0.94036573,1,1,9,Contacted but fragile
721005108,0.0017974894,0,0,3,Lower-risk active
809589783,0.0030258782,0,0,4,Lower-risk active
712627083,0.99803907,1,1,10,Contacted but fragile
778444908,0.0029932272,0,0,4,Lower-risk active
711433908,0.996633,1,1,10,Contacted but fragile
768728508,0.004254815,0,0,5,Lower-risk active
789937683,0.0017735569,0,0,3,Lower-risk active
711788583,0.0010557666,0,0,2,Lower-risk active
819196158,0.0074786763,0,0,6,Lower-risk active
710207208,0.003992202,0,0,5,Lower-risk active
713994108,0.0012760424,0,0,2,Lower-risk active
712509108,0.9970028,1,1,10,Dormant high-risk
711745233,0.992823,1,1,10,Contacted but fragile
778745058,0.004769081,0,0,5,Mono-product exposed
721455558,0.0019578834,0,0,3,Mono-product exposed
710721858,0.9957819,1,1,10,Dormant high-risk
769206483,0.0023786498,0,0,4,Lower-risk active
769587258,0.0019080963,0,0,3,Lower-risk active
712080333,0.0015316673,0,0,3,Lower-risk active
712457208,0.9766054,1,1,10,Dormant high-risk
719934783,0.004008947,0,0,5,Lower-risk active
709589208,0.11194608,0,0,8,Lower-risk active
714860808,0.0024179963,0,0,4,Lower-risk active
713934633,0.9379309,1,1,9,Dormant high-risk
773185833,0.0043763965,0,0,5,Lower-risk active
715923408,0.0045693615,0,0,5,Lower-risk active
778956033,0.0038033,0,0,5,Lower-risk active
712260633,0.010955753,0,0,6,Lower-risk active
714945708,0.97120315,1,1,9,Contacted but fragile
720971358,0.0024325508,0,0,4,Lower-risk active
719701383,0.011510932,0,0,6,Lower-risk active
764316708,0.0018220599,0,0,3,Lower-risk active
715545933,0.004589553,0,0,5,Lower-risk active
714524583,0.8931564,1,1,9,Dormant high-risk
780079833,0.004421463,0,0,5,Lower-risk active
714199008,0.9901591,1,1,10,Lower-risk active
719941533,0.0017489118,0,0,3,Lower-risk active
715544883,0.0052840854,0,0,5,Lower-risk active
710122458,0.0019193782,0,0,3,Lower-risk active
713833233,0.0021769197,0,0,4,Lower-risk active
719326758,0.9438476,1,1,9,Dormant high-risk
711686658,0.0034589397,0,0,4,Lower-risk active
708964683,0.09525743,0,0,8,Lower-risk active
718840833,0.99544406,1,1,10,Dormant high-risk
797228883,0.003972253,0,0,5,Lower-risk active
709566408,0.99962556,1,1,10,Dormant high-risk
780097533,0.0026377535,0,0,4,Lower-risk active
715020933,0.9980642,1,1,10,Dormant high-risk
711149133,0.9897921,1,1,10,Contacted but fragile
716832858,0.98988885,1,1,10,Contacted but fragile
715154058,0.9946291,1,1,10,Dormant high-risk
789497283,0.97230643,1,1,9,Dormant high-risk
711834708,0.007205107,0,0,6,Lower-risk active
785038908,0.0014303399,0,0,3,Lower-risk active
720001758,0.0016735228,0,0,3,Lower-risk active
778428108,0.0016983552,0,0,3,Lower-risk active
715268508,0.0025597322,0,0,4,Lower-risk active
788741733,0.002325354,0,0,4,Lower-risk active
717355533,0.00093715114,0,0,2,Lower-risk active
712128258,0.0048722285,0,0,5,Lower-risk active
735825258,0.0013987261,0,0,3,Lower-risk active
714544908,0.99808854,1,1,10,Dormant high-risk
818712633,0.002099695,0,0,3,Lower-risk active
709831983,0.0025123549,0,0,4,Lower-risk active
789398733,0.0018865555,0,0,3,Lower-risk active
716850558,0.0010428439,0,0,2,Lower-risk active
717316008,0.016660204,0,0,7,Lower-risk active
714677583,0.9987488,1,1,10,Dormant high-risk
767348733,0.00201281,0,0,3,Lower-risk active
779900808,0.010160964,0,0,6,Mono-product exposed
719900733,0.003326504,0,0,4,Lower-risk active
816517683,0.0060869195,0,0,6,Lower-risk active
755305683,0.004194246,0,0,5,Lower-risk active
715769958,0.0015504897,0,0,3,Lower-risk active
715493733,0.99887866,1,1,10,Dormant high-risk
827440458,0.9390806,1,1,9,Dormant high-risk
715713408,0.0076157157,0,0,6,Lower-risk active
720128658,0.9979938,1,1,10,Dormant high-risk
770038983,0.956564,1,1,9,Dormant high-risk
714684108,0.9980724,1,1,10,Contacted but fragile
708942408,0.0013936515,0,0,3,Lower-risk active
779134458,0.7738445,1,1,9,Contacted but fragile
710066133,0.99752563,1,1,10,Dormant high-risk
709578258,0.0023324648,0,0,4,Lower-risk active
718043583,0.0036851258,0,0,5,Lower-risk active
715186608,0.004499563,0,0,5,Lower-risk active
708447858,0.028567981,0,0,7,Lower-risk active
718071933,0.0063884812,0,0,6,Lower-risk active
771217758,0.0015178757,0,0,3,Lower-risk active
721210158,0.0047174734,0,0,5,Lower-risk active
788779983,0.008816208,0,0,6,Lower-risk active
718614183,0.99862206,1,1,10,Lower-risk active
709865883,0.9785897,1,1,10,Contacted but fragile
766273533,0.0024963631,0,0,4,Lower-risk active
717390408,0.80495805,1,1,9,Contacted but fragile
718655808,0.026448766,0,0,7,Lower-risk active
817035108,0.004872439,0,0,5,Lower-risk active
747551658,0.0038321924,0,0,5,Lower-risk active
713281833,0.99183875,1,1,10,Contacted but fragile
771982083,0.0009330582,0,0,2,Lower-risk active
717642633,0.0034340755,0,0,4,Lower-risk active
772721208,0.0019511386,0,0,3,Lower-risk active
714385983,0.0019125439,0,0,3,Lower-risk active
712516608,0.0035430472,0,0,5,Lower-risk active
714725883,0.0016395515,0,0,3,Lower-risk active
709398708,0.0026067188,0,0,4,Lower-risk active
715090008,0.008680019,0,0,6,Mono-product exposed
709159308,0.0007228436,0,0,1,Lower-risk active
711348033,0.002350711,0,0,4,Lower-risk active
788230158,0.0007944544,0,0,1,Lower-risk active
718170033,0.0029697008,0,0,4,Lower-risk active
718161708,0.0008945666,0,0,2,Lower-risk active
717714633,0.014930764,0,0,7,Lower-risk active
824150733,0.001427659,0,0,3,Lower-risk active
713768358,0.0016429495,0,0,3,Lower-risk active
709188108,0.0021606856,0,0,4,Lower-risk active
720328983,0.9942567,1,1,10,Dormant high-risk
712296408,0.0025191694,0,0,4,Lower-risk active
719106783,0.0016747541,0,0,3,Lower-risk active
713437008,0.97407013,1,1,9,Contacted but fragile
719574033,0.003851496,0,0,5,Mono-product exposed
716123283,0.004150737,0,0,5,Lower-risk active
789023508,0.0016956168,0,0,3,Lower-risk active
710005683,0.002600771,0,0,4,Lower-risk active
801036033,0.0033097002,0,0,4,Lower-risk active
716644008,0.9985813,1,1,10,Dormant high-risk
709094358,0.029097108,0,0,7,Lower-risk active
719848008,0.0056049656,0,0,5,Lower-risk active
718372458,0.0046873544,0,0,5,Lower-risk active
720608658,0.0034989584,0,0,4,Lower-risk active
717185658,0.98450226,1,1,10,Dormant high-risk
715474083,0.0010778306,0,0,2,Lower-risk active
709646433,0.97431767,1,1,9,Dormant high-risk
717494358,0.0037365705,0,0,5,Mono-product exposed
713924283,0.8943629,1,1,9,Contacted but fragile
714471183,0.99859625,1,1,10,Dormant high-risk
780613758,0.023699135,0,0,7,Lower-risk active
718225683,0.0024886322,0,0,4,Lower-risk active
710734308,0.0026509797,0,0,4,Lower-risk active
708564858,0.99268955,1,1,10,Contacted but fragile
713733633,0.7639319,1,1,9,Dormant high-risk
720841533,0.029352378,0,0,7,Lower-risk active
712210458,0.012824238,0,0,6,Mono-product exposed
714109308,0.004856802,0,0,5,Mono-product exposed
712503408,0.0041160663,0,0,5,Lower-risk active
713755458,0.94731236,1,1,9,Dormant high-risk
716893683,0.9954823,1,1,10,Dormant high-risk
710841183,0.0006899925,0,0,1,Lower-risk active
713899383,0.008877075,0,0,6,Lower-risk active
772366833,0.0029392024,0,0,4,Lower-risk active
710638233,0.92477936,1,1,9,Contacted but fragile
716506083,0.9940923,1,1,10,Dormant high-risk
717406983,0.9933601,1,1,10,Dormant high-risk
714337233,0.89014757,1,1,9,Contacted but fragile
